Termo;Text;Label
Predation;Predation is a fundamental ecological interaction in which one species, the predator, feeds on another species, the prey, resulting in the death and consumption of the latter. This process plays a crucial role in shaping the structure and dynamics of ecosystems, influencing population sizes, community composition, and nutrient cycling. Predators can be mammals, birds, reptiles, fish, or insects, while prey may include plants, animals, or other organisms. The effectiveness of predation depends on factors such as predator-prey interactions, habitat features, and environmental conditions. In turn, predation affects the evolution of both predator and prey species through natural selection and adaptation, ultimately contributing to the diversity and resilience of ecosystems.;Meta
Stem cell;Stem cells are undifferentiated cells that have the ability to self-renew and differentiate into multiple cell types. They play a crucial role in development and tissue maintenance throughout life. There are two main types of stem cells: embryonic stem cells, which are derived from embryos and can give rise to all cell types, and adult stem cells, which are found in mature tissues and have limited differentiation potential. Stem cells possess certain characteristics such as self-renewal, multipotency, and plasticity, allowing them to adapt to different tissue environments. Research on stem cells has led to significant advances in regenerative medicine, gene therapy, and cancer treatment, with potential applications in treating a wide range of diseases and disorders.;Meta
Neuroprotection;Neuroprotection refers to the concept of protecting the brain from damage caused by various insults such as trauma, stroke, neurodegenerative diseases, and toxic substances. This phenomenon is crucial for maintaining normal brain function and preventing the onset of neurological disorders. Neuroprotective strategies aim to prevent or slow down neuronal degeneration, cell death, and subsequent cognitive impairment. Such approaches often involve modulating cellular signaling pathways, regulating oxidative stress and inflammation, and promoting the activity of endogenous neurotrophic factors. Pharmacological interventions, such as antioxidant therapy, may also be employed to counteract the detrimental effects of free radicals on brain tissue.;Meta
Bone marrow;Bone marrow is the spongy tissue inside some of the bones in the human body, responsible for producing blood cells, storing fat and other substances, and serving as a reservoir for stem cells. It is found within the hollow shafts of long bones such as the femur, humerus, and tibia, as well as in the flat bones of the skull, pelvis, and ribs. The bone marrow is composed of a fatty substance called yellow marrow and a spongy tissue called red marrow, with the proportion of each varying depending on the age and location. Red marrow contains the stem cells responsible for producing blood cells such as erythrocytes, leukocytes, and thrombocytes.;Meta
Synaptic pruning;Synaptic pruning is a process by which the strength of neural connections, or synapses, is reduced or eliminated in the brain. This process is thought to be important for refining and optimizing neural circuits during development and throughout life. Synaptic pruning is believed to occur when weak or redundant connections are eliminated, allowing stronger connections to dominate. The process is mediated by microglia, a type of immune cell, and other molecular mechanisms. It has been implicated in various neurological and psychiatric disorders, including autism, Alzheimer's disease, and depression, where abnormal synaptic pruning may contribute to altered neural circuitry and function.;Meta
Mucosa-associated lymphoid tissue;Mucosa-associated lymphoid tissue is a type of secondary immune organ found in the mucosal surfaces of various organs, including the respiratory, gastrointestinal, and urogenital tracts. It is composed of organized lymphoid structures, such as Peyer's patches and tonsils, which contain activated T cells, B cells, and antigen-presenting cells. Mucosa-associated lymphoid tissue plays a crucial role in the immune response to pathogens that enter the body through mucosal surfaces, by recognizing and eliminating infectious agents before they can cause disease. The organization of this tissue is characterized by the presence of lymphoid follicles, which are composed of germinal centers where B cells undergo affinity maturation and somatic hypermutation.;Meta
Volcanism;Volcanism is the process by which magma from the Earth's interior rises to the surface, resulting in volcanic eruptions. Magma is a mixture of molten rock, gases, and solids that originates from the Earth's mantle and crust. As magma rises through the crust, it can accumulate in underground chambers called magma chambers before being released through volcanic vents or fissures. Volcanic eruptions can be explosive, producing pyroclastic flows and ash clouds, or effusive, resulting in the emission of lava flows. The frequency and intensity of volcanic activity vary depending on factors such as plate tectonics, mantle dynamics, and magma composition.;Meta
Pentose phosphate pathway;The pentose phosphate pathway is a non-oxidative metabolic pathway that generates NADPH and pentoses from glucose-6-phosphate in the cytosol of cells. It plays a crucial role in maintaining the redox balance of cells by producing reducing equivalents in the form of NADPH, which is essential for various cellular processes such as fatty acid synthesis and the maintenance of glutathione. The pathway also provides precursors for the synthesis of nucleic acids, amino acids, and other biomolecules. It is a key component of glucose metabolism, operating parallel to glycolysis, and is particularly important in cells that require high levels of NADPH, such as those involved in fatty acid synthesis or immune responses.;Meta
Attenuated vaccine;An attenuated vaccine is a type of vaccine that contains weakened or modified pathogens, such as viruses or bacteria, which are designed to stimulate the immune system without causing severe illness. The attenuation process involves reducing the virulence of the pathogen through chemical treatment, genetic modification, or serial passage in culture, resulting in a strain that can still induce an immune response but is no longer capable of causing significant disease. Attenuated vaccines are often used for diseases such as measles, mumps, and rubella, as well as for certain bacterial infections like tuberculosis and plague. They provide immunity against the disease without exposing individuals to the full force of the pathogen.;Meta
Carrying capacity;Carrying capacity refers to the maximum number of individuals of a given species that an ecosystem can sustainably support over time. This concept is particularly relevant in ecology and conservation biology, where it helps researchers understand the impact of human activities on ecosystems. The carrying capacity of an ecosystem depends on various factors such as resource availability, climate, and predation pressure. For instance, a forest ecosystem may have a higher carrying capacity for trees than for deer, due to differences in the energy requirements and feeding habits of these species. Understanding carrying capacity is crucial for managing wildlife populations and preserving biodiversity.;Meta
Quantum dot;A quantum dot is a small region of space where the laws of classical physics are no longer applicable due to its extremely small size, typically in the range of 1-10 nanometers. This tiny scale allows for the quantization of energy levels, similar to those found in atoms or molecules. As a result, quantum dots exhibit unique optical and electronic properties, making them useful for various applications such as optoelectronics, biomedicine, and solar cells. Quantum dots can be tuned to emit light across a wide range of wavelengths by adjusting their size and composition. They have also been shown to have potential in biomedical imaging and therapy due to their ability to selectively target specific tissues or cells.;Meta
Lock and key;The lock-and-key mechanism is a fundamental concept in molecular biology that describes how enzymes bind to specific substrates. In this process, the enzyme acts as a lock and the substrate molecule serves as the key. The shape and chemical properties of the key must match those of the lock for successful binding to occur. This precise interaction enables the enzyme to perform its biological function, such as catalyzing a chemical reaction or modifying a target molecule. The lock-and-key mechanism is essential for various cellular processes, including protein synthesis, metabolism, and signaling pathways. It provides an excellent example of how molecular interactions can be highly specific and efficient, allowing cells to regulate complex biological processes with remarkable accuracy.;Meta
Extracellular matrix;The extracellular matrix is a complex network of molecules that surrounds cells in multicellular organisms, providing structural support, regulating cell behavior, and facilitating cell-cell interactions. It is composed of various biomolecules such as proteins, glycoproteins, proteoglycans, and lipids, which are secreted by cells or synthesized by enzymes. The matrix plays a crucial role in maintaining tissue architecture, influencing cellular differentiation and proliferation, and modulating the immune response. In addition, it serves as a reservoir for growth factors, hormones, and other signaling molecules that regulate various physiological processes. Abnormalities in the extracellular matrix have been implicated in a wide range of diseases, including cancer, arthritis, and fibrosis.;Meta
Oceanography;Oceanography is the scientific study of the Earth's oceans and their interactions with the atmosphere, seafloor, and land. It encompasses physical, chemical, biological, and geological aspects to understand ocean processes, circulation patterns, and marine ecosystems. Oceanographers investigate ocean currents, tides, waves, and marine life, as well as the impact of human activities on the ocean environment. They also study the role of oceans in regulating Earth's climate, weather patterns, and sea level rise. Furthermore, oceanographers examine the geological history of the ocean floor, including plate tectonics, seafloor spreading, and mid-ocean ridges.;Meta
Toughness;Toughness is a fundamental mechanical property that characterizes the resistance of materials to deformation and damage under various types of loading. It is often quantified through various testing methods, such as tensile tests, which involve stretching a sample until it breaks. Toughness is influenced by the material's internal structure, including defects and imperfections, as well as its chemical composition. In general, tougher materials exhibit greater resistance to crack propagation and can withstand more energy before failing. This property is crucial in designing and engineering various applications, including structures, devices, and equipment, where reliability and durability are paramount.;Meta
Gamma-ray burst;Gamma-ray bursts are intense explosions that occur in distant galaxies when massive stars collapse or neutron stars and black holes merge. These events release an enormous amount of energy, primarily in the form of gamma radiation, as well as X-rays, visible light, and other forms of electromagnetic radiation. The most powerful gamma-ray bursts can outshine all other objects in the universe, making them difficult to detect. They are believed to be responsible for seeding the formation of heavy elements in the universe through explosive nucleosynthesis. Gamma-ray bursts also serve as cosmic messengers, providing valuable insights into extreme astrophysical processes and the properties of matter under intense conditions.;Meta
Embedding;In the context of artificial intelligence, computer science, and mathematics, embedding refers to a technique used to map high-dimensional data onto a lower-dimensional space while preserving the original information and relationships between entities. This process involves training a neural network or other machine learning model to transform input data into a compact representation that captures essential features and patterns. Embeddings are widely employed in natural language processing, recommender systems, and computer vision applications to facilitate tasks such as clustering, classification, and retrieval. By reducing the dimensionality of complex data, embeddings enable more efficient and effective analysis, storage, and transmission.;Meta
Neuroinflammation;Neuroinflammation is a complex biological process that occurs when the immune system responds to central nervous system tissue damage or dysfunction. This response involves activation of glial cells such as microglia and astrocytes, which release pro-inflammatory cytokines and chemokines. The primary goal of neuroinflammation is to eliminate pathogens, dead neurons, or damaged cellular debris, but it can also contribute to ongoing CNS damage and disease progression in various neurological conditions. Examples include multiple sclerosis, Alzheimer's disease, Parkinson's disease, and traumatic brain injury. Chronic neuroinflammation may lead to neuronal loss, synaptic disruption, and cognitive impairment, highlighting the importance of understanding this process for the development of novel therapeutic strategies.;Meta
Cache coherence;Cache coherence is a crucial concept in computer architecture that refers to the consistency of data stored in multiple levels of cache memory within a processor and across multiple processors in a shared memory system. When multiple processors access shared data, they may store it in their own caches, leading to inconsistencies if not properly managed. Cache coherence protocols aim to maintain data integrity by ensuring that all cached copies of shared data are updated or invalidated consistently whenever the data is modified. This is achieved through mechanisms such as cache flushes, cache invalidates, and cache coherence messages exchanged between processors. Effective cache coherence is essential for maintaining the integrity and correctness of shared memory applications in multiprocessing systems.;Meta
Single-cell analysis;Single-cell analysis is a scientific technique that allows researchers to study individual cells in detail, providing insights into cellular heterogeneity and complexity. This approach involves isolating and analyzing single cells from a population, enabling the measurement of various cellular properties such as gene expression, protein levels, and epigenetic modifications. Single-cell RNA sequencing is a popular method that profiles the transcriptome of individual cells, allowing researchers to identify cell types, track cellular differentiation, and understand the regulation of gene expression. Other techniques, such as mass cytometry and single-cell proteomics, can also be used to analyze specific subsets of cellular features.;Meta
Triple-alpha process;The triple-alpha process is a nucleosynthesis process that occurs at very high temperatures and densities, typically found in the cores of asymptotic giant branch stars, white dwarfs, and some neutron stars. It is the most important mechanism for producing helium-3, a rare isotope of helium, from the fusion of alpha particles. This process involves the sequential capture of three alpha particles by isotopes of carbon, nitrogen, and oxygen, resulting in the formation of helium-4. The triple-alpha process is significant because it is one of the primary mechanisms for producing heavy elements in the universe through stellar nucleosynthesis. It plays a crucial role in our understanding of stellar evolution and the chemical composition of stars.;Meta
Leaving group;A leaving group is a species that departs from a molecule during a chemical reaction, often as a result of bond breaking between atoms. In organic chemistry, leaving groups are typically anions or neutral molecules that leave behind a positively charged ion, such as an alkyl or aryl cation. The ability of a leaving group to depart easily is influenced by its electronegativity and the strength of the bonds it forms with other atoms in the molecule. Leaving groups play a crucial role in many chemical reactions, including nucleophilic substitution, elimination, and oxidation-reduction reactions.;Meta
Holographic principle;The holographic principle is a theoretical concept in physics that suggests that the information contained in a region of space can be encoded on its surface like a two-dimensional hologram. This idea was first proposed by physicist Gerard 't Hooft and later developed by Juan Maldacena, who demonstrated that certain types of gravity can be fully described by the properties of a surface rather than the volume it encloses. The principle has been applied to various areas of physics, including black hole entropy and quantum field theory, and has led to significant advances in our understanding of the fundamental laws governing the universe.;Meta
Endospore;"An endospore is a type of dormant reproductive structure produced by certain bacteria, including Bacillus and Clostridium species, as a survival strategy under adverse conditions such as lack of nutrients, oxygen, or water. Endospores are highly resistant to environmental stresses, including heat, radiation, chemicals, and physical damage, due to their thick peptidoglycan cell wall and dehydration. They can remain in this dormant state for extended periods, often years or even decades, before germinating into a vegetative cell upon encountering favorable conditions. During this period, the endospore undergoes a process called ""catabolite repression,"" where most metabolic processes are shut down to conserve energy and resources.";Meta
BCS theory;The BCS theory is a fundamental concept in condensed matter physics that explains the behavior of superconducting materials at very low temperatures. Developed by John Bardeen, Leon Cooper, and John Schrieffer in 1957, the theory posits that electrons in these materials pair up to form Cooper pairs, which are bound together by an attractive interaction mediated by phonons. These pairs condense into a single quantum state, giving rise to zero electrical resistance and perfect conductivity. The BCS theory successfully predicts the temperature dependence of the superconducting transition and has been widely applied to understand various superconducting materials.;Meta
Cellular respiration;Cellular respiration is the process by which cells generate energy from the food they consume, primarily in the form of glucose. It involves a series of biochemical reactions that take place within mitochondria and are crucial for the survival of all living organisms. The overall equation for cellular respiration is C6H12O6 + 36 ATP → 6 CO2 + 6 H2O + 38 ATP, indicating the conversion of glucose into carbon dioxide, water, and a net gain of energy in the form of ATP molecules. Cellular respiration occurs in three main stages: glycolysis, the citric acid cycle, and oxidative phosphorylation, each with unique enzymes and coenzymes that facilitate energy production.;Meta
Neural tissue engineering;Neural tissue engineering is a multidisciplinary field that combines neuroscience, biomaterials science, and engineering to develop novel biomimetic systems for repairing or replacing damaged neural tissue. This field aims to create artificial neural networks that mimic the structure and function of natural nervous systems, enabling the regeneration of functional neural tissue in vitro or in vivo. Neural tissue engineers use various biomaterials, such as hydrogels, nanofibers, and micropatterned surfaces, to create matrices that support the growth and differentiation of neurons and glial cells. They also employ techniques like microelectrode arrays and optogenetics to modulate neural activity and monitor its development in real-time.;Meta
Principal component analysis;Principal component analysis is a dimensionality reduction technique widely used in multivariate statistical analysis to reduce the number of variables in a dataset while retaining most of the information contained in the original data. It is a mathematical procedure that transforms the variables into a new set of uncorrelated variables called principal components, which are ordered by their ability to explain the variance in the original data. The first few principal components typically account for most of the variance and can be used as a concise representation of the dataset, simplifying complex relationships between variables. This technique is particularly useful when dealing with high-dimensional datasets where the number of variables exceeds the number of samples.;Meta
Cloning;Cloning refers to the process of creating a genetically identical copy of an organism or cell. This can be achieved through various methods, including somatic cell nuclear transfer and DNA replication. In SCNT, the nucleus of a somatic cell is transferred into an egg cell that has had its own nucleus removed, resulting in a cloned embryo. The embryo is then grown to term using standard reproductive techniques. Cloning can be used to preserve endangered species, improve agricultural practices, and potentially treat diseases by creating genetically modified organs for transplantation. However, cloning also raises ethical concerns about the potential misuse of this technology.;Meta
Game theory;Game theory is the study of strategic decision making in situations where the outcome depends on the actions of multiple individuals or parties. It was initially developed by mathematicians and economists to analyze economic interactions among firms and consumers. The field focuses on the ways in which individuals or organizations make decisions based on the potential outcomes of various courses of action, taking into account the possible responses of other players. Game theory provides a framework for understanding how rational decision makers interact with each other, and it has applications in fields such as economics, politics, sociology, and biology.;Meta
Titration;Titration is a laboratory technique used to determine the concentration of a known solution by reacting it with a standard solution of known concentration. The reaction between the two solutions is usually an acid-base reaction, where one solution is the strong base and the other is the weak acid or vice versa. The titration process involves slowly adding the standard solution to the unknown solution while monitoring the pH level or the color change using indicators such as phenolphthalein or bromothymol blue. The endpoint is reached when the reaction between the two solutions is complete, indicating the exact amount of standard solution required to neutralize the known solution.;Meta
Leukopoiesis;Leukopoiesis is the process by which hematopoietic stem cells in the bone marrow differentiate into mature white blood cells, also known as leukocytes. This process involves a series of complex cellular interactions and signaling pathways that ultimately lead to the production of various types of leukocytes, including neutrophils, monocytes, lymphocytes, and eosinophils. The regulation of leukopoiesis is tightly controlled by hormones, growth factors, and other molecular signals, which ensure that the appropriate numbers and types of leukocytes are produced in response to changing environmental conditions and host needs. Dysregulation of leukopoiesis has been implicated in various diseases, including leukemia and immunodeficiency disorders.;Meta
Molecular recognition;Molecular recognition refers to the specific interaction between two or more molecules that enables the binding of a molecule to a target site on another molecule. This phenomenon is crucial in biological systems, where it plays a key role in various processes such as protein-ligand interactions, DNA-protein complex formation, and enzyme-substrate binding. Molecular recognition involves the spatial arrangement of atoms and functional groups on the surface of molecules that facilitate specific interactions with complementary molecules. The strength and specificity of molecular recognition depend on factors such as shape complementarity, electrostatic forces, hydrogen bonding, and van der Waals interactions.;Meta
Asymptotic giant branch;Asymptotic giant branch stars are a type of evolved star that is nearing the end of its life cycle. They are characterized by their red color and mass loss through strong stellar winds, which creates complex circumstellar environments. These stars have exhausted their hydrogen fuel and have begun fusing heavier elements in their cores. As they continue to evolve, they swell up to become extremely large, often exceeding 100 times the size of our sun. This phase is marked by intense mass loss, which leads to the formation of planetary nebulae and ultimately the creation of white dwarfs or neutron stars.;Meta
Pi bond;A pi bond is a type of covalent chemical bond that arises from the overlap of atomic orbitals along the axis perpendicular to the plane of the atoms involved. This type of bonding occurs when two atomic orbitals with similar energies and symmetries overlap, resulting in a molecular orbital that is antibonding with respect to one atom and bonding with respect to the other. Pi bonds are typically found in unsaturated molecules such as alkenes and alkynes, where they contribute to the molecule's overall shape and reactivity. They are also involved in the formation of aromatic compounds and conjugated systems.;Meta
Hemoglobin;Hemoglobin is a protein in red blood cells that carries oxygen from the lungs to the body's tissues and then returns carbon dioxide back to the lungs. It is composed of four subunits, each containing a heme group with an iron atom at its center. Hemoglobin's shape changes in response to changes in pH and oxygen levels, allowing it to bind to or release oxygen as needed. This process is known as cooperativity, where the binding of one oxygen molecule affects the ability of other molecules to bind. The unique properties of hemoglobin enable it to efficiently transport oxygen throughout the body, making it essential for maintaining proper cellular function.;Meta
Computability;Computability is a fundamental concept in theoretical computer science that deals with the study of algorithms that can solve problems on a given model of computation. It explores the limits of what can be computed by a machine, regardless of its physical capabilities or the amount of time and space available. The Church-Turing Thesis proposes that any effectively calculable function, including all possible mathematical calculations, can be computed by a Turing machine, a simple abstract device that consists of an infinite tape divided into cells, each capable of holding one symbol. This thesis has been widely accepted as a foundation for modern computer science and provides a framework for evaluating the power and limitations of various computational models.;Meta
Apical ectodermal ridge;The apical ectodermal ridge is a morphogenetic structure found on the surface of developing limb buds in vertebrates. It plays a crucial role in the formation and patterning of limbs during embryonic development. The ridge is formed by the apical cells of the ectoderm, which are specialized to produce signaling molecules that interact with underlying mesenchymal tissue. This interaction regulates the proliferation and differentiation of mesenchymal cells, guiding the formation of specific limb structures such as digits and bones. The apical ectodermal ridge is also involved in the regulation of limb growth and morphogenesis, ensuring proper patterning and shape of the developing limbs.;Meta
Spread spectrum;Spread spectrum is a method of transmitting information signals that spread them across a much wider frequency band than necessary to transmit the original information signal alone. This spread signal can then be transmitted using a conventional wireless communication system, such as radio or satellite transmission. The spread signal contains a unique code, known as a spreading sequence, which allows the receiver to extract the original information signal from the noise and interference that is present in the channel. Spread spectrum technology is used in various applications including wireless local area networks, Bluetooth, GPS, and cellular networks.;Meta
Finite difference method;The finite difference method is a numerical technique used to approximate the solution of partial differential equations by replacing derivatives with algebraic expressions involving function values at discrete points. This approach is particularly useful for solving problems in fields such as fluid dynamics, heat transfer, and structural mechanics, where complex geometries and non-linear phenomena are common. The method involves discretizing the spatial domain into a grid of nodes and approximating the derivative at each node using the difference between neighboring nodes' values. The resulting system of algebraic equations can then be solved iteratively to obtain an approximate solution to the original PDE.;Meta
Hsp70;Hsp70 is a heat shock protein that plays a crucial role in maintaining cellular homeostasis and protecting cells from stress-induced damage. It is a molecular chaperone that helps fold newly synthesized proteins correctly, prevents protein aggregation, and promotes the degradation of misfolded or damaged proteins. Hsp70 is also involved in protein translocation across cell membranes and modulates various signaling pathways to regulate cell survival, differentiation, and apoptosis. In response to stress stimuli, Hsp70 undergoes a conformational change that enables it to interact with other proteins and facilitate the unfolding of misfolded proteins for proper degradation. This process helps maintain cellular protein quality control and prevents the accumulation of toxic protein aggregates that can lead to cell death.;Meta
Limb bud;The limb bud is a mass of undifferentiated cells that gives rise to the limbs during embryonic development. It forms on the ventral surface of the embryo around the third week after fertilization and is characterized by the presence of mesenchymal cells, neural crest cells, and ectodermal cells. The limb bud undergoes a series of morphogenetic movements, including outgrowth, patterning, and shaping, to form the skeletal, muscular, and dermal components of the limb. The development of the limb bud is influenced by various signaling pathways, including the Wnt/β-catenin pathway, fibroblast growth factor signaling, and sonic hedgehog signaling.;Meta
Biosignature;A biosignature is a characteristic feature or pattern that indicates the presence of life on another planet or celestial body. It can be observed in various forms such as chemical signatures, atmospheric composition, or even physical features like oceans or continents. Biosignatures are crucial for identifying potentially habitable worlds and can help scientists determine whether a particular environment supports life. They can be detected through remote sensing techniques, such as spectroscopy or imaging, which analyze the light reflected from the planet's surface or atmosphere. The search for biosignatures is an active area of research in astrobiology, exoplanetary science, and the search for extraterrestrial intelligence.;Meta
Hidden Markov model;"A Hidden Markov Model is a statistical model that describes a sequence of observable variables in terms of an underlying set of hidden states that are governed by a Markov process. The model consists of three components: a probability distribution over the observable variables, given the current state; a transition probability matrix describing the evolution of the hidden states; and an initial state distribution specifying the starting state. Hidden Markov Models are widely used in speech recognition, bioinformatics, and other fields where complex sequences need to be analyzed. The model can be trained on a set of example data, allowing it to learn the underlying patterns and make predictions about unobserved data.";Meta
p-value;A p-value is a statistical measure that represents the probability of observing a result as extreme or more extreme than the one obtained in a study, assuming that there is no real effect or relationship between variables. In other words, it is the probability of rejecting the null hypothesis by chance alone. The smaller the p-value, the stronger the evidence against the null hypothesis, and the more likely it is that the observed difference or association is due to some underlying factor rather than random chance. Typically, a p-value below 0.05 is considered statistically significant, indicating that the result is unlikely to have occurred by chance alone.;Meta
Ubiquitin;Ubiquitin is a small protein that plays a central role in various cellular processes, including protein degradation, DNA repair, and gene regulation. It is one of the most abundant proteins in eukaryotic cells and is involved in multiple pathways that ensure proper cell function and survival. Ubiquitin covalently attaches to other proteins, marking them for degradation by the 26S proteasome, a cellular machinery responsible for eliminating damaged or misfolded proteins. This process, called ubiquitination, allows cells to regulate protein abundance, correct errors in protein synthesis, and maintain cellular homeostasis. Ubiquitin is also involved in DNA repair pathways, where it helps to stabilize and recruit repair enzymes to damaged sites.;Meta
Cell adhesion;Cell adhesion refers to the process by which cells interact with each other through specific molecular interactions, often mediated by cell adhesion molecules such as cadherins and integrins. These proteins play a crucial role in maintaining tissue structure and promoting cell-cell communication, allowing cells to coordinate their behavior and respond to environmental cues. Cell adhesion is essential for various cellular processes, including embryonic development, wound healing, immune responses, and cancer progression. Abnormalities in cell adhesion have been implicated in various diseases, such as cardiovascular disorders, autoimmune diseases, and neurological conditions. Further research on cell adhesion has led to the development of new therapeutic strategies targeting these interactions, offering potential treatments for a range of human diseases.;Meta
ABC transporter;An ABC transporter is a type of protein complex found in biological membranes that facilitates the transport of various molecules across cell membranes. These proteins are composed of two transmembrane domains and one nucleotide-binding domain, which together form an active site for substrate binding and translocation. ABC transporters play crucial roles in maintaining cellular homeostasis by pumping out toxins, hormones, and other substances from cells. They also facilitate the uptake of essential nutrients, such as sugars, amino acids, and vitamins, into cells. In prokaryotic organisms, ABC transporters are involved in multidrug resistance, whereas in eukaryotes, they help regulate hormone levels and maintain cell membrane integrity.;Meta
Causal dynamical triangulation;Causal dynamical triangulation is a theoretical framework in quantum gravity that attempts to merge loop quantum gravity with causal set theory. It postulates that spacetime is discretized into a network of simple geometric building blocks called simplices, which are either 0-dimensional points or 1-dimensional lines depending on the dimensionality of spacetime. These simplices are connected by causally related links forming a triangulation of spacetime. The theory uses a Regge calculus approach to define quantum gravity dynamics and provides a candidate for the fundamental scale of spacetime. Causal dynamical triangulation is an attempt to quantize general relativity, resolve the black hole information paradox, and reconcile quantum mechanics with general relativity.;Meta
Calixarene;Calixarenes are a class of macrocyclic compounds composed of phenolic units linked together by methylene bridges, forming a cavity-like structure that can complex with guest molecules. They were first synthesized in 1987 by Jean-Marie Lehn and his colleagues. Calixarenes exhibit unique properties due to their molecular architecture, such as the ability to recognize and bind specific substrates through hydrogen bonding and π-π stacking interactions. The size of the cavity can be controlled by varying the number of phenolic units, allowing for selective binding of molecules with specific sizes and shapes. This property makes calixarenes useful in fields such as supramolecular chemistry, materials science, and biomedicine.;Meta
Particulate matter;Particulate matter refers to tiny particles suspended in air that can range in size from a few nanometers to several hundred micrometers. These particles can be solid, liquid, or a combination of both and are formed through various natural and anthropogenic processes, including fossil fuel combustion, industrial activities, and natural sources such as dust storms and volcanic eruptions. Particulate matter can have significant impacts on human health and the environment, with smaller particles less than 2.5 micrometers in diameter being particularly hazardous due to their ability to penetrate deep into the lungs and bloodstream. Exposure to particulate matter has been linked to a range of adverse health effects, including respiratory problems, cardiovascular disease, and even premature death.;Meta
Peptidoglycan;Peptidoglycan, also known as murein, is a critical component of bacterial cell walls. It is a polysaccharide-peptide composite that provides structural integrity and shape to Gram-positive bacteria. The peptidoglycan layer, also called the sacculus, is composed of repeating units of disaccharides cross-linked by short peptides. These peptides are synthesized on the cytoplasmic side of the membrane and then transported across the cell envelope to be linked to the carbohydrate chain. The strength and integrity of the peptidoglycan layer depend on the type and length of the peptide cross-links, as well as the chemical composition of the disaccharides. Damage to the peptidoglycan layer can be fatal to bacteria, making it an important target for antibiotics.;Meta
Antibody;An antibody is a type of protein produced by the immune system in response to the presence of a foreign substance, such as a virus, bacterium, or toxin. Antibodies are also known as immunoglobulins and are secreted by B cells, a type of white blood cell. Each antibody is highly specific for its target antigen, which means it binds specifically to that particular molecule. This specificity is due to the unique shape and chemical composition of the antibody's binding site, or paratope. Antibodies play a crucial role in defending against infection by recognizing and neutralizing pathogens, marking them for destruction, and activating other immune cells to eliminate the invader.;Meta
Genetic drift;Genetic drift is the random change in the frequency of a particular gene variant or trait in a population over time. It occurs when there is a small founding population and the number of individuals carrying the gene variant is affected by chance events, such as genetic mutations or changes in the environment. Genetic drift can lead to the loss of beneficial traits or the fixation of deleterious traits, resulting in a reduction of the overall fitness of the population. The probability of genetic drift occurring increases with the size of the founding population and the degree of genetic variation present.;Meta
RefSeq;RefSeq is a database developed by the National Center for Biotechnology Information that provides access to reference sequences for various biological entities such as genes, transcripts, and proteins. These reference sequences are used as standards for annotating and comparing genomic data from different organisms. The RefSeq database includes both curated and predicted gene structures, allowing researchers to identify and characterize specific genetic elements and their functions. The database is regularly updated to reflect new sequencing data and research discoveries. As a result, RefSeq has become an essential tool for the scientific community in understanding the complexities of genomic variation and its implications for disease diagnosis and treatment.;Meta
Pseudogene;"A pseudogene is a DNA sequence that is similar to a gene, but it does not produce a functional product, such as protein or RNA. Pseudogenes often arise from gene duplication events, where a copy of a gene is made and then undergoes mutations that render it non-functional. They can also result from retrotransposition, where an RNA molecule is reverse-transcribed into DNA and inserted into the genome. Pseudogenes are often found in clusters near functional genes and may serve as ""decoys"" to prevent the expression of nearby genes or influence gene regulation. Some pseudogenes have been shown to play a role in disease susceptibility, while others may have no apparent function.";Meta
Depth-first search;Depth-first search is a traversal technique used to explore or search through nodes in a graph, tree, or forest data structure. It starts at a given node and explores as far as possible along each branch before backtracking. This approach is based on the principle that the depth of a node in the graph is measured by its distance from the starting node. The algorithm visits a node, then recursively visits all its neighbors until it reaches a leaf node or a dead end, at which point it backtracks to the previous node and explores another neighbor.;Meta
Topology;Topology is a branch of mathematics that studies the properties of shapes and spaces that are preserved under continuous transformations, such as stretching, bending, and shrinking. It provides a framework for understanding the intrinsic features of geometric objects, regardless of their size or shape, by focusing on their connectedness, holes, and dimensionality. Topology has far-reaching applications in physics, engineering, computer science, and biology, where it helps to describe complex systems and behaviors. The fundamental concept of homotopy, which describes continuous deformations between shapes, lies at the heart of topological analysis.;Meta
Optical flow;Optical flow is a fundamental concept in computer vision that refers to the apparent motion of image brightness patterns over time due to the movement of objects or camera translation. It is often used to estimate the velocity and acceleration of moving objects within an image sequence. The process involves calculating the spatiotemporal derivatives of the image intensity function, which are then used to compute the optical flow field that describes the motion of each pixel in the image. Optical flow estimation can be achieved using various algorithms, including block-matching, Sobel operators, and Lucas-Kanade methods.;Meta
Folate;Folate is a B vitamin that plays a crucial role in various biological processes, including DNA synthesis and cell division. It is essential for the production of red blood cells and the prevention of anemia. Folate deficiency can lead to megaloblastic anemia, characterized by abnormally large red blood cells. Pregnant women are at higher risk of folate deficiency due to increased demand from the growing fetus. Inadequate folate intake during pregnancy has been linked to neural tube defects in offspring. The recommended daily intake of folate is 400 micrograms for adults and 500-800 micrograms for pregnant women. Folate is found primarily in dark leafy greens, legumes, and fortified foods.;Meta
Sedimentary rock;Sedimentary rock is a type of rock that forms from the accumulation and compression of mineral and organic particles, such as sand, silt, and clay. These particles can come from various sources, including erosion of pre-existing rocks, the remains of ancient plants and animals, and chemical precipitation from water. The particles settle to the bottom of bodies of water, such as oceans or lakes, where they are compressed over time by the weight of overlying sediment and pressure from surrounding rock. This process can take thousands to millions of years, resulting in a wide range of textures and compositions, including sandstone, shale, and limestone.;Meta
Breadth-first search;Breadth-first search is a graph traversal algorithm that explores all the nodes in a graph by visiting each node level by level starting from the root node. The algorithm starts at a given source node and visits all the nodes at the present depth before moving on to nodes at the next depth level. This process continues until all nodes have been visited or the goal is reached. Breadth-first search is particularly useful in finding the shortest path between two nodes, detecting cycles in a graph, and computing connected components. The algorithm has many applications in computer science, including network routing, social network analysis, and artificial intelligence.;Meta
Tubulin;Tubulin is a type of protein that forms microtubules, which are essential components of the cytoskeleton in eukaryotic cells. Microtubules provide structural support, shape, and movement to the cell. Tubulin proteins are highly conserved across species, suggesting their importance in cellular processes. There are two main types of tubulin: alpha-tubulin and beta-tubulin, which differ by only a few amino acids. In vitro, tubulin can polymerize into microtubules in the presence of GTP and other microtubule-associated proteins. Microtubules have distinct dynamic properties, including depolymerization and repolymerization, which are regulated by various cellular pathways. Abnormalities in tubulin expression or function have been linked to several diseases, including cancer, neurodegenerative disorders, and ciliopathies.;Meta
Thrust;Thrust is the forward motion generated by the reaction force that occurs when a fluid, such as air or water, is accelerated over a surface or through a duct. In aerospace engineering, thrust is critical for propelling aircraft and spacecraft through the atmosphere or interstellar space. The magnitude of thrust depends on factors like the mass flow rate of the fluid, its velocity, and the pressure difference between the inlet and outlet. Thrust can be achieved through various means, including combustion-driven propulsion systems, such as jet engines, or electrically powered fans. The concept of thrust has numerous applications in fields like aeronautics, astronautics, and naval architecture.;Meta
Ozone depletion;"Ozone depletion is the decline in the amount of ozone molecules in the stratosphere, primarily caused by human activities that release chlorine and bromine compounds into the atmosphere. These halogenated compounds are created through the production and use of chlorofluorocarbons, halons, methyl chloroform, and carbon tetrachloride. When these compounds reach the stratosphere, they react with ultraviolet radiation to release chlorine and bromine atoms, which then destroy ozone molecules. The most significant reduction in ozone levels occurred in the 1980s and 1990s over Antarctica, where it was known as the ""ozone hole."" The Montreal Protocol, signed in 1987, aims to phase out the production of these substances, helping to slow the rate of ozone depletion.";Meta
Anesthesia;Anesthesia is a state of controlled unconsciousness induced by medications or gases to alleviate pain and discomfort during medical procedures or surgeries. The scientific principle underlying anesthesia is the manipulation of consciousness, which is regulated by complex interactions between neurotransmitters, brain regions, and cortical activity. General anesthetics target specific receptors in the brain, such as GABA and glutamate, to induce a state of sedation or unconsciousness. Regional anesthetics, on the other hand, block pain signals at specific sites, allowing patients to remain conscious but numb to local sensations. Anesthesia has revolutionized modern medicine, enabling procedures that were previously impossible or too painful to attempt.;Meta
L-function;An L-function is a mathematical concept that plays a central role in number theory and algebraic geometry. It is a function that encodes information about the arithmetic properties of an algebraic variety or a Galois representation. Given a complex number s, an L-function is a meromorphic function that extends to all complex numbers except for a finite set of poles. The most well-known example of an L-function is the Riemann zeta function, which is intimately connected with the distribution of prime numbers and the study of the zeros of the Riemann zeta function. Other important examples include L-functions associated to elliptic curves and modular forms.;Meta
Lepton;Leptons are elementary particles that do not participate in strong interactions, meaning they do not interact with each other through the strong nuclear force. They are fundamental constituents of matter and are composed of quarks and leptons. The six known leptons are electrons, muons, tauons, electron neutrinos, muon neutrinos, and tauon neutrinos. Leptons interact via the weak nuclear force and electromagnetism, but not through the strong nuclear force or gravity. They are an essential part of the Standard Model of particle physics and play a crucial role in understanding the behavior of fundamental particles.;Meta
Mirror neuron;Mirror neurons are a type of brain cell that fire both when an individual performs an action and when they observe someone else performing the same action. This neural mechanism was first discovered in the 1990s by Italian neuroscientists Giacomo Rizzolatti, Vittorio Gallese, and Leonardo Fogassi while studying the motor cortex of macaque monkeys. The discovery sparked significant interest in understanding the neural basis of empathy, imitation, and social cognition. Mirror neurons are thought to be involved in simulating others' actions and emotions, allowing individuals to understand and share experiences with others. This unique property has implications for our understanding of human behavior, language, and social interaction.;Meta
Loop quantum gravity;Loop quantum gravity is a theoretical framework in physics that seeks to merge quantum mechanics and general relativity within the context of a background-independent theory of spacetime. It postulates that spacetime is made up of discrete, granular units rather than being continuous, with these units being woven together to form a fabric-like structure. This discreteness gives rise to a fundamental length scale, known as the Planck length, which marks the smallest unit of measurement in the universe. The theory also predicts the existence of quantum foam, where spacetime is perpetually fluctuating and foamy at very small scales. These fluctuations could potentially be observed through high-energy particle collisions or gravitational wave experiments.;Meta
Diffusion;Diffusion is the process by which atoms, molecules, ions, or particles move from an area of higher concentration to an area of lower concentration until they are evenly distributed throughout a system. This phenomenon occurs in solids, liquids, and gases, and is driven by thermal energy. The rate of diffusion is influenced by factors such as temperature, pressure, and the size of the particles involved. In general, increased temperatures and pressures can enhance the rate of diffusion, while larger particles tend to diffuse more slowly. Diffusion plays a crucial role in many natural processes, including the transport of nutrients and waste products within living cells.;Meta
Prolactin;Prolactin is a peptide hormone produced by lactotropes in the anterior pituitary gland that plays a crucial role in regulating various physiological processes, particularly in lactation and reproduction. In females, prolactin stimulates milk production and secretion during pregnancy and breastfeeding, promoting mammary development and differentiation. Prolactin also regulates ovulation, fertilization, and implantation of the embryo, as well as modulating the immune response to protect the developing fetus. Additionally, prolactin has been implicated in various pathophysiological conditions, including galactorrhea, hyperprolactinemia, and hypoprolactinemia, which can result from pituitary tumors or other hormonal imbalances.;Meta
Inattentional blindness;Inattentional blindness is a phenomenon where individuals fail to notice unexpected events or stimuli when their attention is focused on another task or stimulus. This concept was first introduced by Daniel Simons and Christopher Chabris in 1999, who demonstrated that people are more likely to miss unusual objects or actions if they are engaged in a distracting task. Research has shown that this effect is not limited to visual perception but can also occur in auditory and tactile modalities. Inattentional blindness highlights the limitations of human attention and the importance of selective attention in processing complex information.;Meta
Photon;A photon is the smallest unit of electromagnetic radiation, considered to be massless particles with zero rest energy, having both wave-like and particle-like properties. Photons are created when an electron jumps from a higher energy state to a lower one in an atom, releasing excess energy as electromagnetic radiation. The energy of a photon is directly proportional to its frequency, which is related to the distance between consecutive peaks or troughs of the wave-like pattern. Photons travel at the speed of light and exhibit both wave-like behavior, such as diffraction and interference, and particle-like behavior, such as having zero rest mass.;Meta
Aquaporin;Aquaporin is a family of proteins that form channels across cell membranes, enabling the rapid transport of water and other small molecules across these barriers. These proteins are found in various organisms, including humans, and play crucial roles in maintaining proper cellular hydration levels, regulating osmoregulation, and facilitating water reabsorption in kidneys and intestines. Aquaporins are characterized by their selective permeability to certain solutes, allowing them to control the passage of molecules based on size, charge, and chemical properties. In addition to their importance in physiological processes, aquaporins have also been implicated in various diseases, including kidney disorders, diabetes insipidus, and neurological conditions.;Meta
Optical coherence tomography;Optical coherence tomography is a non-invasive imaging technique that uses low-coherence interferometry to capture high-resolution images of internal structures and materials. It works by directing a beam of light into the object being imaged and measuring the backscattered light as it interacts with the sample's internal structure. The technique takes advantage of the fact that different types of tissue and materials have distinct optical properties, allowing for detailed imaging of internal features. OCT has numerous applications in various fields such as ophthalmology, cardiology, gastroenterology, dermatology and cancer research, providing valuable diagnostic information and enabling early detection and treatment of diseases.;Meta
Beta-lactamase;Beta-lactamase is an enzyme that inactivates beta-lactam antibiotics, a class of antibiotics that includes penicillin and its derivatives, by hydrolyzing the beta-lactam ring, rendering them ineffective against bacterial infections. This enzymatic activity is encoded by genes carried on plasmids or chromosomes of certain bacteria, such as E. coli and Staphylococcus aureus. Beta-lactamase production allows these bacteria to develop resistance to beta-lactam antibiotics, making it challenging to treat infections caused by them. The enzyme's ability to neutralize the antibiotic activity has led to the development of modified antibiotics that target enzymes or bypass their inactivation mechanism, highlighting the importance of understanding beta-lactamase-mediated antibiotic resistance.;Meta
Checkpoint inhibitor;Checkpoint inhibitors are a class of immunotherapy drugs that work by blocking specific proteins on immune cells called T-cells, allowing them to recognize and attack cancer cells more effectively. This occurs when cancer cells develop mechanisms to evade detection by the immune system, such as expressing checkpoint molecules like PD-L1 or CTLA-4. Checkpoint inhibitors, including pembrolizumab, nivolumab, and atezolizumab, bind to these proteins on T-cells, preventing their interaction with checkpoint molecules on cancer cells. By doing so, they restore the immune system's ability to recognize and target cancer cells, leading to enhanced antitumor activity and improved patient outcomes in various types of cancer, including melanoma, lung, breast, and kidney cancers.;Meta
RIG-I;RIG-I is a cytoplasmic RNA helicase that plays a crucial role in the innate immune response by recognizing viral RNA and initiating antiviral signaling. It is a key component of the RLR pathway, which detects viral RNAs and triggers downstream signaling events to induce type I interferon production. RIG-I specifically recognizes 5'-triphosphate-capped RNA structures that are characteristic of many viruses, including influenza, coronavirus, and reovirus. Upon recognition, RIG-I recruits the adaptor protein MAVS, leading to activation of the transcription factor IRF3 and subsequent induction of antiviral genes. Dysregulation of RIG-I has been implicated in various diseases, including viral infections and autoimmune disorders.;Meta
Sedimentary basin;A sedimentary basin is a geological feature that forms when a large area of Earth's surface sinks or subsides due to tectonic forces, allowing sediments to accumulate in its depression. This process occurs when a region experiences extensional tectonics, where the crust is stretched and thinned, causing it to subside into a basin shape. Sedimentary basins can be formed through various mechanisms, including rifting, subsidence of ancient cratons, or collapse of overlying rocks following the removal of overlying load. As sediments accumulate in the basin, they are compressed and cemented together to form sedimentary rocks, which can provide valuable information about the Earth's history and tectonic evolution.;Meta
Ductility;Ductility is the property of a material that allows it to withstand significant plastic deformation before fracturing or breaking. It is the ability of a material to be stretched or deformed without failing or cracking. Ductile materials are characterized by their capacity to absorb energy and strain without losing their shape or structure. In contrast, brittle materials are prone to sudden failure or fracture upon minor deformation. The ductility of a material is typically measured by its elongation at break, which is the percentage change in length that a material can undergo before breaking.;Meta
Activation function;In machine learning and neural networks, an activation function is a mathematical operation applied to the weighted sum of inputs in order to introduce non-linearity into the model's behavior. This is necessary because simple linear combinations of inputs cannot learn complex patterns or relationships inherent in the data. Activation functions take as input the output of the weighted sum and produce an output that can be used as the input for subsequent layers. Common examples include sigmoid, hyperbolic tangent, ReLU, and softmax. These functions are critical components in the design of artificial neural networks, allowing them to learn and represent complex relationships in data.;Meta
Kerr effect;The Kerr effect is a nonlinear optical phenomenon that describes the change in refractive index of a material when it is subjected to an external electric field. This effect was first observed by John Kerr in 1875 and is characterized by a quadratic dependence on the intensity of the applied electric field. The Kerr effect arises from the alignment of molecular dipoles or ions in response to the electric field, leading to a change in the material's refractive index. It has important applications in fields such as optics, photonics, and optoelectronics, particularly in the development of optical isolators, polarizers, and modulators. The Kerr effect is also used in nonlinear optics to generate harmonic frequencies and create self-focusing effects.;Meta
Green chemistry;Green chemistry is an interdisciplinary field that involves the design of products and processes that reduce or eliminate the use and generation of hazardous substances. It aims to create sustainable technologies that minimize environmental impacts throughout their entire life cycle, from raw material extraction to production, use, and disposal. This approach involves the application of chemical principles to prevent pollution and protect human health and the environment. Green chemistry strategies include using renewable feedstocks, conserving energy and water, reducing waste, and designing products for recyclability or biodegradability.;Meta
Naphthalene;Naphthalene is a polycyclic aromatic hydrocarbon with the chemical formula C10H8. It is a white to pale yellowish solid with a characteristic odor similar to that of mothballs. Naphthalene is primarily used as an intermediate in the production of other chemicals, such as dyes and plastics, although it has also been used as a solvent and insecticide. The compound is highly flammable and reacts violently with strong oxidizers, releasing toxic fumes. Exposure to naphthalene can cause adverse health effects, including skin irritation, respiratory problems, and gastrointestinal distress. It is also a suspected human carcinogen.;Meta
Chondrocyte;Chondrocytes are a type of cell found in cartilage, a connective tissue that provides support and cushioning to joints and other body structures. These cells are responsible for maintaining the normal structure and function of cartilage by producing and secreting extracellular matrix components such as collagen and proteoglycans. Chondrocytes play a crucial role in the development and maintenance of articular cartilage, which covers the ends of bones in synovial joints. As these cells age or become damaged, they can contribute to the degeneration of cartilage and the onset of osteoarthritis. In addition, chondrocytes have been shown to play a role in the repair and regeneration of cartilage tissue following injury or damage.;Meta
Resonance;Resonance is a phenomenon that occurs when a system vibrates at a specific frequency in response to an external force. This frequency corresponds to the natural frequency of the system, which is determined by its physical properties and structure. When an external force matches this natural frequency, it amplifies the vibration, causing the system to resonate. Resonance can be observed in various fields, including physics, engineering, biology, and chemistry. In physics, resonance plays a crucial role in phenomena such as mechanical vibrations, electrical circuits, and quantum systems. In engineering, resonance is used to design efficient energy transmission systems and to control vibrations.;Meta
Inner cell mass;The inner cell mass is a cluster of cells that forms during embryogenesis in mammals. It arises from the blastocyst stage, typically around five days after fertilization, and is composed of multipotent stem cells. The inner cell mass is responsible for giving rise to all three primary germ layers: ectoderm, endoderm, and mesoderm. These germ layers then differentiate into various tissues and organs that make up the developing embryo. The inner cell mass is also known as the embryoblast or hypoblast, and its cells have the ability to self-renew and differentiate into different cell types, making them a critical component of early development and a focus of research in stem cell biology.;Meta
Dermal fibroblast;Dermal fibroblasts are a type of connective tissue cell found in the dermis, the layer of skin just beneath the epidermis. These cells play a crucial role in maintaining skin structure and function by producing collagen, elastin, and other extracellular matrix components. Dermal fibroblasts also contribute to wound healing by synthesizing growth factors and matrix molecules that facilitate tissue repair. In addition, they participate in the regulation of skin thickness and elasticity through the production of hormones such as estrogen and testosterone. Abnormalities in dermal fibroblast function have been linked to various dermatological conditions, including scleroderma and morphea.;Meta
Standard Model;The Standard Model is a theory in particle physics that describes the behavior of fundamental particles known as quarks and leptons, which are the building blocks of matter. It postulates that these particles interact with each other through four fundamental forces: electromagnetism, the strong nuclear force, the weak nuclear force, and gravity. The model also includes gauge bosons, such as photons and gluons, which mediate these interactions. Protons and neutrons are composed of quarks, while electrons and neutrinos are leptons. Quarks and antiquarks combine to form mesons, while quarks and antiquarks and leptons or antileptons combine to form baryons.;Meta
Wax ester;Wax esters are a type of natural lipid found in various organisms including plants, animals, and microorganisms. They are characterized by their ester bond between a fatty acid chain and an alcohol molecule. Wax esters play important roles in cellular physiology, serving as energy storage compounds, structural components, and signaling molecules. In plants, wax esters are synthesized in response to environmental stimuli, such as temperature fluctuations, and serve as natural barriers against water loss and pathogen invasion. In animals, wax esters are used for thermoregulation, buoyancy, and protection against desiccation. The chemical structure of wax esters is unique among lipids, featuring a hydrophobic tail and a polar head group.;Meta
Photon statistics;Photon statistics is a branch of quantum optics that deals with the statistical properties of light particles, photons. The topic focuses on describing the probability distributions and correlations among photon numbers in different physical systems, such as optical fields, lasers, and quantum communication networks. In particular, it examines the fluctuations and correlations in photon counts, often described by classical stochastic processes or non-classical phenomena governed by quantum mechanics. Key concepts include Poissonian and sub-Poissonian statistics, Mandel's Q parameter, and the Glauber-Sudarshan P representation. These statistical methods are crucial for understanding the behavior of light in various applications, including optical communication systems, spectroscopy, and fundamental studies of quantum systems.;Meta
Atopy;Atopy is a genetic predisposition to develop allergic reactions, characterized by an overactive immune response to harmless substances such as pollen, dust mites, and pet dander. This condition is often seen in individuals with a family history of allergies, and its prevalence has increased significantly in recent decades. Atopic diseases include hay fever, asthma, eczema, and food allergies, which are caused by an excessive production of IgE antibodies. The atopic march refers to the progression from one allergic disease to another over time, such as developing hay fever and then progressing to asthma. Genetic factors, environmental triggers, and altered immune function contribute to the development and persistence of atopy.;Meta
Atomic force microscopy;Atomic force microscopy is a type of scanning probe microscopy that uses a physical probe to scan the surface of a sample at the atomic scale. The technique involves rastering the probe over the sample while monitoring its deflection as it interacts with the surface, allowing for high-resolution imaging and measurement of surface topography. The tip of the probe is typically made of silicon or silicon nitride and has a small cantilever that bends upon contact with the sample, providing information about the surface's chemical and physical properties. This technique is particularly useful for studying biomolecules and other delicate samples that cannot be imaged using traditional methods.;Meta
Etiology;Etiology is the scientific study of the causes of diseases, disorders, or other health-related phenomena. It involves identifying and understanding the factors that contribute to the development and progression of a particular condition. Etiological research may focus on genetic, environmental, psychological, or other factors that influence an individual's susceptibility to illness. The goal of etiological research is to develop a comprehensive understanding of the underlying causes of a disease, which can inform prevention strategies, diagnostic tools, and treatment options. By elucidating the complex interactions between biological, behavioral, and environmental factors, researchers can better understand the mechanisms driving disease development and improve patient outcomes.;Meta
Gel electrophoresis;Gel electrophoresis is a laboratory technique used to separate mixtures of DNA, RNA, or proteins based on their size and charge. It involves placing the mixture onto a gel matrix, typically polyacrylamide or agarose, and applying an electric field that causes the molecules to migrate through the gel according to their electrophoretic mobility. Larger molecules move more slowly due to increased resistance to movement through the gel, while smaller molecules travel faster. The separated molecules can then be visualized using stains or fluorophores, allowing researchers to identify specific DNA fragments, RNA transcripts, or proteins within a sample.;Meta
Inhibitory control;Inhibitory control refers to the ability to regulate impulsive behavior and withhold a prepotent response in favor of a more appropriate one. This cognitive process is essential for decision-making, problem-solving, and social behavior. Inhibitory control involves the suppression of automatic or dominant responses to allow for more thoughtful and deliberate actions. It is mediated by the prefrontal cortex, particularly the anterior cingulate cortex and the dorsolateral prefrontal cortex, which are responsible for executive function and error detection. Impairments in inhibitory control have been linked to various neuropsychiatric disorders, such as attention-deficit/hyperactivity disorder and obsessive-compulsive disorder.;Meta
Protein Data Bank;The Protein Data Bank is a repository of three-dimensional structural data of proteins, nucleic acids, and complexes assembled by biologists, biochemists, and chemists around the world. The database contains over 160,000 entries, including structures determined by X-ray crystallography, NMR spectroscopy, and electron microscopy, as well as predicted structures. Each entry is annotated with relevant biological information, such as sequence, function, and disease relevance. The Protein Data Bank plays a crucial role in understanding the structure-function relationships of proteins, which are essential for developing new treatments for diseases and designing novel therapeutics.;Meta
Transition state;"A transition state is a short-lived intermediate species that forms during a chemical reaction, representing the highest energy point along the reaction coordinate. It is characterized by a specific geometry and vibrational mode, which are distinct from those of the reactants or products. The transition state is often depicted as a ""saddle-shaped"" minimum on the potential energy surface, signifying that it is an unstable species. As the reaction proceeds, the system moves away from the transition state, eventually reaching the product side. Understanding transition states is crucial in rationalizing reaction mechanisms and designing chemical syntheses.";Meta
Abrupt climate change;Abrupt climate change refers to rapid and significant shifts in global temperature and atmospheric circulation patterns, often occurring over a timescale of decades or centuries. These events are characterized by dramatic changes in temperature, precipitation, and sea level rise, which can have profound impacts on ecosystems, societies, and economies. The most well-known example of abrupt climate change is the Younger Dryas cooling event, which occurred around 12,800 years ago, marking a sudden drop in global temperatures following the last ice age. More recent examples include the Medieval Climate Anomaly and the Little Ice Age.;Meta
Nuclear medicine;Nuclear medicine is a medical specialty that uses small amounts of radioactive materials, known as radiopharmaceuticals, to diagnose and treat diseases. These radiopharmaceuticals are designed to target specific organs or tissues within the body and emit gamma rays, which can be detected by specialized cameras or sensors. This allows physicians to visualize internal structures and functions, providing valuable information for diagnosing and monitoring a wide range of conditions, including cancer, heart disease, and neurological disorders. Nuclear medicine procedures typically involve administering the radiopharmaceutical to the patient and then using a gamma camera or single-photon emission computed tomography scanner to capture images of the body's internal workings.;Meta
Carbon footprint;A carbon footprint refers to the total amount of greenhouse gases produced directly or indirectly by human activities, calculated in terms of carbon dioxide equivalent CO2e. It encompasses emissions from fossil fuel combustion, industrial processes, and agricultural practices, as well as those resulting from land-use changes such as deforestation. The calculation typically includes factors like energy consumption, transportation modes, food choices, waste management, and consumer goods. A comprehensive carbon footprint assessment involves quantifying emissions across various sectors, including buildings, transportation, industry, agriculture, and waste. This metric serves as a valuable tool for individuals, organizations, and governments to monitor and reduce their environmental impact, mitigating climate change effects.;Meta
Non-coding RNA;"Non-coding RNAs are RNA molecules that do not encode proteins, unlike messenger RNA. They were initially considered to be ""junk DNA"" because they did not appear to have a functional role in the cell. However, it is now known that non-coding RNAs play crucial roles in various cellular processes, including gene regulation, chromatin modification, and epigenetic control. There are several types of non-coding RNAs, including microRNAs, long non-coding RNAs, piwi-interacting RNAs, and circular RNAs. These molecules can act as transcriptional regulators, RNA-binding proteins, or even structural components of ribonucleoprotein complexes. Abnormalities in non-coding RNA function have been implicated in various diseases, including cancer, neurological disorders, and cardiovascular disease.";Meta
Negishi coupling;Negishi coupling is a palladium-catalyzed cross-coupling reaction that involves the formation of a carbon-carbon bond between a pseudohalide and an organozinc reagent. This reaction was first reported by Akira Negishi in 1980. The reaction proceeds through the coordination of the pseudohalide to a palladium catalyst, followed by transmetalation with the organozinc reagent. The resulting organopalladium intermediate then undergoes β-hydrogen elimination to form the coupled product and regenerate the palladium catalyst. Negishi coupling is commonly used in organic synthesis to construct complex molecular frameworks and has found applications in the preparation of pharmaceuticals, agrochemicals, and materials with unique properties.;Meta
Sagnac effect;The Sagnac effect is a phenomenon observed in rotating systems where the circumference of a circular path appears to shrink when viewed from outside the system. This effect was first described by French physicist Georges Sagnac in 1913 and is attributed to the equivalence principle, which states that all observers are equally valid regardless of their relative motion. When a rotating system is placed around a stationary observer, the rotation causes a phase shift in the waves circulating through it, resulting in a discrepancy between the clockwise and counterclockwise rotations. The Sagnac effect has implications for our understanding of spacetime and the principles of general relativity.;Meta
P-type ATPase;P-type ATPases are a subclass of ion pumps that utilize adenosine triphosphate as their energy source to drive ion transport across biological membranes. These enzymes are characterized by a phosphorylated intermediate state during the reaction cycle, which is reflected in their naming convention. P-type ATPases play crucial roles in various cellular processes, including sodium pump function, calcium homeostasis, and detoxification of heavy metals. They are also implicated in human diseases such as cystic fibrosis, muscular dystrophy, and hypertension. The structure and mechanism of P-type ATPases have been extensively studied, revealing a unique phosphorylation-dependent mechanism for ion pumping.;Meta
Laminar flow;Laminar flow is a type of fluid flow characterized by a smooth, continuous motion of particles in parallel layers, with minimal turbulence. This phenomenon occurs when the velocity profile across the flow is linear and the Reynolds number is low. In laminar flow, the fluid moves in a predictable and organized manner, with each layer moving at a distinct velocity. The flow is typically confined to narrow channels or pipes, where it can be sustained over long distances without significant turbulence. Laminar flow has important applications in engineering, medicine, and environmental science, including the study of blood flow, pipe flow, and atmospheric circulation.;Meta
Glacier mass balance;Glacier mass balance is the difference between the accumulation of snow and ice at a glacier's surface and its ablation through melting, sublimation, or calving. It is an important indicator of a glacier's overall health and response to climate change. The accumulation component includes precipitation, avalanches, and ice flow from adjacent glaciers, while the ablation component includes melting due to temperature increases, sublimation caused by dry air, and calving resulting from changes in ocean currents or atmospheric pressure. A positive mass balance indicates a glacier is gaining mass, while a negative balance suggests it is losing mass, with significant implications for global sea level rise and regional hydrology.;Meta
Taxonomy;Taxonomy is the scientific study of categorizing living organisms into groups based on their shared characteristics. It involves creating a system to classify and identify species, genera, families, orders, classes, phyla, kingdoms, and domains. This classification is achieved by analyzing morphological, biochemical, and molecular features such as body structure, DNA, and protein sequences. The primary goal of taxonomy is to establish a logical and consistent framework for understanding the diversity of life on Earth. Taxonomists use various methods including comparative anatomy, morphology, and molecular biology to determine the relationships among organisms and create a hierarchical system of classification.;Meta
Quantum Hall effect;The Quantum Hall effect is a phenomenon observed in two-dimensional electron systems at very low temperatures and high magnetic fields. It occurs when the electrons occupy specific quantum states that are quantized in energy levels, resulting in plateaus in the Hall conductivity as a function of the magnetic field. These plateaus are characterized by exact values of the Hall conductivity divided by the fundamental constant e/h, where e is the elementary charge and h is Planck's constant. The Quantum Hall effect has been observed in various systems, including semiconductor heterostructures and graphene, and has led to important advances in our understanding of quantum transport and the properties of two-dimensional materials.;Meta
Boiling water reactor;A boiling water reactor is a type of nuclear reactor that uses light water as the coolant and moderator. It is one of the most common types of reactors used in commercial power generation. In a boiling water reactor, the water surrounding the fuel rods boils at high pressure to produce steam, which drives a turbine to generate electricity. The heat from the reaction heats the coolant, causing it to boil, producing steam that expands through a turbine connected to an electrical generator. This process produces the steam needed to power the turbine and ultimately generates electricity.;Meta
Solid-state battery;A solid-state battery is a type of rechargeable battery that replaces the traditional liquid electrolyte with a solid ion conductor, typically made of ceramics, glass, or polymers. This design change eliminates the risk of overheating and improves safety compared to lithium-ion batteries. Solid-state batteries also offer increased energy density, longer cycle life, and faster charging times. The solid electrolyte is more chemically stable than liquid electrolytes, reducing the risk of dendrite growth and increasing the battery's overall lifespan. Additionally, solid-state batteries are less prone to thermal runaway and can withstand extreme temperatures, making them suitable for high-performance applications such as electric vehicles.;Meta
Solar cell;A solar cell is a device that converts sunlight into electrical energy through photovoltaic effect. It consists of two types of materials, p-type and n-type semiconductors, which are combined to form a junction. When sunlight hits the solar cell, it excites the electrons in the material, allowing them to flow freely and create an electric current. The most common type of solar cell is the photovoltaic cell, which uses silicon-based materials. PV cells have become increasingly popular due to their ability to generate clean energy with minimal environmental impact. Solar cells are widely used in various applications including residential power generation, remote power systems, and space exploration.;Meta
Semidefinite programming;Semidefinite programming is a numerical method for optimizing linear objective functions subject to convex constraints defined by linear inequalities and eigenvalue constraints imposed on symmetric matrices, known as positive semidefinite matrices. This optimization problem is often referred to as a semidefinite program. The problem can be formulated as finding the maximum or minimum of a linear function subject to constraints that are quadratic in the variables. In general, SDPs involve optimizing over symmetric matrices and have applications in fields such as control theory, signal processing, combinatorial optimization, and machine learning.;Meta
MicroRNA;MicroRNAs are small non-coding RNAs approximately 18-25 nucleotides in length that play a crucial role in regulating gene expression by binding to messenger RNA and preventing its translation into protein. They are highly conserved across species, from worms to humans, and have been found to be involved in various biological processes including development, cell differentiation, metabolism, and stress response. MicroRNAs can also act as tumor suppressors or oncogenes depending on their target mRNAs, making them important regulators of cancer development and progression. The dysregulation of microRNA expression has been implicated in many diseases including cardiovascular disease, diabetes, and neurological disorders.;Meta
Aphasia;"Aphasia is a language disorder caused by damage to the brain, typically resulting from stroke, traumatic brain injury, or neurodegenerative diseases such as Alzheimer's or Parkinson's. The term ""aphasia"" refers to impaired communication skills that affect verbal and written language, reading, and writing abilities. Aphasia can manifest in various forms, including anomia, agrammatism, and auditory-verbal agnosia. Aphasic individuals may struggle to express themselves effectively, resulting in circumlocutions, perseverations, or the use of incorrect words. Aphasia can significantly impact daily life, including communication with family and friends, work, and everyday activities.";Meta
Endoscopy;Endoscopy is a medical imaging procedure that allows for visual examination and exploration of internal organs and structures using a flexible tube called an endoscope. The procedure involves inserting the endoscope through a natural opening or a small incision in the body, typically through the mouth, nose, or anus. Once inside, the endoscope transmits images to a video monitor, allowing healthcare professionals to diagnose and treat various conditions such as gastrointestinal disorders, cancers, and inflammatory bowel diseases. The procedure is generally minimally invasive, causing less trauma to the patient compared to surgical methods.;Meta
Gravity;Gravity is a fundamental force of nature that causes objects with mass to attract each other. According to Albert Einstein's theory of general relativity, gravity is not a force that acts between two objects, but rather a curvature of spacetime caused by massive objects. This curvature affects the path of nearby objects, causing them to fall towards the source of the gravitational pull. The strength of the gravitational force depends on the mass and distance of the objects involved. Gravity plays a crucial role in shaping the behavior of celestial bodies, including planets and stars, and is essential for the existence of life on Earth.;Meta
Holography;Holography is an interdisciplinary field that combines optics, physics, and mathematics to record and reconstruct three-dimensional images, known as holograms. This technology was first proposed by physicist Dennis Gabor in 1947, who sought to improve the resolution of electron microscopes. Holographic recording involves capturing the interference pattern between a reference beam and an object beam, which is then reconstructed using lasers and detectors. The resulting image appears three-dimensional due to the encoding of spatial information onto the recorded hologram. Applications of holography include three-dimensional displays, data storage, and biometrics, as well as medical imaging and microscopy.;Meta
UniProt;UniProt is a comprehensive protein sequence database that provides a wide range of information about proteins from various organisms, including humans, animals, plants, and microorganisms. It was established in 2000 as a collaboration between several European bioinformatics institutes and is now maintained by the EBI. UniProt contains sequences and functional annotations for over 78 million protein entries, which are sourced from publicly available databases such as GenBank and RefSeq. The database also provides tools for searching and analyzing protein sequences, including BLAST and InterProScan.;Meta
Prokaryote;Prokaryotes are a group of single-celled organisms that lack a true nucleus and other membrane-bound organelles characteristic of eukaryotic cells. They are typically small, ranging in size from 0.5 to 5.0 micrometers, and have a proprotional increase in volume during cell division. Prokaryotes possess circular DNA molecules that are not enclosed within a nuclear envelope, with genes arranged in operons that facilitate coordinated gene expression. These organisms lack membrane-bound organelles, such as mitochondria and chloroplasts, which are present in eukaryotic cells. Prokaryotes exhibit diverse metabolic processes, including photosynthesis, aerobic respiration, and anaerobic fermentation. They play a crucial role in many ecosystems, serving as decomposers, predators, and symbionts of other organisms.;Meta
Hematopoietic stem cell;Hematopoietic stem cells are a type of adult stem cell responsible for the continuous production of blood cells throughout life. These cells reside in the bone marrow and have the unique ability to self-renew and differentiate into various blood cell types, including red blood cells, white blood cells, and platelets. Hematopoietic stem cells undergo a process called hematopoiesis, where they give rise to committed progenitor cells that mature into functional blood cells. This complex process is tightly regulated by a network of signaling pathways, transcription factors, and microenvironmental cues. Defects in hematopoietic stem cell function can lead to various blood disorders and cancers, making them an important area of research in the field of hematology.;Meta
Helicase;Helicase is an enzyme that plays a crucial role in DNA replication and repair by unwinding double-stranded DNA into single-stranded templates. This process is essential for maintaining genome stability as it allows for the separation of template strands, enabling the synthesis of new DNA strands through complementary base pairing. Helicases are classified into two main families: ring-shaped helicases that unwind DNA in a 5'-to-3' direction and translocase-like enzymes that move along single-stranded DNA in a 5'-to-3' or 3'-to-5' direction. The unwinding activity of helicases is often coupled with other proteins, such as primase, polymerase, and ligase, to facilitate the replication process.;Meta
Quantum gravity;Quantum gravity is a theoretical framework that attempts to reconcile quantum mechanics and general relativity, two theories that are fundamentally incompatible within their respective domains. Quantum mechanics describes the behavior of particles at the atomic and subatomic level, while general relativity explains the behavior of gravity on large scales such as planets and stars. The problem arises when trying to merge these theories, as they operate under different physical regimes. Quantum gravity seeks to develop a new framework that can accurately describe phenomena in both domains, from the smallest particles to the vastness of the universe.;Meta
Dark matter;Dark matter is a hypothetical form of matter that is thought to make up approximately 27% of the total mass-energy density of the universe, yet it does not emit, absorb, or reflect any electromagnetic radiation, making it invisible to our telescopes and detectors. Its existence was first proposed by Swiss astrophysicist Fritz Zwicky in the 1930s, based on observations of galaxy clusters and the way they moved. The most popular theory is that dark matter is composed of weakly interacting massive particles, which interact with normal matter only through gravity and the Weak nuclear force.;Meta
Chiral pool;The chiral pool refers to the set of carbon-based compounds that are naturally occurring and can serve as building blocks for the synthesis of other chiral molecules. These compounds, which include amino acids, carbohydrates, and fatty acids, possess a unique three-dimensional structure or chirality that is essential for their biological function. The chiral pool plays a crucial role in the field of organic chemistry, as it provides a reliable source of starting materials for the preparation of enantiomerically pure compounds. The use of chiral pool compounds allows chemists to streamline their synthetic routes and reduce the number of steps required to produce a desired product.;Meta
Escape velocity;Escape velocity is the minimum speed an object must possess to break free from the gravitational pull of a celestial body such as a planet, moon, or star and escape into space. It is calculated by taking the square root of twice the product of the gravitational acceleration at the surface and the radius of the celestial body. For example, on Earth, escape velocity is approximately 11.2 kilometers per second, meaning any object released from the surface with a speed greater than this would continue to move away from the planet without falling back.;Meta
Surface plasmon polariton;Surface plasmon polaritons are quantum mechanical excitations that arise at the interface between a metal and a dielectric material when light is incident on the system. They are a hybrid mode combining electromagnetic radiation with electronic oscillations within the metal, resulting in a collective excitation of electrons and electromagnetic fields. The interaction between the metal's free electrons and the electromagnetic field causes a self-sustaining oscillation, effectively confining the energy at the interface. This phenomenon is characterized by a decay length much shorter than the incident wavelength, allowing for enhanced light-matter interactions and applications in sensing, imaging, and nanophotonics.;Meta
Cognitive load;Cognitive load refers to the amount of mental effort required by an individual to comprehend and process information presented to them. It is a measure of how much attentional resources are demanded from working memory, perception, and problem-solving abilities. The concept was first introduced by John Sweller in 1988. Cognitive load theory posits that when learners are faced with complex learning materials, their cognitive load increases, potentially leading to decreased performance, increased mental fatigue, and even disengagement. Effective instruction aims to balance the cognitive load by optimizing the difficulty level of material, providing adequate support, and minimizing extraneous cognitive demands. By managing cognitive load, educators can enhance learner engagement, comprehension, and retention of information.;Meta
Circulating tumor DNA;Circulating tumor DNA refers to DNA fragments that are released by tumors into the bloodstream, where they can be detected in the peripheral blood of patients with cancer. This phenomenon was first described in the 1940s and has since become a crucial area of research in oncology. Circulating tumor DNA is shed from primary tumors as a result of apoptosis, necrosis, or intentional release by tumor cells. The DNA fragments can then be taken up by immune cells, such as macrophages and dendritic cells, which process the material and present it to the immune system.;Meta
Divergent evolution;Divergent evolution refers to the process by which a single ancestral species gives rise to two or more distinct species that evolve in different directions due to geographical isolation, genetic drift, or other mechanisms. This phenomenon occurs when a population is separated from the main body of its species and adapts to its new environment through natural selection, resulting in changes to its morphology, physiology, or behavior. Over time, these changes can become fixed as the isolated populations evolve independently, leading to the formation of new species that are distinct from one another.;Meta
Polyploidy;Polyploidy is a phenomenon where an organism has more than two sets of chromosomes in its cells, resulting from an error during meiosis or mitosis. This can occur naturally through various mechanisms such as chromosome doubling, endoreduplication, and hybridization. Polyploidy is common in plants and some animals, including humans, although it is rare in mammals due to the mechanism of meiosis. In polyploid individuals, each cell contains three or more sets of chromosomes, which can lead to changes in gene expression, evolution, and adaptation. This phenomenon has significant implications for our understanding of evolutionary processes, speciation, and biodiversity.;Meta
Electromagnetism;Electromagnetism is a branch of physics that describes the interaction between electrically charged particles and magnetic fields. It is a fundamental force of nature, governing the behavior of charged particles such as electrons and protons. Electromagnetic forces are responsible for holding atoms and molecules together, and they play a crucial role in many natural phenomena, including lightning and solar flares. The electromagnetic spectrum includes gamma rays, X-rays, ultraviolet light, visible light, infrared radiation, microwaves, and radio waves, which all exhibit electromagnetic properties. Electromagnetic induction is the process by which an electric current can be generated through a changing magnetic field, and it has numerous practical applications in devices such as generators and motors.;Meta
Particle accelerator;A particle accelerator is a scientific device that accelerates charged particles to high speeds, typically using electromagnetic fields. These devices are used in various scientific and industrial applications, including fundamental research, materials science, and medical treatments. The acceleration process involves injecting particles into a vacuum tube, called an accelerating structure, where they are accelerated by electrical pulses or radio waves. As the particles gain energy, they approach relativistic speeds, enabling them to be studied at subatomic scales. Particle accelerators can produce beams of high-intensity X-rays and other forms of radiation, which have numerous applications in fields like medicine, materials science, and national security.;Meta
Synthetic lethality;Synthetic lethality is a phenomenon in genetics where two mutations, one in each of two genes, can cause cell death or growth arrest, even if either single mutation alone would not be sufficient to achieve this outcome. This occurs when the two mutated genes are part of a critical cellular process and their combined effect disrupts the normal functioning of that process, leading to cellular dysfunction or death. Synthetic lethal interactions have been identified in various organisms, including humans, and are being exploited for cancer therapy, as tumors often harbor multiple genetic mutations, making them more susceptible to synthetic lethality-based treatments.;Meta
MIMO;MIMO, which stands for Multiple-Input Multiple-Output, is a wireless communication technology that allows multiple transmitters and receivers to operate simultaneously in a single channel. This technology uses advanced signal processing techniques to separate and decode multiple data streams transmitted by different antennas or nodes. MIMO systems can significantly improve the capacity, reliability, and spectral efficiency of wireless networks, making them particularly useful for high-speed internet access and other demanding applications. By exploiting spatial diversity and multipath effects, MIMO enables more efficient use of available bandwidth, thereby increasing overall network performance.;Meta
Randomization;Randomization is a fundamental concept in scientific research, particularly in experimental design and statistical analysis. It refers to the process of assigning participants or subjects to treatment groups or conditions in a way that is unpredictable and unbiased. Randomization ensures that each participant has an equal chance of being assigned to any group or condition, thereby minimizing confounding variables and ensuring that the results are representative of the population being studied. This technique helps to eliminate systematic errors and biases that might otherwise influence the outcome of the experiment. In addition, randomization allows researchers to make inferences about cause-and-effect relationships between variables.;Meta
Glass transition;The glass transition is a non-equilibrium phase transition that occurs in amorphous solids, such as glasses, polymers, and molecular liquids, when they are cooled rapidly or subjected to pressure. At this transition point, the material's viscosity increases dramatically, and it exhibits characteristics typical of both liquid and solid states. The glass transition temperature is a key parameter that defines the boundary between the liquid-like and solid-like behavior of a material. Below Tg, the material behaves as a glass, whereas above Tg, it behaves as a liquid. The glass transition is an important phenomenon in materials science, with significant implications for the physical properties and applications of various materials.;Meta
Alpha helix;The alpha helix is a common secondary structure found in proteins, characterized by a spiral arrangement of amino acid residues. In this configuration, the polypeptide chain twists into a right-handed helix, with each residue bonded to its neighbors through hydrogen bonds and steric interactions. The repeating pattern of backbone atoms forms a hydrophobic core, shielded from water molecules, while polar side chains project outward. Alpha helices are often stabilized by internal hydrogen bonding between the carbonyl oxygen and amino nitrogen groups. This secondary structure is essential for protein function, as it influences their stability, folding, and interactions with other molecules.;Meta
Optogenetics;Optogenetics is a powerful tool that allows researchers to control specific cells in living organisms using light. This technique involves genetically modifying cells to express light-sensitive proteins called opsins, which can be activated by specific wavelengths of light. The most commonly used opsin is channelrhodopsin-2, which allows neurons to fire when exposed to blue light. By targeting specific cells or populations with optogenetic tools, scientists can modulate neural activity, study brain function and behavior, and even treat neurological disorders such as epilepsy and Parkinson's disease. Optogenetics has revolutionized the field of neuroscience, enabling researchers to precisely manipulate cellular processes in real-time.;Meta
Pulsar;A pulsar is a type of neutron star that emits electromagnetic radiation in a pulsed manner, which is typically observed as pulses of electromagnetic radiation with periods ranging from milliseconds to seconds. Pulsars are formed when a massive star undergoes gravitational collapse and then rapidly rotates on its axis due to conservation of angular momentum. As the star's rotation slows over time, it becomes magnetized and begins to emit electromagnetic radiation in a beam that sweeps through space as the star rotates. The pulses occur when this beam passes through the Earth's atmosphere or detectors. Pulsars can be used as natural clocks for studying gravitational waves and testing theories of relativity.;Meta
Enthalpy;Enthalpy is a thermodynamic property that measures the total energy of a system, including both internal energy and the energy associated with pressure-volume work. It is denoted by the symbol H and has units of joules per mole. Enthalpy changes are used to calculate the heat transfer required for a process to occur spontaneously, as well as to determine the efficiency of heat engines. The enthalpy change for a reaction is typically measured at constant pressure and temperature conditions. The standard enthalpy of formation is an important property that can be used to predict the stability of compounds and the feasibility of chemical reactions.;Meta
Grignard reaction;The Grignard reaction is a fundamental process in organic chemistry, named after French chemist Victor Grignard who first described it in 1900. It involves the reaction of an alkyl halide with magnesium in the presence of an ether solvent to form a Grignard reagent. This reagent can then be used to introduce the R group from the alkyl halide onto various functional groups, such as aldehydes or ketones, resulting in the formation of complex molecules. The reaction is highly versatile and has been widely employed in the synthesis of a wide range of organic compounds, including pharmaceuticals, agrochemicals, and polymers.;Meta
Crystallization;Crystallization is the process by which atoms, molecules, or ions in a solution or melt settle into a crystalline structure, resulting in the formation of a solid crystal. It occurs when the temperature and concentration of the system are reduced to a point where nucleation can occur, allowing the atoms or molecules to arrange themselves into a repeating pattern. This process is driven by the decrease in free energy as the system transitions from a disordered to an ordered state. Crystallization is important in many fields, including materials science, biology, and geology, where it plays a crucial role in the formation of minerals, biological tissues, and other crystalline solids.;Meta
Prophage;Prophages are dormant bacteriophages that have integrated themselves into the host bacterium's genome. They are similar to plasmids in structure and function, but are derived from viruses rather than bacteria. Once a phage has infected a cell, it can either lyse the cell and release new phages or insert its DNA into the host chromosome, where it becomes a prophage. Prophages can remain dormant for extended periods, often allowing them to survive until environmental conditions become favorable for their activation. Upon induction, prophages can express viral genes, which may confer novel properties on the host bacterium, such as antibiotic resistance or the ability to fix nitrogen.;Meta
Quantum Fourier transform;The Quantum Fourier Transform is a quantum algorithm that extends the classical Fourier transform to the quantum realm. In quantum mechanics, this transformation plays a crucial role in many quantum algorithms and simulations. The QFT operates on a set of qubits, which are quantum bits that can exist in multiple states simultaneously. By applying a series of Hadamard gates and phase gates, the QFT effectively performs an inverse discrete Fourier transform on the input quantum state. This allows for efficient computation of the discrete Fourier transform of any function defined over the integers.;Meta
Post-translational modification;Post-translational modification is a crucial step in the maturation of proteins, where enzymes add chemical groups to amino acids already present in the protein sequence. This process occurs after translation, hence the name post-translational modification. The added groups can be small molecules such as phosphoryl, methyl, or acetyl groups, or larger structures like carbohydrates, lipids, or nucleic acids. Post-translational modifications can alter the function, localization, and stability of proteins, making them more suitable for their specific roles in cells. These modifications are reversible, allowing cells to dynamically regulate protein activity in response to various signals.;Meta
Milankovitch cycles;Milankovitch cycles refer to the natural variations in the Earth's orbit that occur over periods of tens of thousands of years, influencing global climate patterns. The cycles are named after Serbian mathematician and engineer Milutin Milankovitch, who first proposed them in the 1920s. There are three types of Milankovitch cycles: changes in the Earth's eccentricity, axial tilt, and precession around the sun. These variations affect the amount of solar energy that reaches the Earth's surface, leading to fluctuations in global temperatures and ice ages. The cycles have been linked to past climate changes, including the onset of ice ages and the current interglacial period.;Meta
Notochord;The notochord is a flexible, rod-like structure that plays a crucial role in the development and evolution of chordates. It is found in all vertebrate embryos and is the precursor to the spinal cord. The notochord provides mechanical support and stiffness to the embryo, allowing it to maintain its shape and withstand external forces. As the embryo develops, the notochord is gradually replaced by the developing spinal cord, although remnants of the notochord may persist as the vertebral discs. The notochord also secretes signaling molecules that influence the development of surrounding tissues and organs. Its importance in embryonic development has led to significant research on its function and evolution.;Meta
Germinal center;The germinal center is a specialized microanatomy of lymphoid organs where B cells undergo affinity maturation and somatic hypermutation to produce high-affinity antibodies against specific antigens. This process occurs in response to T cell-dependent activation, which leads to the proliferation and differentiation of B cells into plasma cells that secrete high-quality antibodies. Germinal centers are characterized by a unique microenvironment that facilitates the interaction between B cells, T cells, and antigen-presenting cells, allowing for the selection of high-affinity antibody-producing B cells. The germinal center reaction is essential for the development of long-term immune memory and the production of high-titer antibodies against recurring infections.;Meta
Endoderm;The endoderm is one of the three primary germ layers that emerge during gastrulation in embryonic development. It forms from the inner layer of cells, known as the hypoblast, and gives rise to the lining of internal organs, such as the lungs, digestive tract, and pancreas. The endoderm also contributes to the formation of glands, such as the thyroid gland, adrenal glands, and parathyroid glands. In contrast to the ectoderm and mesoderm, which form the outer layer and middle layer respectively, the endoderm is characterized by its ability to produce mucous membranes and epithelial tissues that line body cavities and organs.;Meta
White dwarf;A white dwarf is a small, extremely dense star composed primarily of helium and carbon that has exhausted its nuclear fuel and can no longer sustain its own weight through thermal radiation. It is formed when a low-mass star like the sun exhausts its fuel supply and begins to contract under its own gravity. As the star contracts, its outer layers expand and cool, while the core becomes increasingly dense and hot. Eventually, the star reaches a stable temperature and size, at which point it becomes a white dwarf. The surface of a white dwarf is typically about 10,000 to 20,000 degrees Celsius, although the core remains incredibly hot at around 100 million degrees.;Meta
Allergy;An allergy is a type of hypersensitivity reaction that occurs when the immune system overreacts to a specific substance known as an allergen. This reaction involves the activation of immune cells such as mast cells and basophils, which release chemical mediators like histamine, leading to symptoms including itching, sneezing, runny nose, hives, and difficulty breathing. Allergies can be triggered by airborne particles like pollen, dust, and pet dander, or by food, medications, insect stings, and other substances. The immune system's overreaction is often due to an abnormal response to a protein found on the surface of these allergens, leading to an excessive production of IgE antibodies.;Meta
Glycogenesis;Glycogenesis is the process by which glucose molecules are converted into glycogen, a complex carbohydrate that serves as an energy reserve in the body. This process occurs primarily in the liver and muscles, where glucose molecules are linked together through glycosidic bonds to form a branched polymer called glycogen. The enzyme glycogen synthase catalyzes the formation of glycogen from glucose, while another enzyme, phosphorylase, breaks down glycogen into glucose when it is needed by the body. Glycogenesis plays a crucial role in regulating blood sugar levels and providing energy for muscle contractions.;Meta
Spatial transcriptomics;Spatial transcriptomics is a high-resolution technique used to study the distribution of RNA molecules within tissues at the single-cell level. This method involves barcoding individual cells in tissue sections and then sequencing the mRNA transcripts present in each cell. The resulting data provides a spatial map of gene expression patterns, allowing researchers to identify specific cell types, their interactions, and their roles in tissue development and disease. Spatial transcriptomics can be applied to various tissues and organisms, offering insights into cellular heterogeneity, tissue architecture, and biological processes. By combining single-cell RNA sequencing with spatial information, this approach has revolutionized the field of molecular biology, enabling a more nuanced understanding of complex biological systems.;Meta
Spin foam;Spin foam is a mathematical framework used to describe the fundamental nature of spacetime in certain theories of quantum gravity. It originated from the combination of two distinct concepts: spin and foam. In this context, spin refers to the intrinsic angular momentum of particles, while foam represents a dynamic, grainy structure that replaces smooth spacetime at very small distances. The spin foam approach posits that spacetime is made up of tiny, indistinguishable loops and surfaces, which are woven together to form a fabric-like structure. This framework has been applied in various areas of theoretical physics, including loop quantum gravity and certain approaches to string theory.;Meta
Cyclic voltammetry;Cyclic voltammetry is an electroanalytical technique used to study the redox behavior of a substance at a working electrode in an electrolyte solution. The method involves scanning the potential of the working electrode between a specified lower and upper limit, typically between 0 and +1.5 volts, while measuring the resulting current response. This process is repeated multiple times, allowing for the accumulation of data on the electrochemical behavior of the substance at different potentials. Cyclic voltammetry provides information on the oxidation and reduction mechanisms, as well as the kinetics and thermodynamics of the redox reactions. The technique is widely used in research and industry to study a wide range of materials and processes.;Meta
Plasmid;A plasmid is a small, self-replicating circular piece of DNA that occurs naturally in many bacteria and some archaea. It is not bound to the bacterial chromosome and can replicate independently of it. Plasmids are often found in antibiotic-resistant bacteria and can confer additional properties such as resistance to antibiotics or the ability to metabolize certain substances. They can also be used in genetic engineering to introduce specific traits into organisms. Plasmids are typically 1-10 kilobases in size, much smaller than a bacterial chromosome, which is usually around 1000 times larger.;Meta
DNA sequencing;DNA sequencing is the process of determining the order of the four chemical building blocks called nucleotides - adenine, guanine, cytosine, and thymine - that make up an organism's DNA. This information is essential for understanding an organism's genetic makeup and can be used to diagnose genetic disorders, develop targeted treatments, and understand evolutionary relationships between species. The process typically involves breaking the DNA into smaller segments called reads, which are then analyzed using specialized software to identify the specific nucleotides present at each position. The resulting sequence data is used to reconstruct the original DNA molecule's order, allowing researchers to study its structure and function.;Meta
Exoplanet;An exoplanet is a planet that orbits a star outside our solar system. As of 2022, over 4,000 exoplanets have been discovered, with thousands more candidate planets awaiting confirmation. The first exoplanet was detected in 1995 by the Doppler spectroscopy method, which measures the subtle changes in a star's light caused by an orbiting planet's gravitational pull. Other detection methods include transit photometry, where a planet's passage across its star's disk causes a decrease in brightness, and direct imaging, where advanced telescopes can directly capture the image of an exoplanet. Exoplanets range from small, rocky worlds to gas giants much larger than Jupiter, offering insights into the formation and evolution of planetary systems beyond our own.;Meta
Mannich reaction;The Mannich reaction is a chemical reaction that occurs between a ketone or aldehyde, a primary amine, and a formaldehyde derivative in the presence of a catalyst to form a β-aminoketone or β-aminoadrenaline product. The reaction was first described by Carl Mannich in 1912 and has since become a widely used method for synthesizing heterocyclic compounds. It is an important tool in organic synthesis, particularly in the production of complex molecules such as alkaloids, amino acids, and antiviral agents. The reaction mechanism involves the nucleophilic attack of the amine on the formaldehyde derivative, followed by aldol condensation with the ketone or aldehyde.;Meta
Lupus;Lupus is a chronic autoimmune disease characterized by inflammation and tissue damage in various parts of the body, particularly the skin, joints, kidneys, and lungs. The exact cause of lupus is unknown, but it is believed to be triggered by a combination of genetic predisposition, environmental factors, and hormonal influences. In people with lupus, the immune system mistakenly attacks healthy tissues, leading to symptoms such as fatigue, fever, joint pain, and skin rashes. There are several types of lupus, including systemic lupus erythematosus, discoid lupus erythematosus, and subacute cutaneous lupus erythematosus. While there is no cure for lupus, medications can help manage symptoms and prevent complications.;Meta
Keystone species;A keystone species is a species that has a disproportionate impact on its environment and plays a crucial role in maintaining the structure and function of its ecosystem. Keystone species often have a unique ecological niche and are a vital component of their community, influencing the behavior or survival of other species. They may control populations of herbivores or carnivores, regulate nutrient cycling, or maintain habitat diversity. The loss of a keystone species can lead to significant changes in its ecosystem, potentially causing cascading effects that reverberate throughout the entire community.;Meta
Gravitational wave;Gravitational waves are ripples in the fabric of spacetime that are produced by violent cosmic events, such as the collision of two black holes or neutron stars. These waves were predicted by Albert Einstein's theory of general relativity in 1915 and remained undetected for nearly a century. The detection of gravitational waves was announced in 2015 by the Laser Interferometer Gravitational-Wave Observatory and Virgo collaborations, marking a major milestone in astrophysics. Gravitational waves carry information about their sources, allowing scientists to study cosmic phenomena that were previously inaccessible.;Meta
Estrogen;Estrogen is a type of steroid hormone that plays a crucial role in the development and function of female reproductive organs. It is produced by the ovaries and regulates various physiological processes including puberty, menstruation, pregnancy, and lactation. Estrogen receptors are present in tissues throughout the body, allowing estrogen to influence diverse functions such as bone density, cardiovascular health, and cognitive function. In addition, estrogen has been implicated in the development of certain cancers, including breast cancer, and is a key factor in the regulation of female reproductive cycles. Overall, estrogen is a vital hormone that exerts significant effects on both reproductive and non-reproductive systems.;Meta
Chemical biology;Chemical biology is an interdisciplinary field that combines chemistry and biology to investigate biological systems at the molecular level. It involves the design, synthesis, and application of small molecules to modulate biological processes and understand their underlying mechanisms. Chemical biologists use a range of techniques including organic synthesis, analytical chemistry, and biochemistry to develop and test chemical probes and tools for studying biological pathways. These probes can be used to image specific proteins or nucleic acids, manipulate gene expression, and disrupt protein-protein interactions. By applying the principles of chemistry to biology, chemical biologists aim to elucidate the fundamental processes that govern life and develop new therapeutic strategies for treating diseases.;Meta
Gene duplication;Gene duplication is the process by which a gene makes multiple copies of itself in an organism's genome. This phenomenon can occur through various mechanisms, including DNA replication errors, chromosomal translocations, and retrotransposition. The duplicated genes may retain their original function, develop new functions, or become non-functional pseudogenes. Gene duplication can lead to evolutionary innovations by providing raw material for natural selection to act upon, allowing the organism to adapt to changing environments. It is a major driving force behind the development of novel traits and the generation of genetic diversity within species.;Meta
Chirality;Chirality is a fundamental concept in physics and chemistry that refers to the property of certain molecules and particles that cannot be superimposed on their mirror image. This means that if a molecule or particle has a specific arrangement of atoms or spin, it will not match its mirror reflection. Chirality arises from the asymmetrical arrangement of atoms or spin in molecules and particles, leading to distinct properties and behaviors. In chemistry, chirality is crucial for the functioning of biomolecules such as amino acids, sugars, and nucleotides, which are essential for life processes. In physics, chirality plays a key role in understanding particle interactions and the behavior of subatomic particles like quarks and leptons.;Meta
DNA methylation;DNA methylation is a epigenetic modification that involves the addition of a methyl group to the cytosine nucleotide in a CpG dinucleotide sequence, typically resulting in gene silencing. This process is catalyzed by DNA methyltransferases and is often seen as a way for cells to regulate gene expression without altering the underlying DNA sequence. DNA methylation plays a crucial role in development, cellular differentiation, and cancer formation, with aberrant methylation patterns being associated with various diseases. In addition, DNA methylation can be reversed through the action of demethylases, allowing for the re-expression of previously silenced genes.;Meta
Long-term potentiation;Long-term potentiation is a persistent strengthening of synaptic transmission that occurs when a weak stimulus is applied to a neuron in the presence of another stimulating neuron. This phenomenon was first described by Timothy Bliss and Terje Lomo in 1973. The process involves an increase in the release of neurotransmitters from the stimulated neuron, which then bind to receptors on the postsynaptic neuron, triggering a signal that ultimately leads to the strengthening of the synapse. Long-term potentiation is thought to be a key mechanism underlying learning and memory, as it allows for the consolidation of new information into long-term storage.;Meta
Zero-shot learning;Zero-shot learning is a subfield of machine learning that focuses on enabling machines to learn from unseen data without requiring any labeled training examples. This approach is particularly useful when collecting and labeling data for a specific task is impractical or impossible. In zero-shot learning, models are trained on a different but related task or dataset, leveraging the shared knowledge to generalize to novel instances without explicit supervision. This allows machines to make predictions or take actions in situations where no labeled training data exists. Zero-shot learning has many potential applications, including natural language processing, computer vision, and decision-making under uncertainty.;Meta
Mast cell;Mast cells are a type of white blood cell that plays a crucial role in the body's immune response to allergens and other foreign substances. They are found throughout the body, particularly in tissues such as skin, lungs, and gastrointestinal tract. Mast cells release various chemical mediators including histamine, leukotrienes, and prostaglandins, which trigger an allergic reaction by causing blood vessels to dilate and smooth muscle to contract. This leads to symptoms such as itching, hives, swelling, and difficulty breathing in individuals with allergies. Additionally, mast cells are also involved in the development of inflammatory diseases like asthma and arthritis.;Meta
Population dynamics;Population dynamics is the scientific study of the changes in populations of organisms over time. It involves the examination of factors that affect population growth, decline, and stability, including birth rates, death rates, immigration, emigration, and environmental influences such as food availability and predation. Population ecologists use mathematical models to analyze population trends and make predictions about future changes. The field is crucial for understanding how populations respond to environmental changes, conservation efforts, and the impact of human activities on ecosystems. It also informs strategies for managing wildlife populations, controlling pest species, and predicting the spread of diseases.;Meta
Inflammasome;The inflammasome is a multiprotein complex that plays a crucial role in the immune system's response to pathogens and damage. It is composed of a sensor protein, an adapter protein, and pro-caspase-1, which cleaves pro-interleukin-1β into its active form, IL-1β. The inflammasome is activated by various stimuli, including viral DNA, bacterial components, and cellular stress signals. Upon activation, the complex undergoes a conformational change that allows for the self-cleavage of pro-caspase-1 and the subsequent processing of pro-IL-1β. This leads to the release of mature IL-1β, which recruits immune cells and promotes inflammation. The inflammasome is essential for host defense against microbial infections and has been implicated in various autoimmune diseases.;Meta
Microprocessor;A microprocessor is a central processing unit contained on a single integrated circuit, designed to execute most instructions that a computer program can provide. Typically, it consists of the arithmetic logic unit, registers, and memory management units, all on a single chip of semiconductor material. The microprocessor performs input/output operations and executes instructions from software applications, handling functions such as addition, subtraction, multiplication, division, and logical operations. Its clock speed determines the rate at which it processes information, with higher speeds allowing for faster processing and more complex tasks. Modern microprocessors often feature multiple cores, enhancing overall system performance and multitasking capabilities.;Meta
Giant magnetoresistance;Giant magnetoresistance is a phenomenon where a significant change in electrical resistance occurs when a magnetic field is applied to certain materials, particularly alloys of iron, nickel, and cobalt. This effect was first observed in 1988 by French physicists Albert Fert and Peter Grunberg independently. The giant magnetoresistance ratio can exceed 1000%, which is much higher than the typical magnetoresistance seen in other materials. It arises from the interaction between spin-polarized electrons and magnetic domains in these alloys, leading to changes in electron scattering and conduction pathways. This phenomenon has important implications for the development of spintronics devices, such as magnetic random-access memory and read heads in hard disk drives.;Meta
Language model;A language model is a statistical framework for representing and generating natural language text based on its structural characteristics and probability distributions. These models analyze vast amounts of text data to identify patterns, relationships, and dependencies between words, phrases, and sentences, thereby enabling the prediction of subsequent words in a sequence. Language models can be used for various applications such as text classification, sentiment analysis, machine translation, and language processing tasks like language generation, question answering, and document summarization. The fundamental challenge in building language models lies in capturing the nuances of human communication, which involves understanding context, ambiguity, and figurative language.;Meta
Anthracene;Anthracene is a polycyclic aromatic hydrocarbon with the chemical formula C14H10. It is a planar molecule composed of three fused benzene rings in a linear arrangement. The molecule has a high degree of symmetry and a relatively low reactivity due to its aromatic character. Anthracene is found naturally in coal tar and is also produced synthetically through the reaction of benzene with acetylene. It has been used as a precursor in the synthesis of various organic compounds, including dyes, pigments, and pharmaceuticals.;Meta
Millisecond pulsar;A millisecond pulsar is a type of neutron star that rotates extremely rapidly, emitting electromagnetic radiation in a beam that can be detected from great distances. These pulsars are characterized by their short pulse periods, typically between 1 and 10 milliseconds. Millisecond pulsars are thought to have formed through the accretion of material from a companion star onto the neutron star's magnetic field, causing it to spin up rapidly. They are often found in binary systems with low-mass companions such as white dwarfs or main-sequence stars. The rapid rotation of millisecond pulsars makes them useful tools for studying extreme physics and testing theories of general relativity.;Meta
Pair production;Pair production is a fundamental process in particle physics where a high-energy photon, electron, or other particle interacts with a target material to create a pair of particles, typically an electron-positron pair. This process occurs when the energy of the incident particle exceeds the threshold energy required to create the pair. The created particles are antiparticles, which have the same mass but opposite charges as their corresponding particles. Pair production is an important mechanism for understanding various astrophysical phenomena, such as the high-energy radiation emitted by black holes and neutron stars. It also has practical applications in medical imaging technologies like positron emission tomography scans.;Meta
Dimensionality reduction;Dimensionality reduction is a statistical technique used to simplify complex data by reducing its dimensionality, which refers to the number of features or variables it possesses. This process involves transforming high-dimensional data into a lower-dimensional representation while preserving as much information as possible about the original data. Dimensionality reduction is useful when dealing with large datasets that are difficult to visualize or analyze due to their high dimensionality. Techniques such as principal component analysis, independent component analysis, and t-distributed stochastic neighbor embedding can be used for dimensionality reduction. These methods provide a lower-dimensional representation of the data, making it easier to visualize and analyze, which is particularly important in fields like machine learning, image processing, and bioinformatics.;Meta
Paleontology;Paleontology is the scientific study of fossils and ancient life forms to understand Earth's history. It involves the examination of fossilized remains, tracks, burrows, and other evidence left behind by ancient organisms to reconstruct their evolution, diversity, and extinction patterns. Paleontologists collect and analyze these fossil remnants to develop a comprehensive picture of the past, including the timing and causes of mass extinctions. By studying fossils from different geological periods, scientists can gain insights into the changing environments, climates, and ecosystems that have shaped life on Earth over millions of years.;Meta
Serology;Serology is the branch of immunology that deals with the study of serum, which is the liquid part of blood, and its components such as antibodies, antigens, and immune complexes. It involves the analysis of serum samples to detect the presence or absence of specific antibodies or antigens in an individual's blood. Serological tests are used to diagnose diseases caused by infectious agents, such as viruses, bacteria, fungi, and parasites. These tests can also be used to monitor disease progression, assess treatment effectiveness, and screen for diseases before symptoms appear. The techniques used in serology include precipitation reactions, agglutination tests, and immunofluorescence microscopy.;Meta
Long-term depression;Long-term depression is a type of synaptic plasticity that refers to the persistent decrease in the strength of excitatory synapses between neurons. This phenomenon was first described in the 1980s by researchers who found that prolonged activation of certain neurotransmitters could lead to a long-lasting reduction in synaptic transmission. Long-term depression is thought to play a key role in various forms of learning and memory, including spatial navigation and motor skill acquisition. It is also involved in the process of consolidation of memories from short-term to long-term storage. The mechanisms underlying long-term depression are complex and involve multiple molecular pathways, including changes in gene expression and protein synthesis.;Meta
Metamorphic rock;Metamorphic rock is formed when existing rocks are subjected to high temperatures, pressures, and chemical reactions, resulting in significant changes to their mineral composition and structure. This process occurs due to tectonic forces, such as mountain-building or subduction, which cause rocks to be buried deep within the Earth's crust. As a result, the original rock is transformed into a new type of rock with distinct physical and chemical properties. Metamorphic rocks can exhibit unique textures, colors, and patterns, including foliation, lineation, and migmatization. The degree of metamorphism depends on the intensity of the heat, pressure, and fluids involved, ranging from low-grade changes to high-pressure transformations that create rocks like marble and quartzite.;Meta
Linear algebra;Linear algebra is a branch of mathematics that deals with the study of linear equations and their associated transformations. It is concerned with the properties and behavior of matrices and vectors, which are used to represent systems of linear equations. The field is rooted in the idea that many mathematical structures can be represented as vector spaces, allowing for the application of algebraic techniques to solve problems. Linear independence, span, and basis are fundamental concepts in this area, as they provide a framework for understanding the relationships between vectors and matrices. The theory of determinants and eigenvalues also plays a crucial role in linear algebra, with applications ranging from computer graphics to quantum mechanics.;Meta
Viscosity;Viscosity is the measure of a fluid's resistance to flow or motion. It is defined as the ratio of shear stress to shear rate within a fluid. Viscosity is typically denoted by the Greek letter eta and is measured in units such as poise or pascal-seconds. A fluid with high viscosity flows slowly and resists changes in shape, while one with low viscosity flows quickly and readily deforms. The viscosity of a fluid depends on its temperature, pressure, and molecular structure. Common examples of fluids with different viscosities include water, honey, and motor oil.;Meta
Reaction mechanism;A reaction mechanism is the step-by-step description of the chemical processes involved in a chemical reaction, outlining the individual steps by which reactants are converted into products. It provides a detailed understanding of how the reaction occurs, including the intermediates formed and the rates at which they are produced. The mechanisms can be written in a symbolic format using arrows to indicate the direction of electron movement, showing the bond breaking and forming events that occur during the reaction. This information is essential for predicting the outcome of a chemical reaction, understanding the factors affecting its rate and equilibrium, and designing new reactions with specific properties.;Meta
Lipid bilayer;A lipid bilayer is a thin layer of lipids that forms the structural foundation of biological membranes, separating the interior of cells from their exterior environment. It is composed of two layers of phospholipid molecules, with their hydrophilic heads facing outwards and their hydrophobic tails interacting with each other. The hydrophobic tails create a non-polar region, while the hydrophilic heads allow for interaction with water and ions. This unique structure enables the lipid bilayer to regulate the movement of molecules across the membrane, facilitating cell signaling, nutrient uptake, and waste removal. It also provides mechanical support and helps maintain cell shape.;Meta
Rosetta;"Rosetta is a NASA space mission that was designed to study the composition and structure of comets. Launched in 2004, the spacecraft traveled over 6 billion kilometers to reach Comet 67P/Churyumov-Gerasimenko in August 2014. Rosetta carried several instruments to study the comet's nucleus, coma, and tail, including a lander module that successfully touched down on the comet's surface in November 2014. The mission provided unprecedented insights into comet composition, revealing water ice mixed with darker organic material. Scientists also discovered evidence of geological activity, including flow-like features and possible cometary ""ponds.""";Meta
Differential geometry;Differential geometry is a branch of mathematics that studies the properties of curves and surfaces using differential calculus and integral calculus. It provides a rigorous framework for analyzing shapes and spaces by defining mathematical structures such as curvature and geodesy. The field has numerous applications in physics, engineering, and computer science, including the study of spacetime in general relativity, the design of aircraft and spacecraft, and the development of algorithms for computer graphics and machine learning. In differential geometry, curves are described using parametric equations, while surfaces are defined by a set of three-dimensional coordinates or a function that maps points on a surface to their corresponding coordinates.;Meta
Isothermal titration calorimetry;Isothermal titration calorimetry is a technique used in biochemical research to measure the heat change associated with a chemical reaction between two substances as a function of the concentration of one of the reactants. In this method, a small amount of the reactant solution is added to the main solution containing the reactant, while maintaining the temperature constant. The heat generated or absorbed by the reaction is measured and recorded as a function of the amount of reactant added, allowing for the determination of the binding constants and thermodynamic parameters of the interaction. This technique provides valuable insights into the molecular interactions and mechanisms involved in biological processes.;Meta
Q-switching;"Q-switching is a technique used to produce high-powered pulses from lasers by modulating the gain medium's absorption properties. This is achieved through rapid switching between states of low and high gain, allowing for the buildup of energy before rapid release as a short pulse. The term ""Q"" refers to the quality factor, which represents the ratio of the cavity's stored energy to its losses. Q-switching can be applied to various laser types, including Nd:YAG and Ruby lasers, to produce pulses with durations ranging from nanoseconds to microseconds. This technique has numerous applications in fields such as materials processing, medicine, and spectroscopy, where high-powered pulses are required for precise interactions.";Meta
Biosensor;A biosensor is a device that detects biological molecules such as proteins, enzymes, DNA, or antigens using a biomolecule-specific recognition element and converts this recognition into a quantifiable signal. This technology has revolutionized healthcare by enabling rapid and accurate detection of various diseases, including cancer, diabetes, and infectious diseases. Biosensors are typically composed of three main components: a recognition element that binds specifically to the target molecule, a transducer that converts the binding event into an electrical or optical signal, and a processing unit that amplifies and interprets the signal. The advantages of biosensors include high sensitivity, specificity, and rapid response times, making them invaluable tools in medical diagnosis and treatment.;Meta
Parkinson's disease;Parkinson's disease is a neurodegenerative disorder characterized by motor symptoms such as tremors, rigidity, bradykinesia, and postural instability. It is caused by the degeneration of dopaminergic neurons in the substantia nigra region of the brain, resulting in a significant loss of dopamine production. The exact cause of Parkinson's disease is unknown, but it is believed to be related to a combination of genetic, environmental, and age-related factors. The majority of cases are idiopathic, meaning they have no known underlying cause. Parkinson's disease typically affects people over the age of 60, with men being more likely to develop the condition than women.;Meta
Progress zone;The progress zone is a region in the brain that plays a crucial role in learning and memory consolidation. This area is characterized by high levels of neural activity during intense cognitive processing, such as problem-solving or language acquisition. The progress zone is thought to be responsible for the integration of new information into existing knowledge frameworks, allowing individuals to build upon their prior experiences. Additionally, the progress zone has been linked to creativity, motivation, and emotional regulation, highlighting its importance in various aspects of human cognition.;Meta
Cerebrospinal fluid;Cerebrospinal fluid is a clear liquid that circulates around the brain and spinal cord, playing a crucial role in maintaining their health and function. It is produced by the choroid plexus, a specialized structure within the ventricles of the brain, and is primarily composed of water, with small amounts of proteins, glucose, and other solutes. The fluid helps to cushion the brain against mechanical shock, regulates the flow of nutrients and waste products between the blood and the brain tissue, and participates in the elimination of metabolic byproducts. Additionally, cerebrospinal fluid contains immune cells that help to defend against infections and inflammation in the central nervous system.;Meta
Tenascin;Tenascin is a type of extracellular matrix glycoprotein that plays a crucial role in various cellular processes including cell adhesion, migration, and differentiation. It is a member of the fibronectin gene family and shares structural homology with other glycoproteins such as fibronectin and laminin. Tenascin is synthesized by cells during embryonic development and is highly expressed in developing tissues, particularly during morphogenesis and tissue remodeling. In adult tissues, tenascin expression is typically restricted to specific regions, often associated with cell migration or injury repair processes. Altered tenascin expression has been implicated in various diseases including cancer, atherosclerosis, and neurodegenerative disorders.;Meta
Organogenesis;Organogenesis is the process by which organs develop from undifferentiated cells during embryonic development or tissue repair. It involves a complex interplay of cellular interactions, signaling pathways, and transcriptional regulations that ultimately lead to the formation of functional organ structures. The study of organogenesis has shed light on the molecular mechanisms underlying embryonic development and disease pathology. In developmental biology, organogenesis is an essential process for generating organs with specific shapes, sizes, and functions. Additionally, understanding organogenesis can inform strategies for tissue engineering, regenerative medicine, and cancer therapy.;Meta
Clinical trial;A clinical trial is a research study that involves human participants to evaluate the safety and efficacy of a new medical treatment, device, or procedure. The primary goal of a clinical trial is to determine whether an intervention is more effective than another, such as a placebo or standard treatment, in achieving a specific health-related outcome. Clinical trials are conducted under strict guidelines and regulations to ensure the well-being and safety of participants, and they typically involve multiple stages including planning, execution, and analysis. Informed consent from participants is essential, and all participants are monitored for potential adverse effects throughout the trial.;Meta
Mach number;The Mach number is a dimensionless quantity that characterizes the speed of an object moving through a fluid, such as air or water. It is defined as the ratio of the object's speed to the speed of sound in the surrounding medium. In other words, it measures how fast the object is moving relative to the speed at which sound waves propagate through the same medium. The Mach number is named after Austrian physicist Ernst Mach, who first introduced this concept in the late 19th century. It has since become a fundamental quantity in the study of fluid dynamics and aerodynamics, with important applications in fields such as aviation and engineering.;Meta
Decellularization;Decellularization is a process in tissue engineering that involves removing cells from a native tissue to create a cellularly empty scaffold, preserving the extracellular matrix and its inherent biochemical and biomechanical properties. This technique allows for the fabrication of biomaterials with controlled architecture and composition, mimicking the natural ECM found in various tissues. The decellularization process typically involves enzymatic digestion of cells and non-cellular components, followed by a series of washing steps to remove residual cellular material. The resulting scaffold can be used as a template for tissue reconstruction or as a delivery vehicle for bioactive molecules, enabling the engineering of complex tissues and organs with potential applications in regenerative medicine and biomaterials science.;Meta
Shock wave;A shock wave is a type of pressure wave that propagates through a medium at supersonic speeds, generating a sudden increase in pressure and temperature as it travels. Shock waves can occur naturally, such as in the formation of stars or supernovae explosions, or artificially, like those produced by high-powered lasers or explosive devices. When a shock wave encounters an obstacle or changes direction, it creates a significant disturbance in the surrounding medium, generating turbulence and heat. The study of shock waves is essential in understanding various phenomena in fields such as astrophysics, aerodynamics, and medical treatments, where controlled shock waves are used to break up kidney stones or create cavitation bubbles for tumor treatment.;Meta
Coding theory;Coding theory is a branch of mathematics that deals with the study of error-correcting codes used to transmit data reliably over noisy communication channels. It involves developing algorithms and techniques to detect and correct errors introduced during transmission, such as bit flips or packet loss. The goal of coding theory is to ensure that the received data is identical to the original data sent by the sender. This is achieved by adding redundant information to the transmitted data, which can be used to identify and correct any errors that may have occurred during transmission.;Meta
Forest plot;A forest plot is a graphical representation used to summarize the results of multiple studies that compare two or more interventions or exposures. It is commonly used in meta-analysis and systematic reviews to visualize the combined evidence from individual studies. In a forest plot, each study's outcome measure, such as a risk ratio or mean difference, is plotted against the corresponding standard error on the horizontal axis. The size of each square or circle represents the weight given to that study based on its sample size or quality. Lines or diamonds represent the overall summary estimate and its confidence interval.;Meta
Gluconeogenesis;Gluconeogenesis is a metabolic pathway that generates glucose from non-carbohydrate sources such as amino acids, lactate, and glycerol. This process occurs in the liver and kidneys of vertebrates when blood glucose levels are low, typically during fasting or starvation. Gluconeogenesis is essential for maintaining blood sugar homeostasis and providing energy to the brain and other organs. The pathway involves a series of enzyme-catalyzed reactions that convert pyruvate, lactate, and glycerol into glucose. The enzymes involved in this process include phosphoenolpyruvate carboxykinase, fructose-1,6-bisphosphatase, and aldolase A. Gluconeogenesis is tightly regulated to ensure that the liver produces the optimal amount of glucose to meet the body's energy demands.;Meta
Electrophysiology;Electrophysiology is the study of the electrical properties and behaviors of living organisms, particularly in the context of biological membranes and nervous systems. It involves the measurement and analysis of the electrical activity generated by cells, tissues, and organs, which can provide valuable insights into their functioning, development, and disease states. Techniques used in electrophysiology include patch clamping, electroencephalography, magnetoencephalography, and voltage-clamp recordings, among others. These methods enable researchers to investigate the electrical properties of ion channels, neurotransmitters, and synaptic transmission, as well as their roles in various physiological processes, such as muscle contraction, nerve conduction, and cardiac rhythm regulation.;Meta
Action potential;An action potential is a brief, self-propagating electrical impulse that travels along the length of a neuron, allowing it to transmit information to other neurons, muscles, or glands. This impulse is generated by a rapid depolarization of the neuronal membrane, caused by an influx of positively charged ions such as sodium and potassium. The action potential is triggered by a threshold level of stimulation, which can be exceeded by synaptic inputs from other neurons, sensory stimuli, or internal conditions. Once initiated, the action potential propagates along the neuron through a process called saltatory conduction, facilitated by the rapid depolarization of adjacent segments.;Meta
Hygiene hypothesis;The hygiene hypothesis proposes that the reduced exposure to infectious agents in modern environments has altered the development of the immune system and contributed to the rising incidence of autoimmune diseases such as asthma, allergies, and inflammatory bowel disease. This theory suggests that a lack of early-life exposure to beneficial microorganisms can disrupt the balance between pro- and anti-inflammatory responses, leading to an overactive immune response and subsequent disease. The hypothesis is supported by studies showing that children raised in rural environments or with higher levels of microbial exposure have lower rates of these diseases.;Meta
Synaptic vesicle;Synaptic vesicles are small, membrane-bound structures found in neurons that store neurotransmitters, chemical messengers responsible for transmitting signals between neurons. These vesicles play a crucial role in synaptic transmission, the process by which neurons communicate with each other. When an action potential reaches the terminal end of a neuron, calcium ions rush into the terminal, triggering the release of neurotransmitters from the synaptic vesicles into the synapse. The released neurotransmitters then bind to receptors on adjacent neurons, transmitting the signal and enabling communication between neurons. Synaptic vesicles are highly specialized and undergo recycling after releasing their contents, ensuring efficient transmission of signals.;Meta
Collagen;Collagen is the most abundant protein in mammals, comprising approximately 25% to 35% of total body protein. It is a vital component of skin, bones, tendons, ligaments, and connective tissue. Collagen fibers are composed of three polypeptide chains, known as alpha-chains, which are twisted together to form a helical structure. This unique triple-helix arrangement provides remarkable strength, elasticity, and resistance to stretching. In the skin, collagen forms a scaffold for cells, allowing for dermal-epidermal interactions and influencing skin hydration and firmness. Additionally, collagen is essential for bone development and maintenance, providing structural support and helping to regulate bone remodeling processes.;Meta
Transfer learning;Transfer learning is a subfield in machine learning that focuses on using knowledge gained from one task to improve performance on another related task. This approach involves pre-training a model on a large dataset, such as an image classification task, and then fine-tuning it for a specific target task, like object detection or semantic segmentation. The pre-trained model serves as a starting point for the target task, allowing the model to leverage generalizable features learned during training. Transfer learning has been particularly successful in natural language processing and computer vision tasks, where shared patterns between datasets can be exploited to improve performance.;Meta
Risk aversion;Risk aversion is the tendency of individuals to prefer a smaller certain gain over a larger uncertain gain, indicating a preference for avoiding potential losses rather than taking risks. This behavior is often observed in financial markets, where investors tend to opt for safer investment options with lower returns rather than taking on higher-risk investments that may yield greater returns. Risk aversion can be attributed to various psychological and economic factors, including the fear of losing one's wealth, uncertainty about future outcomes, and the impact of cognitive biases on decision-making processes. As a result, risk aversion can have significant implications for personal finance, investment strategies, and overall economic growth.;Meta
Deep brain stimulation;Deep brain stimulation is a neurosurgical procedure in which a device is implanted under the skull to deliver electrical impulses to specific areas of the brain. The procedure typically targets the subthalamic nucleus, globus pallidus internus, or other regions involved in movement disorders such as Parkinson's disease, dystonia, and essential tremor. Electrodes are inserted through small holes in the skull and connected to a pacemaker-like device implanted in the chest that generates electrical pulses. The stimulation can help alleviate symptoms by modulating abnormal neural activity, restoring balance to disrupted brain functions. Long-term results show significant improvement in motor function, quality of life, and reduced medication needs for many patients.;Meta
Thermodynamics;Thermodynamics is the branch of physics that deals with the relationships between heat, work, and energy. It is based on the laws of thermodynamics, which describe how energy is transferred and transformed from one form to another. The zeroth law of thermodynamics states that if two systems are in thermal equilibrium with a third system, then they are also in thermal equilibrium with each other. This allows for the definition of temperature as a measure of the average kinetic energy of particles in a system. The first law of thermodynamics describes the conservation of energy, while the second law deals with the direction of spontaneous processes and the concept of entropy.;Meta
Multilevel model;A multilevel model is a statistical approach that combines data from different levels of analysis to examine relationships between variables. This type of model is particularly useful for studying complex phenomena that involve multiple levels of aggregation, such as individuals nested within groups or teams. In a multilevel model, the data are structured in a hierarchical manner, with observations at one level being grouped into clusters at a higher level. The model accounts for the non-independence of observations by incorporating a random effect term to capture the variation between groups. This allows researchers to examine both within-group and between-group effects simultaneously, providing a more comprehensive understanding of the research question.;Meta
Power electronics;Power electronics is a field of engineering that deals with the design, development, and application of electronic devices that control and convert electrical power in a wide range of applications including industrial power systems, transportation, telecommunications, and consumer products. The core technology involves the use of power semiconductors such as insulated gate bipolar transistors, power MOSFETs, and thyristors to switch electrical power on or off. Power electronics plays a crucial role in modern power systems by enabling efficient conversion of AC to DC and DC to AC, voltage regulation, current control, and fault detection.;Meta
Configuration interaction;Configuration interaction is a theoretical framework used to describe the behavior of many-electron systems, such as atoms, molecules, and solids. It is based on the idea that the electronic configuration of these systems can be understood by considering the interactions between different configurations or states. In this approach, the wave function of the system is expanded in terms of Slater determinants, which are products of one-particle orbitals occupied by a specified number of electrons. The expansion coefficients are then determined by solving the resulting secular equation. This method is particularly useful for describing systems with near-degeneracy, where two or more configurations have similar energies.;Meta
Gibbs free energy;Gibbs free energy is a thermodynamic property that measures the amount of energy available to do work in a spontaneous process, such as chemical reactions or phase transitions. It is defined as the difference between the energy of the system and its surroundings at constant temperature and pressure. Gibbs free energy is denoted by the symbol ΔG and is measured in units of energy per unit quantity, typically joules per mole. In general, spontaneous processes proceed towards equilibrium when ΔG is negative, while non-spontaneous processes require an external input of energy to occur. The value of ΔG depends on the concentration of reactants and products, as well as temperature and pressure.;Meta
Seismology;Seismology is the scientific study of earthquakes and the propagation of elastic waves through the Earth or through other materials with a similar composition. It involves the analysis of seismic waves to understand the internal structure and composition of the Earth's interior, as well as the processes that generate earthquakes. Seismologists use seismometers to record the ground motions caused by earthquakes and other sources of seismic activity, such as volcanic eruptions or human activities like injection of fluids into the ground. By analyzing these recordings, seismologists can determine the location, depth, and magnitude of earthquakes, as well as the physical properties of the Earth's interior.;Meta
Nucleolus;"The nucleolus is a small organelle found in the nucleus of eukaryotic cells, responsible for the synthesis of ribosomal RNA and the assembly of ribosomes. It is often referred to as the ""RNA factory"" due to its key role in producing ribosomal subunits. Nucleoli are typically 1-5 micrometers in size and are located near the nucleolonema, a network of fibers that forms the chromatin within the nucleus. During interphase, nucleoli are typically small and scattered throughout the nucleus, but as cells prepare for mitosis or meiosis, they become larger and more prominent. The structure and function of nucleoli are critical for cell growth, division, and overall cellular health.";Meta
Surfactant;Surfactants are molecules that possess both hydrophilic and hydrophobic properties, allowing them to interact with both water and non-polar substances. These amphiphilic molecules are capable of reducing the surface tension between two immiscible liquids, such as oil and water, making it easier for them to mix and form emulsions. Surfactants can also stabilize foams by creating a protective film around air bubbles, preventing them from coalescing and rising to the surface. In biological systems, surfactants are produced by cells to help maintain the integrity of membranes and facilitate cellular processes such as absorption and secretion.;Meta
Cooper pair;"A Cooper pair is a pair of electrons that are correlated in such a way that they behave as a single entity with integer spin, exhibiting quantum mechanical properties. This phenomenon was predicted by John Bardeen, Leon N Cooper, and John R Schrieffer in 1957 to explain the behavior of superconductors. In a superconductor, electrons pair up into Cooper pairs when cooled below a critical temperature, resulting in zero electrical resistance. Cooper pairs have a unique property known as ""exchange field"" which causes them to behave like a single entity with spin.";Meta
Density functional theory;Density functional theory is a computational method used in quantum mechanics to study the behavior of many-electron systems in solids, liquids, and gases. It's based on the Hohenberg-Kohn theorem, which states that the ground-state properties of a system are determined by its electron density alone. The theory uses the concept of exchange-correlation functional, which is an effective potential that accounts for the interactions between electrons. The exchange-correlation functional is approximated using various methods, such as local-density approximation or generalized gradient approximation, and is used to solve the Kohn-Sham equations, a set of single-particle equations that describe the behavior of individual electrons in the system.;Meta
Leptin;Leptin is a protein hormone produced by adipose tissue in mammals that plays a crucial role in regulating energy balance, body weight, and metabolism. It was first identified in 1994 as the product of the obese gene, which when mutated causes severe obesity in mice and humans. Leptin acts on the brain's hypothalamus to inhibit food intake and increase energy expenditure, thus helping to maintain a healthy body mass index. In addition to its role in energy regulation, leptin has been implicated in the development of type 2 diabetes, cardiovascular disease, and certain types of cancer. It also has anti-inflammatory properties and may play a role in immune function.;Meta
Polymerase;Polymerase is an enzyme that plays a crucial role in DNA replication and transcription. It catalyzes the synthesis of new DNA strands by adding nucleotides to a primer sequence. There are several types of polymerases, each with distinct properties and functions. DNA polymerase is responsible for replicating DNA during cell division, while RNA polymerase transcribes DNA into messenger RNA. Reverse transcriptase is an exception that converts RNA into DNA. Polymerases have high fidelity and accuracy in their nucleotide addition, ensuring the integrity of genetic information. The enzyme's activity is regulated by various factors, including temperature, pH, and the presence of inhibitors or activators.;Meta
Eutrophication;"Eutrophication is the process by which a body of water becomes enriched with excess nutrients, typically nitrogen and phosphorus, which stimulate excessive growth of aquatic plants, resulting in depletion of dissolved oxygen and harm to aquatic life. This phenomenon occurs when human activities such as fertilizer runoff from agricultural fields, sewage effluent, and industrial waste discharge into waterways, releasing these nutrients. As a consequence, the water becomes cloudy, and its capacity for supporting diverse aquatic ecosystems is diminished. The impacts of eutrophication include the formation of ""dead zones"" where few organisms can survive, reduced fish populations, and increased risk of algal blooms that produce toxic compounds.";Meta
Auction theory;Auction theory is a subfield of game theory that studies the strategic behavior of bidders in auctions. It examines how participants make decisions about the price they are willing to pay for an item, taking into account their own preferences as well as the actions of other bidders. Auction theory draws on principles from economics, mathematics, and computer science to develop models that predict bidder behavior and optimal auction design. The field has numerous applications in industries such as finance, real estate, and telecommunications, where auctions are used to allocate resources or set prices.;Meta
Plasmon;A plasmon is a quanta of plasma oscillations, which are collective excitations of electrons in a metal or semiconductor material. These oscillations occur when the frequency of light matches the natural frequency of the electrons' motion, causing them to resonate and amplify the light. Plasmons were first predicted by David Pines in 1956 and have since been extensively studied for their potential applications in nanotechnology, biomedicine, and optoelectronics. In metals, plasmons can be excited by incident light or electrical currents, while in semiconductors, they are typically excited by optical pulses. The study of plasmons has led to the development of novel devices such as surface-enhanced Raman spectroscopy substrates and ultrasensitive sensors.;Meta
Mutation rate;Mutation rate is the frequency at which genetic mutations occur in a population over a given period of time. It is influenced by factors such as the type and number of mutations, the size of the population, and the presence of environmental stressors like radiation or chemicals that can cause DNA damage. In general, mutation rates tend to be higher for genes involved in development and reproduction than for those responsible for basic cellular functions. The rate of mutation is also influenced by the efficiency of the organism's proofreading and repair mechanisms, which help correct errors in DNA replication.;Meta
Catabolism;Catabolism is a cellular process by which complex molecules are broken down into simpler ones to release energy and building blocks for various physiological processes. It is the opposite of anabolism, the synthesis of new molecules from smaller components. Catabolic reactions involve the hydrolysis of bonds, typically requiring water, and often releasing heat or light as a byproduct. This process is essential for the recycling of nutrients, such as amino acids, sugars, and fatty acids, which are then used to synthesize new biomolecules. Catabolism plays a crucial role in cellular maintenance, allowing cells to adapt to changing environmental conditions and respond to stressors.;Meta
Molality;Molality is a physical property that describes the number of moles of solute per kilogram of solvent in a solution. It is a measure of the concentration of a substance dissolved in another substance, typically measured in units of mole per kilogram. Molality is used to express the concentration of a solute in a solution, such as a salt or sugar, dissolved in water or another liquid. Unlike molarity, which measures concentration by mass of solvent rather than volume, molality takes into account the density and molecular weight of both the solute and solvent, providing a more accurate representation of the solution's composition.;Meta
Affinity maturation;Affinity maturation is a process by which the binding affinity of an antibody increases over time as it matures and adapts to its target antigen. This phenomenon was first described in the 1950s and has since been extensively studied in the context of vaccine-induced immune responses. During affinity maturation, B cells that recognize their antigen with high affinity are selectively expanded and replaced those with lower affinity, resulting in a population of antibodies that bind more strongly to the target epitope. This refinement process is driven by the activation of T follicular helper cells and the production of cytokines such as interleukin-21. As a result, the antibody response becomes increasingly specific and effective at neutralizing or eliminating the targeted pathogen.;Meta
Stratigraphy;Stratigraphy is the scientific study of layered rocks and soil, known as strata, which provides valuable information about the Earth's history and evolution. This discipline involves analyzing the physical properties and characteristics of rock layers, such as their composition, texture, and orientation, to reconstruct the geological past. By examining the relationships between different strata, scientists can determine the sequence of events that occurred over time, including the formation of mountains, the creation of sedimentary basins, and the occurrence of earthquakes and volcanic eruptions. The principles of stratigraphy are essential in understanding plate tectonics, paleontology, and the search for natural resources such as oil and gas.;Meta
Kolmogorov complexity;Kolmogorov complexity is a concept in computer science that measures the amount of information contained in a piece of data, such as a string of bits or a natural language text. It is defined as the length of the shortest possible description of the data using a formal language. This concept was introduced by Soviet mathematician Andrey Kolmogorov in the 1960s and has since been widely applied in various fields such as computer science, information theory, and philosophy. The idea is that the complexity of an object or phenomenon can be measured by the length of its shortest possible description, which provides a quantitative measure of its inherent complexity.;Meta
Neurulation;Neurulation is the process by which the neural plate, a thin layer of cells in the embryo, undergoes complex folding and invagination to form the neural tube, a precursor to the central nervous system. This critical developmental stage occurs during the third week post-fertilization, and its success is essential for the proper formation of the brain and spinal cord. The neural plate is initially flat and broad, but as it folds, the anterior portion grows faster than the posterior, causing the plate to narrow and deepen. The neural tube then undergoes a series of transformations, including closure, to ultimately form the neural canal, which gives rise to the brain and spinal cord.;Meta
Neutrino;Neutrinos are elementary particles that interact via the weak nuclear force and gravity, exhibiting no electric charge. They were predicted by Wolfgang Pauli in 1930 to explain the conservation of energy and momentum in beta decay processes. The first neutrino detection was achieved in 1956 by Frederick Reines and Clyde Cowan Jr., confirming their existence. Neutrinos have a tiny mass, approximately 10^-12 times that of an electron, making them difficult to detect. They are emitted by stars, including the sun, and can interact with matter via weak nuclear forces. The study of neutrinos provides insights into astrophysical processes and fundamental symmetries in physics.;Meta
Decomposer;Decomposers are organisms that break down dead plant and animal matter into simpler components, releasing nutrients back into the environment. These microorganisms, such as bacteria, fungi, and protozoa, play a crucial role in decomposing organic materials, recycling nutrients, and maintaining ecosystem health. Decomposition is a process that occurs in various environments, including soil, water, and air, and is influenced by factors like temperature, moisture, and oxygen levels. Decomposers are highly specialized to their specific niches, with some being saprotrophs that obtain energy from dead organic matter while others are coprotrophs that feed on animal waste.;Meta
Weak localization;Weak localization is a quantum mechanical phenomenon in which electrons moving through a disordered material, such as a metal alloy, experience increased scattering due to their own diffraction patterns. This effect arises from the interference between different electron paths, causing them to retrace each other's steps and effectively create new pathways through the material. As a result, the conductivity of the material is reduced, leading to an increase in its electrical resistance. Weak localization is often observed in materials with high levels of disorder, such as amorphous semiconductors or certain types of glass. It plays a crucial role in understanding the behavior of electrons in disordered systems and has important implications for fields like electronics and photonics.;Meta
Transcranial magnetic stimulation;Transcranial magnetic stimulation is a non-invasive neurostimulation technique that uses magnetic fields to induce electrical currents in the brain. The procedure involves placing a coil of wire around the patient's head, which generates a magnetic field when an electric current flows through it. This field then penetrates the skull and scalp, inducing a current in specific areas of the brain. TMS is used to study brain function, treat neurological disorders such as depression and Parkinson's disease, and investigate cognitive processes like perception and attention. The technique has also been used to enhance motor learning and improve memory consolidation.;Meta
Golgi apparatus;The Golgi apparatus is a complex organelle found in the cells of most eukaryotes, including animals, plants, and fungi. It plays a crucial role in processing and modifying proteins synthesized by ribosomes before they are transported out of the cell or used within it. The Golgi apparatus consists of flattened sacs called cisternae and tubules that bud off from these cisternae, forming vesicles that fuse with each other to form larger vesicles. These vesicles then transport proteins and lipids to their final destinations in the cell, including secretion out of the cell or incorporation into the cell membrane. The Golgi apparatus is also involved in the synthesis and modification of complex carbohydrates such as glycoproteins.;Meta
Pyroptosis;Pyroptosis is a form of programmed cell death characterized by the release of pro-inflammatory cytokines and the activation of the inflammasome, a multi-protein complex involved in innate immunity. This process is triggered by the binding of pathogen-associated molecular patterns or danger-associated molecular patterns to pattern recognition receptors, such as NLRP3 and AIM2. Upon activation, the inflammasome recruits and cleaves pro-caspase-1, leading to the production of mature interleukin-1 beta and other pro-inflammatory cytokines. Pyroptosis plays a crucial role in host defense against microbial infections and has been implicated in various inflammatory disorders, including autoinflammatory diseases and cancer.;Meta
Grid cell;Grid cells are a type of neural cell found in the entorhinal cortex of the brain, which play a crucial role in navigation and spatial memory. They are characterized by their unique grid-like pattern of place fields, which are areas where the cell is activated when an animal is at a specific location within its environment. Each grid cell has a unique set of place fields that align with each other to form a grid, allowing the cell to keep track of an animal's position and movement in space. The exact mechanism by which grid cells generate these grids is still not fully understood but is thought to involve the interaction between multiple types of neurons.;Meta
Eukaryote;Eukaryotes are a group of organisms whose cells have a true nucleus and other membrane-bound organelles. This is in contrast to prokaryotes, which lack these structures. Eukaryotic cells can range from 10-100 micrometers in diameter and possess a complex internal structure that includes linear chromosomes, nuclear envelope, and mitochondria. The cell walls of eukaryotes are often composed of cellulose, chitin, or other complex polymers. Photosynthetic organisms such as plants and algae, animals, fungi, and protists are all classified as eukaryotes. Mitosis, a process that ensures the accurate segregation of chromosomes during cell division, is unique to eukaryotic cells.;Meta
Dark energy;"Dark energy is a mysterious component that is thought to permeate the universe, driving its accelerating expansion. This phenomenon was first observed in the late 1990s by observing the light from distant supernovae and has since been confirmed through a variety of other observations, including those made by satellite-based telescopes. The name ""dark energy"" comes from the fact that it is not directly observable, only its effects on the universe's expansion can be observed. Dark energy is thought to make up about 68% of the total energy density of the universe, while ordinary matter makes up only about 32%.";Meta
Plasma cell;Plasma cells are a type of immune cell that plays a crucial role in the adaptive immune response. They are derived from B cells and are characterized by their ability to produce large amounts of antibody, also known as immunoglobulin. Plasma cells are responsible for secreting antibodies into the bloodstream or other bodily fluids, where they can bind to specific antigens and help eliminate pathogens or other foreign substances. The process of plasma cell differentiation from B cells is driven by the activation of transcription factors such as Blimp-1 and XBP-1. In addition, plasma cells undergo a process called terminal differentiation, resulting in their unique morphology and function.;Meta
Monoclonal antibody;A monoclonal antibody is a type of antibody that is produced by a single clone of immune cells, such as B cells or plasma cells. Monoclonal antibodies are highly specific and bind to a specific epitope on an antigen, making them useful for detecting and treating various diseases. They can be generated using hybridoma technology, where a mouse B cell is fused with a myeloma cell to produce an immortalized cell line that secretes monoclonal antibodies. Monoclonal antibodies have been used in the treatment of cancer, autoimmune disorders, and infectious diseases, such as rheumatoid arthritis, multiple sclerosis, and HIV/AIDS.;Meta
Critical period;The critical period is a concept in developmental biology and psychology that refers to a specific time frame during which certain physiological or psychological changes are most pronounced or irreversible. In biology, the critical period typically marks the period when an organism's development is most susceptible to environmental influences, such as sensory experiences, nutrition, or stress. For example, the critical period for language acquisition in humans is believed to occur between birth and age 5, during which time children are more likely to develop native-like fluency if exposed to a specific language. In psychology, the critical period concept has been applied to human development, including stages of cognitive, social, and emotional growth.;Meta
Autoimmunity;Autoimmunity is a complex phenomenon in which the immune system mistakenly attacks and damages healthy cells and tissues, leading to a range of chronic diseases. This occurs when the immune system's tolerance to self-antigens is breached, resulting in the production of autoreactive T cells and antibodies that target specific self-antigens. The exact mechanisms underlying autoimmunity are not fully understood but involve a combination of genetic, environmental, and hormonal factors. Examples of autoimmune diseases include rheumatoid arthritis, lupus, multiple sclerosis, type 1 diabetes, and Hashimoto's thyroiditis. Autoimmune disorders can be managed with various treatments, including medications that suppress the immune system or replace missing hormones. However, the development of effective therapies for these conditions remains an ongoing challenge in medical research.;Meta
Matrix decomposition;Matrix decomposition is a fundamental concept in linear algebra and signal processing that involves breaking down a matrix into smaller submatrices or components, each retaining some essential properties of the original matrix. This process can be achieved through various techniques, including eigenvalue decomposition, singular value decomposition, and non-negative matrix factorization. The resulting decompositions can provide valuable insights into the underlying structure and relationships within the data, allowing for improved data analysis, dimensionality reduction, and feature extraction. Matrix decomposition has numerous applications in fields such as machine learning, computer vision, natural language processing, and data mining, where it is used to identify patterns, cluster data, and predict outcomes.;Meta
Nucleophile;A nucleophile is a species that donates one or more pairs of electrons to form a chemical bond with another atom or molecule. Nucleophiles are typically negatively charged ions or molecules with a high electron density, such as a halide ion, an amine, or an alkoxide. They can react with electrophilic species, which are atoms or molecules with a tendency to accept electrons, to form new bonds. Nucleophilic substitution is a common reaction in organic chemistry, where a nucleophile replaces a leaving group on an electrophile, resulting in the formation of a new bond. Nucleophiles play important roles in many biological processes and are used in various industrial applications.;Meta
Martensite;Martensite is a type of crystal structure that forms in certain metals and alloys when they are rapidly cooled to below their critical temperature. This process, known as quenching, creates a microstructure characterized by the formation of martensite plates or needles. Martensite is typically found in steels with high carbon content, such as those used in high-strength fasteners and cutting tools. The martensitic transformation is a diffusionless process that occurs when the metal's atomic arrangement changes from austenitic to martensitic without requiring the movement of atoms across grain boundaries.;Meta
Trophic level;Trophic level refers to the position of an organism within a food chain or food web, indicating its role as a consumer or producer. Producers, such as plants and algae, convert sunlight into energy through photosynthesis, occupying the base trophic level. Herbivores, which consume plant material, occupy the next higher trophic level. Carnivores, which feed on other animals, occupy still higher levels. Omnivores, which consume both plants and animals, occupy intermediate levels. Decomposers, such as bacteria and fungi, break down dead organic matter, occupying the highest trophic level. Each trophic level is characterized by a unique set of interactions between organisms, influencing energy flow and nutrient cycling within ecosystems.;Meta
Wave function;In quantum mechanics, the wave function is a mathematical description of a physical system that provides a probabilistic representation of its possible states. It is a complex-valued function of space and time, denoted by ψ, which encodes all information about the system's properties such as position, momentum, energy, and spin. The square of the absolute value of the wave function, |ψ|², gives the probability density of finding the system in a particular state. This concept was introduced by Erwin Schrödinger in 1926 as part of his formulation of quantum mechanics, and has since become a fundamental tool for understanding and predicting the behavior of particles at the atomic and subatomic level.;Meta
Consciousness;Consciousness refers to the subjective experience of being aware of one's surroundings, thoughts, and emotions. It is a complex and multifaceted phenomenon that has puzzled philosophers and scientists for centuries. Consciousness involves the ability to perceive, process, and respond to information from the environment, as well as the ability to have subjective experiences such as sensations, emotions, and thoughts. The scientific study of consciousness seeks to understand its neural correlates, including the brain regions and networks involved in conscious processing, and to develop theories that can explain its underlying mechanisms. Despite significant advances in neuroscience and psychology, the hard problem of consciousness remains unresolved, which is the question of why we have subjective experiences at all.;Meta
Cardiac output;Cardiac output is the volume of blood pumped by the heart per unit time, typically measured in liters per minute. It is a fundamental parameter in cardiovascular physiology, as it determines the delivery of oxygen and nutrients to tissues and organs throughout the body. Cardiac output is influenced by several factors, including heart rate, stroke volume, and peripheral resistance. The average adult cardiac output is approximately 5 L/min at rest, with variations depending on age, fitness level, and other physiological states. A decrease in cardiac output can lead to decreased tissue perfusion and potentially life-threatening conditions such as shock, while an increase can occur in response to exercise or stress.;Meta
Multiverse;The concept of the multiverse suggests that our universe is just one of many universes that exist in a vast multidimensional space. The idea is supported by some theories in physics, particularly in the fields of cosmology and quantum mechanics. One such theory is eternal inflation, which proposes that our universe is just one bubble in an infinite sea of universes, each with its own unique properties and physical laws. Another theory is the many-worlds interpretation of quantum mechanics, which suggests that every time a quantum event occurs, the universe splits into multiple parallel universes, each with a different outcome. These theories have sparked intense debate among physicists and cosmologists about the nature of reality and our place within it.;Meta
Fibrin;Fibrin is a vital protein involved in blood clotting, playing a crucial role in the process of hemostasis. It is produced by platelets and released into the bloodstream upon injury to the vascular system, where it polymerizes to form a mesh-like structure. This fibrin clot serves as a physical barrier to prevent further bleeding, providing a platform for platelet adhesion and activation. The clotting process is initiated by the activation of coagulation factors, such as thrombin, which convert fibrinogen into fibrin. Fibrin's role in hemostasis is essential for maintaining blood vessel integrity and preventing excessive bleeding.;Meta
Dye-sensitized solar cell;Dye-sensitized solar cells are a type of photovoltaic device that convert sunlight into electrical energy using a novel mechanism. They consist of a titanium dioxide electrode coated with a monolayer of organic dye molecules, which absorb visible light and inject electrons into the semiconductor material. The injected electrons flow through an external circuit, generating an electric current. The redox couple consisting of iodide ions in solution serves as the electrolyte, allowing the injected electrons to be recombined at the counter electrode. This process results in a photovoltaic effect, enabling the conversion of sunlight into electrical energy.;Meta
Gene therapy;Gene therapy is a type of medical treatment that involves introducing genes into cells to prevent or treat diseases caused by genetic defects. This therapeutic approach uses vectors such as viruses or plasmids to deliver functional copies of a disease-causing gene to cells, thereby correcting the genetic abnormality. Gene therapy can be used to treat inherited disorders such as cystic fibrosis and muscular dystrophy, as well as acquired conditions like cancer and sickle cell anemia. The goal of gene therapy is to restore normal cellular function or enhance the body's natural defenses against disease-causing agents.;Meta
Intron;Introns are intervening sequences of DNA that are present in some genes and are removed during post-transcriptional processing to form mature messenger RNA. These non-coding regions can be thousands of nucleotides long and account for a significant portion of the total gene size. Introns are not translated into protein sequence as they do not contain start or stop codons, unlike exons which are coding sequences that code for specific amino acids in proteins. The removal of introns during RNA processing is known as splicing, where the intron is excised and the exon is retained to form the mature mRNA. This process is essential for producing functional proteins from genes.;Meta
Representation theory;"Representation theory is a branch of abstract algebra that studies representations of abstract algebraic structures such as groups, rings, and vector spaces. A representation of an algebraic structure is a way of realizing it as linear transformations on a vector space over some field. The core idea is to find a way to ""act"" on the vectors in the space by applying certain operators, which are determined by the algebraic structure being represented. In particular, for any group G and any vector space V, a representation of G on V assigns to each element g in G a linear transformation Tg on V such that Tgh = TgTg and T1 is the identity.";Meta
Q-learning;Q-learning is a model-free, offline reinforcement learning algorithm used to learn an optimal policy in a Markov decision process. The algorithm learns by trial and error, making decisions based on the consequences of its actions. At each time step, the agent observes the current state, takes an action, receives a reward, and moves to the next state. Q-learning updates the value function, which estimates the expected return or utility of taking a particular action in a particular state. The algorithm uses a learning rate parameter to control how quickly it adapts to new information, and an exploration-exploitation trade-off parameter to balance the exploration of new actions and the exploitation of known ones.;Meta
X-ray binary;An X-ray binary is a type of celestial object that consists of a compact object such as a neutron star or black hole in close orbit with a normal star. The compact object accretes material from its companion star, releasing immense energy in the form of X-rays as it heats up to millions of degrees. This process creates intense radiation and strong electromagnetic fields around the binary system. The X-ray emission is often accompanied by other forms of electromagnetic radiation such as visible light and radio waves. By studying X-ray binaries astronomers can gain insights into the physics of accretion, black hole formation, and the behavior of compact objects in extreme environments.;Meta
Focal adhesion;Focal adhesions are specialized structures that form at the point where a cell's cytoplasmic membrane attaches to the extracellular matrix or other adjacent cells. These adhesions serve as anchor points for the cell, allowing it to exert traction forces on its surroundings and maintain its shape and position. Focal adhesions are composed of transmembrane receptors such as integrins, which bind to ECM ligands like fibronectin and vitronectin. The cytoplasmic domain of these receptors associates with a variety of signaling molecules that regulate cell adhesion, migration, proliferation, and survival. Dysregulation of focal adhesions has been implicated in various diseases, including cancer, atherosclerosis, and neurological disorders.;Meta
Genome browser;A genome browser is a computer-based tool used to visualize and explore genomic data. It allows researchers to navigate through the entire DNA sequence of an organism, displaying various features such as genes, regulatory elements, and other genomic landmarks. Genome browsers use a graphical interface to represent the linear order of nucleotides in the genome, providing a comprehensive view of the genetic information encoded within. Users can zoom in and out, pan across different regions, and access additional data and annotations through links or pop-up windows. This powerful tool facilitates the analysis and interpretation of genomic data, enabling scientists to identify potential genes, regulatory elements, and evolutionary conservation patterns, ultimately advancing our understanding of genomics and its applications.;Meta
CRISPR;CRISPR is a bacterial immune system that has been repurposed for genome editing in eukaryotic cells. This technology uses small RNAs to locate specific DNA sequences and introduce double-stranded breaks, which are then repaired by the cell's natural mechanisms or through intentional modification. The Cas9 enzyme plays a crucial role in this process, recognizing and cleaving targeted regions of the genome. CRISPR has revolutionized gene editing by providing a precise and efficient means of modifying genes, enabling researchers to correct genetic defects, develop novel therapies, and better understand biological processes.;Meta
Digital filter;A digital filter is a computational algorithm used to modify or analyze a discrete-time signal by filtering out unwanted components. It is a fundamental tool in digital signal processing and is widely used in various fields such as audio processing, image analysis, and biomedical signal processing. Digital filters are designed to remove noise, artifacts, or other undesirable features from a signal while preserving the desired information. The most common types of digital filters include finite impulse response filters and infinite impulse response filters, each with its own strengths and limitations. Digital filters can be implemented using various programming languages and are often used in conjunction with other signal processing techniques to achieve specific goals.;Meta
Raman spectroscopy;Raman spectroscopy is a non-invasive analytical technique used to investigate the molecular structure and composition of materials. It is based on the inelastic scattering of monochromatic light by molecules, resulting in the emission of light at specific frequencies characteristic of the molecule's vibrational modes. This phenomenon was discovered by Indian physicist C.V. Raman, who shared the Nobel Prize in Physics in 1930 for his work. In a typical Raman experiment, a sample is illuminated with a laser beam and the scattered light is analyzed using a spectrometer. The resulting spectrum provides information about the molecular structure, including bond lengths, angles, and conformations.;Meta
Tonsil;The tonsils are two masses of lymphoid tissue situated on either side of the back of the throat, playing a crucial role in the immune system's defense against infection. They trap and filter bacteria, viruses, and other pathogens that enter the body through the mouth or nose, thereby preventing their entry into the bloodstream. The tonsils contain numerous immune cells called macrophages, which engulf and digest foreign particles, as well as lymphocytes, which recognize and eliminate specific antigens. Although often considered redundant and potentially troublesome, the tonsils continue to be an essential component of the body's defense mechanisms against infection.;Meta
Magnetar;A magnetar is a type of neutron star that possesses an extremely strong magnetic field, estimated to be around 10^8-10^9 times stronger than Earth's magnetic field. This intense magnetic field causes the star to release huge amounts of energy in the form of X-rays and gamma rays. Magnetars are thought to be the result of a catastrophic event such as a supernova explosion that leaves behind a neutron star with an incredibly powerful magnetic field. The strong magnetic field is sustained by the rapid rotation of the magnetar, which creates a dynamo effect. This process generates the intense magnetic field and leads to the emission of high-energy radiation.;Meta
Prognosis;Prognosis is the prediction of the likely outcome of a disease or medical condition, taking into account various factors such as patient characteristics, treatment options, and natural history of the disease. It is an essential aspect of clinical decision-making, as it helps healthcare providers determine the most effective course of action for their patients. Prognostic information can be based on empirical data from studies, clinical experience, or theoretical models, and is often categorized into different levels of certainty. The accuracy of prognosis depends on various factors, including the quality of available data, the complexity of the disease, and the degree of uncertainty involved.;Meta
ATP hydrolysis;ATP hydrolysis is the process by which adenosine triphosphate is converted into adenosine diphosphate and inorganic phosphate, releasing energy that can be used to drive various cellular processes such as muscle contraction, protein synthesis, and membrane transport. This reaction involves the breaking of a high-energy phosphate bond within ATP, resulting in the release of one or more phosphate groups and the conversion of ATP into ADP and Pi. The energy released from this hydrolysis is typically around 7-10 kcal/mol, making it an important mechanism for powering cellular activities that require energy input.;Meta
Herd immunity;Herd immunity is a phenomenon where a sufficient percentage of a population becomes immune to a particular disease, thereby preventing its spread throughout the community. This occurs when a large proportion of individuals in a given population are vaccinated against a specific pathogen or disease, such as measles, mumps, and rubella. As more people become immune, the transmission chain is broken, making it increasingly difficult for the disease to circulate among the remaining susceptible individuals. The concept relies on mathematical calculations based on epidemiological models, taking into account factors like population density, vaccination rates, and disease virulence.;Meta
Anthropic principle;The anthropic principle is a philosophical framework for understanding the fundamental nature of the universe, proposing that the observed properties of the universe must be compatible with the existence of intelligent life. This idea was first formulated by physicist Brandon Carter in 1974. The principle suggests that the universe's constants and laws are tailored to allow for the emergence of conscious beings like humans. The anthropic principle has been applied to various areas of physics, including cosmology, particle physics, and quantum mechanics. It challenges our understanding of the cosmic scale, highlighting the role of human observation in shaping our perception of reality.;Meta
Quantum computing;Quantum computing is a type of computing that uses the principles of quantum mechanics to perform calculations on data encoded in quantum bits, or qubits. Unlike classical computers, which use bits that can only be in one of two states, 0 or 1, qubits can exist in multiple states simultaneously, known as superposition. This allows for the processing of vast amounts of data and the execution of complex calculations that would take a conventional computer an impractically long time to complete. Quantum computing has the potential to revolutionize fields such as cryptography, optimization, and machine learning by solving problems that are currently unsolvable or too time-consuming with classical computers.;Meta
Algebraic topology;Algebraic topology is a branch of mathematics that combines algebra and topology to study the topological properties of shapes and spaces using algebraic tools. It provides a framework for analyzing the connectedness and holes in geometric objects through group theory and other abstract algebra techniques. The field emerged from the work of Henri Poincaré, Emmy Noether, and others who sought to generalize Euclidean geometry to higher-dimensional spaces. Algebraic topology has applications in computer science, physics, and engineering, particularly in areas like computer networks, data analysis, and topological insulators.;Meta
Neurogenesis;Neurogenesis is the process by which new neurons are generated in the brain from neural stem cells. This phenomenon was once thought to be a fixed event that occurred only during fetal development and early childhood, but it has since been found to occur throughout life, albeit at a slower rate. The discovery of adult neurogenesis has significant implications for our understanding of brain function and plasticity. In the hippocampus and olfactory bulb, neural stem cells differentiate into mature neurons that are fully functional and integrated into existing neural circuits. This process is thought to play a role in learning and memory, as well as mood regulation and recovery from neurological disorders.;Meta
Structural equation modeling;Structural equation modeling is a statistical technique used to test theories by analyzing relationships among variables. It involves specifying a model that describes the hypothesized relationships between observed and latent variables. The process begins with a conceptual framework, where researchers define the variables and their expected relationships. Next, a measurement model is specified to relate observed variables to latent variables, which are unobserved but theorized constructs. A structural model is then defined to describe the causal relationships among the latent variables. The model is tested using maximum likelihood estimation or other techniques, providing estimates of standardized coefficients and standard errors.;Meta
Stellar nucleosynthesis;Stellar nucleosynthesis is the process by which atomic nuclei combine to form heavier elements in the cores of stars. This process occurs through nuclear reactions that involve the fusion of hydrogen isotopes into helium, and subsequently the fusion of helium into heavier elements such as carbon, oxygen, and iron. The most common type of stellar nucleosynthesis is proton-proton chain reaction, which occurs at very high temperatures and pressures in the cores of stars like our sun. Other types include CNO cycle, triple-alpha process, and rapid neutron capture process. These processes are responsible for creating nearly all elements heavier than hydrogen and helium in the universe.;Meta
Histology;Histology is the study of the microscopic structure and organization of cells, tissues, and organs in multicellular organisms. It involves the examination and interpretation of tissue samples using various staining techniques and microscopy methods. Histologists use light microscopes to examine tissue sections, which are typically obtained through biopsy or surgical procedures. The primary goal of histology is to understand the morphology, function, and interactions between different cell types within a tissue or organ. This knowledge is essential for diagnosing diseases, developing treatments, and understanding normal physiological processes. Histological analysis can also provide valuable insights into the development, maintenance, and degeneration of tissues over time.;Meta
Myosin;Myosin is a type of motor protein found in muscle cells that plays a crucial role in muscle contraction and movement. It is one of the two primary proteins responsible for muscle contraction, along with actin. Myosin molecules are long filaments composed of subunits called heads and tails, which interact with actin filaments to generate force and move the muscle cell. The head region of myosin binds to ATP and undergoes a conformational change that drives movement of the actin filament along the length of the myosin molecule. This process is known as muscle contraction, and it is essential for maintaining posture, locomotion, and other bodily functions.;Meta
Number needed to treat;Number needed to treat is a statistical measure used in clinical trials to quantify the effectiveness of a treatment in achieving a specific outcome. It represents the number of patients that need to be treated with the intervention being tested, rather than a placebo or alternative treatment, to produce one additional beneficial outcome, such as a cure or improvement, compared to not receiving the treatment at all. NNT is usually calculated by dividing the absolute risk reduction between the treatment and control groups by the ARR. A smaller NNT indicates a more effective treatment.;Meta
Peptide bond;A peptide bond is a type of covalent bond that forms between two amino acids, typically through a condensation reaction involving the amino group and carboxyl group of each molecule. This bond is characterized by the loss of a water molecule and the sharing of electrons between the nitrogen and carbon atoms. The resulting amide bond is strong and stable, playing a crucial role in the structure and function of proteins. Peptide bonds are formed through the action of enzymes called peptidases, which catalyze the reaction between amino acids to produce a polypeptide chain. The formation of peptide bonds is essential for protein synthesis and is a fundamental aspect of cellular biology.;Meta
Eosinophil;Eosinophils are a type of white blood cell that plays a crucial role in the human immune system. They are characterized by their distinctive orange-pink color due to the presence of eosinophilic granules, which contain proteins called major basic protein and neurotoxin. Eosinophils are involved in the defense against parasitic worms and other helminths, as well as in the response to allergic reactions and inflammatory processes. They also contribute to tissue repair and remodeling after injury or disease. In certain conditions, such as allergies, asthma, and parasitic infections, eosinophil levels can increase significantly, leading to characteristic clinical features like skin rashes, respiratory symptoms, and gastrointestinal disturbances.;Meta
Meta-learning;Meta-learning is a subfield of machine learning that focuses on training models to learn how to learn from few examples. This approach enables models to quickly adapt to new tasks and domains with minimal additional data. Meta-learning algorithms typically involve two types of learning: meta-learning and task-specific learning. During meta-learning, the model learns to update its parameters based on feedback from a variety of related tasks. This process allows the model to develop generalizable knowledge that can be applied across different tasks. Task-specific learning then involves fine-tuning the model's parameters using data from a specific task, leveraging the meta-learned knowledge to improve performance.;Meta
Aerogel;Aerogel is a synthetic porous material with extremely low density and high thermal insulation properties. It is created by removing the liquid from a gel-like substance through supercritical drying, resulting in a solid that is 99% air. This unique structure provides exceptional insulation against heat and cold, making aerogel one of the best thermal insulators known. Aerogel can be used in various applications such as spacecraft insulation, medical equipment, and building construction. Its low density also makes it an ideal material for lightweight composites and energy storage systems.;Meta
Inverse kinematics;Inverse kinematics is a technique used to determine the joint angles of a robotic arm or other articulated system necessary to achieve a specific end-effector position and orientation in space. The method involves solving an inverse problem, where the desired end-effectors pose is given as input and the corresponding joint configurations are calculated as output. This approach is useful when designing robots that need to perform complex tasks such as pick-and-place operations or assembly procedures. Inverse kinematics is a fundamental concept in robotics and computer graphics, with applications in areas like autonomous vehicles, surgical robots, and video game development. The technique relies on the use of mathematical models and numerical methods to solve the inverse problem efficiently and accurately.;Meta
Anderson localization;Anderson localization is a phenomenon in which certain types of waves, such as sound or light, are unable to propagate through a disordered medium due to interference effects caused by the disorder. This occurs when the wavelength of the wave is comparable to the size of the disorder, causing the wave to be scattered and diffused in all directions. As a result, the wave intensity decays exponentially with distance from its source, effectively localizing it within a finite region. Anderson localization was first predicted by physicist Philip Anderson in 1958 and has since been observed in various physical systems, including sound waves, light waves, and electronic waves in disordered solids.;Meta
Lytic cycle;The lytic cycle is a type of virus replication cycle where the viral genome is released from the host cell's nucleus and then transcribed into messenger RNA by the viral RNA-dependent RNA polymerase. This process leads to the synthesis of new viral proteins, which in turn facilitate the assembly of new viral particles. The lytic cycle is often associated with viruses that cause acute or chronic infections, such as herpes simplex virus and human immunodeficiency virus. In this cycle, the host cell may undergo lysis, a process where the cell membrane ruptures, releasing new viral particles into the surrounding environment.;Meta
Balancing selection;Balancing selection is a phenomenon in evolutionary biology where natural selection favors two or more alternative forms of a trait, resulting in a stable polymorphism. This occurs when the environment is variable or dynamic, and different genotypes confer advantages under different conditions. For instance, if a population faces both cold and warm environments, individuals with one genotype may thrive in the cold, while those with another genotype excel in the warm. As a result, the frequency of each genotype remains stable over time, preventing any single variant from becoming fixed. Balancing selection maintains genetic variation, allowing populations to adapt to changing environments and reducing the risk of extinction.;Meta
Glycosylation;Glycosylation is a type of post-translational modification in which a carbohydrate molecule, typically a sugar, is covalently attached to a protein or lipid molecule. This process occurs in the endoplasmic reticulum and Golgi apparatus of eukaryotic cells and is mediated by enzymes called glycosyltransferases. Glycosylation plays a crucial role in various cellular processes, including cell signaling, protein folding, and immune responses. It can also influence the stability, solubility, and function of proteins, as well as their interactions with other molecules. In addition, altered glycosylation patterns have been implicated in various diseases, such as cancer, diabetes, and Alzheimer's disease, making it an important area of research in biochemistry and medicine.;Meta
Alpha particle;An alpha particle is a type of subatomic particle that consists of two protons and two neutrons bound together by the strong nuclear force. It has a charge of +2 elementary charges and is denoted by the Greek letter α. Alpha particles are emitted from the nucleus of certain atomic nuclei during certain types of radioactive decay, such as alpha decay. They are also produced in particle accelerators and can be used to study the properties of materials and to analyze the composition of materials. Due to their relatively large size and positive charge, alpha particles are easily stopped by even thin layers of material or air, making them difficult to detect outside of a controlled environment.;Meta
Majorana fermion;A Majorana fermion is a theoretical particle that is its own antiparticle, meaning it has the same mass as its antiparticle and can annihilate with itself, releasing no net energy. This concept was first proposed by physicist Ettore Majorana in 1937. In quantum field theory, Majorana fermions are characterized by their unique transformation properties under charge conjugation, which allows them to be their own antiparticles. They have been predicted to exist in certain materials with topological order, such as superconductors and superfluids, and could potentially be used for fault-tolerant quantum computing and ultra-secure data storage.;Meta
Crohn's disease;Crohn's disease is a chronic inflammatory bowel disorder that affects the gastrointestinal tract, typically causing inflammation in the lining of the digestive system and thickening of the intestinal walls. The condition is characterized by recurring episodes of abdominal pain, diarrhea, weight loss, and fatigue. The exact cause of Crohn's disease remains unknown, but it is believed to be linked to a combination of genetic, environmental, and immune system factors. The symptoms can range from mild to severe and can involve various parts of the gastrointestinal tract, including the small intestine, colon, or both.;Meta
Kilonova;A kilonova is a rare and extremely luminous astronomical event that occurs when two neutron stars or a neutron star and a black hole collide and merge. This catastrophic event releases an enormous amount of energy, including gamma rays, X-rays, and visible light, making it one of the brightest events in the universe. The resulting explosion is thought to be more powerful than a typical supernova, releasing as much energy as a billion suns in a matter of seconds. Kilonovae are believed to be responsible for creating many of the heavy elements found on Earth, including gold and platinum, which were forged in the intense heat and pressure of the merger.;Meta
Grover's algorithm;Grover's algorithm is a quantum search algorithm that finds one marked item in an unsorted database with n items in O) time. It was developed by Lov Grover in 1996 as a solution to the problem of searching an unordered database on a quantum computer. The algorithm uses a quadratic speedup over classical algorithms, which are limited to a linear search time of O. Grover's algorithm is a popular example of quantum computing's potential for solving complex problems more efficiently than classical computers. It has been implemented in several quantum computing systems and is widely used as a benchmark for measuring the performance of quantum computers.;Meta
Extinction;"Extinction is the process by which a species or group of organisms becomes extinct, meaning it no longer exists in the wild or in captivity. It occurs when the population size of a species declines to zero and there are no individuals remaining to reproduce. This can happen due to various factors such as habitat destruction, climate change, overhunting, disease, or human activities like pollution and invasive species. Mass extinctions, also known as ""big five"" extinctions, refer to instances where a significant proportion of species on Earth go extinct within a relatively short period, often caused by catastrophic events like asteroid impacts or massive volcanic eruptions.";Meta
Federated learning;Federated learning is a distributed machine learning approach that enables multiple organizations to jointly train a shared model without sharing their individual data. This technique allows each organization to retain control over its own data while still benefiting from the collaborative training process. In federated learning, participating organizations contribute small subsets of their data to a centralized hub, which then trains a shared model based on these aggregated contributions. Each organization receives a copy of the updated model and uses it locally, without sharing its individual data. This approach provides a more private and secure alternative to traditional machine learning methods that rely on sharing large datasets.;Meta
Isotope;"An isotope is a version of an element that has the same number of protons in its atomic nucleus, but a different number of neutrons. This difference in neutrons results in a slight variation in the mass of the atom. Isotopes of a given element all share the same chemical properties and reactivity, as they have the same number of electrons in their outermost energy level. However, isotopes can exhibit slightly different physical properties, such as boiling points or densities, due to the differing masses. The term ""isotope"" was coined by Frederick Soddy in 1913 from Greek words meaning ""equal place"".";Meta
Habitable zone;The habitable zone, also known as the Goldilocks zone, is the region around a star where temperatures are just right for liquid water to exist on a planet's surface. This narrow zone is where the planet receives the perfect amount of heat from its star, allowing for the presence of liquid water without being too hot or cold. The habitable zone is influenced by the star's energy output and the planet's distance from it, with different types of stars having unique habitable zones. For example, a red dwarf star has a much narrower habitable zone than a G-type main-sequence star like the Sun.;Meta
Netrin;Netrin is a family of proteins that play a crucial role in axon guidance during neural development and regeneration. These proteins are secreted by neurons and other cells and act as chemoattractants for growing axons. Netrins bind to specific receptors on the surface of axonal membranes, which triggers signaling pathways that regulate axon extension and branching. The netrin family consists of four members: netrin-1, netrin-2, netrin-3, and netrin-4. Each member has distinct binding preferences and tissue-specific expression patterns. Netrins have been implicated in various nervous system disorders, including neurological development defects and neurodegenerative diseases, such as Parkinson's disease.;Meta
Lentivirus;Lentiviruses are a type of retrovirus that primarily infects non-human primates and cats, although they can also be used as vectors for gene therapy in humans. They have a distinct ability to persistently infect cells, causing minimal cytopathic effect and allowing them to replicate slowly over time. Lentiviruses are characterized by their long terminal repeats, unique integration patterns, and capacity to transduce dividing and non-dividing cells. These properties make them useful tools for studying gene function and developing gene therapies for treating diseases such as HIV/AIDS, Parkinson's disease, and amyotrophic lateral sclerosis.;Meta
Causal inference;Causal inference is a subfield of statistics that aims to establish causal relationships between variables in the presence of confounding, selection bias, and other complexities inherent to real-world data. It involves using observational studies to make inferences about the potential effects of interventions or treatments on outcomes. This is achieved by accounting for the biases and uncertainties present in the data through various statistical techniques such as propensity scores, instrumental variable methods, and structural equation models. Causal inference has applications in fields like medicine, economics, social sciences, and public health policy-making, where establishing causality is crucial for informing decision-making processes.;Meta
Proton therapy;Proton therapy is a type of external beam radiation therapy that uses protons instead of X-rays to destroy cancer cells. Protons are particles found in atomic nuclei and are used to bombard tumors, causing DNA damage and ultimately killing the cancerous tissue. The treatment process typically involves a series of sessions, with each session lasting several minutes. During the procedure, patients lie on a table while a gantry delivers a precise beam of protons to the tumor site. Proton therapy is particularly effective in treating small, localized tumors, such as brain and eye cancers, as well as prostate cancer. It has also shown promise in treating lung and breast cancers.;Meta
Pyrolysis;Pyrolysis is a thermochemical decomposition process in which organic materials are heated in the absence of oxygen to produce various chemicals and fuels. The process typically occurs at high temperatures between 200°C and 1000°C, depending on the specific application. Pyrolysis can be used to convert biomass into biofuels, such as bio-oil or biogas, which can be used as alternative energy sources. It is also used in the production of activated carbon, charcoal, and other specialty chemicals. The resulting products have a range of applications, including energy generation, agriculture, and manufacturing. Pyrolysis has gained attention due to its potential for converting waste biomass into valuable products while reducing greenhouse gas emissions.;Meta
Total synthesis;Total synthesis is the chemical synthesis of a complex organic compound from simple starting materials, typically through multiple steps, in a single, continuous process. The goal is to prepare a molecule identical to its natural counterpart, without relying on isolation from biological sources or semi-synthetic modifications. This approach requires creative solution design, clever chemistry, and meticulous execution to overcome potential obstacles such as stereochemical control, regioselectivity, and scalability issues. Total synthesis often involves the development of new reaction methods, reagents, and catalysts, which can have far-reaching impacts on organic chemistry and its applications in medicine, materials science, and other fields.;Meta
Neuraminidase;Neuraminidase is a type of enzyme that catalyzes the hydrolysis of neuraminic acid from glycoproteins and glycolipids. It is an essential protein involved in various biological processes, including viral replication and host cell recognition. The enzyme is produced by certain bacteria and viruses, such as influenza A virus, herpesvirus, and HIV, and plays a crucial role in their life cycles. Neuraminidase cleaves the terminal sialic acid residues from glycoproteins and glycolipids, releasing free neuraminic acid and altering the surface properties of these molecules. This modification is important for viral attachment, entry, and replication.;Meta
Schwarzschild radius;The Schwarzschild radius, also known as the event horizon, is a critical boundary surrounding a black hole that marks the point where the gravitational pull becomes so strong that not even light can escape once it crosses the boundary. This phenomenon was first described by Karl Schwarzschild in 1916 and is a fundamental concept in general relativity. The radius of the event horizon depends on the mass and spin of the black hole, with more massive objects having a larger event horizon. As matter approaches the event horizon, its velocity increases due to strong gravity, causing it to experience intense radiation and eventually disintegrate at the boundary.;Meta
Circular economy;The circular economy is a concept that aims to reduce waste and the consumption of resources by promoting the reuse and recycling of products. It involves creating closed-loop systems where materials are continually cycled back into production, minimizing the need for virgin resources. This approach encourages companies to design products with longevity, repairability, and recyclability in mind, reducing the environmental impact of production and consumption. The circular economy also emphasizes sharing, leasing, and product-as-a-service models to reduce waste and encourage collaboration among businesses and consumers.;Meta
Cosmic distance ladder;"The cosmic distance ladder is a framework used to measure the vast distances between stars, galaxies, and other celestial objects in the universe. It relies on a series of intermediate steps, each based on a different method for estimating distance. The process begins with nearby stars whose distances are measured using parallax, then progresses to Cepheid variable stars, which are used as ""milepost"" markers to estimate distances up to about 10 million light-years. Beyond this range, type Ia supernovae and gamma-ray bursts serve as additional mileposts, allowing astronomers to measure distances across vast expanses of space. By connecting these distance markers, scientists can build a cosmic ladder that reaches out into the universe's farthest reaches.";Meta
Fracture mechanics;Fracture mechanics is the scientific study of the propagation of cracks in materials under various types of stress. It involves the application of mechanics and materials science to understand the behavior of cracked structures and predict their failure modes. The field focuses on the interaction between the crack and its surrounding material, taking into account factors such as the material's toughness, strength, and ductility. Fracture mechanics is widely used in engineering design, inspection, and maintenance of critical infrastructure, including pipelines, pressure vessels, and structural components subject to fatigue loading or impact damage. It also has significant applications in the fields of medicine, where it can help understand and predict the behavior of biological tissues under various loads.;Meta
Microbiome;The microbiome refers to the collective microbial communities that inhabit various ecosystems on Earth, including humans, animals, plants, and environmental settings. These microorganisms, such as bacteria, viruses, fungi, and protozoa, play crucial roles in shaping their host environments by mediating nutrient cycling, decomposing organic matter, and influencing ecosystem processes like primary production and carbon sequestration. In humans, the microbiome is composed of trillions of microbes that colonize the gut, skin, respiratory tract, and other mucosal surfaces, where they interact with the host immune system to modulate inflammation, metabolism, and overall health. Alterations in microbial communities have been linked to various diseases, including inflammatory bowel disease, obesity, and autism spectrum disorder.;Meta
Category theory;Category theory is a branch of mathematics that studies the relationships between different mathematical structures, such as sets, groups, and topological spaces, by generalizing common patterns observed in these structures. It provides a framework for abstracting away from specific details and focusing on the underlying principles that govern their behavior. Categories are defined as collections of objects, together with arrows or morphisms that connect them, subject to certain rules. The study of categories involves exploring how they can be composed together, using functors, which preserve the structure and properties of these compositions. This approach has far-reaching implications for fields such as computer science, physics, and philosophy.;Meta
Inflammation;Inflammation is a complex biological process characterized by the activation of immune cells, vasodilation, increased blood flow, and the release of chemical mediators such as cytokines and chemokines. It is a natural response to tissue damage or infection, aiming to isolate the affected area, eliminate the cause, and promote healing. Inflammation involves the coordinated effort of various cell types, including macrophages, neutrophils, lymphocytes, and platelets, which work together to produce characteristic signs such as redness, swelling, heat, and pain. The inflammatory response can be classified into three phases: acute, chronic, and granulomatous, each with distinct characteristics and outcomes.;Meta
Luminosity;Luminosity is the amount of energy emitted by an object per unit time as electromagnetic radiation, usually measured in units of power such as watts or ergs per second. In astronomy, luminosity is often used to describe the brightness of stars and other celestial objects, with more luminous objects appearing brighter and larger than less luminous ones. The luminosity of a star depends on its mass, radius, surface temperature, and composition, among other factors. For example, the Sun has a luminosity of approximately 3.8 x 10^26 watts, while some stars in distant galaxies can have luminosities millions or even billions of times greater than the Sun's.;Meta
Angular momentum;Angular momentum is a fundamental concept in physics that describes the tendency of an object to keep rotating or revolving around a central point as it continues to move in its orbit. It is a measure of an object's rotational kinetic energy and depends on both its moment of inertia and its angular velocity. The conservation of angular momentum is a key principle in understanding the behavior of celestial bodies, such as planets and galaxies, as well as the motion of spinning tops and other rotating objects. In general, the more massive and slower-moving an object is, the greater its angular momentum will be.;Meta
Inflation;Inflation is a complex economic phenomenon characterized by a sustained increase in the general price level of goods and services in an economy over a period of time. It is often measured as an annual percentage rate of change in a basket of goods and services, typically represented by an inflation index such as the Consumer Price Index. Inflation can be caused by various factors including excessive money supply, demand-pull forces, cost-push pressures, and external shocks like changes in global commodity prices. When left unchecked, high inflation can erode purchasing power, reduce savings, and distort economic incentives, leading to reduced investment and potential recession.;Meta
Osmosis;Osmosis is the process by which molecules of a solvent, such as water, pass through a selectively permeable membrane from an area of higher concentration to an area of lower concentration in order to equalize the concentrations on both sides of the membrane. This movement of molecules occurs without the use of energy and is driven solely by the concentration gradient. Osmosis is an important process that helps maintain cellular homeostasis, allowing cells to regulate their internal environment and maintain proper pH and ion balances. It also plays a crucial role in many biological processes, including nutrient uptake and waste removal.;Meta
T cell;T cells are a type of lymphocyte, which is a subset of immune cells that play a crucial role in cell-mediated immunity. They are called T cells because they mature in the thymus, a gland located in the chest. T cells recognize and respond to antigens presented by antigen-presenting cells, such as dendritic cells and macrophages. There are two main subsets of T cells: CD4+ helper T cells and CD8+ cytotoxic T cells. Helper T cells provide help to other immune cells by stimulating their activation and proliferation, while cytotoxic T cells directly kill infected cells or tumor cells that display viral antigens on their surface.;Meta
Dynamic light scattering;Dynamic light scattering is a spectroscopic technique used to study the dynamics of particles in solution. It involves measuring the intensity fluctuations of scattered light as a function of time. The technique relies on the fact that small particles suspended in a liquid will scatter light, with the degree of scattering depending on the particle size and shape. By analyzing the frequency content of the scattered light, researchers can determine the size distribution of the particles and their dynamics, including Brownian motion and aggregation processes. Dynamic light scattering is widely used to study biological macromolecules such as proteins and liposomes, as well as nanoparticles and colloidal systems.;Meta
Convolutional neural network;A convolutional neural network is a type of feedforward artificial neural network that is particularly well-suited for image and signal processing tasks. The architecture is characterized by the presence of multiple layers of convolutional filters, which scan the input data and produce feature maps that capture local patterns. These feature maps are then subjected to subsampling via pooling operations, reducing spatial dimensions while retaining relevant information. The resulting activations are fed into fully connected layers for classification or regression tasks. By leveraging spatial hierarchies and local processing, convolutional neural networks can effectively recognize complex visual patterns and make accurate predictions.;Meta
Laser;"A laser is a device that produces light through stimulated emission, where excited atoms release photons when returning to their ground state. This process amplifies the light, resulting in a coherent beam with specific properties. The term ""laser"" is an acronym for Light Amplification by Stimulated Emission of Radiation. Lasers can operate at various wavelengths, including visible, ultraviolet, and infrared ranges. The frequency of laser light is directly proportional to its wavelength, allowing for precise control over the emitted radiation. Lasers have numerous applications in medicine, industry, telecommunications, and scientific research, with their unique properties enabling tasks such as cutting, welding, and precision measurement.";Meta
Wear;Wear is a fundamental phenomenon in tribology, the science of interacting surfaces, which refers to the progressive loss of material from two contacting surfaces due to their relative motion, pressure, and temperature. Wear occurs through various mechanisms, including abrasion, adhesion, fatigue, and tribochemical reactions, leading to changes in surface topography, properties, and functionality. It is a complex process influenced by factors such as surface roughness, hardness, chemistry, and lubrication, which can affect the rate and mode of wear. Understanding wear is crucial for designing reliable and durable components, predicting their lifespan, and optimizing maintenance strategies in various industries, including manufacturing, transportation, and energy production.;Meta
Neutron star;A neutron star is a celestial object formed from the remains of a massive star that has undergone a supernova explosion. It is composed almost entirely of neutrons, with some protons and electrons. The incredibly high density of neutron stars allows them to have masses similar to those of normal stars, but they are only about 10-20 kilometers in diameter. Neutron stars rotate rapidly, causing their magnetic fields to become highly distorted, leading to intense electromagnetic activity. This activity is thought to be responsible for the production of very high-energy particles and radiation, making neutron stars some of the most energetic objects in the universe.;Meta
Macrophage;Macrophages are a type of white blood cell that plays a crucial role in the immune system by scavenging cellular debris and foreign substances from tissues and bodily fluids. They are produced in response to inflammation and migrate towards areas of tissue damage or infection, where they engulf and digest foreign particles, bacteria, and dead cells. Macrophages also produce chemical signals called cytokines that help coordinate the immune response and recruit other immune cells to the site of injury. In addition, they can stimulate the activation of other immune cells, such as T-cells, to facilitate a more effective defense against pathogens.;Meta
Sentiment analysis;Sentiment analysis is a subdomain of natural language processing that involves analyzing text to determine the emotional tone or attitude conveyed by the writer or speaker. It is typically performed on large volumes of unstructured data such as social media posts, customer reviews, and news articles. The goal of sentiment analysis is to automatically classify the sentiment expressed in the text as positive, negative, or neutral, which can be useful for organizations seeking to understand public opinions about their products or services. Sentiment analysis often employs machine learning algorithms and relies on linguistic patterns, such as word choice and syntax, to make predictions about the emotional tone of the text.;Meta
Electrolysis;Electrolysis is a process in which an electric current is used to drive a chemical reaction between two substances, typically involving ions and electrodes. It occurs when an external electric potential difference is applied across a conductive medium, such as a liquid or gas, containing ions that are capable of moving freely. The flow of ions towards the electrode with the opposite charge leads to the separation of charged species, resulting in chemical changes at the electrodes. Electrolysis is commonly used in industrial processes, such as the production of chlorine and sodium hydroxide from seawater, and in electrochemical devices like batteries and fuel cells.;Meta
Beta sheet;A beta sheet is a type of secondary structure found in proteins that consists of hydrogen-bonded strands of amino acids arranged in a zigzag pattern. These sheets are formed when an alpha helix is distorted and breaks into two or more separate strands, which then associate with each other through hydrogen bonding. The polypeptide chain assumes a pleated conformation as the beta sheets twist and fold upon themselves to create a compact, stable structure. Beta sheets are a common feature of many proteins, including enzymes, immune molecules, and structural proteins, and play important roles in maintaining protein folding and stability.;Meta
Covalent bond;A covalent bond is a chemical bond that occurs when two atoms share one or more pairs of electrons to form a molecule. This type of bonding involves the overlap of atomic orbitals and the sharing of electron density between atoms, resulting in the formation of a strong chemical bond. The degree of sharing can vary from purely equal to highly asymmetric, with some electrons being more heavily involved than others. Covalent bonds are typically stronger than ionic bonds and are responsible for the structure and properties of many molecules, including biological macromolecules such as proteins and DNA.;Meta
Quantum memory;Quantum memory is a critical component in the development of quantum computing and communication systems. It enables the storage and retrieval of quantum information, allowing for the preservation of fragile quantum states over extended periods. Quantum memory relies on the interaction between quantum systems and their environments to manipulate and control the quantum states. Researchers have explored various approaches, including atomic vapors, solid-state materials, and superconducting circuits, each with its unique advantages and challenges. The development of practical quantum memories is essential for the creation of large-scale quantum computers and secure quantum communication networks.;Meta
Centrosome;The centrosome is a small organelle found in most eukaryotic cells that plays a crucial role in the regulation of cell division and the formation of cilia and flagella. It is composed of two distinct structures, the centriole and the pericentriolar material, which are connected by a protein called PCM. Centrioles are small, cylindrical tubes made up of nine triplets of microtubules, while the pericentriolar material is a protein-rich region surrounding the centriole. The centrosome is responsible for the formation of the mitotic spindle during cell division, which separates chromosomes and ensures accurate segregation. In addition, it also plays a role in the regulation of cellular polarity and the formation of cilia and flagella.;Meta
Alpha wave;Alpha waves are a type of brain wave that is typically present during states of relaxation, closed eyes, and decreased cortical activity. They have a frequency range of 8-12 Hz and an amplitude of up to 100 μV. Alpha waves are generated by synchronously firing neurons in the neocortex and are thought to play a role in attentional processes, such as filtering out irrelevant sensory information and focusing on specific stimuli. The alpha rhythm is often used as a benchmark for measuring the overall level of cortical activity, with increased alpha power indicating reduced cortical activity and decreased alpha power indicating increased activity.;Meta
Organ-on-a-chip;Organ-on-a-chip technology is a novel approach to in vitro experimentation that mimics the complexity of human organs at the microscopic level using microfluidic devices. These miniature systems recreate the architecture and function of specific tissues by integrating multiple cell types, biomaterials, and biologically relevant fluids within a controlled environment. The chip's micro-scale features allow for precise control over factors such as flow rates, pressure, and nutrient delivery, thereby enabling researchers to study cellular responses to various stimuli in a more realistic manner than traditional two-dimensional cultures. This technology holds great promise for advancing our understanding of human physiology and disease mechanisms, as well as accelerating the development of new therapeutics.;Meta
Coating;Coating is a surface treatment process where a thin layer of material is applied to another substance to alter its properties. This can be achieved through various methods such as physical vapor deposition, chemical vapor deposition, electroplating, and electroless plating. Coatings can improve the durability, corrosion resistance, wear resistance, and aesthetic appearance of the underlying material. They are commonly used in industries such as aerospace, automotive, biomedical, and construction to enhance the performance of materials like metals, plastics, and ceramics. The choice of coating method depends on the specific application requirements, including temperature, humidity, and chemical compatibility.;Meta
Vitamin B12;Vitamin B12 is a water-soluble vitamin that plays a crucial role in maintaining the health of the nervous system and producing red blood cells. It is essential for the synthesis of DNA and the prevention of megaloblastic anemia, a condition characterized by fatigue, weakness, and shortness of breath. Vitamin B12 is found primarily in animal-based foods such as meat, poultry, fish, eggs, and dairy products, as well as fortified plant-based milk. The human body has difficulty absorbing vitamin B12 from plant-based sources due to the lack of intrinsic factor, a protein necessary for absorption. As a result, vegans are at increased risk of developing vitamin B12 deficiency if they do not consume vitamin-enriched foods or supplements.;Meta
Supramolecular polymer;A supramolecular polymer is a macromolecule composed of self-assembled monomers that are held together by non-covalent interactions such as hydrogen bonding, π-π stacking, and van der Waals forces. These interactions are typically weaker than covalent bonds but can still provide sufficient stability to maintain the polymer's structure. Supramolecular polymers can exhibit properties similar to traditional polymers, including mechanical strength, solubility, and optical activity, making them attractive for applications in fields like biomedicine, materials science, and optoelectronics. The self-assembly of monomers into supramolecular polymers is often driven by thermodynamic forces such as entropy and chemical potential.;Meta
Proteomics;Proteomics is the large-scale study of proteins, which are the building blocks of life. It involves the analysis of the structure and function of proteins in a biological system, such as an organism, cell, or tissue. Proteins perform a wide range of functions, including catalyzing metabolic reactions, replicating DNA, responding to stimuli, and transporting molecules from one location to another. The proteome is the entire set of proteins produced by an organism, which can be influenced by various factors such as genetics, environment, and disease state. By analyzing the proteome, researchers can gain insights into the mechanisms underlying cellular processes, identify potential therapeutic targets, and develop new diagnostic tools for diseases.;Meta
Amphiphile;An amphiphile is a type of molecule that has both hydrophilic and hydrophobic regions, allowing it to interact with both water and non-polar substances. This unique property enables amphiphiles to play important roles in various biological processes, such as membrane formation and cell signaling. Amphiphiles can adopt different conformations depending on the surrounding environment, including micelles, vesicles, and bilayers. The hydrophilic region of an amphiphile is typically composed of charged or polar groups, while the hydrophobic region consists of non-polar alkyl chains. Amphiphiles are essential components of biological membranes and have numerous applications in fields such as biomedicine and materials science.;Meta
Chronoamperometry;Chronoamperometry is a technique used in electrochemistry to measure the current flowing through an electrode as a function of time. It involves applying a potential step to the working electrode and measuring the resulting current response. This technique is commonly used to study the kinetics of redox reactions, including the rate of electron transfer and the diffusion of reactants. Chronoamperometry can provide information on the electrochemical properties of materials, such as their reactivity and stability. It has applications in fields like bioelectrochemistry, where it can be used to study the interactions between biomolecules and electrodes.;Meta
Symbiosis;Symbiosis refers to the close and often long-term relationship between two different species that benefits one or both parties involved. There are three main types of symbiosis: mutualism, commensalism, and parasitism. Mutualism is a reciprocal relationship where both species benefit, while commensalism is when one species benefits and the other is not affected. Parasitism is a relationship in which one species benefits and the other is harmed or killed. Symbiotic relationships can occur between any type of organism, including animals, plants, fungi, and protists. They play a crucial role in many ecosystems, facilitating nutrient cycling, pollination, and predation.;Meta
Reciprocal altruism;Reciprocal altruism is a concept in evolutionary biology that suggests individuals engage in altruistic behaviors when they expect similar acts of kindness from others in return. This phenomenon arises when an individual helps another at a personal cost, anticipating that the recipient will later reciprocate by providing equivalent assistance or benefits. Reciprocal altruism relies on the ability to recognize and remember the actions of others, as well as the capacity to calculate the expected payoffs of cooperative behavior. By engaging in reciprocal altruism, individuals can increase their own fitness and reproductive success while also promoting cooperation within groups. This concept has been observed in various species, including primates, dolphins, and humans.;Meta
Poisson's ratio;Poisson's ratio is a fundamental property of elastic materials that describes the lateral strain caused by a unit longitudinal tensile strain. Named after French mathematician and physicist Siméon Poisson, it was first introduced in his 1829 paper on elasticity. For isotropic linear elastic materials, Poisson's ratio ν is defined as the negative ratio of transverse strain εy to longitudinal strain εx, with both strains measured in the same direction. A value of ν = 0.5 represents a perfectly incompressible material, while values greater than or less than this indicate compressibility and expansion, respectively. Poisson's ratio is an important parameter in materials science, engineering, and physics for analyzing stress-strain behavior and designing structures that withstand various loads.;Meta
Keratinocyte;Keratinocytes are the main cell type comprising the epidermis, the outermost layer of skin. They are epithelial cells that produce keratin, a protein that forms the structural framework of hair, nails, and skin. Keratinocytes play a crucial role in maintaining the integrity of the skin barrier by forming a tight layer of tightly packed cells called the stratum corneum. They also help to regulate immune responses, produce antimicrobial peptides, and participate in wound healing. Furthermore, keratinocytes are important for the regulation of skin homeostasis, including the control of cell proliferation, differentiation, and apoptosis.;Meta
Zeolite;Zeolites are a class of microporous minerals that have been used in various applications due to their unique properties. They are composed of silicon and aluminum atoms, as well as other elements such as oxygen, sodium, calcium, or potassium, which are arranged in a three-dimensional framework. This framework contains cavities and channels of varying sizes, allowing zeolites to selectively adsorb and remove impurities from gases and liquids. Zeolites have applications in the fields of catalysis, chemical synthesis, and water treatment, as well as being used in industrial processes such as gas separation and purification. They also exhibit ion-exchange properties and can be used as absorbents and desiccants.;Meta
Two-dimensional electron gas;"A two-dimensional electron gas is a quantum system that arises when electrons in a semiconductor material are confined to move only in one plane, effectively forming a two-dimensional sheet. This occurs due to the presence of heterostructures, where a thin layer of one semiconductor material is sandwiched between layers of another material with different energy bandgaps. The resulting potential profile creates a ""well"" that traps electrons at the interface, leading to a high density of carriers with well-defined wave functions and energies. These two-dimensional electron systems exhibit unique properties, such as quantized Hall conductance, which are exploited in modern electronic devices like quantum computers and ultra-high-speed transistors.";Meta
Pauli exclusion principle;The Pauli exclusion principle is a scientific concept that states that no two electrons in an atom can have the same set of quantum numbers simultaneously. This means that each electron has a unique combination of energy level, orbital angular momentum, and spin, which determines its position and behavior within an atom. The principle was formulated by Wolfgang Pauli in 1925 as part of his work on quantum mechanics and the structure of atoms. It is a fundamental concept in understanding the properties and behavior of electrons in atoms and has far-reaching implications for fields such as chemistry, physics, and materials science.;Meta
Monomer;In chemistry, a monomer is the smallest unit of a polymer that still retains its chemical properties. It is a single molecule with a specific structure and composition that can react with other molecules to form a larger molecule, such as a polymer chain. Monomers are typically small organic or inorganic compounds that are capable of undergoing condensation reactions to form polymers. The properties of the monomer determine the properties of the resulting polymer, including its molecular weight, melting point, and solubility. Examples of common monomers include ethene, propene, and styrene, which can be polymerized to form polyethylene, polypropylene, and polystyrene, respectively.;Meta
Prosthetic group;In biochemistry, a prosthetic group is a non-proteinaceous molecule that is covalently bound to a protein through one of its amino acid residues. This group plays a crucial role in the biological function of the protein, often by facilitating enzymatic activity or binding substrates. Prosthetic groups can be derived from various sources, including vitamins, minerals, cofactors, and other small molecules. Examples include heme in hemoglobin and cytochrome P450, flavin mononucleotide in flavoproteins, and adenine nucleotides in some dehydrogenases. The prosthetic group is often the site of redox reactions or substrate binding, making it essential for the protein's function.;Meta
Rotaxane;A rotaxane is a type of molecular architecture that consists of a central ring-like molecule called a macrocycle, which is threaded through a linear rod-like molecule known as an axle. The macrocycle is designed to be able to move along the length of the axle, but it is prevented from doing so by bulky stoppers at each end of the axle. This unique arrangement creates a pseudorotaxane structure that has potential applications in various fields such as materials science and biomedicine. The rotaxane's mechanical properties can be tuned by adjusting the size and shape of the macrocycle, allowing for the creation of complex molecular devices with specific functions.;Meta
Boundary layer;A boundary layer is a thin region near a surface where the velocity and other properties of a fluid, such as air or water, change rapidly with distance from the surface. In the atmosphere, the boundary layer is typically the lowest 1-2 kilometers above the Earth's surface, but it can be much thicker over land than over water. The thickness of the boundary layer is determined by factors such as the strength of the wind and the heat flux from the surface. As a result of these changes in velocity and property, the flow within the boundary layer is typically turbulent, with eddies and vortices forming near the surface.;Meta
Contrast agent;A contrast agent is a substance used in medical imaging techniques such as X-ray computed tomography, magnetic resonance imaging, and ultrasound to enhance the visibility of internal structures. Contrast agents work by altering the way these structures interact with the imaging modality's energy, making them more visible on the resulting image. In CT scans, contrast agents are typically iodine-based or barium-based compounds that absorb X-rays and increase the attenuation coefficient. In MRI, contrast agents are paramagnetic substances like gadolinium that alter the local magnetic field strength. For ultrasound, contrast agents are gas-filled bubbles or lipid-based particles that scatter sound waves. By using a contrast agent, healthcare professionals can gain valuable information about internal structures and diagnose conditions more effectively.;Meta
Quantum well;A quantum well is a potential energy barrier that confines electrons in a thin layer of semiconductor material, typically with dimensions on the order of nanometers. This confinement leads to quantization of electron energy levels, resulting in unique electronic properties not found in bulk materials. Quantum wells can be created using various techniques, such as molecular beam epitaxy or chemical vapor deposition, and are often used in optoelectronic devices like quantum cascade lasers and infrared detectors. The discrete energy levels in a quantum well also enable the manipulation of electron transport through resonant tunneling, offering potential applications in high-speed electronic switching devices.;Meta
Biotin;Biotin is a water-soluble B-complex vitamin that plays a crucial role in various bodily functions. It is a coenzyme necessary for the metabolism of fatty acids, glucose, and amino acids. Biotin is involved in the synthesis of fatty acids, the formation of glucose and glycogen, and the breakdown of certain amino acids. The vitamin also helps regulate gene expression and is essential for maintaining healthy skin, hair, and mucous membranes. Deficiencies in biotin can lead to a range of symptoms including dermatitis, alopecia, and neurological problems. Biotin is found in small amounts in many foods, but larger doses are often recommended during pregnancy or with certain medical conditions.;Meta
Riemannian geometry;"Riemannian geometry is a mathematical field that studies curves and surfaces in terms of their intrinsic properties rather than their extrinsic position in space. It was developed by Bernhard Riemann in the 19th century as a generalization of Euclidean geometry to spaces with any number of dimensions. The core concept is the curvature of a manifold, which measures how much it deviates from being flat or Euclidean. This curvature can be thought of as a measure of the ""bending"" or ""wrinkling"" of space. Riemannian geometry has numerous applications in physics, engineering, and computer science, particularly in areas like general relativity, cosmology, and differential geometry.";Meta
Immune system;The immune system is a complex network of cells, tissues, and organs that work together to defend the body against infection and disease-causing pathogens such as bacteria, viruses, fungi, and other foreign substances. It is composed of two main branches: the innate immune response, which provides immediate defense against invaders, and the adaptive immune response, which targets specific pathogens through the activation of T-cells and B-cells. White blood cells, or leukocytes, play a crucial role in the immune system, as they are responsible for recognizing and attacking foreign substances. The spleen and lymph nodes serve as filters to remove pathogens from the circulation, while lymphoid organs such as the thymus and bone marrow produce immune cells.;Meta
Electrochemistry;Electrochemistry is the study of the chemical reactions that occur at the interface between two phases, typically a solid and a liquid. It involves the flow of electric charge in the form of ions or electrons to facilitate these reactions. Electrochemical cells, such as batteries, fuel cells, and electroplating systems, are based on the principles of electrochemistry. The Faraday constant is a fundamental concept in electrochemistry, relating the amount of electric charge transferred during an electrolysis reaction to the number of moles of substance involved. Electrochemical techniques, including cyclic voltammetry and chronoamperometry, are used to study the properties of materials and their reactivity with other substances.;Meta
Metalloprotein;Metalloproteins are a class of proteins that contain metal ions such as iron, copper, zinc, and nickel in their active site. These metal ions play a crucial role in the protein's function, often serving as cofactors or prosthetic groups that facilitate enzymatic reactions. Metalloproteins are found in all domains of life, including archaea, bacteria, fungi, plants, and animals. They are involved in various biological processes, such as oxygen transport, electron transfer, DNA synthesis, and protein folding. The metal ion's coordination chemistry determines the protein's activity and specificity, making it an essential component of many biological pathways.;Meta
Efflux pump;Efflux pumps are protein-based transport systems found in bacterial membranes that work against the concentration gradient to extrude solutes, ions, and small molecules from the cell. This process is crucial for maintaining cellular homeostasis by removing toxins, antibiotics, and other unwanted substances. Efflux pumps are often responsible for conferring antibiotic resistance on bacteria as they actively pump out antimicrobial agents, rendering them ineffective. There are several types of efflux pumps, including major facilitator superfamily proteins, which are the most common type found in Gram-positive and Gram-negative bacteria. These pumps have been implicated in multidrug resistance in many bacterial pathogens, making them an important area of study for antimicrobial therapy development.;Meta
Synthetic biology;Synthetic biology is the design and construction of new biological systems, such as genes, pathways, and organisms, or the redesign of existing ones, using engineering principles and molecular biology tools. This field combines biotechnology, biology, chemistry, and engineering to create novel biological functions and systems that do not occur naturally. Synthetic biologists use a variety of techniques, including genetic engineering, genomics, and systems biology, to manipulate DNA sequences, pathways, and organisms to achieve specific goals. The goal of synthetic biology is to develop new biological components, devices, and systems that can be used to solve real-world problems in areas such as medicine, energy, agriculture, and environmental remediation.;Meta
Signal processing;Signal processing is a branch of mathematics and electrical engineering that deals with the analysis, modification, and synthesis of signals, which are time series of one or more variables, such as sound, images, or other physical quantities. Signals can be continuous-time or discrete-time, and may be periodic or aperiodic. The goal of signal processing is to extract meaningful information from signals, and often involves filtering out noise, correcting distortion, and enhancing features. Techniques used in signal processing include linear transformations, convolution, Fourier analysis, and wavelet analysis. Applications of signal processing are widespread, including audio compression, image denoising, biomedical signal analysis, and speech recognition.;Meta
Anti-inflammatory;Anti-inflammatory refers to a physiological process that reduces inflammation in the body, which is characterized by swelling, redness, heat, and pain. This response is mediated by various biochemical pathways involving hormones, enzymes, and signaling molecules. The primary goal of anti-inflammatory mechanisms is to limit tissue damage and promote recovery from injury or infection. Inflammation can be triggered by physical trauma, microbial invasion, or exposure to toxic substances, among other stimuli. Anti-inflammatory strategies include the activation of inhibitory enzymes such as cyclooxygenase-2, the production of anti-inflammatory cytokines like interleukin-10, and the upregulation of cellular antioxidant defenses.;Meta
Prospect theory;Prospect theory is a behavioral economic model that describes how people make decisions when faced with uncertain outcomes. Developed by psychologists Daniel Kahneman and Amos Tversky in 1979, it challenges the traditional expected utility hypothesis by showing that individuals do not always act rationally in the face of risk. The theory posits that people's choices are influenced by the framing of an outcome, rather than its objective value. It also introduces the concepts of loss aversion and the endowment effect, which describe how people tend to be more risk-averse when faced with losses than gains. Prospect theory has been widely applied in fields such as economics, finance, and marketing to understand consumer behavior and decision-making processes.;Meta
Paxos;"Paxos is a consensus protocol used in distributed systems to ensure that all nodes agree on a particular value or action. Developed by Leslie Lamport and his colleagues, Paxos is designed to tolerate failures and network partitions while achieving high availability and fault tolerance. The protocol involves three main phases: propose, accept, and learn. In the propose phase, a node proposes a value; in the accept phase, other nodes vote on whether to accept or reject the proposed value; and in the learn phase, the accepted value is confirmed and propagated throughout the system. Paxos has become a widely used standard in distributed systems, including cloud computing and blockchain technology.";Meta
Steel;Steel is an alloy of iron and carbon that has been widely used in construction, transportation, and consumer products due to its unique combination of strength, durability, and versatility. The addition of small amounts of carbon to molten pig iron, typically around 0.1-2.5%, allows steel to be strengthened through the formation of crystalline structures such as ferrite and cementite. The microstructure of steel can be further refined through heat treatment processes like annealing, quenching, and tempering, which affect its mechanical properties and resistance to corrosion. Steel is also an excellent conductor of electricity and has many applications in electrical engineering and electronics.;Meta
Epidemic;An epidemic is a sudden increase in the incidence of a disease above what is normally expected, affecting a significant number of people within a population. It can be caused by a variety of factors, including changes in environmental conditions, genetic mutations, or human behavior. Epidemics can spread rapidly through populations due to factors such as proximity, crowding, and poor sanitation. They can also be influenced by social and economic factors, such as poverty, malnutrition, and lack of access to healthcare. In some cases, epidemics can become pandemics, spreading across multiple countries or even continents.;Meta
Stainless steel;Stainless steel is a type of alloy that is composed primarily of iron, chromium, and nickel, with small amounts of other elements such as carbon, manganese, and silicon. The high concentration of chromium creates a thin layer of oxide on the surface of the material, which prevents corrosion from occurring by blocking access to oxygen. This property makes stainless steel resistant to tarnishing, rusting, and pitting, making it a popular choice for applications in harsh environments such as food processing, medical equipment, and construction. The addition of nickel also enhances the strength and formability of the alloy.;Meta
Pepsin;Pepsin is a digestive enzyme secreted by the chief cells in the gastric glands of the stomach lining. It plays a crucial role in protein digestion, breaking down proteins into smaller peptides and amino acids that can be absorbed by the small intestine. Pepsin is most effective in an acidic environment, with optimal activity at pH 2-3. It is produced as an inactive precursor called pepsinogen, which is activated when it comes into contact with gastric acid and the enzyme renin. The resulting active pepsin is a serine protease that cleaves peptide bonds, releasing short peptides and individual amino acids from protein molecules.;Meta
Hemagglutinin;Hemagglutinin is a glycoprotein found on the surface of influenza A and B viruses that plays a crucial role in their attachment to host cells. It is responsible for recognizing and binding to sialic acid-containing receptors on epithelial cells, such as those lining the respiratory tract. Hemagglutinin is highly specific for its target cell receptor, which allows it to facilitate efficient viral replication and transmission. The protein also plays a key role in determining the host range of the virus, as different hemagglutinin subtypes are found on viruses that infect humans, birds, and other mammals. Hemagglutinin is often used as a marker for influenza subtype identification and vaccine development.;Meta
Redshift;Redshift is a phenomenon in astronomy where the light emitted by distant galaxies and stars appears to have been shifted towards the red end of the spectrum, indicating that these objects are moving away from us at incredible velocities. This observation was first made by Vesto Slipher in 1912 and later confirmed by Edwin Hubble's observations of galaxy recession velocities. The redshift is a direct result of the expansion of the universe, with galaxies moving away from each other due to the accelerating expansion caused by dark energy.;Meta
Thin film;Thin films are layers of material with a thickness typically in the range of micrometers to nanometers. These films exhibit unique properties due to their reduced dimensionality compared to bulk materials. The physical and chemical characteristics of thin films can be tailored by controlling factors such as film thickness, composition, and substrate interactions. Thin films have numerous applications in fields like electronics, optics, and biomedicine, where their high surface area-to-volume ratio and tunable properties enable advanced functionality. Examples include solar cells, optical coatings, and biosensors, which rely on the precise manipulation of thin film structures to achieve desired performance characteristics.;Meta
Binary search;Binary search is an efficient algorithm for finding an element in a sorted array or list by repeatedly dividing the search interval in half and searching for the target value within the remaining halves until it is found or determined that the element is not present. The process begins by comparing the target value to the middle element of the array, discarding one half of the array based on this comparison, and repeating the process with the remaining half until the target value is found or the search interval is empty. This algorithm has a time complexity of O, making it much faster than linear searches for large datasets.;Meta
Dopamine;Dopamine is a neurotransmitter that plays a crucial role in various physiological processes, including motivation, pleasure, reward processing, movement, and mood regulation. It is produced by dopaminergic neurons in the brain and released into the synaptic cleft to bind with dopamine receptors on nearby neurons. Dopamine has been implicated in addiction, as it reinforces behavior through the release of pleasurable feelings. Additionally, dopamine has been linked to attention-deficit/hyperactivity disorder, Parkinson's disease, and schizophrenia, among other neurological disorders. Research has also shown that dopamine is involved in learning and memory processes, with abnormalities in dopamine signaling potentially contributing to cognitive impairments.;Meta
Elimination reaction;An elimination reaction is a type of organic chemical reaction in which two substituents are removed from a molecule simultaneously. This occurs when a leaving group, often a negatively charged ion or a neutral molecule, is displaced by a nucleophile, such as a negatively charged ion or a neutral molecule. The resulting product is formed when the leaving group and the nucleophile combine to form a new bond. Elimination reactions can occur through two primary mechanisms: E1, where the leaving group leaves first followed by the departure of the nucleophile, and E2, where both the leaving group and the nucleophile leave simultaneously.;Meta
Connectome;The connectome refers to the complete map of neural connections within the brain, comprising the intricate network of neurons, synapses, and glial cells that enable communication between different regions of the brain. This complex system plays a crucial role in shaping our thoughts, emotions, and behaviors. Researchers have made significant progress in mapping the connectome using advanced imaging techniques such as functional magnetic resonance imaging, diffusion tensor imaging, and electroencephalography. These methods allow scientists to visualize the neural pathways that underlie various cognitive and motor functions, including language processing, memory formation, and decision-making. The connectome holds great promise for understanding human brain function and may ultimately lead to novel therapeutic strategies for neurological and psychiatric disorders.;Meta
Regulatory T cell;Regulatory T cells are a subset of T cells that play a crucial role in maintaining immune homeostasis by preventing excessive immune responses and promoting self-tolerance. They are characterized by the expression of specific transcription factors such as Foxp3, which is essential for their development and function. Regulatory T cells can be further divided into natural regulatory T cells and inducible regulatory T cells, with nTregs being present throughout life and iTregs emerging in response to specific antigens or inflammatory signals. Regulatory T cells exert their suppressive effects by releasing inhibitory cytokines, such as interleukin-10 and transforming growth factor-beta, and by directly interacting with effector T cells to prevent their activation.;Meta
Liquid biopsy;Liquid biopsy is a non-invasive diagnostic technique that involves analyzing fluid samples, such as blood or urine, to detect and monitor cancer biomarkers, including circulating tumor cells, cell-free DNA, and other biological molecules. This approach allows for early detection, prognosis, and monitoring of cancer progression, potentially reducing the need for invasive procedures. Liquid biopsy can be used in various clinical settings, including initial diagnosis, staging, recurrence detection, and treatment response evaluation. The technique involves the use of advanced technologies, such as next-generation sequencing, polymerase chain reaction, and mass spectrometry, to detect and quantify specific biomarkers.;Meta
X-ray;X-rays are a type of electromagnetic radiation with wavelengths shorter than ultraviolet light but longer than gamma rays. They were discovered by Wilhelm Conrad Röntgen in 1895 and named after him as X-rays. X-rays are produced when high-energy electrons interact with the inner shell electrons of atoms, causing them to emit photons at characteristic energies. The energy range of X-rays is typically between 0.01 nanometers and 10 nanometers. X-rays have been widely used in medical imaging, security screening, and non-destructive testing due to their ability to penetrate soft tissues and reveal internal structures.;Meta
Porphyrin;Porphyrins are a class of organic compounds characterized by a heterocyclic structure consisting of pyrrole rings linked together through shared methine groups. They are found naturally in various forms, including heme, chlorophyll, and bilirubin, which play crucial roles in biological processes such as oxygen transport, photosynthesis, and detoxification. Porphyrins also exhibit unique physical and chemical properties, including luminescence, metal coordination, and reactivity towards oxidizing agents. These properties have led to their applications in fields like medicine, materials science, and energy production. The study of porphyrins has contributed significantly to our understanding of biological systems and has paved the way for the development of new therapeutic agents and diagnostic tools.;Meta
Horizontal gene transfer;Horizontal gene transfer refers to the direct transfer of genetic material from one organism to another, often through mechanisms other than traditional vertical inheritance via parents and offspring. This process occurs among bacteria, archaea, and some eukaryotes, allowing for the sharing of genes between species that are not necessarily related by a common ancestor. Gene transfer can occur through various means, including transformation, transduction, and conjugation, as well as mobile genetic elements such as plasmids and bacteriophages. The transferred DNA may be incorporated into the recipient's genome or remain extrachromosomal, influencing the recipient's traits and potentially leading to the development of new species or the spread of antibiotic resistance genes.;Meta
Default mode network;The default mode network is a set of brain regions that are active when a person is not focused on the outside world and the brain is engaged in internal mental activities such as daydreaming, mind-wandering, or recalling past events. This network is characterized by a distinctive pattern of neural activity that can be measured using functional magnetic resonance imaging. The default mode network includes areas such as the medial prefrontal cortex, posterior cingulate cortex, and temporoparietal junction, which are involved in tasks such as mind-wandering, episodic memory retrieval, and theory of mind. This network is thought to be responsible for our ability to engage in internal mental activities that are essential for creativity, problem-solving, and self-reflection.;Meta
Enzyme;Enzymes are biological molecules that catalyze specific chemical reactions, increasing the rate at which they occur without being consumed by the reaction themselves. They are proteins composed of one or more polypeptide chains and are characterized by their unique three-dimensional structure. This structure allows enzymes to bind specifically to substrates, positioning them for optimal reaction conditions. Enzymes can be classified into six main categories based on their mechanism of action: oxidoreductases, transferases, hydrolases, lyases, isomerases, and ligases. Each enzyme has a specific function in the metabolic pathway of an organism, allowing cells to regulate and control chemical reactions with precision.;Meta
Wind turbine;A wind turbine is a device that converts the kinetic energy of wind into electrical energy through electromagnetic induction. The blades of the turbine are designed to capture the wind's momentum and convert it into rotational energy, which drives an electrical generator connected to the hub of the turbine. As the turbine spins, the generator produces alternating current electricity, which is then transmitted to a power grid or used locally. Wind turbines can be installed on land or at sea, with modern designs capable of generating up to several megawatts of power per unit. They are becoming increasingly important in renewable energy portfolios as a clean and sustainable alternative to fossil fuels.;Meta
Younger Dryas;The Younger Dryas was a period of significant climate cooling that occurred approximately 12,800 to 11,500 years ago during the late Pleistocene epoch. It is named after the Dryas octopetala, a type of alpine flower that thrived during this time due to the cold conditions. The event was marked by a sudden and severe drop in global temperatures, resulting in ice sheets expanding in the Northern Hemisphere and glaciers growing in the mountains. This cooling trend was characterized by reduced atmospheric CO2 levels and increased dust deposition in sedimentary records. The Younger Dryas was followed by a rapid warming of the climate, marking the beginning of the Holocene epoch, which has remained relatively warm and stable to this day.;Meta
Partial correlation;Partial correlation is a statistical technique used to analyze the relationship between two continuous variables while controlling for the effect of one or more additional variables. This method helps to isolate the direct relationship between the variables of interest, eliminating the influence of third variables that may be confounding the association. In other words, partial correlation measures the correlation between two variables while holding constant the values of one or more other variables. By doing so, it allows researchers to better understand the underlying relationships between variables and to identify potential mediators or moderators of the relationship being studied.;Meta
Chromatic aberration;Chromatic aberration is a type of distortion that occurs in optical systems such as lenses or mirrors when different wavelengths of light are focused at slightly different points. This results in a color-dependent blur or fringe effect around the central image, typically manifesting as purple or yellow fringes on the edges. The phenomenon arises from the varying refractive indices of the medium through which light passes, causing shorter wavelengths to be bent more than longer wavelengths. In photographic and imaging systems, chromatic aberration can lead to reduced resolution and color accuracy, while in telescopes, it can compromise image quality and limit the ability to resolve fine details.;Meta
Subunit vaccine;A subunit vaccine is a type of vaccine that uses a small portion of a pathogen's surface protein or other immunogenic component to stimulate an immune response. This component, known as the subunit, is typically derived from the pathogen itself and is designed to elicit a specific immune reaction without causing disease. Subunit vaccines can be composed of individual proteins, peptides, carbohydrates, or nucleic acids, and are often used to protect against diseases caused by viruses, bacteria, parasites, or fungi. The use of subunits rather than whole pathogens has several advantages, including reduced risk of adverse reactions and increased safety for individuals with compromised immune systems.;Meta
Epigenetics;Epigenetics is the study of heritable changes in gene function that occur without a change to the underlying DNA sequence. These chemical modifications affect how genes are expressed and interpreted by cells, influencing various cellular processes such as cell differentiation, development, and response to environmental stimuli. Epigenetic marks can be added or removed through mechanisms like DNA methylation, histone modification, and chromatin remodeling, allowing cells to rapidly adapt to changing conditions without altering the underlying genome. This dynamic regulation plays a crucial role in normal development, tissue specification, and disease susceptibility.;Meta
Basophil;Basophils are a type of white blood cell that plays a crucial role in the body's immune response. They are characterized by their ability to release histamine and other chemical mediators in response to inflammation or allergic reactions. Basophils are typically 12-15 micrometers in diameter, with a characteristic lobed nucleus and abundant granules. In healthy individuals, basophils make up only about 0.5% of the total white blood cell count, but they can increase significantly during times of immune activation. Basophils are thought to be involved in the pathogenesis of conditions such as asthma, anaphylaxis, and atopic dermatitis, although their precise function remains somewhat unclear.;Meta
X-ray crystallography;X-ray crystallography is a scientific technique used to determine the three-dimensional structure of molecules from their diffraction patterns obtained by exposing crystals to X-rays. The method involves placing a crystalline sample in an X-ray beam and measuring the angles at which the diffracted radiation emerges from the crystal. By analyzing these angles, researchers can reconstruct the arrangement of atoms within the molecule, including their positions, bond lengths, and bond angles. This information is crucial for understanding the function, properties, and interactions of biological macromolecules like proteins and nucleic acids, as well as synthetic molecules with unique properties.;Meta
Sharpless epoxidation;Sharpless epoxidation is a stereoselective organic reaction used to synthesize epoxy compounds from alkene substrates. The reaction involves the oxidation of an alkene with hydrogen peroxide in the presence of a metal catalyst, typically molybdenum or ruthenium, and a chiral ligand, such as a bis-oxazoline. The Sharpless epoxidation is highly stereoselective, allowing for the formation of either cis- or trans-epoxy products depending on the specific reaction conditions and the choice of catalyst. This reaction has been widely employed in synthetic organic chemistry due to its ability to efficiently produce epoxy compounds with high stereochemical control.;Meta
Computational fluid dynamics;Computational fluid dynamics is a branch of physics that uses numerical methods and algorithms to analyze and simulate the behavior of fluids under various physical conditions. It combines principles from mathematics, physics, and computer science to solve complex problems related to fluid flow, heat transfer, and mass transport. The field employs various numerical techniques such as finite element method, finite volume method, and lattice Boltzmann method to discretize the governing equations of fluid motion, and then uses computers to solve these equations numerically. The resulting simulations provide valuable insights into the behavior of fluids in various engineering and scientific applications, including aerospace, chemical, biomedical, and environmental fields.;Meta
Coronal mass ejection;Coronal mass ejections are massive bursts of plasma that originate from the outer atmosphere of the sun, specifically the corona. These ejections can release up to 10^25 particles into space, affecting the entire solar system. They are triggered by complex magnetic field changes and can be caused by sunspots, solar flares, or other coronal activity. The ejected plasma is propelled away from the sun at speeds of up to 2 million kilometers per hour, interacting with the Earth's magnetic field if they reach our planet. This interaction can cause geomagnetic storms, aurorae, and even disruptions to communication and navigation systems.;Meta
Optical rotation;Optical rotation is the phenomenon where certain substances rotate the plane of polarization of linearly polarized light as it passes through them. This property was first observed by French chemist Jean-Baptiste Biot in 1811 and has since been extensively studied. The extent of optical rotation depends on the concentration of the substance, its temperature, and the wavelength of the light used to measure it. Optical rotation is a unique physical property of certain molecules, including many amino acids, sugars, and other biomolecules, which have a specific handedness or chirality due to their molecular structure.;Meta
Group theory;Group theory is a branch of abstract algebra that studies the symmetries of objects by placing them into classes called groups. A group is a set of elements with a binary operation that satisfies certain properties: it is associative, has an identity element, and each element has an inverse. The study of groups provides a way to describe the symmetries of physical systems, such as molecules and crystals, and has applications in many areas of physics, including particle physics and condensed matter physics. Group theory also plays a crucial role in computer science, particularly in cryptography and coding theory.;Meta
Mass spectrometry;Mass spectrometry is a laboratory technique used to determine the mass-to-charge ratio of ions in a sample. The process involves ionizing the sample molecules into charged particles, then using electromagnetic forces to separate and detect these ions based on their mass-to-charge ratio. This separation is typically achieved through the use of electric fields or magnetic fields, which deflect the ions according to their mass-to-charge ratio. As a result, mass spectrometry provides a means for identifying and quantifying individual molecules within a mixture.;Meta
Contact mechanics;Contact mechanics is the scientific study of the interaction between two surfaces that are in physical contact with each other. It involves the analysis of the forces and pressures that occur at the interface between these surfaces, as well as the deformation and damage that can result from these interactions. The field of contact mechanics has practical applications in a wide range of fields, including tribology, materials science, biomechanics, and civil engineering. Contact mechanics is often used to predict the behavior of materials under various loads, such as friction, wear, and impact, which is crucial for designing and optimizing mechanical systems, structures, and devices.;Meta
Isostasy;Isostasy is a phenomenon that occurs when the weight of sedimentary rocks on Earth's crust is compensated by the buoyancy of the underlying mantle rock. This process causes the crust to rise and the mantle to sink, resulting in the formation of mountains, valleys, and plateaus. Isostasy is driven by the difference in density between the two types of rock, with denser rocks sinking and less dense ones floating. As sedimentary rocks are deposited over time, the weight of these layers causes the underlying crust to rise, creating relief features on the Earth's surface.;Meta
Singular value decomposition;Singular value decomposition is a mathematical algorithm used to decompose matrices into three fundamental components: a set of orthogonal eigenvectors, a set of non-negative scalars, and a diagonal matrix. The resulting decomposition represents the original matrix in terms of these singular vectors, singular values, and the diagonal matrix, providing a concise and meaningful representation of the data. Singular value decomposition is widely used in various fields such as image processing, compression, feature extraction, and dimensionality reduction, particularly in computer vision and machine learning applications. It has numerous applications including image denoising, object recognition, and anomaly detection.;Meta
Gasification;Gasification is a thermochemical process that converts organic materials such as biomass, coal, or waste into a synthetic gas, commonly referred to as syngas. This process occurs at high temperatures in the absence of oxygen, typically between 700°C and 1000°C, resulting in the breakdown of complex molecules into simpler components. The resulting syngas is a mixture of carbon monoxide, hydrogen, methane, and other volatile compounds, which can be used as a fuel source or further processed to produce electricity, chemicals, or transportation fuels. Gasification offers several advantages over traditional combustion methods, including lower emissions, increased energy efficiency, and the ability to process difficult-to-burn fuels.;Meta
Chain reaction;A chain reaction is a process in which a sequence of events or chemical reactions occurs as a result of a single initial event or catalyst, leading to a continuous and self-sustaining series of transformations. In nuclear physics, chain reactions are responsible for certain types of nuclear reactions, such as fission and fusion, where the energy released by one reaction triggers subsequent reactions. Chain reactions can be either exponential, meaning they accelerate rapidly, or linear, resulting in a steady rate of reaction. The concept of chain reactions is crucial in understanding various natural phenomena, including radioactivity, chemical explosions, and some types of celestial events.;Meta
DNA virus;A DNA virus is a type of virus that has its genetic material in the form of deoxyribonucleic acid rather than ribonucleic acid. These viruses use their host cell's machinery to replicate, and the viral genome is transmitted from one generation to the next. DNA viruses are found in all kingdoms of life, including animals, plants, fungi, and bacteria. Some well-known examples include herpesviruses, poxviruses, and adenoviruses. They can cause a range of diseases, from common colds to severe illnesses like cancer and AIDS. The replication cycle of DNA viruses typically involves uncoating, transcription, translation, and assembly of new viral particles.;Meta
Coevolution;Coevolution is the process by which two or more species evolve in tandem with each other over time as a result of their interactions and adaptations to one another. This phenomenon can occur between predators and prey, hosts and parasites, or even species that compete for resources. As one species evolves to better suit its environment or interact with its counterpart, the other species may also adapt to counter the changes, leading to an ongoing cycle of evolution and adaptation. Coevolution can result in the development of complex relationships and unique characteristics, such as camouflage, mimicry, or the production of toxins, that are crucial for survival.;Meta
Gastric acid;Gastric acid is a digestive fluid produced by the stomach lining that plays a crucial role in breaking down food into smaller molecules. It is a sulfuric acid with a pH level of around 1.5 to 3.5, making it one of the strongest acids in the human body. Gastric acid is secreted by parietal cells in the stomach and is stored in canaliculi within the gastric mucosa. The main component of gastric acid is hydrochloric acid, which is produced through the action of the enzyme H+-K+-ATPase on chloride ions. Gastric acid helps to denature proteins, activate digestive enzymes, and create an acidic environment that fosters the activity of certain enzymes involved in protein digestion.;Meta
Pathogen;"A pathogen is a microorganism that causes disease in plants, animals, or humans. Pathogens can be bacteria, viruses, fungi, parasites, or prions, and are characterized by their ability to cause harm or death to their host. The term ""pathogen"" was coined from the Greek words ""pathos,"" meaning suffering, and ""genos,"" meaning born of. Pathogens are responsible for many diseases that affect humans and animals, including tuberculosis, malaria, HIV/AIDS, and influenza. They can be transmitted through various means, such as air, water, food, vectors like insects or ticks, or direct contact with an infected individual or animal. Understanding the biology and behavior of pathogens is crucial for developing effective treatments and preventing the spread of diseases.";Meta
Magnetohydrodynamics;Magnetohydrodynamics is the study of the interaction between magnetic fields and electrically conducting fluids, such as plasmas, liquids, or gases. It is a multidisciplinary field that combines knowledge from physics, mathematics, and engineering to understand the behavior of fluids in the presence of magnetic forces. Magnetohydrodynamics is used to describe phenomena such as solar flares, plasma confinement in fusion reactors, and the motion of molten metal in electric arc furnaces. The field relies on the understanding of electromagnetic induction, fluid dynamics, and thermodynamics to predict the behavior of fluids under various conditions. It has numerous applications in fields like aerospace engineering, materials processing, and geophysics.;Meta
Structural genomics;Structural genomics is a field of research that focuses on determining the three-dimensional structures of proteins encoded by entire genomes. This approach aims to provide a comprehensive understanding of protein function and interaction by creating a structural framework for all genes in an organism. Structural genomics involves high-throughput methods, such as X-ray crystallography or nuclear magnetic resonance spectroscopy, to determine the structure of thousands of proteins simultaneously. By analyzing these structures, researchers can identify patterns and relationships between protein sequences and functions, allowing them to predict the behavior of uncharacterized proteins and uncover novel biological pathways.;Meta
Cluster analysis;Cluster analysis is a statistical method used to group similar objects or individuals into clusters based on their characteristics or features. It involves partitioning the data into distinct groups such that the objects within each cluster are more similar to each other than they are to those in other clusters. The goal of clustering is to identify patterns and relationships within the data that might not be apparent through traditional statistical methods. There are various types of clustering algorithms, including hierarchical clustering, k-means clustering, and DBSCAN. Each algorithm has its own strengths and limitations, and the choice of algorithm depends on the specific characteristics of the data and the research question being addressed.;Meta
Critical mass;Critical mass is a concept in physics that refers to the minimum amount of fissile material required for a nuclear chain reaction to become self-sustaining. This threshold depends on various factors such as the type and purity of the fuel, the density of the material, and the geometry of the system. In the context of nuclear reactors, critical mass is crucial for maintaining a stable reaction. If the amount of fuel falls below the critical mass, the reaction will cease to be self-sustaining, while exceeding it can lead to uncontrolled reactions. The concept has significant implications for nuclear energy generation and arms control agreements.;Meta
Convex optimization;Convex optimization is a subfield of mathematical optimization that deals with finding the minimum or maximum value of a convex function subject to constraints that are also convex. The core idea is to identify a point that is simultaneously optimal and feasible, meaning it satisfies all the constraints. Convex optimization has applications in many fields, including machine learning, signal processing, control theory, and operations research. It is widely used for solving problems that involve minimizing or maximizing a function with constraints on variables. Convex functions are those whose graph is a convex shape, and the study of such functions dates back to ancient Greek mathematicians.;Meta
Chemical vapor deposition;Chemical vapor deposition is a thin-film deposition process that involves the reaction of one or more gases at high temperatures to produce a solid deposit on a substrate. The process begins with the decomposition of a volatile precursor gas into its constituent elements, which then react to form a solid film. This method allows for precise control over the composition and structure of the deposited layer, making it an attractive technique for producing materials with unique properties. The process is often used in the production of semiconductors, optics, and other electronic components. Chemical vapor deposition can be performed using various precursor gases, including organometallic compounds, hydrides, and halides, which react to form a solid film at high temperatures.;Meta
Limnology;Limnology is the scientific study of freshwater ecosystems, including lakes, rivers, wetlands, and ponds. It involves the investigation of physical, chemical, and biological processes that occur in these environments, as well as their interactions with the surrounding landscape. Limnologists examine factors such as water chemistry, temperature, light penetration, and nutrient cycling to understand how they impact aquatic life and ecosystem function. The field also explores human impacts on freshwater ecosystems, including pollution, habitat destruction, and climate change, and develops strategies for conservation and management of these critical resources.;Meta
Calorimeter;A calorimeter is a scientific instrument used to measure the heat absorbed or released during a chemical reaction or physical process. The device is designed to accurately quantify the energy changes associated with these processes, providing valuable insights into the underlying thermodynamics. Calorimeters are commonly employed in fields such as chemistry, biology, and physics to investigate phenomena like combustion, phase transitions, and enzymatic reactions. They typically consist of a well-insulated container filled with a calibrated amount of material or solution, allowing researchers to monitor changes in temperature over time. By analyzing the resulting thermal data, scientists can derive important parameters like enthalpy, specific heat capacity, and reaction kinetics.;Meta
Differential privacy;Differential privacy is a mathematical framework for ensuring the privacy of individuals whose data is being analyzed or released by organizations. It provides a guarantee that any party analyzing the data cannot determine whether a specific individual's record was included in the dataset, unless it would have been possible to predict with high probability even if the individual had not contributed their data. This is achieved through the use of randomization and noise injection into the data, making it difficult for an attacker to infer information about any individual's records.;Meta
Pleiotropy;Pleiotropy is a phenomenon in genetics where a single gene or mutation has multiple distinct effects on an organism's phenotype. This means that one genetic change can result in changes to multiple traits or characteristics. Pleiotropy can occur when a gene plays a critical role in multiple biological pathways, leading to the correlation of multiple phenotypes with a single genotype. In some cases, pleiotropy can be caused by regulatory elements or transcription factors that control the expression of multiple genes. As a result, changes in one gene can have far-reaching effects on various physiological processes and ultimately influence multiple traits.;Meta
Probiotic;Probiotics are live microorganisms that, when administered in adequate amounts, confer a health benefit on the host. They are typically found in fermented foods such as yogurt, kefir, sauerkraut, and kimchi, or taken as dietary supplements. Probiotics have been shown to promote gut health by increasing the population of beneficial bacteria in the gastrointestinal tract, which can lead to improved digestion, boosted immune function, and even modulation of mood and behavior. Additionally, probiotics have been linked to various disease prevention and treatment benefits, including reduced symptoms of irritable bowel syndrome, type 2 diabetes, and certain autoimmune disorders.;Meta
Radioactive decay;Radioactive decay is the process by which unstable atomic nuclei release excess energy in the form of ionizing radiation, resulting in a more stable state. This phenomenon occurs when an atom's nucleus contains too many protons or neutrons, causing it to become energetically unstable. As the nucleus releases this excess energy, it transforms into a different isotope with a lower mass number and atomic number. The rate at which radioactive decay occurs depends on the type of radiation emitted, with alpha particles being the most energetic followed by beta particles and then gamma rays. Radioactive decay has important applications in fields such as medicine, geology, and nuclear power generation.;Meta
Orbital forcing;Orbital forcing refers to the periodic variations in the Earth's climate caused by changes in its orbital parameters around the Sun. These changes occur on timescales ranging from tens of thousands to hundreds of thousands of years and are driven by the wobble of the Earth's axis, ellipticity of its orbit, and tilt of its rotational axis. The resulting changes in solar radiation reaching the planet affect global temperatures, ice sheet coverage, and sea levels. Orbital forcing is an important factor in shaping Earth's climate history, including periods of glacial expansion and contraction during the Pleistocene epoch.;Meta
ITER;ITER is a collaborative international research and development project aimed at demonstrating the feasibility and safety of fusion power as a viable alternative to traditional fossil fuel-based energy production. The International Thermonuclear Experimental Reactor is designed to test the principles and technologies required for a commercial-scale fusion power plant, with a goal of achieving a plasma confinement time of 300 seconds and a thermal output of 500 megawatts. ITER will use a tokamak magnetic confinement device to sustain a high-temperature plasma of deuterium-tritium fuel, mimicking the conditions that occur in the core of the sun. The project's objectives include developing and testing key components such as superconducting magnets, heating systems, and diagnostic instruments.;Meta
Hippocampus;The hippocampus is a structure in the temporal lobe of the brain that plays a critical role in memory formation and spatial navigation. It is composed of two main parts, the cornu ammonis and the dentate gyrus, which work together to process and consolidate information from the environment. The hippocampus is highly specialized for pattern separation, allowing it to differentiate between similar memories and prevent confusion or overlap. Damage to the hippocampus has been linked to a range of neurological disorders, including Alzheimer's disease and depression, while abnormal activity in the hippocampus has been implicated in various psychiatric conditions, such as post-traumatic stress disorder.;Meta
Molecular cloud;Molecular clouds are vast interstellar regions characterized by high densities of gas and dust particles. These clouds are composed primarily of hydrogen molecules and helium atoms, with trace amounts of heavier elements. The temperatures in molecular clouds range from 10 to 50 Kelvin, while the pressures can be several thousand times those found on Earth. This environment allows for the formation of complex molecules through chemical reactions involving photons, free radicals, and other species. Molecular clouds are thought to be the birthplaces of stars, as they provide the necessary material for star formation and offer a sheltered environment for the subsequent development of planetary systems.;Meta
Quantum key distribution;Quantum key distribution is a method of secure communication that uses quantum mechanics to encode and decode messages. It involves two parties, traditionally referred to as Alice and Bob, who want to exchange sensitive information without an eavesdropper detecting or manipulating it. The process begins with Alice generating a random bit string, which she encodes onto a sequence of particles such as photons. She then sends these particles to Bob over an insecure channel, where he attempts to measure the state of each particle. Due to the principles of quantum mechanics, any attempt by an eavesdropper to intercept and measure the particles will introduce errors in the decoding process, allowing Alice and Bob to detect potential tampering.;Meta
Rashba effect;The Rashba effect is a phenomenon observed in semiconductor heterostructures where spin-polarized current flows perpendicular to the plane of the structure. This occurs due to the asymmetry in the energy band structure caused by the difference in effective masses for electrons and holes. The effect was first theoretically predicted by Stanislav Rashba in 1984 and later experimentally confirmed in 1990s. In a Rashba system, the spin-orbit interaction is responsible for the splitting of energy levels resulting in anisotropic Fermi surfaces. This phenomenon has significant implications for the development of spin-based electronic devices such as spin-field-effect transistors and spin-based memories.;Meta
Machine translation;Machine translation is a subfield of natural language processing that deals with the development of algorithms and statistical models for translating texts from one human language to another without human intervention. This process involves analyzing the linguistic structure, syntax, semantics, and pragmatics of both source and target languages to generate an accurate and fluent translation. Machine translation systems can be rule-based or statistical in nature, with the latter being more widely used due to its ability to handle ambiguity and complexity. The quality of machine-translated texts has significantly improved over the years, thanks to advancements in artificial intelligence, deep learning, and massive datasets.;Meta
Memory hierarchy;Memory hierarchy refers to the organization of memory storage in computer systems, where data is stored at different levels of proximity to the central processing unit. The hierarchy typically consists of levels such as registers, cache memory, main memory, and secondary storage devices like hard disk drives or solid-state drives. Data that is frequently accessed is stored closer to the CPU in faster, smaller memory regions, while less frequently used data is stored farther away in larger, slower memory regions. This organization allows for efficient use of memory resources, with the most critical data being readily available for processing and the less important data being relegated to slower storage devices.;Meta
Drag coefficient;The drag coefficient is a dimensionless quantity that characterizes the resistance experienced by an object moving through a fluid, such as air or water. It is used to predict the force of friction exerted on an object as it moves through the surrounding medium. The drag coefficient is dependent on the shape and size of the object, as well as the velocity and density of the surrounding fluid. In general, objects with a more streamlined shape will have a lower drag coefficient than those with a more irregular shape. Additionally, the drag coefficient can also be affected by factors such as turbulence and surface roughness.;Meta
Pyrimidine;Pyrimidines are a class of heterocyclic compounds that contain a six-membered ring structure consisting of four carbon atoms and two nitrogen atoms. They are one of the two main types of nucleobases found in DNA and RNA, along with purines. The most common pyrimidine is cytosine, which is found in both DNA and RNA, while uracil and thymine are specific to RNA and DNA respectively. Pyrimidines play a crucial role in the structure and function of nucleic acids, and their incorrect pairing can lead to genetic mutations and diseases.;Meta
Permafrost;Permafrost is a type of soil or rock that remains frozen for two or more consecutive years, covering approximately one-quarter of the Northern Hemisphere's land area. It forms in regions where the average temperature is below freezing point, typically above 60 degrees latitude, and can be up to several hundred meters thick. Permafrost is composed of ice crystals, water, and air, which are trapped beneath a layer of impermeable material such as clay or silt. This frozen state can persist for thousands of years, influencing local ecosystems and geological processes. As global temperatures rise, permafrost thawing occurs, releasing methane and carbon dioxide stored in the ice, contributing to climate change.;Meta
Prime number theorem;The prime number theorem is a fundamental concept in number theory that describes the distribution of prime numbers among all positive integers. It states that the number of prime numbers less than or equal to x grows like x / ln as x approaches infinity, where ln represents the natural logarithm of x. This relationship was first discovered by Bernhard Riemann in 1859 and has since been extensively studied and refined by mathematicians. The theorem has important implications for cryptography and coding theory, as well as many other areas of mathematics and computer science.;Meta
Trajectory inference;Trajectory inference is a scientific technique used to reconstruct the path followed by an object or agent over time from incomplete or indirect measurements. This approach is particularly useful in fields where direct measurement is impossible or impractical, such as astronomy, ecology, and epidemiology. By combining information from multiple sources, including observations, models, and simulations, researchers can infer the trajectory of an object or agent with varying degrees of accuracy. Trajectory inference involves a range of statistical and computational methods, including interpolation, extrapolation, and Bayesian estimation, to refine the estimated path. The resulting trajectories can provide valuable insights into complex systems and behaviors.;Meta
Quantum optics;Quantum optics is the study of the interaction between matter and light at the quantum level. It explores the behavior of photons, particles that exhibit wave-like properties, as they interact with atoms, molecules, and other particles. Quantum optics has led to significant advances in our understanding of light-matter interactions, including the manipulation of individual photons and the creation of novel optical phenomena such as squeezed states and entangled photon pairs. The field draws heavily from quantum mechanics and optics, incorporating concepts like superposition, entanglement, and wave function collapse. Applications of quantum optics include quantum computing, cryptography, and precision measurement technologies.;Meta
Astrocyte;Astrocytes are a type of glial cell found in the central nervous system, comprising about 90% of all glial cells. They play a crucial role in maintaining the brain's homeostasis by providing structural support to neurons, regulating the chemical environment around them, and facilitating communication between different parts of the brain. Astrocytes have numerous processes that ensheathe capillaries, allowing for the exchange of nutrients and waste products between the bloodstream and the brain. They also express various receptors and transporters involved in neurotransmitter uptake and release, influencing synaptic plasticity and learning. In addition, astrocytes participate in the regulation of blood flow and blood pressure, as well as the removal of excess glutamate from the extracellular space.;Meta
Axon guidance;Axon guidance refers to the complex process by which developing neurons extend and direct their axons towards specific targets in the central nervous system. This process is crucial for proper brain development and function, as misdirected axons can lead to various neurological disorders. During embryonic development, neurons produce and respond to a variety of signaling molecules, such as growth factors and neurotransmitters, which guide the outgrowth and navigation of axons towards their target cells or regions. The guidance cues can be broadly categorized into three types: attractants, repellents, and neutral molecules, each playing distinct roles in shaping axonal trajectories.;Meta
Lipid metabolism;Lipid metabolism is the process by which cells convert fatty acids into energy or store them for later use. This process involves the breakdown and synthesis of lipids, such as triglycerides, phospholipids, and cholesterol, which are essential components of cell membranes. Lipase enzymes catalyze the hydrolysis of triglycerides into free fatty acids and glycerol, which can be oxidized to produce energy or used for other cellular functions. Cholesterol metabolism is critical for maintaining healthy cell membranes and hormone production. Dysregulation of lipid metabolism has been implicated in various diseases, including obesity, atherosclerosis, and metabolic disorders.;Meta
Plate tectonics;Plate tectonics is the theory that the Earth's lithosphere is divided into a series of large plates that move relative to each other. These plates are in constant motion, sliding over the more fluid asthenosphere below. The movement of these plates is known as plate tectonics and is responsible for the creation and destruction of landforms, the formation of mountain ranges, and the occurrence of earthquakes and volcanic activity. The process is driven by convection currents in the Earth's mantle and is governed by forces such as gravity, friction, and the bending of rocks under stress. As plates move apart at mid-ocean ridges, they create new crust through a process called seafloor spreading.;Meta
Nucleation;Nucleation is the process by which a new phase or structure forms around a nucleus, often in a supersaturated solution or system where conditions are favorable for the formation of a crystal or solid. This process can occur through various mechanisms, including homogeneous nucleation, heterogeneous nucleation, and epitaxial growth. In homogeneous nucleation, the nucleus forms spontaneously within the solution, while heterogeneous nucleation involves the presence of an external surface or impurity that provides a site for nucleation to occur. Epitaxial growth refers to the formation of a new layer on top of an existing crystal lattice. Nucleation plays a crucial role in many natural and industrial processes, including cloud formation, precipitation, and the production of materials with specific properties.;Meta
Computer vision;Computer vision is a subfield of artificial intelligence that deals with enabling computers to interpret and understand visual information from the world. It involves the development of algorithms and systems that can process, analyze, and understand images, videos, and other forms of visual data. The field has applications in various areas such as robotics, surveillance, medicine, and entertainment. Computer vision techniques are used to detect and recognize objects, track movements, and make predictions about future events based on past patterns. These methods rely heavily on machine learning and deep learning approaches, which enable computers to learn from large datasets of images and improve their performance over time.;Meta
Bile acid;Bile acids are a group of naturally occurring compounds produced by the liver from cholesterol. They play a crucial role in facilitating the emulsification and absorption of dietary fats, vitamins, and other lipophilic substances within the small intestine. Bile acids are synthesized from cholesterol through a series of enzyme-catalyzed reactions involving cytochrome P450 enzymes and soluble enzymes such as cholesterol 7-alpha-hydroxylase. The primary bile acid, cholic acid, is conjugated with amino acids or fatty acids to form more polar derivatives that are then secreted into the bile ducts for excretion. In addition to their role in fat absorption, bile acids also function as signaling molecules regulating lipid metabolism and glucose homeostasis.;Meta
Natural selection;"Natural selection is the process by which populations of living organisms adapt to their environment over time through the survival and reproduction of individuals with favorable traits. This phenomenon was first described by Charles Darwin in his 1859 book ""On the Origin of Species"". It occurs when a population is subject to pressures such as predation, competition for resources, or environmental changes that favor the survival and reproduction of certain individuals possessing specific characteristics. These favored traits can include physical attributes like size, shape, or color, as well as behavioral adaptations like migratory patterns or mating strategies. As these individuals pass their advantageous traits to their offspring, the population gradually evolves over generations.";Meta
Bile;Bile is a yellow-green fluid produced by the liver that plays a crucial role in digestion and metabolism. It is stored in the gallbladder and released into the small intestine to aid in the breakdown of fats, proteins, and carbohydrates. Bile contains bile salts, cholesterol, bilirubin, and other compounds that help emulsify fats, making them more accessible to digestive enzymes. The liver produces approximately one liter of bile daily, which is then concentrated by the gallbladder to a thick, dark brown liquid. Upon release into the small intestine, bile helps facilitate the absorption of fat-soluble vitamins and the elimination of waste products.;Meta
Photoelectric effect;The photoelectric effect is a phenomenon in which light hitting a material can cause the emission of electrons from its surface. This occurs when the frequency of the incident light exceeds a certain threshold, known as the work function of the material. The energy of the emitted electrons is determined by the difference between the energy of the incident photon and the work function. The photoelectric effect was first observed in 1887 by Heinrich Hertz and later studied extensively by Albert Einstein, who proposed that light consists of particles called photons. This discovery provided strong evidence for the wave-particle duality of light and earned Einstein the Nobel Prize in Physics in 1921.;Meta
Depolarization;Depolarization is a biological process that occurs in excitable cells such as neurons, muscle fibers, and epithelial cells when the resting membrane potential becomes less negative than its normal value. This phenomenon can be triggered by various stimuli including changes in extracellular ion concentrations, neurotransmitters, or electrical signals. During depolarization, the cell membrane becomes more permeable to sodium ions, leading to an influx of these positively charged ions and a subsequent decrease in the resting membrane potential. The duration and magnitude of depolarization depend on various factors such as the type of cells involved, the strength of the stimulus, and the presence of ion channels or pumps.;Meta
Synchrotron;A synchrotron is a type of particle accelerator that produces intense beams of electromagnetic radiation by accelerating electrons to nearly the speed of light and then bending their path using magnetic fields. The accelerated electrons emit radiation as they travel through a circular tunnel, which is typically several kilometers in circumference. This radiation can be tuned to specific wavelengths and energies, making it useful for studying materials at the atomic level. Synchrotrons are commonly used in scientific research, particularly in fields such as biology, chemistry, and physics, where the high-intensity radiation allows researchers to visualize and analyze complex structures and processes.;Meta
Curvature;Curvature is a fundamental concept in various scientific disciplines including physics, mathematics, and geometry. In Euclidean geometry, curvature refers to the degree to which a surface deviates from being flat. A curved surface can be thought of as having more area than an equivalent flat surface with the same boundary. This property has significant implications for fields such as topology and differential geometry, where it is used to describe the shapes of spaces and surfaces. In physics, curvature plays a crucial role in understanding the behavior of particles and forces in extreme environments, such as near black holes or during the very early universe.;Meta
Smart grid;The smart grid is a modern electrical grid that uses advanced technologies to optimize energy distribution and consumption. It enables real-time monitoring and control of energy flow, allowing for more efficient management of power generation, transmission, and consumption. Smart grids utilize advanced sensors, automation systems, and communication networks to detect faults and anomalies in the grid, enabling rapid repair and minimizing outages. Advanced weather forecasting and predictive analytics are also used to anticipate energy demand and adjust supply accordingly. This enables utilities to optimize their energy distribution, reduce waste, and promote renewable energy sources while improving reliability, efficiency, and sustainability.;Meta
Diastereomer;Diastereomers are stereoisomers that are not mirror images of each other, unlike enantiomers. This means they have the same molecular formula and bond order as their diastereomer counterpart, but differ in terms of their three-dimensional arrangement. Diastereomers can be formed by introducing a chiral center or by changing the configuration of an existing chiral center. The difference between diastereomers is not just in their physical properties, such as melting points and boiling points, but also in their chemical reactivity. Diastereomers often exhibit different solubilities, densities, and optical activities, making them useful for studying and separating molecules with similar structures.;Meta
Synapse;A synapse is a small gap between two neurons or nerve cells that allows them to communicate with each other through chemical signals. It is the main way in which neurons transmit information to each other and ultimately influence behavior. Synapses are formed when the terminal end of one neuron, called the presynaptic neuron, releases neurotransmitters into the synapse. These neurotransmitters then bind to receptors on the surface of another neuron, called the postsynaptic neuron, causing a change in its electrical properties that can lead to the transmission of signals further down the neural pathway.;Meta
Peroxisome;Peroxisomes are small organelles found in the cells of most eukaryotic organisms, including animals, plants, and fungi. They play a crucial role in breaking down fatty acids and amino acids through the process of beta-oxidation and omega-oxidation, respectively. Peroxisomes also participate in the metabolism of cholesterol, glycosphingolipids, and other lipids. The enzymes responsible for these reactions are targeted to peroxisomes by specific targeting signals, allowing the organelles to function autonomously. Defects in peroxisomal function have been linked to a range of diseases, including Zellweger syndrome and X-linked hypercholesterolemia, highlighting the importance of peroxisomes in cellular metabolism.;Meta
Cosmic inflation;Cosmic inflation is a theoretical framework in physical cosmology that suggests the universe underwent a rapid expansion in the very early stages of its evolution. This period of rapid expansion occurred in the fraction of a second after the Big Bang and was characterized by an exponentially increasing scale factor, causing the universe to inflate to approximately one-quarter of its current size. The inflationary epoch is thought to have smoothed out any irregularities in the universe, explaining why the cosmic microwave background radiation is so uniform today.;Meta
Batch normalization;Batch normalization is a widely used technique in deep learning to standardize the input data for each layer in a neural network during training. This process involves normalizing the activations at the output of each layer by subtracting the mean and dividing by the standard deviation, calculated over all values in the mini-batch. Batch normalization helps to stabilize the training process, reduce internal covariate shift, and improve model robustness. It also accelerates convergence and reduces overfitting by whitening the input data, allowing the network to learn more generalizable features. By applying this technique, neural networks can be more efficiently trained and achieve better performance on various tasks.;Meta
Immunological synapse;The immunological synapse is a specialized cell-cell contact formed between an antigen-presenting cell and a T lymphocyte during an immune response. This structure enables the efficient transfer of information from the APC to the T cell, allowing for the activation and differentiation of the latter into effector cells. The synapse is characterized by the formation of a central zone of adhesion between the two cells, surrounded by a peripheral zone of diffusion, where signaling molecules are exchanged. Key components of the immunological synapse include the T-cell receptor, CD28 and CTLA4 receptors on the T cell, and MHC-peptide complexes on the APC. The synapse is dynamic, with constant reorganization and remodeling during the immune response.;Meta
Fermi level;The Fermi level is a fundamental concept in solid-state physics that describes the energy level at which the probability of finding an electron within a material is 50%. It is named after the Italian physicist Enrico Fermi who first proposed it as a way to understand the electronic structure of metals. The Fermi level is typically measured from the vacuum level and is denoted by the symbol EF. In metals, the Fermi level lies above the bottom of the conduction band, while in insulators, it falls below the top of the valence band. The position of the Fermi level determines many of the material's electronic properties, such as its conductivity, thermal properties and optical absorption.;Meta
Tribology;Tribology is the scientific study of the interaction between surfaces in relative motion with each other, including friction, wear, and lubrication. This field encompasses a wide range of phenomena that occur when two surfaces are in contact, such as scratching, scuffing, and spalling. Friction, which is the resistance to relative motion between two surfaces, is a critical aspect of tribology. Wear, or the gradual loss of material from one or both surfaces, can also occur due to friction. Lubrication, the use of substances to reduce friction and wear, is another key area of study in tribology. The application of tribological principles and techniques has important implications for various fields, including engineering, materials science, and biomechanics.;Meta
Central tolerance;Central tolerance refers to the process by which immature T cells in the thymus are educated to recognize self-antigens and ignore them, thereby preventing autoimmune diseases. During this process, developing T cells that react strongly to self-peptides are eliminated or suppressed, allowing only those with low affinity for self-antigens to mature and enter the peripheral immune system. This tolerance is induced by interactions between developing T cells and thymic antigen-presenting cells, such as cortical epithelial cells and dendritic cells. The presentation of self-antigens in the context of major histocompatibility complex molecules helps shape the developing T cell repertoire, ensuring that mature T cells are specific for foreign antigens rather than self-antigens.;Meta
Species evenness;Species evenness is a measure of how evenly distributed species are in a community. It is often used to describe the diversity of a ecosystem and can be measured using various indices, such as Simpson's index and Shannon entropy. The concept is based on the idea that in a diverse community, many species should have similar abundances, whereas in an uneven community, one or a few species would dominate. Higher evenness values indicate greater similarity in abundance among species, while lower values suggest dominance by one or a few species. Species evenness can be influenced by factors such as environmental conditions and disturbance regimes.;Meta
Anthropocene;The Anthropocene is a proposed geological epoch characterized by humanity's profound impact on the Earth's environment. It is marked by widespread human-induced changes to the planet's ecosystems, climate, and geology. The term was first coined in 2000 by atmospheric scientist Paul Crutzen and ecologist Eugene Stoermer, who argued that humans had become a dominant geological force, comparable to natural forces like plate tectonics and volcanic activity. The Anthropocene is defined by the global distribution of industrialization, urbanization, and technological advancements, which have led to significant changes in land use, climate change, and pollution.;Meta
Michelson interferometer;The Michelson interferometer is a type of optical instrument used to split and recombine light beams in order to measure interference patterns. It was invented by Albert Abraham Michelson in 1881. The device consists of two identical half-silvered mirrors, placed at right angles to each other, with a beam splitter between them. A light source is directed onto the beam splitter, which divides it into two perpendicular beams that then hit the mirrors. The reflected beams are recombined at the beam splitter, creating an interference pattern that can be observed and analyzed. This device has been widely used in various fields such as optics, spectroscopy, and astronomy to measure properties like frequency, phase shifts, and polarization states of light.;Meta
Mineral;Minerals are naturally occurring inorganic solids with a specific chemical composition and a crystalline structure. They are formed through geological processes such as magmatic activity, metamorphism, and hydrothermal alteration. Minerals can be found in igneous, sedimentary, and metamorphic rocks, as well as in hydrothermal veins and economic deposits. The unique combination of elements and crystal structure determines the physical and chemical properties of each mineral, including its color, hardness, density, and optical properties. Many minerals have important industrial, technological, or biological applications, such as quartz for electronics and iron ore for steel production.;Meta
Finite element method;The finite element method is a numerical technique used to solve partial differential equations that arise in various fields such as mechanics, heat transfer, mass transport, and fluid flow. It involves dividing a complex problem domain into smaller subdomains or elements, solving the PDE within each element, and then combining the solutions from all elements to obtain the solution for the entire domain. The method is based on the idea of assuming the solution within each element as a linear combination of basis functions, which are typically polynomials or trigonometric functions.;Meta
Histone;Histones are small basic proteins found in the nucleus of eukaryotic cells, playing a crucial role in the structure and function of chromatin, the complex of DNA and proteins. There are five main histone proteins: H1, H2A, H2B, H3, and H4, which assemble into an octamer core to form nucleosomes around which DNA wraps. Histones regulate gene expression by influencing the accessibility of transcription factors to specific regions of DNA. Alterations in histone modifications, such as acetylation, methylation, and phosphorylation, have been linked to various diseases, including cancer and neurological disorders. In addition, histones can serve as a scaffold for various enzymes involved in DNA replication, repair, and recombination.;Meta
Pyridoxal phosphate;Pyridoxal phosphate is a coenzyme derived from vitamin B6 that plays a crucial role in various biological processes. It is formed when pyridoxine, a precursor molecule, is phosphorylated by an enzyme called kinase. This coenzyme acts as a cofactor for many enzymes involved in amino acid metabolism, such as decarboxylases and transaminases. Pyridoxal phosphate is essential for the proper functioning of these enzymes, which are responsible for breaking down and building up proteins, respectively. Additionally, it participates in the synthesis of neurotransmitters like serotonin and dopamine, and is also involved in the metabolism of glycine, an amino acid.;Meta
Differential equation;A differential equation is a mathematical statement that describes how a quantity changes with respect to another variable, often time or space. It is characterized by an unknown function and its derivatives are involved in the equation. Differential equations are used to model various phenomena in fields such as physics, engineering, economics, and biology, including population growth, chemical reactions, electrical circuits, and mechanical systems. The key challenge lies in finding a solution that satisfies the equation and initial or boundary conditions. There are different types of differential equations, including ordinary differential equations, which involve a single independent variable, and partial differential equations, which involve multiple independent variables.;Meta
Thalamus;The thalamus is a structure in the brain that plays a crucial role in relaying sensory information to the cortex. It is situated at the base of the cerebral hemisphere and receives sensory input from various parts of the body, including the eyes, ears, skin, and other organs. The thalamus acts as a gatekeeper, filtering and processing this information before sending it to higher-level brain regions for interpretation. It also helps regulate consciousness, sleep-wake cycles, and motor control by communicating with other brain structures such as the cortex, hippocampus, and cerebellum. Damage to the thalamus can result in sensory impairments, movement disorders, and cognitive difficulties.;Meta
Working memory;Working memory is a cognitive system responsible for temporarily holding and manipulating information in the brain. It is a critical component of executive function, enabling individuals to learn, reason, and solve problems by retaining relevant data and performing mental operations on that data. The working memory capacity varies across individuals, with some showing greater abilities than others. Research suggests that working memory is comprised of multiple components, including phonological loops for auditory information and visuospatial sketches for visual information. Deficits in working memory have been linked to various cognitive and neurodevelopmental disorders, such as attention-deficit/hyperactivity disorder, autism spectrum disorder, and learning disabilities.;Meta
Question answering;Question answering is a subfield of natural language processing that aims to automatically answer specific questions drawn from text data. It involves identifying relevant information from a given document or corpus and extracting an accurate and concise response that answers the posed question. This task requires deep understanding of linguistic patterns, semantic relationships, and contextual dependencies within the input text. Effective question answering systems utilize various techniques, including parsing, entity recognition, sentiment analysis, and knowledge graph-based reasoning to generate high-quality responses.;Meta
Bonferroni correction;The Bonferroni correction is a statistical method used to adjust the significance level of multiple hypothesis tests in order to account for the increased risk of false positives that arises from performing multiple tests. This correction was first proposed by Italian statistician Carlo Emilio Bonferroni in 1936. The method works by multiplying the original significance level by the number of tests performed, effectively reducing the overall significance level and minimizing the chance of type I errors. This correction is particularly useful when conducting multiple tests to identify statistically significant differences or correlations. By applying the Bonferroni correction, researchers can ensure that their findings are more reliable and less susceptible to false discoveries.;Meta
Young's modulus;Young's modulus is a measure of the stiffness of solid materials under tensile stress, defined as the ratio of stress to strain within the proportional limit. It is named after Thomas Young, an English physician and physicist who first described the phenomenon in the early 19th century. The modulus is typically denoted by E or Y and is expressed in units of pascals or gigapascals. In general, a higher value of Young's modulus indicates greater stiffness and resistance to deformation under stress. The modulus is an important property of materials used in engineering design and analysis, particularly for structures subject to tension or compression loads.;Meta
Allosteric regulation;Allosteric regulation is a mechanism by which the activity of an enzyme or protein is modulated through binding of effector molecules at sites distant from the active site. This type of regulation involves a conformational change in the target molecule, leading to changes in substrate affinity, reaction rate, and/or substrate specificity. The allosteric effector binds to a specific site on the enzyme or protein, altering its three-dimensional structure and subsequently affecting its enzymatic activity. Allosteric regulation plays a crucial role in many biological processes, including metabolic pathways, signal transduction pathways, and gene expression.;Meta
Super-resolution microscopy;Super-resolution microscopy is a type of optical microscopy that enables researchers to visualize objects with resolution higher than the diffraction limit of light, which is approximately 200 nanometers. This limit is imposed by the physical properties of light and the way it interacts with the microscope objective. To overcome this limitation, various super-resolution techniques have been developed, including stimulated emission depletion, structured illumination microscopy, and stochastic optical reconstruction microscopy. These methods use complex combinations of laser beams, fluorescent molecules, and sophisticated data analysis to reconstruct high-resolution images of samples. Super-resolution microscopy has revolutionized the field of cell biology by enabling researchers to study the dynamics of biological processes at the molecular level with unprecedented detail.;Meta
Complement system;The complement system is a group of proteins that work together to help eliminate pathogens from the body and promote the clearance of immune complexes. It is a critical component of the innate immune response and plays a key role in host defense against infection. The system is initiated by the activation of complement proteins, which leads to the formation of a membrane attack complex that can lyse certain bacteria and other microorganisms. Activated complement proteins also interact with antibodies to enhance their ability to bind to antigens, promoting the removal of pathogens from the body through phagocytosis or complement-mediated lysis.;Meta
Targeted therapy;Targeted therapy is a type of treatment that aims to attack specific cancer cells while sparing healthy cells by targeting molecular pathways or signaling molecules involved in tumor growth and progression. This approach is based on the understanding that different types of cancer have distinct genetic and molecular characteristics, making it possible to design therapies that selectively target these abnormalities. Targeted therapies can be small molecule inhibitors, monoclonal antibodies, or gene therapy, and are often used in combination with other treatments such as chemotherapy and radiation. By targeting specific molecular pathways, targeted therapies can be more effective and have fewer side effects compared to traditional chemotherapy.;Meta
Glycolysis;Glycolysis is the process by which glucose is converted into pyruvate, releasing a small amount of energy in the form of ATP and NADH. It is the first step in cellular respiration, the process by which cells generate energy from glucose. Glycolysis occurs in the cytosol of cells and is a key component of many metabolic pathways. The process involves a series of enzyme-catalyzed reactions that ultimately convert one molecule of glucose into two molecules of pyruvate. During this process, glycolysis generates a net yield of two ATP molecules and two NADH molecules.;Meta
Hydrogen bond;Hydrogen bonds are weak intermolecular forces that arise between molecules containing hydrogen atoms bonded to highly electronegative elements such as oxygen, nitrogen, and fluorine. These atoms have a partial positive charge due to the unequal sharing of electrons with the hydrogen atom. The resulting partially positively charged hydrogen atom can form a weak bond with another molecule's electronegative atom, such as an oxygen or nitrogen, which has a partial negative charge. This interaction is typically weaker than covalent bonds but stronger than van der Waals forces and plays a crucial role in determining the physical properties of molecules and their ability to interact with each other.;Meta
Biogeochemistry;Biogeochemistry is the study of the chemical, physical, and biological processes that occur within Earth's ecosystems, including the cycling of nutrients and energy between living organisms and their environment. This interdisciplinary field combines concepts from biology, chemistry, geology, and ecology to understand the complex interactions between the biosphere, atmosphere, hydrosphere, and lithosphere. Biogeochemical processes shape the chemical composition of the environment, influencing the structure and function of ecosystems, as well as the global climate and atmospheric composition. Key biogeochemical cycles include carbon, nitrogen, phosphorus, sulfur, and oxygen, which are critical for life on Earth.;Meta
Wernicke's area;Wernicke's area is a region in the temporal lobe of the human brain responsible for language comprehension. It is located near the lateral surface of the temporal lobe and is characterized by its unique organization and function. This area receives auditory input from the primary auditory cortex and processes linguistic information, allowing individuals to understand spoken language. Damage to Wernicke's area can result in a condition known as Wernicke's aphasia, characterized by difficulties with language comprehension and production. The area is named after German neurologist Carl Wernicke, who first described the region's role in language processing in the late 19th century.;Meta
Pearlite;Pearlite is a type of microstructure that occurs in certain steels when they are cooled slowly through a temperature range known as the austenitic-ferritic phase transition. This transformation takes place between 723°C and 549°C, where the steel's crystalline structure changes from austenite to a mixture of ferrite and cementite pearlite. The resulting microstructure is characterized by a layered arrangement of these two phases, with alternating layers of ferrite and cementite that can be several hundred nanometers in thickness. Pearlite formation is influenced by factors such as alloy composition, cooling rate, and temperature, and its presence can significantly affect the steel's mechanical properties, including strength, toughness, and ductility.;Meta
pH;pH is a measure of the concentration of hydrogen ions in a solution. It is a logarithmic scale that ranges from 0 to 14, with a pH of 7 being neutral. A pH below 7 is acidic, while a pH above 7 is basic or alkaline. The higher the pH, the more basic the solution, and the lower the pH, the more acidic it is. In biological systems, pH plays a crucial role in many physiological processes, including enzyme activity, protein structure, and nutrient absorption. Changes in pH can have significant effects on these processes, making it essential to maintain a stable pH in living organisms.;Meta
Somite;Somites are mesenchymal structures that arise during embryonic development in vertebrates. They are formed by the segmentation of the paraxial mesoderm, a layer of cells located between the neural tube and the primitive streak. The formation of somites is thought to be initiated by the expression of specific transcription factors, such as Pax3 and Pax7. Each somite then undergoes a process called epiboly, where it becomes progressively smaller and more elongated as it grows. Somites eventually give rise to various tissues and structures, including skeletal muscles, bones, tendons, and ligaments. The development of somites is essential for the proper formation of the vertebrate body plan.;Meta
Adaptation;Adaptation refers to the process by which organisms evolve to better suit their environment over time. This phenomenon is driven by natural selection, where individuals with traits that provide a survival or reproductive advantage are more likely to pass those traits on to their offspring. As a result, populations can change in response to changing environmental conditions, such as climate, predation pressure, or availability of resources. Adaptations can manifest at various levels, including morphology, physiology, behavior, and even molecular biology. For example, the peppered moth evolved from having a light-colored appearance to a dark-colored one in response to industrial pollution, which caused trees to become darker due to soot accumulation.;Meta
Differential scanning calorimetry;Differential scanning calorimetry is a thermal analytical technique used to measure the heat capacity and thermal transitions of a sample as a function of temperature. The method involves monitoring the difference in heat flow between a sample and a reference material, typically an empty pan or another substance with a known thermal profile. This differential heat flow is measured as the sample is heated or cooled at a controlled rate, allowing researchers to detect subtle changes in its thermodynamic properties. The technique is particularly useful for studying phase transitions, such as melting or crystallization, and has applications in fields including materials science, biochemistry, and pharmaceutical research.;Meta
Energy-based model;An energy-based model is a mathematical framework used to describe complex systems by representing their behavior as a function of energy rather than time or space. This approach is particularly useful for modeling physical and biological systems that are inherently driven by energy flows. In an energy-based model, the system's behavior is described in terms of its energy landscape, which represents the total energy of the system at each possible state. The model's dynamics are then governed by the rules of energy conservation and conversion between different states, allowing for a more intuitive and insightful understanding of the system's behavior.;Meta
Beamforming;Beamforming is a signal processing technique used to control and steer the directionality of a radio frequency beam emitted by an antenna array. This is achieved by adjusting the phase and amplitude of individual antenna elements to create a specific radiation pattern. The goal is to maximize signal gain in a desired direction, while minimizing interference from other sources. Beamforming is commonly used in wireless communication systems, such as cellular networks, satellite communications, and radar applications, where spatial filtering is necessary to improve signal-to-noise ratio and increase data transmission rates. In addition, beamforming can also be used to jam or suppress unwanted signals in a specific direction, making it an important tool for military and civilian applications.;Meta
Austenite;Austenite is a type of non-equilibrium solid solution that forms in certain iron-based alloys when they are rapidly cooled from a high temperature to room temperature. This process is known as quenching and can occur during industrial processes such as forging or casting. Austenite is characterized by its face-centered cubic crystal structure, which is different from the body-centered cubic structure of ferrite, another common form of iron. The presence of austenite in steel alloys can have significant effects on their strength, toughness, and corrosion resistance. Austenite can also undergo phase transformations when heated or cooled, resulting in changes to its mechanical properties.;Meta
Flow chemistry;Flow chemistry is a laboratory technique that involves the continuous flow of reagents and reactants through a microreactor to facilitate chemical reactions. This approach enables the efficient synthesis of complex molecules by minimizing reaction times, improving yields, and reducing waste. The flow regime allows for precise control over reaction conditions, such as temperature, pressure, and mixing, which can be easily optimized and reproduced. Furthermore, flow chemistry enables the simultaneous processing of multiple reactions in a single device, allowing for rapid screening of reaction conditions and optimization of protocols. This technique has been widely adopted in various fields, including pharmaceuticals, agriculture, and materials science, to accelerate discovery and production of novel compounds.;Meta
Word embedding;Word embedding is a statistical technique used in natural language processing to convert words into numerical vectors that capture their semantic meaning. This method represents each word as a point in a multi-dimensional space where similar words are mapped to nearby positions. Word embeddings are trained on large datasets and learn to capture complex patterns of word co-occurrence, such as synonymy, antonymy, hyponymy, and other linguistic relationships. The resulting vectors can be used for various NLP tasks, including text classification, clustering, dimensionality reduction, and information retrieval. Word2vec and GloVe are two popular algorithms that employ this technique to learn high-quality word representations from large amounts of text data.;Meta
ALS;Amyotrophic lateral sclerosis, also known as Lou Gehrig's disease, is a progressive neurological disorder that affects the nerve cells responsible for controlling voluntary muscle movements. The exact cause of ALS is unknown, but it is believed to involve a combination of genetic and environmental factors, including mutations in the SOD1, TARDBP, and C9ORF72 genes. As the disease progresses, motor neurons degenerate and die, leading to muscle weakness, atrophy, and paralysis. There is no cure for ALS, but various treatments can help manage symptoms and slow disease progression. The average life expectancy after diagnosis is two to five years, although some people have lived up to 10 years or more with the condition.;Meta
Ionizing radiation;Ionizing radiation is a type of electromagnetic radiation that has enough energy to cause ionization in atoms, resulting in the formation of ions and free radicals. It is characterized by wavelengths shorter than 10 nanometers and frequencies higher than 3 x 10^16 Hz. Ionizing radiation includes X-rays, gamma rays, ultraviolet light, and high-energy particles such as alpha and beta particles. These forms of radiation are capable of interacting with biological molecules, including DNA, proteins, and water, which can lead to chemical changes and potentially harmful effects on living organisms.;Meta
Vadose zone;"The vadose zone is the region above the water table and below the land surface where the pore spaces are not saturated with water. It is a transitional zone between the unsaturated and saturated zones of the Earth's subsurface. The vadose zone can be further divided into three sub-zones: the uppermost layer, which is typically dry or only slightly moist; the intermediate zone, where the soil moisture content varies depending on precipitation and evapotranspiration; and the lower zone, which is characterized by a gradual increase in moisture towards the water table. The vadose zone plays a crucial role in filtering and storing water, as well as affecting groundwater recharge and aquifer properties.";Meta
Repolarization;Repolarization is the process by which a cell's membrane potential returns to its resting state after an action potential has occurred. This occurs when potassium ions rush into the cell and sodium ions rush out, causing the membrane potential to return to its original value. Repolarization helps to reset the neuron's ability to generate subsequent action potentials, preventing them from becoming stuck in a prolonged state of excitation. The rate at which repolarization occurs can affect the frequency and duration of subsequent action potentials, influencing neural activity and communication. In cardiac tissue, repolarization is critical for maintaining normal heart rhythm and preventing arrhythmias.;Meta
Subduction;Subduction is a process in which one tectonic plate sinks beneath another at a convergent plate boundary. This occurs when two plates are moving towards each other and one plate is denser than the other, typically an oceanic plate that has cooled and become dense enough to sink into the Earth's mantle. As the plate subducts, it encounters increasing heat and pressure, causing it to melt and release magma that rises to the surface as volcanic arcs. The subducting plate can also carry water and sediment with it, which are released as the plate is recycled back into the Earth's mantle. This process plays a crucial role in shaping the Earth's surface and creating mountain ranges.;Meta
Glycolipid;Glycolipids are a class of lipids that contain a carbohydrate molecule, typically a sugar, linked to a lipid via a phosphate group. They are found in the plasma membranes of eukaryotic cells and play important roles in cell signaling, adhesion, and differentiation. Glycolipids can be either simple glycolipids, which have a single carbohydrate chain, or complex glycolipids, which have multiple carbohydrate chains. The most well-studied glycolipid is ganglioside GM1, found on neurons and involved in neural cell adhesion and signaling. Other examples of glycolipids include sphingolipids, which are found in animal cells and are important for cell membrane structure and function.;Meta
Data acquisition;Data acquisition is the process by which data is collected from various sources such as sensors, instruments, and devices. It involves converting raw physical measurements into a digital format that can be processed, stored, and analyzed using computer systems. The primary goal of data acquisition is to obtain accurate and reliable data that can be used for further analysis, modeling, or decision-making. Data acquisition techniques include analog-to-digital conversion, sampling rates, and data formatting, which ensure the quality and integrity of the collected data. Effective data acquisition is crucial in various fields such as scientific research, engineering, healthcare, finance, and environmental monitoring, where accurate data is essential for making informed decisions.;Meta
Hubbard model;The Hubbard model is a theoretical framework in condensed matter physics that describes interacting electrons in a periodic potential, such as those found in crystals or molecules. It was introduced by John Hubbard in 1953 to study the behavior of electrons in magnetic materials. The model assumes that each electron interacts with a localized spin on a neighboring site through an exchange interaction, which is a key feature of many magnetic systems. This simple yet powerful framework has been widely used to understand the physics of magnetism, superconductivity, and other exotic phenomena in various materials.;Meta
Ion channel;Ion channels are membrane-spanning proteins that facilitate the movement of ions across cell membranes while maintaining electrochemical gradients. They are essential for various cellular processes, including nerve conduction, muscle contraction, and hormone secretion. Ion channels can be classified into three main categories: voltage-gated, ligand-gated, and mechanosensitive channels. Voltage-gated channels open in response to changes in membrane potential, allowing specific ions to flow through. Ligand-gated channels are activated by the binding of neurotransmitters or hormones, whereas mechanosensitive channels respond to mechanical stimuli. Ion channels play a crucial role in maintaining cellular homeostasis, and dysregulation can lead to various diseases, including epilepsy and cystic fibrosis.;Meta
Dislocation;"A dislocation is a type of crystal defect that occurs when a lattice plane in a crystalline material is disrupted by the movement of a portion of the crystal structure along a slip plane. This can happen due to mechanical stress, thermal fluctuations or radiation damage, causing a segment of the crystal lattice to move past another adjacent segment without moving through the intervening atoms. As a result, a ""step"" forms in the crystal lattice, which is referred to as a dislocation. Dislocations can have significant effects on the material's properties and behavior, including its strength, ductility, and electrical conductivity.";Meta
Dysbiosis;Dysbiosis is a condition characterized by an imbalance or disorder in the community of microorganisms that inhabit a particular ecological niche, typically referring to the human gut microbiome. This disruption can occur due to various factors such as changes in diet, medication use, stress, or exposure to environmental toxins. As a result, the normal functioning and interaction among these microorganisms are disrupted, leading to alterations in their metabolic processes and production of bioactive molecules. Dysbiosis has been linked to various diseases and conditions, including inflammatory bowel disease, obesity, type 2 diabetes, and mental health disorders. The exact mechanisms underlying dysbiosis remain unclear, but research suggests that the condition may be influenced by genetic predisposition, age, and lifestyle factors.;Meta
Fractional quantum Hall effect;The fractional quantum Hall effect is a collective behavior exhibited by two-dimensional electron systems at very low temperatures and high magnetic fields. It arises when the Fermi level lies within a Landau level, causing the electrons to condensate into a state with broken symmetry. In this state, the electrons form quasiparticles known as anyons or composite fermions that have fractional charge. These quasiparticles can be thought of as excitations above the ground state, similar to magnons in a ferromagnet. The resulting plateaus in the Hall conductivity are integer multiples of e/3, where e is the elementary charge.;Meta
Homeostasis;"Homeostasis is the ability of living organisms to maintain a stable internal environment despite changes in external conditions. It involves a complex interplay between multiple physiological systems, such as those regulating temperature, pH, blood sugar levels, and blood pressure. The process of homeostasis ensures that essential bodily functions, like metabolism, growth, and reproduction, remain within a narrow optimal range. For instance, the body's ability to regulate its temperature is crucial for maintaining cellular processes; if it were too hot or cold, enzymes would become denatured, leading to impaired metabolic activity. Similarly, maintaining proper blood sugar levels prevents cellular damage and supports energy production.";Meta
MHC class II;MHC class II molecules are a type of major histocompatibility complex protein that plays a crucial role in the immune system's processing and presentation of antigens to CD4+ T cells. They are expressed on the surface of antigen-presenting cells such as dendritic cells, macrophages, and B cells, where they help to activate an adaptive immune response. Class II molecules are heterodimers composed of α and β chains that form a peptide-binding cleft through which antigens are taken up and processed. The complex formed by the MHC class II molecule and antigen is recognized by CD4+ T cells, which then become activated to proliferate and differentiate into effector T cells that target infected or cancerous cells.;Meta
Lithography;"Lithography is a method of printing that involves creating a design on a stone or metal plate with a grease-based substance called a ""lithographic drawing"". The plate is then treated with a solvent to reverse the image, making it receptive to ink. When an aqueous solution is applied to the plate, it adheres only to the drawn areas, allowing for precise printing. Lithography was invented by Alois Senefelder in 1798 and revolutionized graphic arts, enabling mass production of printed materials. The process involves multiple steps, including drawing, etching, and processing, which require great skill and attention to detail.";Meta
