Termo;Text;Label
Predation;Predation is a fundamental concept in ecology that describes the process by which one organism, called the predator, hunts and feeds on another organism, known as prey. This interaction involves the predator using various strategies to capture and kill its prey, such as stalking, ambushing, or chasing, depending on the type of predator-prey relationship. Predation plays a crucial role in shaping ecosystems and maintaining population dynamics, influencing species distribution, behavior, and evolution over time. Herbivorous predators, carnivores, omnivores, and scavengers all participate in this complex process, highlighting the intricate relationships within ecosystems and their responses to environmental changes.;Meta
Stem cell;Stem cells are undifferentiated biological cells that have the ability to differentiate into specialized cell types. They can be found in various tissues and organs throughout the body, including bone marrow, brain, blood vessels, and embryonic tissue. Stem cells possess two key characteristics: self-renewal and pluripotency. Self-renewal allows stem cells to replicate themselves indefinitely, while pluripotency enables them to differentiate into any cell type in the body. This versatility makes stem cells valuable for research, as they can be used to model human diseases and test new treatments. Additionally, stem cells hold promise for regenerative medicine, where they may be used to repair or replace damaged tissues and organs.;Meta
Neuroprotection;Neuroprotection refers to the scientific study and application of preventing or reducing damage to neurons, the functional units of the nervous system, in various pathological conditions such as stroke, traumatic brain injury, neurodegenerative diseases like Alzheimer's and Parkinson's, and exposure to toxic substances. Neuroprotective strategies aim to maintain neuronal integrity, promote recovery, and slow disease progression. Research in this field involves understanding the complex interactions between neurons, glial cells, and their environment, identifying molecular mechanisms of neurodegeneration, and developing therapeutic interventions to mitigate or prevent damage. Effective neuroprotection can have significant implications for treating and managing neurological disorders.;Meta
Bone marrow;Bone marrow is a spongy tissue within bones that produces blood cells through hematopoiesis, a process involving cell division and maturation. The bone marrow is composed of hematopoietic stem cells, which differentiate into various cell types including red blood cells, white blood cells, and platelets. It also contains supporting cells such as adipocytes and stromal cells that provide nutrients and structural support to the developing blood cells. Bone marrow is found within the cavities of long bones like the femur and humerus, and its function is essential for maintaining blood cell production throughout life. Bone marrow disorders can lead to anemia, infections, and bleeding complications.;Meta
Synaptic pruning;Synaptic pruning is a process in which weak or unnecessary neural connections are eliminated from the brain through programmed cell death, also known as apoptosis. This process refines and optimizes neural circuits by strengthening essential connections and eliminating redundant or defective ones. Synaptic pruning occurs throughout life, but it is most prevalent during critical periods of development, such as childhood and adolescence. It involves the activation of microglial cells, which engulf and remove excess synapses, thereby refining synaptic connections and promoting synaptic plasticity. This process is crucial for learning and memory formation, and abnormalities in synaptic pruning have been implicated in various neurological disorders, including autism and schizophrenia.;Meta
Mucosa-associated lymphoid tissue;Mucosa-associated lymphoid tissue is a type of immune system component found in various mucosal surfaces throughout the body, including the respiratory and gastrointestinal tracts. MALT consists of lymphocytes that are embedded within or near mucous membranes, providing a primary defense against infections and other foreign substances. It functions as an important first line of defense against pathogens, with cells in MALT capable of recognizing and responding to invading organisms by initiating an immune response. The presence and function of MALT have been implicated in various diseases, including autoimmune disorders and certain types of cancer. Research on MALT has shed light on its role in maintaining mucosal immunity.;Meta
Volcanism;Volcanism is the study of volcanoes and volcanic activity, encompassing both the internal processes that drive eruptions and the external effects on the surrounding environment. Volcanic eruptions are primarily driven by the movement of tectonic plates, which can lead to the melting of rocks beneath the Earth's surface. This molten rock, known as magma, rises through the crust and is released at a volcano's vent or fissure. The resulting eruption can be explosive, effusive, or phreatomagmatic, depending on the composition and pressure of the magma. Volcanic activity also shapes the surrounding landscape through the deposition of lava flows, ash, and other pyroclastic material.;Meta
Pentose phosphate pathway;The pentose phosphate pathway is a metabolic pathway that generates NADPH and pentoses from glucose-6-phosphate through a series of oxidation-reduction reactions. It is primarily located in the cytosol and is involved in the biosynthesis of nucleic acids, cholesterol, and fatty acids. The pathway is initiated by the conversion of glucose-6-phosphate to 6-phosphogluconolactone, which is then hydrolyzed to form 6-phosphogluconate. This compound undergoes a series of reactions that ultimately produce ribulose-5-phosphate, a precursor for nucleotide synthesis, and NADPH, which serves as an electron donor in biosynthetic processes. The pathway also plays a role in protecting cells from oxidative stress by generating reducing power through the production of NADPH.;Meta
Attenuated vaccine;An attenuated vaccine is a type of live vaccine that contains a weakened form of a pathogen, such as a virus or bacteria, which causes disease in humans. The attenuation process involves reducing the virulence of the pathogen through various methods, including passage through cell cultures, serial dilution, and genetic manipulation. This results in a modified microorganism that is incapable of causing significant disease but can still stimulate an immune response in the host. Attenuated vaccines have been used for many years to protect against a variety of infectious diseases, such as polio, measles, and mumps. They are effective because they mimic the natural infection process.;Meta
Carrying capacity;Carrying capacity refers to the maximum number of individuals of a species that can be supported by a particular environment without degrading its quality or causing long-term damage to its ecosystem. It is determined by the availability of resources such as food, water, and habitat, as well as the ability of the environment to absorb waste products and pollutants. Carrying capacity can vary depending on factors such as climate, soil quality, and human activities like overfishing or deforestation. Understanding carrying capacity is essential for sustainable resource management and conservation efforts, helping to prevent environmental degradation and maintain ecosystem health.;Meta
Quantum dot;A quantum dot is a tiny particle that exhibits quantum mechanical properties due to its small size. Typically made from semiconductor materials such as cadmium selenide or indium phosphide, these particles have dimensions between 2 and 10 nanometers. The quantum dot's size restricts the number of electrons it can hold, resulting in quantized energy levels that are distinct from those found in bulk materials. This phenomenon leads to unique optical and electronic properties, including fluorescence and tunable band gaps. Quantum dots have potential applications in optoelectronics, imaging, and biomedical research due to their ability to emit light at specific wavelengths, making them useful for various technological and scientific purposes.;Meta
Lock and key;The lock-and-key hypothesis is a fundamental concept in molecular biology that describes the interaction between enzymes and their substrates. Proposed by Emil Fischer in 1894, this theory suggests that an enzyme, acting as a lock, binds specifically to its substrate, or key, through precise shape complementarity and chemical affinity. The substrate's unique three-dimensional structure fits into the active site of the enzyme, resulting in a stable complex with enhanced catalytic activity. This interaction is highly specific, enabling enzymes to selectively accelerate the conversion of substrates into products while minimizing non-specific binding events.;Meta
Extracellular matrix;The extracellular matrix is a complex network of proteins and polysaccharides that provides structural and biochemical support to surrounding cells in tissues. It is composed of collagen, elastin, proteoglycans, and glycoproteins, which form a three-dimensional framework for cell attachment, migration, and differentiation. The extracellular matrix plays a crucial role in maintaining tissue architecture, facilitating cell-cell communication, and regulating various physiological processes such as wound healing, inflammation, and angiogenesis. It also influences the behavior of cells, including their growth, survival, and response to external stimuli, making it an essential component of tissue development and function.;Meta
Oceanography;"Oceanography is the scientific study of the Earth's oceans, including their properties, mechanisms, and phenomena. It encompasses various disciplines such as physical oceanography, which examines the ocean's currents, temperature, and salinity; biological oceanography, which studies marine life and ecosystems; chemical oceanography, which investigates the ocean's chemistry and nutrient cycles; and geological oceanography, which explores the ocean floor's geology and seafloor spreading processes. Oceanographers use a range of techniques, including satellite imagery, sonar, and sampling equipment, to gather data and understand complex oceanic phenomena such as tides, waves, and ocean circulation patterns. This knowledge is essential for understanding global climate change, marine ecosystems, and the impact of human activities on the oceans.";Meta
Toughness;Toughness is a measure of a material's ability to withstand impact, abrasion, and deformation without suffering significant damage or failure. It is a key mechanical property that describes how well a material can absorb energy and resist plastic deformation under various loading conditions. Tough materials tend to exhibit high ductility, resistance to crack propagation, and ability to recover from impact events. The toughness of a material is often measured using techniques such as Charpy impact testing or Vickers hardness testing. It is an important consideration in the design and development of materials for applications where reliability and durability are critical, such as aerospace engineering, construction, and automotive industries.;Meta
Gamma-ray burst;A gamma-ray burst is an extremely powerful and energetic explosion that occurs in space when a massive star collapses or when two neutron stars merge. These bursts are characterized by intense energy releases, often exceeding the energy output of an entire galaxy, and emit electromagnetic radiation across the entire spectrum including visible light, X-rays, ultraviolet radiation, and gamma rays. The most likely explanation for these events is that they result from the collapse of a massive star into either a neutron star or a black hole, releasing an enormous amount of energy in the form of a shockwave. Gamma-ray bursts are among the most luminous events in the universe and can be observed from vast distances.;Meta
Embedding;Embedding is a concept in various fields including mathematics, computer science, and signal processing, referring to the process of inserting one object or system into another to create a new entity with properties of both. In mathematics, it is used in topology and algebraic geometry to describe embeddings of manifolds or varieties within other spaces. In computer science, embedding is a technique for representing complex data structures as simpler ones, facilitating processing and storage. Signal processing utilizes embedding in techniques like dimensionality reduction and feature extraction, allowing the representation of high-dimensional signals in lower dimensions without loss of information.;Meta
Neuroinflammation;Neuroinflammation is a pathological condition characterized by the activation of immune cells within the central nervous system, leading to an inflammatory response that can result in tissue damage and dysfunction. This process involves the release of pro-inflammatory cytokines, chemokines, and other signaling molecules that attract and activate resident immune cells, such as microglia and astrocytes. Neuroinflammation is implicated in a wide range of neurological disorders, including Alzheimer's disease, Parkinson's disease, multiple sclerosis, and stroke, where it can exacerbate disease progression and contribute to neurodegeneration. Research has also linked chronic inflammation with psychiatric conditions, such as depression and anxiety.;Meta
Cache coherence;Cache coherence is a technique used in computer architecture to manage the consistency of data across multiple levels of memory hierarchy. When multiple processors share access to a common cache, maintaining coherent state can be challenging. Cache coherence protocols address this issue by ensuring that updates made by one processor are visible and consistent across all other caches. These protocols use messaging between the processors and caches to maintain coherence, often using techniques such as snoop protocols, directory-based protocols, or update-invalidate protocols to manage cache consistency in a multi-processor system.;Meta
Single-cell analysis;Single-cell analysis is a laboratory technique that allows researchers to study individual cells in detail, rather than analyzing populations of cells as a whole. This approach has revolutionized the field of biology by providing a more accurate and nuanced understanding of cellular behavior. Single-cell analysis typically involves isolating individual cells from a sample using techniques such as fluorescence-activated cell sorting or micromanipulation. The isolated cells are then subjected to various analytical techniques, including genome sequencing, gene expression profiling, and proteomics, to gain insights into their genetic and molecular makeup. This information can be used to identify rare subpopulations of cells and understand the mechanisms underlying cellular heterogeneity.;Meta
Triple-alpha process;The triple-alpha process is a series of nuclear reactions that occur in the cores of massive stars. It is the primary mechanism by which helium-4 nuclei are converted into carbon-12. The process begins with two alpha particles fusing to form beryllium-8, which then captures another alpha particle to produce carbon-12. This reaction is energetically favorable and occurs rapidly in stellar cores due to the high temperatures and densities present. The triple-alpha process plays a crucial role in the formation of heavy elements during stellar evolution, ultimately contributing to the abundance of carbon found in the universe. It also has significant implications for our understanding of nucleosynthesis and astrophysical processes.;Meta
Leaving group;In organic chemistry, a leaving group is a functional group that departs from a molecule during a chemical reaction, typically a substitution or elimination reaction. The leaving group must be able to stabilize the negative charge it acquires when it leaves by delocalizing electrons into an adjacent molecule or into a conjugate base. Common examples of leaving groups include halides such as chloride and bromide, sulfonates like methanesulfonate, and alkoxides like methoxide. The ability of a leaving group to facilitate the reaction depends on its stability and ability to delocalize charge.;Meta
Holographic principle;The holographic principle is a concept in theoretical physics that describes the relationship between the information contained in a region of space and the surface area of that region. It suggests that the information contained within a volume of space can be encoded on its surface, much like an image is encoded on a hologram. This idea was first proposed by Gerard 't Hooft in 1993 and later developed by Leonard Susskind. The principle has far-reaching implications for our understanding of black holes, quantum mechanics, and the nature of spacetime itself, and has been influential in the development of string theory and other areas of modern physics.;Meta
Endospore;An endospore is a highly resistant, dormant structure formed by certain bacteria through a process called sporulation. This phenomenon allows bacteria such as Clostridium and Bacillus to survive extreme environmental conditions, including high temperatures, radiation, and desiccation. During sporulation, the bacterial cell undergoes a complex series of morphological changes, resulting in the formation of an endospore within the mother cell wall. The endospore is characterized by its thick, impermeable coat that protects the dormant bacterium from external stressors. Endospores can remain viable for extended periods and are often responsible for bacterial persistence in various environments.;Meta
BCS theory;The BCS theory is a fundamental concept in condensed matter physics that explains the behavior of superconducting materials. Developed by John Bardeen, Leon Cooper, and John Schrieffer in 1957, it describes how electrons can pair up and form Cooper pairs in a lattice, leading to the loss of electrical resistance at low temperatures. The theory proposes that these paired electrons are bound together by an attractive force, typically due to electron-phonon interactions, resulting in a macroscopic wave function that is responsible for superconductivity. This understanding has led to the development of high-temperature superconducting materials and has far-reaching implications for our comprehension of quantum behavior in solids.;Meta
Cellular respiration;Cellular respiration is a metabolic process that occurs in cells to convert glucose into energy in the form of ATP. It involves three main stages: glycolysis, the citric acid cycle, and oxidative phosphorylation. During these stages, glucose molecules are broken down to produce electrons, protons, and energy-rich molecules such as NADH and FADH2. The energy from these molecules is then used to generate ATP through a series of electron transfer reactions. Cellular respiration can be aerobic or anaerobic, depending on the presence or absence of oxygen. Aerobic cellular respiration produces significantly more ATP than anaerobic respiration, which occurs in the absence of oxygen and results in the production of lactic acid or ethanol.;Meta
Neural tissue engineering;Neural tissue engineering is a multidisciplinary field that focuses on developing innovative strategies to repair or replace damaged neural tissues in the central and peripheral nervous system. It combines principles from biology, chemistry, materials science, and biomedicine to create functional neural tissues in vitro, ex vivo, or in situ. Neural stem cells, progenitor cells, and differentiated neurons are manipulated using various biochemical and mechanical cues to form bioartificial neural networks that mimic the in vivo environment. These engineered neural tissues can be used for tissue repair, replacement, and transplantation, offering new avenues for the treatment of neurological disorders and injuries such as spinal cord injury, Parkinson's disease, and multiple sclerosis.;Meta
Principal component analysis;Principal component analysis is a dimensionality reduction technique used to extract relevant features from high-dimensional data by transforming them into a new set of lower-dimensional variables called principal components. The method works by maximizing the variance of each principal component, while minimizing the correlation between them. It is based on the idea that most of the information in a dataset is contained in a few dominant dimensions or factors, and that these can be captured through linear combinations of the original variables. PCA is widely used in multivariate analysis, machine learning, and data visualization to reduce noise, identify patterns, and improve model interpretability.;Meta
Cloning;Cloning is a biological process where an organism's genetic material is duplicated to produce identical copies, either through natural or artificial means. This can occur in various species, including plants and animals. In animals, cloning involves the creation of a genetically identical individual from a somatic cell, typically using nuclear transfer techniques such as somatic cell nuclear transfer. The cloned embryo is then implanted into a surrogate mother to develop into a fetus. Cloning has been used in agriculture for disease-resistant livestock and in research to study genetics and disease modeling. It has also raised ethical concerns regarding human cloning.;Meta
Game theory;Game theory is a branch of mathematics that studies the strategic decision-making process in situations where the outcome depends on the actions of multiple individuals or parties. It provides a framework for analyzing and predicting the behavior of players in competitive or cooperative games, including economic, social, and biological systems. Game theory involves the use of mathematical models to describe and analyze game-like situations, such as auctions, negotiations, and conflicts. The core concept is that decision-makers will take into account the potential actions and outcomes of their opponents when making strategic choices. This field has applications in various fields, including economics, politics, biology, and computer science.;Meta
Titration;Titration is a laboratory technique used to determine the concentration of a substance in a solution by reacting it with a known quantity of another substance called the titrant. The process involves slowly adding small amounts of the titrant to the sample until the reaction is complete, as indicated by a color change or a pH change. The amount of titrant required to reach this endpoint is directly proportional to the concentration of the substance being measured. Titration can be used to determine the concentrations of acids, bases, and other substances in solutions. It relies on the principles of stoichiometry and acid-base chemistry, making it a precise and reliable method for quantitative analysis.;Meta
Leukopoiesis;Leukopoiesis is the process by which the bone marrow produces white blood cells, also known as leukocytes. This complex process involves the proliferation and differentiation of hematopoietic stem cells into mature white blood cells, which are essential for immune defense against infections. Leukopoiesis occurs in a hierarchical manner, with the most primitive hematopoietic stem cells giving rise to more specialized progenitor cells that eventually differentiate into neutrophils, eosinophils, basophils, and lymphocytes. The regulation of leukopoiesis is tightly controlled by a combination of genetic, hormonal, and environmental factors, ensuring an optimal balance between different white blood cell populations in the body. Dysregulation of leukopoiesis can lead to various hematological disorders.;Meta
Molecular recognition;Molecular recognition is a fundamental concept in chemistry and biology that refers to the interaction between two or more molecules, leading to specific binding or association between them. This phenomenon involves the formation of non-covalent bonds, such as hydrogen bonds, ionic interactions, and van der Waals forces, which enable the molecules to selectively recognize and bind to each other. Molecular recognition is a key process in many biological systems, including enzyme-substrate interactions, protein-ligand binding, and DNA replication. It also has significant implications for supramolecular chemistry and the design of molecular sensors, catalysts, and therapeutic agents.;Meta
Asymptotic giant branch;The Asymptotic Giant Branch is a stage in the evolution of low- to intermediate-mass stars, where they undergo significant expansion and cooling. This phase occurs after the star has exhausted its hydrogen fuel in the core and expands to become a red giant. During this period, helium fusion occurs in a shell around the carbon-oxygen core, causing the star's outer layers to expand and cool. The AGB is characterized by strong stellar winds that lead to mass loss, which can affect the star's final stages of evolution, including its transformation into a white dwarf or neutron star.;Meta
Pi bond;A pi bond is a type of covalent bond that occurs in molecules where two p-orbitals overlap perpendicular to each other, resulting in a nodal plane along the axis of bonding. This type of bond is weaker than sigma bonds and is typically found in double and triple bonds. Pi bonds have no cylindrical symmetry about the bond axis, unlike sigma bonds which have full cylindrical symmetry. The overlapping of two p-orbitals results in a node at the center of the bond, which affects the energy and stability of the molecule. This characteristic distinguishes pi bonds from sigma bonds and has implications for understanding molecular structure and reactivity.;Meta
Hemoglobin;Hemoglobin is a protein in red blood cells that transports oxygen from the lungs to the body's tissues and returns carbon dioxide from the tissues to the lungs for exhalation. It is composed of four polypeptide chains, two alpha-globin and two beta-globin chains, which are linked together by covalent bonds. Hemoglobin has a unique structure that allows it to bind oxygen reversibly, enabling efficient gas exchange in the body's tissues. The protein also has a high affinity for carbon dioxide, facilitating its removal from the body. Variations in hemoglobin structure and function can lead to various diseases, such as sickle cell anemia and thalassemia.;Meta
Computability;"Computability is a subfield of mathematical logic that deals with the study of algorithms and computable functions. It focuses on determining which problems can be solved by a computer given enough time and memory. The concept was introduced by Alan Turing in his 1936 paper ""On Computable Numbers"", where he proposed the Turing machine, an abstract model of computation that can simulate any algorithm. The field has since been developed into a rigorous mathematical theory, with key results including the Church-Turing thesis, which states that any effectively calculable function can be computed by a Turing machine. This provides a universal framework for understanding computability and has far-reaching implications in computer science and mathematics.";Meta
Apical ectodermal ridge;The apical ectodermal ridge is a critical morphogenetic structure in embryonic limb development. It forms at the edge of the developing limb bud, and consists of a thickening of ectoderm that protrudes into the underlying mesenchyme. The ridge produces and secretes signals such as FGFs and WNTs, which regulate cell proliferation and differentiation in the adjacent tissues. These signals are essential for the formation and patterning of limb elements, including the outgrowth, rotation, and morphogenesis of digits. Abnormal development or absence of the apical ectodermal ridge can lead to various congenital limb abnormalities, such as oligodactyly or synpolydactyly.;Meta
Spread spectrum;Spread spectrum is a method of transmitting radio signals by spreading the signal over a wide frequency band, making it more difficult to intercept and decode. This technique was first developed in the 1940s by Vladimir Kotelnikov, a Soviet mathematician. In spread spectrum transmission, the data signal is modulated onto a high-frequency carrier wave, which is then divided into multiple narrowband signals that are transmitted simultaneously over a wide frequency band. The receiver uses a correlator to extract the original data from the received signals. Spread spectrum is used in various applications such as military communications, wireless networks, and satellite communications due to its resistance to interference and jamming.;Meta
Finite difference method;The finite difference method is a numerical technique used to solve partial differential equations by discretizing the spatial and temporal domains into small intervals or cells. This allows for the approximation of derivatives as differences between cell values, enabling the solution of complex PDE problems. The method involves dividing the domain into a grid of nodes, where the governing equation is applied at each node to obtain an approximate solution. Finite difference methods are widely used in various fields, including fluid dynamics, heat transfer, and structural mechanics, due to their simplicity and accuracy for certain types of problems.;Meta
Hsp70;Heat shock protein 70 is a family of molecular chaperones that play a crucial role in maintaining cellular homeostasis and preventing protein aggregation. These proteins are induced by heat shock and other forms of stress, such as oxidative stress, UV radiation, and chemical toxicity. Hsp70 acts as a molecular shield, binding to exposed hydrophobic regions on misfolded or denatured proteins and facilitating their proper folding or degradation. This function is essential for maintaining protein homeostasis and preventing the accumulation of dysfunctional proteins that can lead to cellular dysfunction and disease. Hsp70 is conserved across eukaryotes, including humans.;Meta
Limb bud;The limb bud is a critical structure in embryonic development that gives rise to the formation of limbs in vertebrates. It arises from the ectoderm and mesoderm layers during gastrulation, around 3-4 weeks post-fertilization. The apical ectodermal ridge at the tip of the limb bud plays a key role in initiating and maintaining limb outgrowth through FGF signaling. The underlying mesenchyme condenses and differentiates into the various components of the limb, including bones, muscles, tendons, and nerves. As the limb bud grows and develops, it undergoes complex morphogenetic processes to shape its final form. Abnormalities in limb bud development can lead to congenital limb malformations.;Meta
Biosignature;A biosignature is a sign or indicator of the presence of life, often used in astrobiology to detect extraterrestrial life. Biosignatures can be chemical, physical, or biological in nature and may be found on planets, moons, asteroids, comets, or other celestial bodies. Scientists search for biosignatures using various methods such as analyzing atmospheric gases, studying planetary surface features, and detecting signs of biological activity like metabolic byproducts or fossil records. Biosignatures can provide strong evidence for the existence of life beyond Earth and may be used to identify potentially habitable worlds in our galaxy and beyond. The detection of a biosignature would have profound implications for astrobiology and our understanding of the possibility of extraterrestrial life.;Meta
Hidden Markov model;A Hidden Markov model is a statistical model that uses a set of observable events to infer a sequence of states. The model is characterized by a set of hidden states and their corresponding probabilities, as well as a set of observed outputs that are generated by these states. The model assumes that the current state depends only on the previous state, and not on any other information. This makes it suitable for modeling systems with sequential data, such as speech recognition or DNA sequencing. The model is often used in signal processing and machine learning applications to identify patterns and make predictions based on incomplete or noisy data.;Meta
p-value;The p-value is a statistical measure used in hypothesis testing to determine the probability that an observed effect or result could have occurred by chance alone. It is calculated as the probability of obtaining a test statistic at least as extreme as the one observed, assuming that the null hypothesis is true. A small p-value indicates strong evidence against the null hypothesis, but it does not necessarily prove its falsity. The p-value is often misunderstood or misinterpreted in scientific research and has been criticized for contributing to false positives and publication bias.;Meta
Ubiquitin;Ubiquitin is a small protein that plays a crucial role in various cellular processes, including protein degradation, DNA repair, and cell cycle regulation. It is composed of 76 amino acids and is one of the most abundant proteins in eukaryotic cells. Ubiquitination, the process by which ubiquitin is attached to another protein, is a post-translational modification that marks the target protein for degradation or regulation by the proteasome. This modification can also affect protein localization, stability, and activity. The ubiquitin-proteasome system is essential for maintaining cellular homeostasis and has been implicated in various diseases, including neurodegenerative disorders and cancer.;Meta
Cell adhesion;Cell adhesion refers to the process by which cells attach to each other or to a surface. This phenomenon is crucial for maintaining tissue structure and function in multicellular organisms. Cell adhesion molecules such as cadherins, integrins, and selectins mediate interactions between cells, enabling them to form stable contacts. These molecular interactions facilitate cell-to-cell signaling, influence cellular behavior, and play a key role in various physiological processes including development, wound healing, and immune response. Abnormalities in cell adhesion have been implicated in numerous diseases such as cancer, where loss of cell-to-cell adhesion allows for tumor invasion and metastasis.;Meta
ABC transporter;An ABC transporter is a type of transmembrane enzyme that utilizes the energy derived from ATP hydrolysis to transport molecules across cellular membranes against concentration gradients. These proteins consist of two integral membrane domains and two nucleotide-binding domains, which interact with each other in a manner that facilitates the export or import of various substances, including ions, amino acids, sugars, and lipids. ABC transporters play crucial roles in numerous biological processes, such as nutrient uptake and metabolism, detoxification, and hormone regulation. They are found in both prokaryotic and eukaryotic cells and exhibit high specificity for their substrates, allowing them to function effectively in a wide range of cellular environments.;Meta
Causal dynamical triangulation;Causal dynamical triangulation is a theoretical framework in quantum gravity that attempts to merge quantum mechanics and general relativity by discretizing spacetime into simple geometric building blocks called simplices. These simplices are then glued together to form a triangulated spacetime, which evolves over time according to a set of rules derived from the Einstein field equations. The theory is based on the idea that spacetime can be divided into discrete units, similar to how space can be divided into points in classical geometry. By doing so, it hopes to resolve the long-standing problem of reconciling quantum mechanics with general relativity's smooth, continuous description of spacetime.;Meta
Calixarene;Calixarenes are a class of macrocyclic molecules consisting of a hydrocarbon backbone with aromatic rings at the top and bottom, connected by methylene units in a ring-like shape. They were first synthesized in 1967 by French chemist César Goux and have since been extensively studied for their unique properties. Calixarenes can form complexes with metal ions, organic molecules, and other species, making them useful in catalysis, separation science, and supramolecular chemistry. Their ability to bind guest molecules through hydrogen bonding, π-π stacking, or other interactions allows them to function as molecular containers, mimicking the behavior of enzyme active sites.;Meta
Particulate matter;Particulate matter refers to tiny particles suspended in the air that can be either solid or liquid in nature. These particles are typically classified into different size ranges, including fine particulate matter, coarse particulate matter, and ultrafine particulates. PM2.5 is of particular concern due to its ability to penetrate deep into the lungs, potentially causing respiratory problems and other health issues. The sources of particulate matter include natural phenomena such as dust storms and volcanic eruptions, as well as human activities like industrial pollution, vehicle emissions, and biomass burning. Exposure to high levels of particulate matter has been linked to increased risk of cardiovascular disease, lung cancer, and premature death.;Meta
Peptidoglycan;Peptidoglycan is a critical component of bacterial cell walls, providing structural integrity and maintaining osmotic balance within the cell. It consists of a polysaccharide backbone with cross-linked peptide chains, typically composed of N-acetylglucosamine and N-acetylmuramic acid linked by peptide bonds. The arrangement and structure of peptidoglycan vary between bacterial species, influencing their susceptibility to antibiotics. In Gram-negative bacteria, the peptidoglycan layer is relatively thin, while in Gram-positive bacteria it is thicker. Peptidoglycan synthesis occurs through a complex enzymatic pathway involving enzymes such as MurA and MurG. Disruption of peptidoglycan synthesis or structure can lead to bacterial cell lysis.;Meta
Antibody;An antibody is a Y-shaped protein produced by B cells in the immune system to recognize and bind specifically to foreign substances, known as antigens. These proteins play a crucial role in immune defense, helping to neutralize pathogens such as viruses, bacteria, and toxins. Antibodies are highly specific, binding only to their target antigen through unique epitopes or antigenic determinants. When an antibody binds to an antigen, it can mark the pathogen for destruction by other immune cells, such as neutrophils and macrophages. The process of generating antibodies is called immunization or vaccination, which provides long-term immunity against specific diseases.;Meta
Genetic drift;Genetic drift is the random change in allele frequencies in a population from one generation to the next. It occurs when a population is small or isolated, reducing gene flow and increasing the likelihood of genetic changes. This process can lead to the loss of alleles or fixation of new ones, even if they are not advantageous for the population. Genetic drift is more pronounced in populations with low effective size, such as those that have undergone bottlenecks or are fragmented into small subpopulations. As a result, genetic drift can significantly shape the genetic makeup of populations over time.;Meta
RefSeq;RefSeq is a comprehensive database of annotated protein sequences maintained by the National Center for Biotechnology Information at the United States National Library of Medicine. The database contains reference sequences that represent the most up-to-date understanding of each gene and its corresponding protein product, as well as their variants and isoforms. RefSeq is used extensively in genomics research to identify genes and predict their functions, and it serves as a foundation for comparative genomics studies by providing stable identifiers for genes across different species. The database is continuously updated with new data from various sources.;Meta
Pseudogene;A pseudogene is a DNA sequence that resembles a functional gene in terms of its structure and organization but has lost or never acquired the ability to encode a protein due to mutations or other mechanisms. Pseudogenes are typically derived from functional genes through processes such as gene duplication, gene conversion, or retrotransposition. As a result, they often retain many characteristics of their parent gene, including regulatory elements and intron-exon structure. Pseudogenes can provide insights into the evolution of genomes, serving as fossil records of past gene functions. They can also be involved in regulating expression of nearby genes through transcriptional interference or other mechanisms.;Meta
Depth-first search;Depth-first search is a graph traversal algorithm that visits as far as possible along each branch before backtracking. It starts at a given node and explores its neighbors, moving as deep as possible along each path before returning to the previous level. The algorithm can be implemented using recursion or iteration, with the latter often preferred for large graphs due to potential stack overflow issues. This approach is particularly useful in searching unweighted graphs where the presence of an edge between two nodes indicates a connection, and its absence implies no connection. It has numerous applications in computer science, including game development, network topology discovery, and web crawlers.;Meta
Topology;Topology is a branch of mathematics that deals with the study of properties of shapes and spaces that are preserved under continuous deformations such as stretching and bending without tearing or gluing. It focuses on the intrinsic structure of a shape rather than its external properties like size and position. Topologists use concepts like connectedness, compactness, and holes to understand the underlying properties of a space. This field has numerous applications in physics, particularly in understanding the behavior of strings and membranes in theories like superstring theory. Topology also plays a crucial role in graph theory, knot theory, and differential geometry.;Meta
Optical flow;Optical flow is a mathematical technique used to estimate the motion of objects or patterns in an image sequence over time. It calculates the apparent motion of pixels between two consecutive frames, providing a dense field of velocities that describe the movement of features within the scene. The technique relies on the brightness constancy assumption, which states that the intensity of pixels remains constant over time under varying illumination conditions. Optical flow is widely used in computer vision applications such as object tracking, stereo vision, and video compression. It also has applications in motion analysis, surveillance systems, and autonomous vehicles.;Meta
Folate;Folate is a type of B vitamin that plays a crucial role in various bodily functions. It is necessary for cell division and growth, DNA synthesis, and repair. Folate deficiency can lead to birth defects and anemia. Foods rich in folate include leafy green vegetables, legumes, nuts, and whole grains. The recommended daily intake varies by age and sex, with adult women requiring more due to their increased demand during pregnancy. Deficiency is common in individuals with gastrointestinal disorders or those taking certain medications that interfere with folate absorption. Supplementing with folic acid, a synthetic form of folate, can help prevent deficiency and associated health issues.;Meta
Sedimentary rock;Sedimentary rock is a type of rock that forms through the accumulation and compression of sediments. Sediments are particles such as sand, silt, and clay that are transported by wind or water and deposited in a new location. Over time, these sediments are compressed into a solid mass due to the weight of overlying layers, resulting in the formation of sedimentary rock. The process can occur through chemical precipitation, where minerals from a solution precipitate out and accumulate, or physical compaction, where existing rocks are crushed and re-cemented by pressure and heat. Sedimentary rocks often contain fossils and offer valuable information about ancient environments and life forms.;Meta
Breadth-first search;Breadth-first search is a graph traversal algorithm that explores all the nodes at a present depth prior to moving on to nodes at the next depth level. It is particularly useful for solving problems such as finding the shortest path between two points in an unweighted graph, where each edge has equal weight. The algorithm works by maintaining a queue of nodes to visit, with each node added to the end of the queue when its neighbors are visited. Breadth-first search can be implemented using a variety of data structures, including arrays and linked lists. It is one of the simplest and most intuitive graph traversal algorithms.;Meta
Tubulin;Tubulin is a globular protein that forms microtubules, essential components of eukaryotic cells. Microtubules are dynamic structures composed of tubulin dimers, which polymerize and depolymerize to facilitate cellular processes such as cell division, intracellular transport, and maintenance of cell shape. Tubulin is encoded by two main genes: TUBA1 in humans and Tuba in some other organisms. The structure of microtubules consists of a central tubulin core surrounded by additional protein subunits, forming a hollow tube that provides mechanical strength to the cell. Microtubule dynamics are regulated by several enzymes, including tubulins' assembly-activating proteins and disassembling factors.;Meta
Thrust;Thrust is a fundamental concept in physics that refers to the forward force exerted by a propellant or propulsion system on an object, such as an aircraft or spacecraft. It arises from the interaction between a high-velocity gas stream and the surrounding environment, resulting in a net forward motion of the vehicle. The thrust force is proportional to the mass flow rate of the propellant and the exhaust velocity of the gases. In addition to propulsive systems, thrust can also be generated by other means, such as electromagnetic forces or rocket propulsion. Thrust is an essential component in designing efficient and stable flight vehicles, including aircraft, rockets, and spacecraft.;Meta
Ozone depletion;Ozone depletion refers to the thinning of the ozone layer in the Earth's stratosphere, which protects life from the sun's ultraviolet radiation. The primary cause is the release of chlorofluorocarbons and other halogenated gases through human activities such as refrigeration, air conditioning, and industrial processes. CFCs rise to the stratosphere where they are broken down by UV radiation, releasing chlorine atoms that catalytically destroy ozone molecules. This process accelerates above Antarctica during southern hemisphere spring, creating the Antarctic Ozone Hole. The depletion of ozone layer has increased UV-B radiation reaching Earth's surface, contributing to health problems such as cataracts and skin cancer in humans, and also affecting marine ecosystems.;Meta
Anesthesia;Anesthesia is the deliberate attenuation or suppression of sensory perception to facilitate medical procedures, surgeries, or childbirth without causing distress or pain to the patient. The concept of anesthesia dates back to ancient civilizations, with evidence suggesting its use in Egypt and China over 4,000 years ago. Modern anesthesia involves the administration of pharmacological agents that target specific neural pathways to reduce consciousness, analgesia, amnesia, or muscle relaxation. Anesthesiologists utilize various techniques and medications to achieve the desired anesthetic effects, balancing the risk of overdose with the need for adequate pain relief and patient comfort during medical procedures.;Meta
L-function;The L-function is a complex function in mathematics that generalizes the Riemann zeta function. It is defined as an Euler product over prime numbers and is intimately connected to various areas of number theory, including analytic continuation, functional equations, and the distribution of prime numbers. The L-function is used to study properties of elliptic curves, modular forms, and other algebraic objects. In particular, it has been used to prove many famous theorems in number theory, such as the Prime Number Theorem and Fermat's Last Theorem. The L-function is also related to quantum field theory and has applications in physics, particularly in string theory.;Meta
Lepton;In particle physics, leptons are a class of subatomic particles that do not participate in the strong nuclear force, one of the four fundamental forces of nature. Leptons have an intrinsic property known as lepton number, which is conserved in all interactions except those involving neutrinos. The six types of leptons are classified into three generations: electron, muon and tau with their respective neutrinos and antileptons. Leptons interact via the weak nuclear force and electromagnetism. They play a crucial role in the Standard Model of particle physics, which describes the behavior of fundamental particles and forces in the universe.;Meta
Mirror neuron;Mirror neurons are specialized brain cells that fire both when an individual performs an action and when they observe someone else performing the same action. This neural mechanism is thought to underlie empathy and social cognition by allowing individuals to understand and simulate others' mental states through motor mimicry. Mirror neuron activity has been observed in various regions of the brain, including premotor cortex, primary motor cortex, and inferior frontal gyrus. Research suggests that mirror neurons play a crucial role in learning, imitation, and communication, and their dysfunction has been implicated in neurological disorders such as autism spectrum disorder and schizophrenia.;Meta
Loop quantum gravity;Loop quantum gravity is a theoretical framework in physics that attempts to merge two major theories: general relativity and quantum mechanics. It posits that space is made up of discrete, granular units of space-time, called loops, which are woven together to form a fabric. This discreteness is thought to resolve the black hole singularity problem and explain the nature of quantum gravity. The theory involves quantizing area and volume in space, rather than length, as in standard quantum mechanics. It also predicts that time itself may be discrete at very small scales, raising questions about our understanding of time and its relationship to space.;Meta
Diffusion;Diffusion is the passive movement of particles from an area of higher concentration to an area of lower concentration, resulting in uniform distribution throughout a system. This process occurs without the need for energy input and is driven by random molecular motion. The rate of diffusion is influenced by factors such as temperature, pressure, and the presence of obstacles or barriers. Diffusion plays a crucial role in various natural phenomena, including the dispersal of pollutants in the atmosphere, the movement of nutrients in plant cells, and the transport of molecules across cell membranes. It also has significant implications for industrial processes, such as chemical separation and material purification.;Meta
Prolactin;Prolactin is a peptide hormone produced by the pituitary gland that plays a crucial role in regulating various physiological processes in the body, particularly reproductive functions. It is secreted into the bloodstream and transported to target organs where it exerts its effects. Prolactin stimulates milk production during lactation and has been implicated in the regulation of growth and development, particularly during fetal and neonatal stages. Additionally, prolactin has neuroendocrine and immunomodulatory functions, influencing mood, appetite, and immune response. Imbalances in prolactin levels can lead to disorders such as galactorrhea, amenorrhea, and infertility in both males and females.;Meta
Inattentional blindness;Inattentional blindness is a cognitive phenomenon where individuals fail to notice visual stimuli that are present in their field of vision due to their focus on other tasks or distractions. This condition was first described by psychologist Arien Mack and her colleagues in 1992, who found that participants missed a large object being inserted into a display while they were performing a task. The blindness is thought to be caused by the limited capacity of attentional resources, which allows only a subset of visual information to be processed at any given time. It has significant implications for understanding human perception and cognition in real-world settings.;Meta
Photon;A photon is a type of elementary particle that represents a quantum of light or electromagnetic radiation. Photons have zero rest mass, no electric charge, and spin angular momentum, making them different from other particles. They are created when an electron transitions to a lower energy level, releasing excess energy in the form of a photon. Photons interact with matter through the electromagnetic force, causing effects such as absorption, reflection, and refraction. In quantum mechanics, photons exhibit particle-like behavior, but also have wave-like properties. The speed of a photon is constant in a vacuum at approximately 299,792 kilometers per second.;Meta
Aquaporin;Aquaporin is a family of integral membrane proteins that facilitate water transport across cell membranes. These proteins are present in various organisms, including plants and animals, and play a crucial role in maintaining cellular homeostasis by regulating water flux. Aquaporins function as molecular channels, allowing water molecules to pass through the lipid bilayer while preventing ions and other substances from crossing. This selective permeability enables cells to regulate their internal environment, maintain proper osmotic balance, and respond to changes in water availability. There are 13 subfamilies of aquaporins, each with distinct functions and tissue distributions.;Meta
Optical coherence tomography;Optical coherence tomography is a non-invasive imaging technique that uses low-coherence interferometry to capture micrometer-resolution images from within optical scattering media, such as biological tissues. It was first proposed by Frederic I Boccaletti and his colleagues in 1986 and later developed into a practical medical imaging tool. OCT works by emitting near-infrared light into the tissue, measuring the backscattered signal, and generating high-resolution cross-sectional images of the tissue structure. This technique is commonly used in ophthalmology to visualize retinal structures and diagnose conditions such as age-related macular degeneration, glaucoma, and diabetic retinopathy. OCT has also been applied to other medical fields, including dermatology and cardiology.;Meta
Beta-lactamase;"Beta-lactamase is an enzyme produced by certain bacteria that confers resistance to beta-lactam antibiotics, such as penicillin and cephalosporins. These enzymes are called ""beta-lactamases"" because they break down the four-membered beta-lactam ring found in these antibiotics. Beta-lactamases are typically secreted from bacterial cells and can hydrolyze the antibiotic molecule, rendering it ineffective against the producing bacteria. This resistance mechanism is a major concern in clinical settings, as it has contributed to the rise of antibiotic-resistant infections worldwide. Beta-lactamase production is often plasmid-encoded, allowing resistant genes to be easily transferred between bacterial strains and promoting the spread of resistance.";Meta
Checkpoint inhibitor;Checkpoint inhibitors are a class of drugs that interrupt immune checkpoints to treat cancer by stimulating the body's natural defenses. They work by blocking inhibitory signals between tumor cells and the immune system, allowing T-cells to recognize and attack cancerous cells more effectively. This mechanism is based on the understanding that tumors can evade immune surveillance by exploiting normal mechanisms of self-tolerance and suppression. Checkpoint inhibitors have been shown to improve outcomes in various types of cancers, including melanoma, lung cancer, and kidney cancer, and are used as a combination therapy with other treatments to enhance their effectiveness.;Meta
RIG-I;RIG-I is a cytoplasmic sensor protein that plays a crucial role in the innate immune response against viral infections. It belongs to the interferon-inducible gene family and recognizes single-stranded RNA molecules through its extracellular domain, triggering an antiviral signaling cascade. Activation of RIG-I leads to the production of type I interferons, which recruit immune cells to eliminate infected cells and prevent the spread of viruses. RIG-I is highly expressed in various tissues, including the lungs, liver, and intestinal epithelia, where it acts as a first line of defense against invading pathogens. Mutations or dysregulation of RIG-I have been linked to increased susceptibility to viral infections.;Meta
Sedimentary basin;A sedimentary basin is a geographical depression in the Earth's surface where sediments have accumulated over time due to tectonic activity and erosion. These basins are formed through various geological processes such as rifting, subsidence, or the collapse of a structural dome. Sedimentary basins can be divided into several types including rift basins, foreland basins, and passive margin basins, each with distinct characteristics and formation mechanisms. The sediments deposited within these basins can provide valuable information about the region's geological history, climate, and past environments, making sedimentary basins crucial for paleoclimatic and geochemical studies.;Meta
Ductility;Ductility is a physical property of materials that describes their ability to deform plastically under tensile stress without failing or breaking, while retaining their shape and size. This phenomenon occurs when materials exhibit a significant amount of strain hardening, allowing them to absorb energy and withstand external forces without cracking or shattering. Ductility is an essential characteristic in various engineering applications, such as metal forming, where it enables the creation of complex shapes and structures. Materials with high ductility, like copper, gold, and titanium, are often preferred for their ability to withstand mechanical stresses without losing their shape or integrity.;Meta
Activation function;Activation function is a fundamental concept in neural networks and machine learning that introduces non-linearity into the model's predictions. It transforms the output of the previous layer, typically a weighted sum, into an activation value that contributes to the final prediction. The purpose of the activation function is to introduce non-linear relationships between inputs and outputs, enabling the network to learn complex patterns in data. Common types of activation functions include sigmoid, ReLU, and tanh, each with its own strengths and weaknesses. Activation functions play a crucial role in deep learning architectures, allowing them to approximate any continuous function with arbitrary precision.;Meta
Kerr effect;The Kerr effect is a magneto-optic effect that describes the change in refractive index of a material under the influence of a magnetic field. When a polarized light beam passes through a medium subjected to an external magnetic field, its polarization axis undergoes rotation due to the interaction between the electromagnetic fields and the magnetization of the material. This phenomenon was first observed by John Kerr in 1877 and is widely used in various applications such as optical isolators, modulators, and sensors. The Kerr effect is significant for its ability to detect subtle changes in magnetic fields, making it an essential component in many modern technologies.;Meta
Green chemistry;Green chemistry is a scientific discipline that focuses on designing products and processes to minimize their environmental impact. It seeks to reduce the use and generation of hazardous substances through the development of new synthesis methods, reaction conditions, and materials. Green chemists aim to prevent pollution by using renewable resources, minimizing waste, and conserving energy and water. This approach involves evaluating the lifecycle of a product, from raw material extraction to end-of-life disposal or reuse. Green chemistry has led to the development of safer chemicals, more efficient processes, and reduced environmental degradation, promoting sustainability in industrial operations.;Meta
Naphthalene;Naphthalene is an aromatic hydrocarbon with a chemical formula of C10H8 and a molecular weight of 128.17 g/mol. It consists of two fused benzene rings and is a colorless, crystalline solid that is highly volatile. Naphthalene is a byproduct of coal tar distillation and is also found in the creosote wood preservative. The compound has a distinctive smell often associated with mothballs or incense sticks. Due to its low melting point and high boiling point, naphthalene sublimes at room temperature, changing directly from solid to gas without going through the liquid phase. It is an intermediate in various industrial processes such as the production of phthalic anhydride and dyes.;Meta
Chondrocyte;Chondrocytes are the only cells found in healthy cartilage, responsible for producing and maintaining the cartilaginous matrix that provides structure and resilience to cartilage tissue. These cells synthesize and secrete a variety of extracellular matrix components, including collagen and proteoglycans, which provide cartilage with its unique mechanical properties and facilitate movement within joints. Chondrocytes play a crucial role in the development and maintenance of cartilage throughout life, regulating the balance between synthesis and degradation of cartilaginous matrix. In addition to their role in healthy cartilage tissue, chondrocytes are also involved in cartilage repair processes, including the regeneration of damaged or degenerated cartilage tissues.;Meta
Resonance;Resonance is a physical phenomenon in which a system vibrates at a specific frequency, amplifying its response to external stimuli. This occurs when the frequency of an oscillating force matches the natural frequency of the system, causing it to oscillate with increased amplitude. Resonance can be found in various systems, including mechanical, electrical, and acoustic ones. It is often utilized in devices such as tuning forks, guitars, and quartz crystals for their ability to produce sound at specific frequencies. In some cases, resonance can also lead to destructive effects, such as the collapse of a bridge or building due to excessive vibration. Resonance plays a crucial role in various scientific disciplines, including physics, engineering, and acoustics.;Meta
Inner cell mass;The inner cell mass is a group of cells formed during the earliest stages of embryonic development in mammals. It arises from the morula stage when the compact cluster of blastomeres undergoes compaction and becomes a distinct structure. The inner cell mass will eventually give rise to the three primary germ layers: ectoderm, endoderm, and mesoderm, which differentiate into all tissues and organs of the body. This process is crucial in embryogenesis as it lays down the foundation for organogenesis and subsequent development of the fetus. The inner cell mass plays a pivotal role in establishing the basic blueprint for fetal development.;Meta
Dermal fibroblast;A dermal fibroblast is a type of skin cell that plays a crucial role in maintaining the integrity and structure of the skin. These cells are found in the dermis layer of the skin, which is composed of dense collagen fibers and elastic tissue. Dermal fibroblasts produce extracellular matrix components such as collagen, elastin, and glycosaminoglycans, providing mechanical strength and elasticity to the skin. They also participate in wound healing by proliferating and producing growth factors to facilitate tissue repair. Additionally, dermal fibroblasts regulate skin hydration and are involved in the production of ceramides, which maintain the skin's barrier function.;Meta
Standard Model;The Standard Model is a theoretical framework in particle physics that describes the strong and electroweak interactions among elementary particles. Developed in the late 20th century, it provides a consistent description of fundamental forces and particles, including quarks, leptons, gauge bosons, and the Higgs boson. The model unifies the electromagnetic force with the weak nuclear force, predicting the existence of three of the four known fundamental forces: electromagnetism, the weak nuclear force, and the strong nuclear force. However, it does not account for gravity or dark matter, leaving room for further research and potential extensions to a more comprehensive theory, such as supersymmetry or string theory.;Meta
Wax ester;Wax esters are a class of fatty acid derivatives that consist of a long-chain alkyl group attached to a carboxylic acid group via an ester linkage. They are typically found in small amounts in plant and animal tissues, particularly in the seeds of certain plants such as jojoba and vernonia. Wax esters can also be synthesized by microorganisms and have applications in the production of cosmetics, food additives, and pharmaceuticals. Their properties include low melting points, stability against oxidation, and ability to form films or emulsions with water. Wax esters are of interest for their potential use as environmentally friendly alternatives to synthetic materials and in the development of advanced bioproducts.;Meta
Photon statistics;Photon statistics is a branch of quantum optics that deals with the statistical properties of photons, which are particles of light. The study of photon statistics focuses on understanding how multiple photons interact and behave in various optical systems, including lasers, optical fibers, and other devices. Key concepts include the probability distribution of photon counts, correlations between different detection events, and the connection to quantum entanglement and superposition. Various statistical measures, such as the Mandel Q parameter and the Glauber-Sudarshan P-function, are used to quantify and analyze photon statistics in different systems, providing insight into the underlying physical mechanisms governing light-matter interactions.;Meta
Atopy;Atopy is a genetic tendency to develop allergic diseases such as atopic dermatitis, asthma, and allergic rhinitis. It results from a combination of environmental and genetic factors, which affect the immune system's ability to respond to allergens. Individuals with atopy have an increased production of IgE antibodies in response to low levels of allergen exposure, leading to overactive inflammation and tissue damage. The condition often runs in families, suggesting that there is a strong hereditary component. Atopic diseases can be triggered by factors such as pollen, dust mites, pet dander, and mold spores. Treatment involves avoiding allergens and using medications such as corticosteroids and immunomodulators to manage symptoms.;Meta
Atomic force microscopy;Atomic force microscopy is a technique used to image and analyze surface topography at the nanoscale with high resolution. It involves scanning a sharp probe across a specimen's surface, detecting the minute forces between the probe and sample atoms. The probe's deflection is measured using a laser beam reflected from its end, providing detailed maps of the sample's surface features. This technique allows for non-destructive imaging of delicate surfaces, including biological molecules and soft materials. AFM can also measure mechanical properties such as adhesion, friction, and elasticity by applying forces to the probe in different modes.;Meta
Etiology;Etiology is the study of the causes and origins of diseases, disorders, and other health conditions. It involves examining the underlying factors that contribute to the development and progression of a condition, including genetic, environmental, lifestyle, and social influences. Etiological studies aim to identify risk factors, understand disease mechanisms, and develop effective prevention and treatment strategies. The term etiology is often used interchangeably with causality or pathogenesis, although etiology typically focuses on the broader context of disease development rather than a single causal agent. By understanding the etiology of diseases, healthcare professionals can improve diagnostic accuracy, inform treatment decisions, and reduce morbidity and mortality rates.;Meta
Gel electrophoresis;Gel electrophoresis is a laboratory technique used to separate DNA, RNA, or protein molecules based on their size and charge. It involves applying an electric field across a gel matrix, which consists of a porous material such as agarose or polyacrylamide. The negatively charged molecules are drawn towards the positive electrode, while larger molecules move more slowly due to increased friction within the gel. As a result, smaller molecules separate from larger ones, allowing for their identification and quantification. This technique is commonly used in molecular biology research, including DNA sequencing and forensic analysis, where it provides valuable information about genetic material.;Meta
Inhibitory control;Inhibitory control is a cognitive process that enables an individual to suppress or modulate their responses to irrelevant or inappropriate stimuli, allowing them to focus on relevant and goal-directed behaviors. This neural mechanism involves the activation of inhibitory neurons in the prefrontal cortex, which exert a dampening effect on excitatory signals from other parts of the brain. Inhibitory control is essential for executive functions such as decision-making, planning, and problem-solving, as well as for maintaining attention and resisting impulses. Deficits in inhibitory control have been linked to various neurological and psychiatric disorders, including attention-deficit/hyperactivity disorder and schizophrenia.;Meta
Protein Data Bank;The Protein Data Bank is a global repository for the collection, storage, and dissemination of three-dimensional structures of biological macromolecules, primarily proteins and nucleic acids. The PDB was established in 1971 by Brookhaven National Laboratory and is now maintained by the Research Collaboratory for Structural Bioinformatics. It contains over 140,000 entries from thousands of research laboratories worldwide, with new structures being added continuously. The PDB serves as a critical resource for structural biologists, providing a common language and standard for communicating three-dimensional structure information about biological molecules, facilitating collaboration and innovation in the field of molecular biology.;Meta
Transition state;The transition state is a temporary arrangement of atoms that occurs during a chemical reaction, where the molecules are in a state of continuous change from reactants to products. It is a critical concept in reaction kinetics and thermodynamics, as it represents the highest energy point on the potential energy surface of a reaction. At this stage, the reactant bonds have broken and the product bonds have formed, resulting in an unstable intermediate that quickly converts to one or more stable products. The transition state is often denoted by the symbol TS and plays a crucial role in understanding reaction mechanisms and predicting reaction rates.;Meta
Abrupt climate change;Abrupt climate change refers to sudden and significant shifts in Earth's climate over a relatively short period, often lasting decades or centuries. These events can have profound impacts on ecosystems, economies, and human societies. Abrupt changes may be triggered by natural factors such as volcanic eruptions, changes in ocean circulation, or variations in solar radiation, or they can result from the cumulative effects of greenhouse gas emissions. The 8.2 kiloyear event, the Younger Dryas impact, and the Little Ice Age are examples of abrupt climate changes that have occurred in Earth's recent history. These events serve as analogues for understanding potential future climate change scenarios.;Meta
Nuclear medicine;Nuclear medicine is a branch of medical imaging that utilizes small amounts of radioactive materials to diagnose and treat various diseases. It involves the administration of radiopharmaceuticals, which are chemical compounds labeled with radioactive isotopes, to patients who undergo diagnostic procedures or treatments. The radioactive material accumulates in specific tissues or organs, allowing for visualization and assessment of their function and anatomy through techniques such as positron emission tomography scans, single photon emission computed tomography scans, and gamma camera imaging. Nuclear medicine is used to diagnose conditions including cancer, cardiovascular disease, neurological disorders, and thyroid dysfunction.;Meta
Carbon footprint;The carbon footprint is a measure of the total amount of greenhouse gas emissions directly caused by an individual, organization, product, or service, typically measured in units of carbon dioxide equivalent. It encompasses direct emissions from fossil fuel combustion and indirect emissions from the production and transportation of goods and services. The calculation considers various parameters such as energy consumption, land use changes, and material extraction to estimate the overall environmental impact. A lower carbon footprint indicates a reduced contribution to global warming and climate change. Carbon footprints are used for setting reduction targets and assessing sustainability in various sectors.;Meta
Non-coding RNA;Non-coding RNA refers to RNA molecules that do not encode proteins like messenger RNA. Instead, they regulate gene expression by binding to specific DNA or protein sequences, thereby influencing cellular processes such as transcription, translation, and signal transduction. Non-coding RNAs can be classified into different categories based on their functions, including microRNAs, siRNAs, and long non-coding RNAs. They play crucial roles in various biological processes, including development, cell growth, differentiation, and response to environmental changes. Dysregulation of non-coding RNA expression has been implicated in human diseases such as cancer, neurological disorders, and cardiovascular disease. Research on non-coding RNAs has led to a deeper understanding of gene regulation mechanisms.;Meta
Negishi coupling;The Negishi coupling is a palladium-catalyzed cross-coupling reaction used to form carbon-carbon bonds between aryl and alkynyl groups. It involves the oxidative addition of a palladium complex to an aryl halide or triflate, followed by transmetalation with an organozinc reagent. The resulting organopalladium intermediate then undergoes reductive elimination to form the coupled product. This reaction is particularly useful for synthesizing complex organic molecules and is widely employed in the pharmaceutical industry. It offers high efficiency and selectivity compared to other cross-coupling reactions, such as the Suzuki-Miyaura coupling, and can be used on a wide range of substrates, including heteroaromatic compounds.;Meta
Sagnac effect;The Sagnac effect is a phenomenon in optics where the frequency of light passing through a rotating closed optical path differs from that of non-rotating paths. This effect was first observed by French physicist Georges Sagnac in 1913 and is also known as the Sagnac interferometer. When a ring of fiber optic cables or a loop of beam splitter rotates, it causes a phase shift between light traveling clockwise and counterclockwise. The Sagnac effect has been applied in various fields including optics, navigation systems, and quantum mechanics to measure rotation rates, inertial forces, and study the properties of photons.;Meta
P-type ATPase;P-type ATPase is a class of membrane-bound enzymes that utilize ATP hydrolysis to transport ions across cell membranes against their concentration gradient. This process involves a conformational change in the enzyme, where a phosphate group from ATP is transferred to a specific aspartic acid residue, resulting in the formation of an intermediate state known as E2P. The enzyme then undergoes a series of conformational changes that facilitate ion binding and release on either side of the membrane. P-type ATPases play critical roles in maintaining cellular homeostasis by regulating Ca2+ and Na+/K+ concentrations, and are found in various cell types including muscle cells and neurons.;Meta
Laminar flow;Laminar flow is a type of fluid dynamics where the fluid flows in parallel layers, with no turbulence or mixing between adjacent layers. This phenomenon occurs when the Reynolds number is low, typically below 2000, indicating laminar flow conditions. The velocity profile of laminar flow is characterized by a parabolic shape, with the maximum velocity at the center of the channel and decreasing velocities towards the walls. Laminar flow is important in various engineering applications, including pipe flow, boundary layer flow, and heat transfer. It also plays a crucial role in understanding blood flow through arteries and veins in the human body.;Meta
Glacier mass balance;Glacier mass balance refers to the net change in the volume of a glacier over time due to the accumulation of snow and ice at the surface and the loss through melting and calving. It is an essential component of glaciology, as it determines the rate of glacial retreat or advance. The mass balance is influenced by climate variables such as temperature, precipitation, and wind patterns. A positive mass balance indicates that the glacier grows, while a negative balance signifies shrinkage. Accurate measurements of mass balance are crucial for understanding the role of glaciers in global sea-level rise and climate change mitigation strategies.;Meta
Taxonomy;Taxonomy is the science of classifying living things into groups based on their shared characteristics and evolutionary relationships. It involves creating a hierarchical system of classification that reflects the diversity of life on Earth. The main ranks in taxonomy are kingdom, phylum, class, order, family, genus, and species, with each rank representing a level of similarity among organisms. Taxonomists use evidence from morphology, anatomy, genetics, and other fields to determine an organism's place within this hierarchical system. This allows for the naming and categorization of new species, as well as the study of evolutionary relationships among different groups of organisms.;Meta
Quantum Hall effect;The Quantum Hall effect is a quantum mechanical phenomenon observed in two-dimensional electron systems subjected to a strong magnetic field. At very low temperatures and high magnetic fields, the longitudinal resistance vanishes and the transverse resistance takes on discrete values proportional to the inverse of integers. This effect was first discovered in 1980 by Klaus von Klitzing, who observed plateaus in the Hall conductivity at certain critical magnetic fields. The Quantum Hall effect has been extensively studied and is now understood as a manifestation of the integer quantum Hall effect and the fractional quantum Hall effect, with applications in metrology and advanced materials science research.;Meta
Boiling water reactor;A boiling water reactor is a type of nuclear power plant that uses enriched uranium as fuel to generate steam, which drives a turbine to produce electricity. In this design, water from the coolant system is allowed to boil, producing steam that directly passes through the turbine. This allows for a higher efficiency and a lower cost compared to other types of reactors. The boiling water reactor uses control rods made of boron or cadmium to regulate the reaction rate by absorbing excess neutrons. Its operation requires careful monitoring to maintain stability and prevent over-reactivity.;Meta
Solid-state battery;A solid-state battery is an emerging type of rechargeable battery that replaces the traditional liquid electrolyte with a solid material, enhancing safety, energy density, and charging speeds. The solid electrolyte is typically made from ceramic, glass, or polymer materials, which enables faster ion transport and higher ionic conductivity. This design reduces the risk of thermal runaway, explosion, and leakage associated with conventional lithium-ion batteries. Solid-state batteries have been found to offer improved cycle life, energy density, and charging rates, making them a promising candidate for next-generation electric vehicles, portable electronics, and grid-scale energy storage applications.;Meta
Solar cell;A solar cell is a device that converts light into electrical energy through a process known as photovoltaic effect. It consists of two layers of semiconductor material with different electrical properties, typically silicon, which are joined together to form p-n junction. When sunlight hits the solar cell, it excites electrons in the material, causing them to flow through an external circuit and generate electricity. The efficiency of a solar cell is measured by its ability to convert sunlight into electrical energy, with modern commercial cells achieving efficiencies of up to 22%. Solar cells are widely used in photovoltaic systems for power generation and can be integrated into buildings as building-integrated photovoltaics.;Meta
Semidefinite programming;Semidefinite programming is a subfield of convex optimization that deals with the minimization of a linear objective function over the cone of positive semidefinite matrices. This mathematical framework was introduced in the 1980s by mathematicians Nathan Brixios and Lieven Vandenberghe as an extension to linear programming. The goal of semidefinite programming is to find the minimum value of a linear function subject to constraints that are expressed as inequalities involving symmetric matrices. Semidefinite programming has applications in various fields, including signal processing, control theory, machine learning, and electrical engineering. It provides a powerful tool for solving complex optimization problems with a wide range of applicability.;Meta
MicroRNA;MicroRNAs are small non-coding RNAs that play a crucial role in post-transcriptional regulation of gene expression. They are involved in various cellular processes including development, differentiation, proliferation, and apoptosis. miRNAs bind to complementary sequences on target messenger RNA, leading to degradation or translational repression. This mechanism allows for fine-tuning of gene expression without altering the primary transcript sequence. Aberrant miRNA expression has been implicated in numerous diseases, including cancer, cardiovascular disease, and neurological disorders. Research has shown that miRNAs can act as oncogenes or tumor suppressors depending on their targets, and have potential as biomarkers for diagnosis and therapeutic targets.;Meta
Aphasia;Aphasia is a neurological disorder that affects an individual's ability to communicate effectively through language. It results from damage to the brain's language centers, typically caused by stroke, traumatic brain injury, or neurodegenerative diseases such as Alzheimer's and Parkinson's. Aphasic individuals may experience difficulties with speaking, writing, reading, and understanding language. The severity of aphasia can vary greatly among affected individuals, ranging from mild impairment to severe communication breakdowns. There are several types of aphasia, including expressive, receptive, primary progressive, and anomic aphasia, each characterized by distinct symptoms and linguistic deficits. Aphasia is a complex condition that requires comprehensive assessment and treatment by speech-language pathologists and other healthcare professionals.;Meta
Endoscopy;Endoscopy is a medical procedure that uses a flexible or rigid tube with a camera and light on the end to visually examine the interior of a body cavity or organ. The procedure allows doctors to diagnose and sometimes treat conditions such as ulcers, tumors, and inflammation within internal organs like the digestive tract, lungs, and bladder. Endoscopy can be used for both diagnostic and therapeutic purposes, with some procedures involving biopsy samples or the removal of lesions or polyps. There are several types of endoscopy, including gastroscopy, colonoscopy, and bronchoscopy, each focused on examining a specific part of the body.;Meta
Gravity;Gravity is a fundamental force of nature that causes objects with mass to attract each other. It is a universal force that affects everything with mass or energy, from the smallest subatomic particles to the largest galaxies. The strength of gravitational attraction between two objects depends on their masses and the distance between them. According to Newton's law of universal gravitation, every point mass attracts every other point mass by a force acting along the line intersecting both points. This force is proportional to the product of the two masses and inversely proportional to the square of the distance between them. Gravity plays a crucial role in shaping the structure of celestial bodies and governing their motion.;Meta
Holography;Holography is a technique for recording and displaying three-dimensional images using laser light. It was invented by Hungarian-British physicist Dennis Gabor in 1947. The process involves illuminating an object with a laser beam, which records its interference pattern on a photographic plate or film. When the plate is illuminated again, the recorded pattern is reconstructed as a three-dimensional image. Holography can produce high-quality images of objects from any angle, without distortion or loss of detail. It has applications in fields such as photography, medicine, and scientific research, including the study of materials science and biological structures.;Meta
UniProt;UniProt is a comprehensive protein database that integrates protein sequence data from various sources, including gene banks, protein repositories, and literature. It provides a single point of access for researchers to retrieve information on protein sequences, functions, and structures. The database contains over 200 million manually curated entries, which are continuously updated with new data. UniProt also offers tools for searching, analyzing, and visualizing protein data, making it an essential resource for molecular biologists, bioinformaticians, and researchers in related fields. It is widely used for various applications, including protein sequence analysis, structure prediction, and functional annotation.;Meta
Prokaryote;A prokaryote is a type of cell that lacks a true nucleus and other membrane-bound organelles. These cells are typically smaller than eukaryotic cells and have a simpler structure. Prokaryotes were among the first forms of life to evolve on Earth, appearing over 3 billion years ago. They can be found in almost every habitat on the planet, including soil, water, and extreme environments such as hot springs and salt lakes. Bacteria are an example of prokaryotic cells, which are characterized by their lack of a true nucleus and membrane-bound organelles. Prokaryotes play a vital role in many ecosystems, serving as decomposers, nitrogen fixers, and symbionts with other organisms.;Meta
Hematopoietic stem cell;Hematopoietic stem cells are pluripotent cells that have the ability to differentiate into all blood cell types including red blood cells, white blood cells, and platelets through a process called hematopoiesis. They reside in the bone marrow and are responsible for maintaining the immune system by producing mature blood cells throughout an individual's life. Hematopoietic stem cells undergo self-renewal to replace themselves as well as differentiation into various lineages of blood cells. The niche microenvironment within the bone marrow regulates the activity of hematopoietic stem cells, influencing their proliferation and differentiation. In adults, hematopoietic stem cells are primarily located in the bone marrow, while in fetal development they can be found in the yolk sac and liver.;Meta
Helicase;Helicase is a type of enzyme that plays a crucial role in DNA replication and repair by unwinding double-stranded DNA into two single strands. This process is essential for cell division as it allows the genetic material to be duplicated and separated between daughter cells during mitosis or meiosis. Helicases are highly conserved proteins found in all living organisms, from bacteria to humans, and are involved in various cellular processes including transcription, recombination, and repair of damaged DNA. These enzymes use energy from ATP hydrolysis to overcome the thermal stability of the double helix, facilitating the unwinding process.;Meta
Quantum gravity;Quantum gravity is a theoretical framework that aims to merge quantum mechanics and general relativity, two fundamental theories in physics that describe different aspects of reality at the smallest scales. General relativity explains how gravity is the curvature of spacetime caused by massive objects, while quantum mechanics describes the behavior of particles at the atomic and subatomic level. The theory attempts to reconcile these two frameworks by quantizing spacetime and matter, resolving long-standing paradoxes such as black hole singularities and the nature of gravitational waves. This unification would provide a complete understanding of the universe's most fundamental forces and phenomena.;Meta
Dark matter;Dark matter is a hypothetical form of matter thought to exist in the universe that does not emit, absorb, or reflect any electromagnetic radiation, making it invisible to our telescopes. It was first proposed by Swiss astrophysicist Fritz Zwicky in the 1930s as a way to explain the behavior of galaxy clusters. The existence of dark matter is supported by various lines of evidence, including the rotation curves of galaxies and the large-scale structure of the universe. Dark matter particles are thought to interact with normal matter only through gravity, but their nature remains unknown, making them one of the biggest mysteries in modern astrophysics.;Meta
Chiral pool;The chiral pool refers to the set of readily available, optically pure chiral building blocks that can be used as precursors for the synthesis of other chiral molecules. These compounds are typically inexpensive and easily accessible, making them attractive alternatives to more expensive or complex methods for introducing chirality into a molecule. The chiral pool includes a variety of naturally occurring compounds, such as sugars, amino acids, and terpenes, which can be used as starting materials for the synthesis of chiral drugs, agrochemicals, and other biologically active molecules. By utilizing these readily available chiral building blocks, chemists can simplify their syntheses and reduce costs.;Meta
Escape velocity;Escape velocity is the minimum speed necessary for an object to break free from a celestial body's gravitational pull and escape into space. It is determined by the mass and radius of the celestial body and can be calculated using the formula v = √, where G is the gravitational constant, M is the mass of the celestial body, and r is its radius. The concept was first described by Sir Isaac Newton in his work on universal gravitation. Escape velocity varies depending on the specific celestial body being escaped from.;Meta
Surface plasmon polariton;Surface plasmon polaritons are electromagnetic waves that propagate along the interface between two materials with different dielectric constants, typically a metal and a dielectric. They arise from the collective oscillations of free electrons at the surface of the metal, coupled with the electric field of an incident light wave. This coupling creates a new mode of propagation with properties distinct from those of the individual components. Surface plasmon polaritons have unique optical characteristics, such as enhanced absorption and emission rates, and are used in applications including sensing, imaging, and optoelectronics due to their high sensitivity and spatial confinement.;Meta
Cognitive load;Cognitive load refers to the amount of mental effort required by an individual to process information, perform tasks, or complete a task. It involves the activation of working memory, attention, and other cognitive resources to process information. High levels of cognitive load can lead to decreased performance, increased errors, and decreased motivation. Factors that contribute to high cognitive load include complexity of tasks, lack of prior knowledge, time constraints, and interruptions. On the other hand, manageable levels of cognitive load facilitate learning and task completion by promoting engagement, understanding, and retention of information. Effective management of cognitive load is crucial in various fields, including education, design, and human-computer interaction.;Meta
Circulating tumor DNA;Circulating tumor DNA refers to small fragments of DNA that are shed by cancer cells into the bloodstream. These fragments can be detected in the blood of patients with various types of cancer and have been found to be a reliable indicator of tumor burden, metastatic potential, and treatment response. ctDNA is typically released from dying or lysed cancer cells, where it can circulate freely throughout the body. Its presence and characteristics can provide valuable information for diagnosing and monitoring cancer progression, as well as guiding therapeutic decisions and assessing treatment efficacy. The analysis of ctDNA has also shown promise in detecting early cancer recurrence after treatment completion.;Meta
Divergent evolution;Divergent evolution refers to the process by which two or more populations of a species become reproductively isolated from one another, resulting in the formation of new species with distinct characteristics. This occurs when a single ancestral population is split into separate groups that are subjected to different environmental pressures, leading to genetic divergence and adaptation to their respective environments. As a result, the isolated populations develop unique traits and features that distinguish them from one another. Divergent evolution is an important mechanism of speciation, contributing to the vast diversity of life on Earth.;Meta
Polyploidy;Polyploidy is the condition where an organism has more than two sets of chromosomes in its cells. This phenomenon occurs when a cell undergoes meiosis and fails to properly reduce its chromosome number during gamete formation. As a result, the offspring receive an extra set of chromosomes from each parent, resulting in polyploid cells. Polyploidy is relatively rare in animals but common in plants, where it can lead to increased fertility and vigor. It also plays a key role in plant evolution, allowing species to adapt quickly to changing environments through hybridization and speciation processes.;Meta
Electromagnetism;Electromagnetism is a fundamental physical phenomenon that describes the interaction between electrically charged particles and the electromagnetic field. It is a force that arises from the interaction between moving charges and magnetic fields, resulting in the production of both electricity and magnetism. The electromagnetic force is one of the four fundamental forces of nature and plays a crucial role in shaping the structure and behavior of matter at all scales, from atoms to galaxies. Electromagnetic waves, including light and radio waves, are a manifestation of this force, allowing for the transmission of energy through space. This phenomenon has numerous practical applications in technology, including communication systems, medical imaging, and transportation.;Meta
Particle accelerator;A particle accelerator is a device that accelerates charged particles, such as electrons or protons, to high speeds, typically using electromagnetic fields to propel them through a circular or linear path. The primary function of a particle accelerator is to collide particles at incredibly high energies, allowing researchers to study subatomic particles and forces in detail. Particle accelerators are used in various fields, including physics research, materials science, and medicine. The largest and most complex particle accelerators, such as the Large Hadron Collider, can accelerate particles to nearly the speed of light, achieving energies exceeding 6.5 TeV. These high-energy collisions have led to numerous groundbreaking discoveries in modern physics.;Meta
Synthetic lethality;"Synthetic lethality is a phenomenon where two or more mutations in different genes interact synergistically to cause cell death, whereas mutation in one gene alone does not have a significant effect on cell viability. This concept was first described by geneticists George Beadle and Edward Tatum in 1941. The term ""synthetic lethality"" was coined because the lethal interaction between two or more mutations is synthetic, meaning it arises from interactions between genes rather than from any inherent property of either gene alone. Synthetic lethality has been exploited to develop targeted cancer therapies that selectively kill tumor cells with specific genetic mutations while sparing normal cells.";Meta
MIMO;MIMO, or Multiple-Input Multiple-Output, is a technology used in wireless communication systems to improve data transfer rates and reliability. It involves using multiple antennas at both the transmitter and receiver ends to send and receive multiple signals simultaneously. This allows for increased channel capacity and improved resistance to interference and fading. By separating signals into different spatial streams, MIMO enables more efficient use of available bandwidth, resulting in faster data transfer speeds and lower error rates. MIMO is commonly used in wireless networks, such as Wi-Fi and cellular systems, where it enhances the overall performance and efficiency of communication.;Meta
Randomization;Randomization is a statistical technique used to minimize bias in experimental design by introducing chance into the allocation of participants or units to different groups. This process aims to ensure that each participant has an equal probability of being assigned to any group, thereby eliminating any systematic differences between groups. Randomization can be implemented through various methods, including random number generators and stratified sampling. It is commonly used in clinical trials, social sciences, and other fields where experimental designs are employed. Properly executed randomization increases the validity and reliability of study results by minimizing confounding variables and allowing researchers to establish cause-and-effect relationships between variables.;Meta
Glass transition;The glass transition is a thermodynamic phenomenon where a supercooled liquid transforms into a rigid solid, exhibiting properties intermediate between those of crystalline solids and amorphous glasses. This transition occurs when the temperature decreases below a specific point known as the glass transition temperature, at which the molecular mobility becomes restricted and the material's viscosity increases significantly. As a result, the material undergoes a significant change in its mechanical and thermal properties, such as a decrease in fragility and an increase in density. The glass transition is a reversible process, meaning that heating the material above Tg allows it to regain its original liquid-like behavior.;Meta
Alpha helix;The alpha helix is a common secondary structure motif in proteins, characterized by a coiled polypeptide chain with hydrogen bonds between amino acids that are four residues apart in sequence. The alpha helix was first described by Linus Pauling and Robert Corey in 1951 as a stable three-dimensional arrangement of protein chains. This structural motif consists of a spiral conformation where each turn is separated by about 5.4 angstroms, allowing for a relatively constant distance between amino acids. Alpha helices are often found in globular proteins and play a crucial role in their stability, function, and interaction with other molecules.;Meta
Optogenetics;Optogenetics is a biological technique that enables the control of specific cells within living organisms using light. It was first developed in 2004 by a team of scientists led by Edward Boyden and Georg Nagel, who discovered that certain proteins, called opsins, could be used to make neurons sensitive to light. When exposed to specific wavelengths of light, these opsins can either activate or inhibit the activity of the neuron, allowing researchers to manipulate neural signaling in real-time. This technology has revolutionized our understanding of brain function and is now being explored for its potential applications in treating neurological disorders and developing more effective treatments for mental health conditions.;Meta
Pulsar;A pulsar is a highly magnetized rotating neutron star that emits electromagnetic radiation in a beam, which can sweep through space as the star rotates. Pulsars are formed when a massive star undergoes a supernova explosion, leaving behind its core. As the core collapses into a neutron star, it becomes rapidly spinning and highly magnetized, resulting in intense magnetic fields that accelerate charged particles and produce radiation. This radiation is observed as a pulse of energy as the beam sweeps past Earth, allowing astronomers to study pulsar properties such as spin period, magnetic field strength, and surface temperature. Pulsars are often used as tools for studying extreme physics phenomena.;Meta
Enthalpy;Enthalpy is a measure of the total energy of a thermodynamic system, including internal energy and the energy associated with the pressure and volume of a gas. It is defined as the sum of the internal energy of a system and the product of its pressure and volume, denoted mathematically as H = U + PV. Enthalpy is typically used in calculations involving phase changes, such as evaporation or condensation, where the change in enthalpy is related to the heat absorbed or released by the system. Enthalpy is a state function, meaning its value depends only on the current state of the system and not on the path taken to reach that state.;Meta
Grignard reaction;The Grignard reaction is an organic chemical reaction that involves the nucleophilic addition of a Grignard reagent to a carbonyl compound. The reaction was discovered by French chemist François Auguste Victor Grignard in 1900 and has since become a fundamental process in organic synthesis. In this reaction, a Grignard reagent, typically RMgX, adds across the carbon-oxygen double bond of an aldehyde or ketone to form a tertiary alcohol. The reaction is highly stereoselective and regioselective, allowing for the formation of complex molecules with high precision. It has been widely used in the synthesis of pharmaceuticals and other fine chemicals due to its versatility and efficiency.;Meta
Crystallization;Crystallization is a process in which atoms, molecules, or ions come together to form a crystal lattice structure. This occurs when a solution reaches its saturation point and can no longer dissolve any more solute particles. The formation of a crystal is driven by the need for particles to achieve a lower energy state through closer packing and bonding. Crystallization can occur spontaneously in a supersaturated solution, or it can be facilitated through various techniques such as cooling, evaporation, or addition of seed crystals. The resulting crystal structure can exhibit unique properties, including anisotropy, piezoelectricity, and optical birefringence.;Meta
Prophage;A prophage is a segment of DNA that is incorporated into the host genome during a bacteriophage infection. Prophages are essentially temperate viruses that integrate into their host's bacterial chromosome rather than immediately replicating and causing lysis. Upon integration, prophages can remain dormant for generations, awaiting conditions favorable for excision and reactivation. When triggered, prophage-encoded genes can be expressed to produce toxins or enzymes, allowing the bacterium to acquire new traits such as virulence, antibiotic resistance, or altered metabolism. Prophages play a significant role in bacterial evolution and contribute to the development of new pathogens through horizontal gene transfer.;Meta
Quantum Fourier transform;The Quantum Fourier Transform is a quantum algorithm that performs a discrete Fourier transform on an n-qubit register in O time, which is exponentially faster than its classical counterpart. It was introduced by Lov Grover and Mark Gribakin in 1996 as a tool for quantum simulation of many-body systems. The QFT is often used in conjunction with the Quantum Phase Estimation algorithm to solve problems such as computing eigenvalues and eigenvectors of a unitary matrix, which has applications in quantum mechanics and quantum information processing. It can also be used for integer factorization and other cryptographic tasks.;Meta
Post-translational modification;Post-translational modification refers to the covalent attachment or detachment of a protein after its initial translation from mRNA. PTMs can occur in various forms, including phosphorylation, ubiquitination, glycosylation, and acetylation, among others. These modifications can significantly alter the function, localization, and stability of proteins within the cell. Phosphorylation, for example, is a common modification that enables or inhibits enzyme activity, while ubiquitination targets proteins for degradation by the proteasome. PTMs are critical in regulating cellular processes such as signaling pathways, protein-protein interactions, and apoptosis. The regulation of PTMs is tightly controlled to maintain cellular homeostasis, and dysregulation can contribute to various diseases.;Meta
Milankovitch cycles;Milankovitch cycles are periodic variations in Earth's orbital parameters that affect global climate patterns over thousands to tens of thousands of years. The cycles were first described by Serbian mathematician Milutin Milanković in the 1920s and are named after him. Three types of cycles contribute to these changes: eccentricity, obliquity, and precession. Eccentricity alters Earth's orbital shape and distance from the Sun, affecting solar radiation input. Obliquity refers to the tilt of Earth's axis, which influences seasonal variations in climate patterns. Precession describes the shift of Earth's rotational axis over 26,000 years due to gravitational forces from other celestial bodies. These cycles interplay to produce glacial-interglacial cycles and impact global climate change.;Meta
Notochord;The notochord is a flexible rod-like structure found in the embryos of all chordate animals, including humans. It serves as a precursor to the vertebral column and plays a crucial role in the development of the neural tube. The notochord is composed of cells that produce a gelatinous material known as chordamesoderm, which provides mechanical support and maintains the integrity of the structure. In more complex organisms, the notochord eventually degenerates and is replaced by the vertebral column, but its presence is essential for the formation of the neural tube and subsequent development of the central nervous system.;Meta
Germinal center;A germinal center is a critical region within lymphoid follicles where B cell proliferation, differentiation, and maturation into antibody-secreting plasma cells occur in response to antigen exposure. It is characterized by rapid cell division and apoptosis, allowing for the selection of high-affinity B cell clones that recognize the antigens. The germinal center reaction is a key component of humoral immunity, enabling the adaptive immune system to respond effectively to pathogens. During this process, activated B cells undergo somatic hypermutation, increasing antibody affinity, and class switch recombination, altering the type of antibodies produced. This complex interaction between T follicular helper cells, dendritic cells, and B cells facilitates the formation of memory B cells and plasma cells that provide long-term immunity.;Meta
Endoderm;The endoderm is one of the three primary germ layers that form during embryogenesis in multicellular organisms. It is a layer of cells that gives rise to the internal organs and tissues, including the digestive system, respiratory system, and associated glands such as the liver and pancreas. The endoderm is derived from the blastula stage of embryonic development and undergoes gastrulation to form a distinct layer. During organogenesis, the endoderm differentiates into various epithelial and glandular structures that perform specific functions in the organism's internal environment. The endoderm plays a crucial role in the development and maintenance of vital organs and systems throughout an organism's life cycle.;Meta
White dwarf;A white dwarf is a small, hot, dense star that is the remnants of a low-to-medium mass star after it has exhausted its nuclear fuel and shed its outer layers. These stars are composed primarily of electron-degenerate matter, which means that the electrons in the atoms are packed tightly together, causing the star to collapse into a compact, spherical shape. White dwarfs have extremely high surface gravity and temperature, with temperatures ranging from 10,000 K to 200,000 K. They are incredibly dense, with masses comparable to those of the Sun but radii only about the size of the Earth.;Meta
Allergy;An allergy is an overreaction of the immune system to a harmless substance, resulting in inflammation and tissue damage. Allergens can be found in various environmental sources such as pollen, dust mites, pet dander, and certain foods like peanuts or shellfish. The body's immune response involves the release of chemical mediators like histamine, which cause blood vessels to dilate and smooth muscle to contract, leading to symptoms such as sneezing, itching, swelling, and difficulty breathing. In severe cases, an allergic reaction can progress to anaphylaxis, a life-threatening condition requiring immediate medical attention. Allergies can be treated with medications like antihistamines or corticosteroids to manage symptoms and prevent future reactions.;Meta
Glycogenesis;Glycogenesis is the metabolic process by which glucose molecules are converted into glycogen, a complex carbohydrate stored in the liver and muscles. This process occurs through a series of enzyme-catalyzed reactions involving glycogen synthase and branching enzyme. Glycogen synthesis begins with the conversion of glucose to glucose-6-phosphate via hexokinase, followed by phosphorylation to glucose-1-phosphate. The resulting glucose-1-phosphate is then converted into UDP-glucose, which serves as a substrate for glycogen synthase to elongate the growing glycogen chain. Glycogenesis is an essential mechanism for storing excess glucose energy and releasing it when needed. This process plays a critical role in maintaining blood sugar levels and providing energy during periods of fasting or intense physical activity.;Meta
Spatial transcriptomics;Spatial transcriptomics is a technology used to analyze the expression of RNA molecules in relation to their spatial location within cells or tissues. This method allows researchers to visualize and quantify gene expression patterns at high resolution, providing insights into tissue organization and cellular behavior. Spatial transcriptomics involves the use of microarrays or sequencing technologies to capture gene expression data from specific locations within a sample. By correlating gene expression with anatomical features, scientists can gain a deeper understanding of developmental processes, disease mechanisms, and response to treatment. This technique has applications in various fields, including cancer research and regenerative medicine.;Meta
Spin foam;"Spin foam is a theoretical framework in quantum gravity that attempts to merge two major areas of physics: general relativity and quantum mechanics. It is based on the idea that spacetime can be divided into simple building blocks called simplices, which are then glued together to form a lattice structure. Each simplex represents a tiny patch of spacetime where gravitational fields and matter interact. The ""spin"" part of spin foam refers to the intrinsic angular momentum associated with each simplex, which gives rise to quantum fluctuations in the fabric of spacetime. Spin foam models aim to describe the fundamental nature of gravity at the Planck scale.";Meta
Cyclic voltammetry;Cyclic voltammetry is an electrochemical technique used to study the redox properties of a substance by measuring the current response as it undergoes oxidation and reduction reactions at an electrode surface. The method involves scanning the potential applied across the electrode, typically between two fixed limits, in a cyclic manner. This allows for the observation of multiple redox processes occurring on different timescales, enabling the identification and quantification of various species present in solution. Cyclic voltammetry is widely used in analytical chemistry to investigate electroactive compounds, as well as in fundamental research to understand the underlying mechanisms governing electrode reactions.;Meta
Plasmid;A plasmid is a small DNA molecule within a cell that is physically separated from chromosomal DNA and can replicate independently. Plasmids are found in bacteria, archaea, and some eukaryotes, including yeast and plants. They encode for various functions such as antibiotic resistance, virulence factors, and metabolic pathways. Plasmids can be transferred between cells through conjugation, transformation, or transduction, facilitating the exchange of genetic information between organisms. The study of plasmids has significant implications in biotechnology, medicine, and genetics, enabling the development of novel therapeutic agents, diagnostic tools, and genetically modified organisms. Researchers continue to investigate the structure, function, and regulation of plasmids to better understand their role in microbial physiology and evolution.;Meta
DNA sequencing;DNA sequencing is the process of determining the precise order of nucleotides within a DNA molecule. This technique has revolutionized the field of genetics and molecular biology by enabling researchers to identify genetic variations associated with diseases, understand evolutionary relationships among organisms, and develop personalized medicine approaches. The most common methods of DNA sequencing include Sanger sequencing, next-generation sequencing, and single-molecule real-time sequencing. These techniques involve breaking down the DNA molecule into smaller fragments, labeling each nucleotide, and using specialized instruments to read the sequence. High-throughput DNA sequencing has facilitated vast improvements in genomic analysis, diagnosis, and treatment of genetic disorders.;Meta
Exoplanet;An exoplanet is a planet that orbits a star outside our solar system. These celestial bodies are classified based on their size, mass, and orbital characteristics. Hot Jupiters are gas giants that orbit close to their stars, while super-Earths are larger than Earth but smaller than Neptune. Mini-Neptunes and terrestrial planets have masses similar to those of the Solar System's innermost planets. Many exoplanets were discovered using the transit method, where a planet passes in front of its star, causing a decrease in brightness. The radial velocity method involves measuring the star's wobbling motion caused by an orbiting planet.;Meta
Mannich reaction;The Mannich reaction is a chemical reaction that involves the condensation of a carbonyl compound with a secondary amine and a carbocationic species to form a beta-amino carbonyl compound. This reaction was first reported by Carl Magnus Paal in 1894, but its significance and application were later extensively studied by Vladimir Mannich. The reaction is named after the latter. It has been widely used for the synthesis of various heterocyclic compounds, including those found in pharmaceuticals. The mechanism involves a nucleophilic addition followed by an electrophilic capture.;Meta
Lupus;Lupus is a chronic autoimmune disease characterized by inflammation in multiple organs and tissues, particularly in women, though it can affect anyone. The immune system mistakenly attacks healthy cells and tissues, causing damage to joints, skin, kidneys, brain, and other organs. Systemic lupus erythematosus is the most common form of lupus, with symptoms ranging from mild to life-threatening. Inflammation in the joints leads to arthritis-like symptoms, while kidney inflammation can cause nephritis, a potentially fatal complication. Lupus is diagnosed through blood tests and medical imaging, and treatment involves medications that suppress the immune system and manage symptoms. The exact causes of lupus are still unknown but research suggests a combination of genetic, environmental, and hormonal factors contribute to its development.;Meta
Keystone species;A keystone species is a species that has a disproportionate impact on its environment and plays a unique role in maintaining the structure and function of an ecosystem. Keystone species often have a large effect size relative to their abundance and can regulate other species' populations through predator-prey relationships, nutrient cycling, or habitat modification. The loss of a keystone species can lead to significant changes in ecosystem processes and even cause the collapse of the entire ecosystem. Examples of keystone species include wolves, sea otters, and elephants, which have been shown to have a cascading effect on their respective ecosystems.;Meta
Gravitational wave;Gravitational waves are ripples in the fabric of spacetime that are produced by violent cosmic events such as the collision of two black holes or neutron stars. They were predicted by Albert Einstein's theory of general relativity in 1915 and were first directly detected on September 14, 2015, by the Laser Interferometer Gravitational-Wave Observatory. The detection was announced on February 11, 2016, marking a major milestone in modern astrophysics. Gravitational waves offer a new way to study cosmic phenomena and test theories of gravity. They are predicted to be emitted by all massive objects with acceleration, making them a universal feature of the universe.;Meta
Estrogen;Estrogen is a naturally occurring steroid hormone that plays a crucial role in the development and maintenance of female reproductive tissues, as well as various physiological processes in both males and females. It is produced by the ovaries in females and to a lesser extent by the adrenal glands in both sexes. Estrogen stimulates the growth and thickening of the endometrium, or uterine lining, regulating menstrual cycles and fertility. In addition to its reproductive functions, estrogen also affects bone density, lipid metabolism, and cardiovascular health. Dysregulation of estrogen levels has been linked to various diseases, including osteoporosis, breast cancer, and polycystic ovary syndrome.;Meta
Chemical biology;Chemical biology is an interdisciplinary field that combines principles from chemistry and biology to study the chemical mechanisms underlying biological processes. It involves the design, synthesis, and application of small molecules to understand and manipulate cellular function, signaling pathways, and disease states. Chemical biologists use various techniques such as protein-ligand interactions, metabolic labeling, and in vivo imaging to probe the molecular basis of biological phenomena. By integrating chemistry and biology, chemical biologists aim to develop new therapeutic agents, diagnostic tools, and strategies for understanding complex biological systems. This field has led to significant advances in our understanding of disease mechanisms and has yielded several novel therapeutics.;Meta
Gene duplication;Gene duplication is the process by which a gene's DNA sequence is copied, resulting in two identical copies of the gene. This event can occur through various mechanisms such as errors during DNA replication, transposition of mobile genetic elements, or viral infections. The duplicated genes may retain their original function or evolve new functions over time, leading to increased genetic diversity and potentially driving evolution. Gene duplication can also lead to the creation of new genes with novel protein-coding capabilities, enabling organisms to adapt to changing environments and ecological niches. This process has been observed in many eukaryotic genomes, including humans.;Meta
Chirality;Chirality is a fundamental concept in chemistry that describes the three-dimensional arrangement of atoms within molecules. It refers to the ability of a molecule to rotate plane-polarized light in a specific direction, either clockwise or counterclockwise. Chiral molecules have non-superimposable mirror images, known as enantiomers, which can exhibit different properties and behaviors. The concept of chirality is crucial in understanding the behavior of biomolecules, such as amino acids and sugars, which are essential components of living organisms. Asymmetry and chiral centers play a vital role in determining the activity and effectiveness of pharmaceuticals and other compounds.;Meta
DNA methylation;DNA methylation is an epigenetic modification that involves the addition of a methyl group to specific DNA sequences, typically at cytosine residues. This process is catalyzed by DNA methyltransferases and results in the formation of 5-methylcytosine. Methylation can regulate gene expression without altering the underlying DNA sequence, and its patterns are often associated with tissue-specific gene expression and cellular differentiation. Changes in DNA methylation have been linked to various diseases, including cancer and neurological disorders. Methylation patterns are also influenced by environmental factors and can be inherited through epigenetic mechanisms, highlighting its role as a key regulator of cellular function and development.;Meta
Long-term potentiation;Long-term potentiation is a persistent strengthening of synaptic connections between neurons that underlies learning and memory. It was first observed by Timothy Bliss and Terje Lømo in 1973. The phenomenon involves an increase in the efficiency of synaptic transmission between two neurons, allowing for more effective communication between them. LTP is thought to be a cellular mechanism for learning and memory formation, with evidence suggesting that it plays a critical role in long-term memory consolidation. It is characterized by changes in the strength and efficacy of excitatory synapses, which can last for hours or even days after the initial stimulus.;Meta
Zero-shot learning;Zero-shot learning is a subfield of machine learning that deals with classifying new, unseen classes without any explicit training data for those classes. This approach differs from traditional supervised learning methods, which require labeled examples for each category. In zero-shot learning, the model relies on prior knowledge and semantic relationships between categories to make predictions. The goal is to enable a model to generalize to novel classes based on their semantic descriptions or attributes. Zero-shot learning has applications in areas such as image classification, natural language processing, and recommendation systems, where new classes are constantly emerging.;Meta
Mast cell;Mast cells are a type of immune system cell found in connective tissue throughout the body. They play a crucial role in allergic reactions and inflammatory responses. When activated, mast cells release histamine and other chemical mediators from their granules, causing blood vessels to dilate, smooth muscle to contract, and mucus production to increase. This leads to symptoms such as itching, hives, swelling, and respiratory distress. Mast cells are also involved in regulating the immune response by activating eosinophils and neutrophils to combat infections. Research has shown that mast cells contribute to various diseases, including asthma, anaphylaxis, and autoimmune disorders.;Meta
Population dynamics;Population dynamics is the study of the size and composition of populations over time, examining how changes in population size are influenced by factors such as birth rates, death rates, migration, and environmental conditions. The field draws on ecology, biology, mathematics, and statistics to understand the complex interactions between species and their environment. Demographic analysis provides insights into population structure, growth patterns, and stability, while also informing conservation efforts and management strategies for ecosystems and species. Population dynamics also considers the impact of human activities on populations, including overexploitation, habitat destruction, and climate change.;Meta
Inflammasome;The inflammasome is a multiprotein complex that plays a critical role in innate immunity by activating inflammatory responses to microbial infections and damage-associated signals. It consists of a sensor protein and an adaptor protein that assemble with caspase-1, a cysteine protease responsible for cleaving pro-inflammatory cytokines such as IL-1β and IL-18 into their active forms. Upon recognition of pathogen-associated molecular patterns or danger signals, the inflammasome complex undergoes self-cleavage to activate caspase-1, which in turn promotes inflammation by releasing mature cytokines and inducing pyroptosis, a form of programmed cell death. Inflammasomes have been implicated in various diseases, including autoimmune disorders, cancer, and metabolic disorders.;Meta
Microprocessor;A microprocessor is a central processing unit that contains all the electronic circuits required to perform calculations and control other system components within a computer. It is a small-sized, cost-effective, and highly integrated processing device that contains millions of transistors on a single chip of semiconductor material. The microprocessor reads instructions from memory, decodes them, and executes arithmetic and logical operations as needed. This processing unit operates at high speeds and supports various input/output interfaces to interact with peripherals such as keyboards, displays, and storage devices. Microprocessors are used in personal computers, laptops, mobile phones, and other electronic devices that require processing power.;Meta
Giant magnetoresistance;Giant magnetoresistance is a phenomenon where the electrical resistance of certain materials decreases dramatically when exposed to a magnetic field. This property was discovered in 1988 by Albert Fert and Peter Grünberg, who were awarded the Nobel Prize in Physics for their work in 2007. Giant magnetoresistance arises from the alignment of ferromagnetic domains within thin layers of ferromagnetic materials, such as nickel or iron. When a magnetic field is applied, these domains align, reducing the resistance to electrical current. This effect can be exploited in spintronics applications, such as high-density data storage devices and sensors.;Meta
Language model;A language model is a type of artificial intelligence that enables computers to process, understand, and generate human-like language. It uses statistical models and machine learning algorithms to analyze large amounts of text data and learn patterns, relationships, and context within language. Language models are designed to predict the next word in a sequence or complete a sentence, making them useful for applications such as language translation, text summarization, and chatbots. They can be trained on various tasks, including language generation, sentiment analysis, and topic modeling. The performance of language models is often evaluated using metrics such as perplexity and ROUGE score.;Meta
Anthracene;Anthracene is a polycyclic aromatic hydrocarbon with the chemical formula C18H12 that consists of three fused benzene rings in a linear arrangement. It is one of the most stable and persistent PAHs, with a high melting point and low volatility. Anthracene is commonly found in coal tar, petroleum products, and cigarette smoke. Its unique structure and stability make it an important compound for research in materials science, chemistry, and environmental studies. Anthracene has been used as a precursor to various synthetic compounds, including dyes, pigments, and pharmaceuticals. It is also a common contaminant in soil, water, and air due to human activities such as fossil fuel combustion and industrial waste disposal.;Meta
Millisecond pulsar;A millisecond pulsar is a type of neutron star that emits electromagnetic radiation in the form of pulses at extremely high frequencies. These pulsars are characterized by their rapid rotation periods, typically between 1 and 10 milliseconds. They are thought to be formed from massive stars that undergo core collapse, resulting in an intense magnetic field and rapid rotation. The radiation emitted is due to the acceleration of charged particles in the strong magnetic field as they rotate. Millisecond pulsars are used as tools for studying extreme physics phenomena such as gravitational waves and black holes.;Meta
Pair production;Pair production is a process in which a high-energy photon interacts with a nucleus to produce a particle-antiparticle pair, typically an electron and a positron. This phenomenon was first predicted by physicist Wilhelm Pauli in 1933 and later confirmed through experiments by Carl Anderson in 1936. The energy required for pair production is greater than twice the rest mass of the particles being produced, which is approximately 1.022 MeV or 2.048 GeV. Pair production plays a crucial role in various astrophysical and particle physics phenomena, including supernovae explosions and high-energy particle collisions.;Meta
Dimensionality reduction;Dimensionality reduction is a set of techniques used to reduce the number of features or variables in a dataset while retaining as much information as possible. This is particularly useful when dealing with high-dimensional data, where many features are irrelevant or redundant. Dimensionality reduction methods include Principal Component Analysis, Linear Discriminant Analysis, and t-Distributed Stochastic Neighbor Embedding. These techniques work by transforming the original high-dimensional space into a lower-dimensional one, allowing for easier visualization and analysis of complex data. The goal is to preserve the most relevant information in the data while eliminating noise and irrelevant features, making it simpler to interpret and understand the relationships between variables.;Meta
Paleontology;Paleontology is the scientific study of ancient life forms and their fossils, which provide a window into the Earth's past environments, ecosystems, and evolutionary history. Paleontologists examine fossil evidence to reconstruct the biology, behavior, and ecology of ancient organisms, including plants, animals, and microorganisms. This field relies on geological principles, such as stratigraphy and paleomagnetism, to date and correlate fossil-bearing rocks with their original settings. By analyzing fossil morphology, anatomy, and geochemical signatures, scientists can infer the phylogenetic relationships among extinct taxa and reconstruct the evolutionary processes that shaped life on Earth. Paleontology informs our understanding of the natural world, addressing fundamental questions about the history of life and its role in shaping the planet's ecosystems.;Meta
Serology;Serology is the branch of immunology that deals with the study of serum, particularly its properties and functions in relation to immunity. It involves the analysis of blood sera for the presence of antibodies or antigens, which are proteins produced by the immune system in response to foreign substances such as bacteria, viruses, or other pathogens. Serological tests, also known as serology assays, can be used to diagnose infections, monitor disease progression, and screen for autoimmune disorders. The principles of serology include the use of antigen-antibody reactions, which are essential for identifying specific antibodies or antigens in a patient's serum.;Meta
Long-term depression;Long-term depression is a persistent decrease in neuronal excitability caused by long-lasting synaptic transmission weakening at excitatory synapses. It was first described as a mechanism that underlies certain forms of learning and memory, including habituation and sensitization. LTD can be induced experimentally through repeated activation of NMDA receptors or through the application of specific neurotransmitters such as glutamate and GABA. The molecular mechanisms underlying LTD involve changes in synaptic transmission, neuronal morphology, and gene expression. LTD has been implicated in various neurological disorders, including epilepsy, schizophrenia, and neurodegenerative diseases, and is being explored as a potential therapeutic target for these conditions.;Meta
Metamorphic rock;Metamorphic rock is a type of rock that forms when existing rocks are subjected to high temperatures and pressures, causing changes in their mineral composition and structure. This process can occur due to tectonic forces, such as mountain building or continental collision, or as a result of contact metamorphism where rocks are altered by the heat from nearby magma or volcanic activity. The transformation involves recrystallization of minerals, resulting in new textures and minerals that reflect the conditions under which they formed. Examples of metamorphic rocks include marble, slate, quartzite, and gneiss.;Meta
Linear algebra;Linear algebra is a branch of mathematics that deals with the study of vectors and linear equations. It provides a framework for solving systems of linear equations, matrix operations, and vector spaces. The core concepts include vector addition, scalar multiplication, dot product, cross product, and linear transformations. Linear algebra also encompasses eigenvalues, eigenvectors, determinants, and matrix rank. The fundamental theorem of linear algebra establishes the relationship between row and column spaces of a matrix. This subject has extensive applications in physics, engineering, computer science, data analysis, and machine learning. It provides a powerful tool for modeling real-world problems and solving them efficiently using computational methods.;Meta
Viscosity;Viscosity is the measure of a fluid's resistance to flow. It is a physical property that describes the thickness or thinness of a liquid at rest. Viscosity is an important parameter in the study of fluids and their behavior in various engineering applications, such as lubrication, drag reduction, and heat transfer. In general, high viscosity fluids are thicker and more resistant to flow, while low viscosity fluids are thinner and more fluid-like. The unit of measurement for viscosity is typically poise or centipoise, with water having a viscosity of approximately 1 cP at room temperature.;Meta
Reaction mechanism;A reaction mechanism is the sequence of steps by which a chemical reaction occurs, describing how reactants are converted into products through a series of elementary reactions. It involves understanding the intermediate species and transition states formed during the reaction process. Reaction mechanisms can be determined experimentally using techniques such as product analysis, kinetic studies, and spectroscopy. Theoretical models like quantum mechanics and molecular orbital theory are also used to predict and understand reaction mechanisms. Understanding reaction mechanisms is crucial in organic chemistry and catalysis, allowing for the development of more efficient and selective synthesis routes. It provides insights into the behavior of molecules under different conditions.;Meta
Lipid bilayer;The lipid bilayer is a fundamental component of cell membranes, consisting of two layers of phospholipid molecules arranged tail-to-tail, with their hydrophobic tails facing inward and hydrophilic heads facing outward. This arrangement allows the membrane to maintain its fluidity while maintaining structural integrity. The lipid bilayer serves as a barrier between the cell's internal environment and external surroundings, regulating the passage of substances in and out through various transport mechanisms. It also plays a crucial role in cellular signaling and interaction with the extracellular matrix. In addition, the lipid bilayer is dynamic, constantly undergoing changes due to thermal motion.;Meta
Rosetta;Rosetta is a type of cometary mission that involves orbiting and landing on a comet's surface. The European Space Agency's Rosetta mission successfully landed the Philae probe on Comet 67P/Churyumov-Gerasimenko in 2014, providing the first-ever images and data from a comet's surface. The mission aimed to study cometary composition and evolution by analyzing samples collected from the comet's surface. The orbiter component of Rosetta provided contextual information about the comet's environment, while the lander delivered detailed measurements of the comet's surface geology. Data collected during the mission greatly expanded our understanding of comets' roles in delivering water and organic compounds to Earth.;Meta
Differential geometry;Differential geometry is a branch of mathematics that combines differential calculus and geometric techniques to study curves and surfaces. It provides a framework for understanding the properties and behaviors of smooth shapes, including their intrinsic and extrinsic properties. The field involves the use of tensors, vector fields, and other mathematical tools to describe and analyze geometric objects. Differential geometry has numerous applications in physics, engineering, and computer science, particularly in the study of spacetime, gravitational fields, and curvilinear coordinates. Its techniques are also used in the design of curves and surfaces for various industries, including aerospace and automotive.;Meta
Isothermal titration calorimetry;Isothermal titration calorimetry is a laboratory technique used to determine the thermodynamic parameters of interactions between molecules. It involves measuring the heat generated or absorbed during a chemical reaction as one reactant is slowly added to another in a sealed container at a constant temperature, typically around 25 degrees Celsius. This allows researchers to quantify the binding affinity and enthalpy of interaction between two molecules. The technique is widely used in biochemistry, pharmacology, and materials science for studying protein-ligand interactions, enzyme kinetics, and polymerization reactions. It provides valuable information on the thermodynamic mechanisms underlying biological processes and chemical reactions.;Meta
Q-switching;Q-switching is a laser mode-locking technique used to produce short pulses of light with high peak powers. It was first introduced in 1964 by George Fork and Frederick DeWitt. Q-switching involves rapidly switching the gain of the laser, typically using an electro-optic switch or an acousto-optic modulator, to allow a single pulse to build up to saturation before being released. This technique is commonly used in solid-state lasers and can produce pulses as short as 100 picoseconds with powers exceeding several hundred kilowatts. Q-switching has numerous applications, including material processing, spectroscopy, and medical treatments such as skin tattoo removal and eye surgery.;Meta
Biosensor;A biosensor is a scientific device that combines a biological component with a transducer to detect specific substances in a sample. The biological component can be enzymes, antibodies, microorganisms, or DNA sequences, which interact with the target substance to produce a measurable signal. This interaction can be optical, electrochemical, thermal, or piezoelectric, depending on the type of transducer used. Biosensors are designed for medical diagnostics, environmental monitoring, and food safety testing, allowing for rapid and accurate detection of biomarkers, pathogens, and pollutants. They have become increasingly important in recent years due to their high specificity, sensitivity, and ease of use.;Meta
Parkinson's disease;Parkinson's disease is a progressive neurological disorder characterized by degeneration of dopamine-producing neurons in the substantia nigra region of the brain. The primary symptoms include tremors, rigidity, bradykinesia, and postural instability. As the disease advances, cognitive impairment and psychiatric problems may also occur. Pathologically, Parkinson's is marked by the formation of Lewy bodies, abnormal protein aggregates that accumulate in affected neurons. Research suggests that genetic mutations, environmental toxins, and oxidative stress contribute to the development of Parkinson's disease, which affects approximately 1% of people over the age of 60. Treatment options include levodopa replacement therapy, dopamine agonists, and deep brain stimulation.;Meta
Progress zone;The progress zone refers to a specific area within a neuron where the signal transmission from dendrites to the cell body takes place. This region is characterized by high concentrations of neurotransmitter receptors and ion channels that amplify the electrical signals. As the neuron receives excitatory and inhibitory inputs, it depolarizes or hyperpolarizes, leading to an increase in the probability of action potential generation. The progress zone plays a crucial role in modulating neuronal excitability and information processing within neural networks. It is also involved in synaptic plasticity, which underlies learning and memory formation.;Meta
Cerebrospinal fluid;Cerebrospinal fluid is a clear, colorless liquid produced by the choroid plexus in the ventricles of the brain and the spinal cord. It circulates through the subarachnoid space surrounding the central nervous system, providing buoyancy to the brain and facilitating the exchange of nutrients and waste products. The composition of cerebrospinal fluid is similar to that of plasma, with a high concentration of water, glucose, ions, and proteins. Its pH is tightly regulated by the transport of ions across the blood-brain barrier. Cerebrospinal fluid plays a crucial role in maintaining brain homeostasis and protecting against infections, trauma, and other pathological conditions. It is also essential for the exchange of signaling molecules between neurons.;Meta
Tenascin;Tenascin is a family of extracellular matrix glycoproteins that play crucial roles in various cellular processes, including cell adhesion, migration, and differentiation. These proteins are characterized by their ability to bind to a wide range of ligands, including integrins, syndecans, and proteoglycans. Tenascin is expressed in embryonic development, wound healing, and tissue remodeling, where it facilitates cellular interactions and the reorganization of the extracellular matrix. In pathological conditions such as cancer and autoimmune diseases, tenascin expression is often dysregulated, contributing to disease progression and severity. Research on tenascin has implications for understanding developmental biology, tissue engineering, and regenerative medicine.;Meta
Organogenesis;Organogenesis is the biological process by which organs form from embryonic tissues during development. It involves the coordinated action of multiple cell types, signaling pathways, and genetic mechanisms to shape the organ's structure and function. The development of an organ typically begins with the formation of a group of cells that differentiate into distinct tissue layers, such as epithelial, mesenchymal, and endodermal tissues. As these tissues interact and communicate through signaling molecules, they begin to organize into distinct patterns and shapes, eventually giving rise to a functional organ. This complex process is highly regulated by genetic programs and can be influenced by environmental factors during development.;Meta
Clinical trial;A clinical trial is a type of scientific investigation that evaluates the safety and efficacy of new medical treatments, medications, or devices in human subjects. It involves a systematic process to determine whether a treatment is effective and safe for use in patients with specific diseases or conditions. Clinical trials are designed and conducted by researchers according to standardized protocols and guidelines, which include randomization, blinding, and control groups to minimize bias and ensure the validity of results. The primary goals of clinical trials are to evaluate treatment efficacy, identify potential side effects, and determine optimal dosages for use in patients.;Meta
Mach number;The Mach number is a dimensionless quantity used to express the ratio of an object's velocity to the speed of sound in its surroundings. It is named after Ernst Mach, who first introduced the concept in 1877. The Mach number is calculated as the ratio of the flow velocity to the local speed of sound, Ma = V/a. In compressible flow, objects traveling at speeds above or below the local speed of sound are characterized by different flow regimes and phenomena such as shock waves and supersonic flow. Mach number is used in aerodynamics, aerospace engineering, and other fields where high-speed flows occur.;Meta
Decellularization;Decellularization is a process used to remove cellular components from tissues while preserving their extracellular matrix, allowing for the creation of biological scaffolds for tissue engineering and regenerative medicine applications. This technique involves using enzymatic or chemical treatments to break down cell membranes and release cellular contents, resulting in a tissue scaffold devoid of cells but rich in bioactive molecules. Decellularized tissues can be used as grafts or implants to promote tissue regeneration, repair damaged organs, or replace diseased tissues. The process has been applied to various types of tissues, including heart valves, skin, and liver, with promising results for treating a range of medical conditions.;Meta
Shock wave;A shock wave is a propagating disturbance that transfers energy through a medium, often in the form of pressure waves. It occurs when a significant change in velocity or direction takes place within a fluid, such as air, water, or gas. Shock waves can be caused by various phenomena, including explosions, supersonic flight, and meteorite impacts. The formation of a shock wave is characterized by an abrupt increase in pressure and density, which can lead to damage and disruption. Shock waves are often studied in the context of aerodynamics, physics, and engineering, with applications in fields such as aerospace, materials science, and medicine.;Meta
Coding theory;Coding theory is a branch of mathematics that deals with the study and analysis of error-correcting codes. These codes are used to detect and correct errors in digital data transmission over unreliable communication channels, such as those affected by noise or interference. The theory provides methods for constructing and analyzing codes that can efficiently and reliably transmit information. Key concepts in coding theory include encoding, decoding, and code design, which involve the use of mathematical techniques such as combinatorics, number theory, and group theory to develop codes with optimal error-correcting properties. This field has numerous applications in digital communication systems.;Meta
Forest plot;A forest plot is a statistical tool used in evidence synthesis to visually display the results of multiple studies with similar objectives. It is commonly employed in systematic reviews and meta-analyses to compare outcomes across different interventions or treatment groups. The plot displays the range of effect sizes from each individual study, allowing for an assessment of heterogeneity among the findings. A forest plot typically includes a summary estimate represented by a diamond or square marker, alongside horizontal lines indicating the confidence intervals of each study's result. This graphical representation facilitates a more intuitive understanding of the cumulative evidence and its variability.;Meta
Gluconeogenesis;Gluconeogenesis is a metabolic pathway that generates glucose from non-carbohydrate sources such as amino acids, lactate, and glycerol. This process occurs in the liver and kidneys and is essential for maintaining blood sugar levels during fasting or when dietary carbohydrates are scarce. Gluconeogenesis involves a series of enzyme-catalyzed reactions that convert these substrates into glucose, which is then released into the bloodstream to fuel cellular metabolism. Key regulatory steps in gluconeogenesis include the inhibition of pyruvate kinase and phosphofructokinase by fructose-2,6-bisphosphate, allowing glycolysis and glycogenolysis to proceed concurrently with gluconeogenesis.;Meta
Electrophysiology;Electrophysiology is a branch of physiology that deals with the study of electrical properties and activity in living organisms, particularly at the level of cells and tissues. It focuses on the generation, conduction, and measurement of electrical signals in various biological systems, such as the nervous system, muscle tissue, and heart. Electrophysiologists use techniques like electrophoresis, electrocardiography, and electromyography to record and analyze electrical activity, which provides insights into normal physiological function and dysfunction, including diseases such as epilepsy, arrhythmia, and muscle disorders. This field has also led to the development of medical technologies like pacemakers, defibrillators, and neurostimulators.;Meta
Action potential;An action potential is a brief electrical impulse that travels through nerve cells or neurons, enabling the transmission of information within the nervous system. It is generated by rapid changes in ion concentrations across the neuronal membrane, particularly an influx of sodium ions and efflux of potassium ions. This depolarization triggers a complex series of ion channel openings and closures, ultimately leading to repolarization and return of the resting potential. The action potential threshold varies among neurons, but generally occurs when the neuron is stimulated by a sufficient amount of electrical or chemical energy, initiating an excitatory response. This process underlies the fundamental mechanisms of neural signaling and communication in living organisms.;Meta
Hygiene hypothesis;The Hygiene Hypothesis proposes that a lack of exposure to certain microorganisms in childhood is associated with an increased risk of developing allergic diseases and autoimmune disorders later in life. This idea was first introduced by David Strachan, a British epidemiologist, who observed a correlation between high levels of allergy and lower family sizes in the 1980s. The hypothesis suggests that reduced exposure to microbial stimuli during early childhood leads to inadequate development of the immune system, making it more susceptible to hypersensitivity reactions. Studies have supported this idea, showing an increased prevalence of allergies and autoimmune diseases in populations with improved hygiene practices and reduced microbial load.;Meta
Synaptic vesicle;Synaptic vesicles are small organelles found in neurons that play a crucial role in neurotransmission. They are formed from the endoplasmic reticulum and contain various neurotransmitters such as acetylcholine and dopamine. These vesicles store and transport neurotransmitters to the presynaptic terminal, where they are released into the synaptic cleft upon an action potential. Once released, neurotransmitters bind to receptors on adjacent neurons or muscle cells, initiating a signaling cascade. Synaptic vesicles undergo endocytosis and recycling after releasing their contents, allowing for repeated transmission of signals. The regulation of synaptic vesicle dynamics is essential for learning, memory, and overall neuronal function.;Meta
Collagen;Collagen is a fibrous structural protein found in connective tissue in animals, including humans, making up approximately 25% to 35% of all proteins in the human body. It provides strength and elasticity to skin, bones, tendons, and ligaments, playing a crucial role in maintaining tissue integrity and function. Collagen is composed of amino acids such as glycine, proline, and hydroxyproline, which are arranged into a triple-helix structure, giving it its unique mechanical properties. The production of collagen is regulated by genes and various factors including age, nutrition, and environmental conditions. In humans, collagen is produced by fibroblasts in the skin and other connective tissues.;Meta
Transfer learning;Transfer learning is a subfield of machine learning that enables a neural network to utilize knowledge gained from one domain to improve its performance on another related task without comprehensive retraining. This technique leverages pre-trained models and adapts them to new tasks, reducing training time and computational resources. By transferring features learned in the source domain to the target domain, transfer learning accelerates model development and improves accuracy. It is commonly used for image classification, natural language processing, and speech recognition tasks, where a network trained on one task can be fine-tuned to excel at another related task with minimal training data.;Meta
Risk aversion;Risk aversion is a fundamental concept in economics and decision theory that refers to the tendency for individuals and organizations to prefer certain outcomes over uncertain ones. It arises from the fact that people generally perceive losses as more significant than equivalent gains, leading them to prioritize avoiding potential downsides over potential upsides. This phenomenon is often attributed to the asymmetry between loss aversion and gain anticipation, with the former typically dominating the latter. As a result, risk-averse individuals tend to opt for conservative choices, even if they may forgo potential benefits, in order to minimize potential losses.;Meta
Deep brain stimulation;Deep brain stimulation is a neurosurgical procedure that involves implanting electrodes in specific areas of the brain to modulate abnormal neural activity. This technique has been used to treat various neurological disorders, including Parkinson's disease, dystonia, and essential tremor. The procedure typically involves making small incisions in the skull and using magnetic resonance imaging or computed tomography scans to guide the placement of electrodes. Once implanted, the electrodes are connected to a pulse generator that delivers electrical impulses to the brain, interrupting abnormal neural activity and alleviating symptoms. This treatment can be adjusted and programmed by a neurologist to optimize results.;Meta
Thermodynamics;Thermodynamics is a branch of physics that deals with the relationships between heat, work, and energy. It describes how thermal energy is transferred and transformed within systems. The field was founded by Sadi Carnot in the 19th century and has since been developed by scientists such as William Thomson and Ludwig Boltzmann. Thermodynamic laws govern the behavior of matter at various scales, from molecular to astronomical. Key concepts include internal energy, entropy, and the laws of thermodynamics, which describe how energy is conserved, converted, and dissipated in physical systems. These principles underlie our understanding of heat engines, refrigeration, and many other technological applications.;Meta
Multilevel model;A multilevel model is a statistical method used to analyze data with nested or hierarchical structures. It is commonly employed in fields such as sociology, psychology, and epidemiology to study individuals within groups. This type of model accounts for both individual-level and group-level variations simultaneously, providing more accurate estimates than traditional single-level models. By incorporating the variance between groups into the analysis, multilevel models can identify significant effects that may be obscured by ignoring this structure. They are particularly useful when examining relationships involving clustered or repeated measures data, such as students within classrooms or patients within hospitals.;Meta
Power electronics;Power electronics is a subfield of electrical engineering that deals with the design, development, and application of electronic circuits and systems used to control and convert electric power. It combines elements of solid-state electronics and electrical power systems to manage the flow of electrical energy between different devices and loads. Power electronics involves the use of semiconductor devices such as thyristors, insulated gate bipolar transistors, and power metal-oxide-semiconductors to regulate voltage, current, and frequency in electrical systems. The goal is to improve efficiency, reliability, and flexibility in power distribution and utilization.;Meta
Configuration interaction;Configuration interaction is a post-Hartree-Fock method used to improve the accuracy of molecular orbital calculations by taking into account the effects of electron correlation on the wavefunction. In this approach, a set of Slater determinants are constructed from molecular orbitals and mixed together to form a linear combination that represents the ground state of the system. The resulting wavefunction is a weighted sum of the individual configurations, with the weights determined through variational principles. This method is more computationally intensive than Hartree-Fock theory but provides improved accuracy for many electronic states, particularly those involving excited electrons or bond breaking processes.;Meta
Gibbs free energy;Gibbs free energy is a thermodynamic property that determines the spontaneity of a chemical reaction. It is defined as the maximum amount of work that can be extracted from a system at constant temperature and pressure. The Gibbs free energy change is calculated using the equation ΔG = ΔH - TΔS, where ΔH is the enthalpy change, T is the temperature in Kelvin, and ΔS is the entropy change. A negative ΔG indicates a spontaneous reaction, while a positive ΔG indicates a non-spontaneous reaction. Gibbs free energy is an essential concept in understanding chemical equilibria and reaction kinetics.;Meta
Seismology;Seismology is the scientific study of earthquakes and seismic waves that travel through the Earth's interior or along its surface. It involves understanding the causes and consequences of seismic activity, including the movement of tectonic plates, volcanic eruptions, and human-induced seismicity. Seismologists use a variety of techniques to detect and analyze seismic waves, including seismometers, which record ground motion in three dimensions. By studying these waveforms, scientists can determine the location, depth, and type of earthquake that occurred. This knowledge is essential for understanding earthquake hazards and mitigating their impact on society. Seismology has also led to important discoveries about Earth's internal structure and composition.;Meta
Nucleolus;The nucleolus is a subnuclear organelle found within the nucleus of eukaryotic cells where ribosome synthesis occurs. It is composed of dense fibrillar centers and interchromatin granule clusters, which are involved in ribosomal RNA transcription and processing. The nucleolus plays a crucial role in cell growth and proliferation as it regulates the production of ribosomes, which are essential for protein synthesis. During mitosis, the nucleolus dissolves and reassembles during interphase to maintain cellular homeostasis. Abnormalities in nucleolar function have been implicated in various diseases, including cancer and neurodegenerative disorders. Research continues to uncover the complex mechanisms underlying nucleolar regulation and its impact on cell behavior.;Meta
Surfactant;Surfactants are amphiphilic compounds that exhibit both hydrophobic and hydrophilic properties, allowing them to interact with and reduce the surface tension between two immiscible liquids. They can form micelles, which are spherical or cylindrical structures composed of surfactant molecules aggregated around a central core. Surfactants play a crucial role in various industrial and biological processes, including emulsification, foaming, wetting, and cleaning. In biological systems, surfactants such as lipids and proteins facilitate cellular membrane functions, while nonionic and ionic surfactants are used in detergent formulations to reduce the surface tension of water. Their unique properties make them essential for many technological applications.;Meta
Cooper pair;The Cooper pair is a fundamental concept in superconductivity, where two electrons with opposite spins pair up to form a single quasiparticle that behaves as a boson. This phenomenon was first proposed by Leon Cooper in 1956 and is a result of electron-electron interactions in a metal lattice. The paired electrons exhibit an energy gap, known as the superconducting gap, which distinguishes them from individual electrons. Cooper pairs are responsible for the zero electrical resistance observed in superconductors below their critical temperature. They also give rise to the Meissner effect and other unique properties of superconductors.;Meta
Density functional theory;Density functional theory is a computational method used to study the behavior of electrons in many-body systems such as molecules and solids. Developed by Walter Kohn and Pierre Hohenberg in 1964, it is based on the idea that the properties of a system can be described by the density of its electrons rather than their individual positions. The theory uses the exchange-correlation functional to calculate the energy of a system, which allows for the simulation of various physical phenomena such as chemical reactions and phase transitions. It has become a powerful tool in fields like chemistry, physics, and materials science due to its ability to accurately predict the behavior of complex systems.;Meta
Leptin;Leptin is a peptide hormone produced by adipose tissue that plays a crucial role in energy balance and body weight regulation. It is secreted by fat cells and sent to the hypothalamus in the brain where it inhibits hunger signals, thereby reducing food intake and increasing metabolism. Leptin levels are positively correlated with body fat mass, meaning that individuals with higher body fat tend to have higher leptin levels. This hormone also has anti-inflammatory properties and is involved in reproductive functions, bone density, and cardiovascular health. Deficiencies or resistance to leptin can lead to obesity, metabolic disorders, and other related diseases.;Meta
Polymerase;Polymerase is an enzyme that catalyzes the formation of polymers from monomer molecules. It plays a crucial role in various biological processes, including DNA replication and repair. Polymerases are essential for the transcription of genetic information into RNA, facilitating gene expression. These enzymes use energy provided by nucleoside triphosphates to link nucleotides together, forming long chains. The structure and function of polymerase enzymes have been extensively studied, revealing distinct mechanisms of action depending on their specific functions. Polymerases are essential for the survival of all living organisms, from bacteria to humans, and have numerous applications in biotechnology and medicine.;Meta
Eutrophication;Eutrophication is a process in which a body of water becomes enriched with excess nutrients such as nitrogen and phosphorus, leading to an overgrowth of algae that depletes the oxygen levels in the water, ultimately causing the death of aquatic life. This phenomenon occurs when human activities, including agricultural runoff, sewage, and industrial waste, release large amounts of nutrient-rich pollutants into the environment. As a result, excessive algal blooms form, producing toxic compounds that can harm humans and wildlife if ingested. If left unchecked, eutrophication can cause significant ecological damage, altering entire ecosystems and threatening biodiversity.;Meta
Auction theory;Auction theory is a field of economics that studies the strategic behavior of bidders in auctions, where multiple individuals compete to purchase a good or service through a bidding process. The theory combines game theory and economics to analyze how auction mechanisms affect bidder behavior, prices, and outcomes. It examines various auction formats, including first-price and second-price auctions, Vickrey auctions, and ascending bids. Auction theory provides insights into the design of optimal auction rules that maximize revenue for sellers or allocate resources efficiently in various contexts, such as spectrum allocation, art sales, and government contracts. Its applications extend to public policy, finance, and marketing.;Meta
Plasmon;Plasmon is a quantum of plasma oscillation that occurs in metals and semiconductor materials when free electrons are collectively excited by external electromagnetic radiation. This phenomenon arises from the interaction between light and the conduction electrons at the surface of a material, causing them to oscillate in phase with the incident radiation. Plasmons have unique optical properties, including enhanced absorption and scattering of light, which can be utilized for various applications such as sensing, imaging, and optoelectronics. The study of plasmons is an active area of research, aiming to harness their potential for developing innovative technologies that combine nanoscale materials with electromagnetic fields.;Meta
Mutation rate;Mutation rate refers to the frequency at which genetic mutations occur in a population over a given period. This rate is influenced by various factors, including environmental stressors, errors during DNA replication and repair, and exposure to mutagenic substances. The mutation rate can be measured using techniques such as the fluctuation test or the direct sequencing method. High mutation rates can lead to genetic diversity and adaptability within a population, but may also result in deleterious effects. In contrast, low mutation rates may limit the population's ability to adapt to changing environments. Research on mutation rates has implications for fields like evolutionary biology, genetics, and conservation biology.;Meta
Catabolism;Catabolism is a metabolic process that involves the breakdown of complex organic molecules into simpler ones, releasing energy in the form of ATP. This process occurs in the mitochondria and lysosomes of eukaryotic cells. Catabolic reactions involve the cleavage of chemical bonds between carbon atoms, resulting in the release of electrons and protons, which are then used to generate ATP through substrate-level phosphorylation or oxidative phosphorylation. The end products of catabolism are typically simple molecules such as glucose, amino acids, and fatty acids, which can be reused by the cell for energy production or biosynthesis. Catabolic reactions are often accompanied by the release of carbon dioxide, water, and other waste products.;Meta
Molality;Molality is a measure of the concentration of a solution in terms of the number of moles of solute per kilogram of solvent. It is defined as the ratio of the number of moles of solute to the mass of the solvent, expressed in units of moles per kilogram. Molality is often used in laboratory and industrial settings where precise measurements are required. Unlike molarity, which depends on the volume of the solution, molality does not depend on the volume, making it a more accurate measure for dilute solutions or those with varying volumes. The value of molality remains constant regardless of changes in temperature.;Meta
Affinity maturation;Affinity maturation is a process in which the immune system generates antibodies with increasingly higher affinity for antigens. This occurs through somatic hypermutation and class switch recombination during germinal center reactions. As antibody-producing B cells undergo successive rounds of cell division, genetic mutations accumulate in their immunoglobulin genes, leading to increased binding affinity for specific antigens. B cells that produce antibodies with higher affinities are more likely to proliferate and differentiate into plasma cells. This process is essential for the immune system's ability to recognize and neutralize pathogens effectively. The outcome of affinity maturation is a highly specific antibody response that efficiently targets invading organisms.;Meta
Stratigraphy;Stratigraphy is the scientific study of rock layers and layering patterns, often used in geological and paleontological research. It involves analyzing the sequence of strata to reconstruct the Earth's history, including processes such as sedimentation, erosion, and plate tectonics. Stratigraphers use various techniques, including field observations, laboratory analysis, and numerical modeling, to interpret rock layers and their relationships. The discipline relies heavily on principles from geology, paleontology, and other earth sciences to understand the formation of the Earth's crust over millions of years. By analyzing strata, scientists can gain insights into past climates, life forms, and geological events that shaped our planet.;Meta
Kolmogorov complexity;"Kolmogorov complexity is a measure of the algorithmic information content in a string or sequence. It is defined as the length of the shortest program that can produce the given string. This concept was introduced by Andrey Kolmogorov in 1963 and has since been applied to various fields, including computer science, information theory, and mathematics. The complexity of a string is independent of its representation and depends only on its computational history. In essence, it measures how much ""information"" is required to describe or compress the given data. This concept has far-reaching implications in understanding the fundamental limits of data compression and coding.";Meta
Neurulation;Neurulation is the process by which the neural plate forms into the neural tube in the developing embryo. This crucial event occurs during gastrulation and organogenesis stages. The neural plate, formed from ectodermal cells, undergoes a complex series of cellular movements and folding to give rise to the neural tube. The notochord, a rod-like structure, serves as a signaling center that induces the formation of the neural tube. As the neural plate folds inwards, it forms the neural groove, which eventually closes to form the neural tube. This process is critical for the development of the central nervous system and brain.;Meta
Neutrino;Neutrinos are elementary particles that interact via the weak nuclear force and gravity, but not electromagnetically, making them extremely difficult to detect directly. They have a very small mass, believed to be near zero, and can travel long distances through matter without interacting significantly with it. The three flavors of neutrinos are associated with their corresponding charged leptons and play a key role in the Standard Model of particle physics. Neutrino oscillations, where one type of neutrino converts into another, have been observed experimentally and provide evidence for the neutrino's tiny mass and mixing between flavors.;Meta
Decomposer;Decomposition is the process by which dead organisms are broken down into simpler organic matter by decomposers, such as fungi, bacteria, and archaea. These microorganisms play a crucial role in the ecosystem by recycling nutrients and returning them to the soil. Decomposition occurs through enzymatic breakdown of complex molecules, resulting in the release of carbon dioxide, water, and nutrients. The rate of decomposition is influenced by factors such as oxygen availability, temperature, moisture, and nutrient concentration. In turn, decomposition affects the global carbon cycle and influences the cycling of essential nutrients in ecosystems, supporting plant growth and maintaining soil fertility.;Meta
Weak localization;Weak localization is a quantum phenomenon that occurs in disordered systems, where the presence of impurities or defects in the material causes electrons to scatter randomly as they move through it. This scattering leads to an increase in the resistance of the material due to the reduction in the mean free path of the electrons. The weak localization effect was first predicted by theoretical physicists and later confirmed experimentally in various disordered materials, including metals and semiconductors. It is a consequence of the wave-particle duality of electrons, where their coherent motion leads to an enhancement of backscattering events, resulting in increased resistance.;Meta
Transcranial magnetic stimulation;Transcranial magnetic stimulation is a non-invasive brain stimulation technique that uses magnetic fields to temporarily modulate brain activity. It involves the application of a rapidly changing magnetic field over the scalp, which induces electrical currents in the underlying brain tissue. This can lead to changes in neural excitability and synaptic plasticity. TMS has been shown to be effective in treating various neurological disorders, including depression, Parkinson's disease, and stroke rehabilitation. The technique is typically administered using either a single pulse or repetitive sessions of stimulation, with the intensity and duration adjusted according to the individual's response. Research continues to investigate its efficacy and mechanisms of action.;Meta
Golgi apparatus;The Golgi apparatus is an organelle found in eukaryotic cells responsible for processing proteins and lipids synthesized by the endoplasmic reticulum. It consists of a stack of flattened sacs called cisternae, which are connected by tubular structures called vesicles. The Golgi apparatus modifies proteins and lipids through glycosylation, phosphorylation, and other post-translational modifications, allowing them to be transported to their final destinations within the cell or secreted outside. The Golgi apparatus is also involved in protein sorting and packaging, ensuring that the correct molecules are directed to the appropriate cellular compartments. This complex process requires precise coordination of molecular motors and transport vesicles.;Meta
Pyroptosis;Pyroptosis is a form of programmed cell death that plays a crucial role in the innate immune response against infections. It is characterized by the formation of pores in the host cell membrane, leading to cellular lysis and the release of pro-inflammatory molecules. This process is mediated by the activation of inflammatory caspases, such as caspase-1, which cleave and activate gasdermin D, a protein responsible for pore formation. Pyroptosis can be triggered by bacterial infections, viral infections, or by endogenous danger signals, and it serves to eliminate infected cells and trigger an immune response to prevent the spread of disease.;Meta
Grid cell;Grid cells are a type of neural unit that has been found in various regions of the brain, including the entorhinal cortex and hippocampus, which play important roles in spatial navigation and memory formation. Research suggests that grid cells function as a fundamental building block for constructing cognitive maps of space, allowing an animal to keep track of its location within a multi-room environment or navigate through open spaces with ease. Grid cell activity has been observed to exhibit a unique hexagonal pattern, where the firing rate of individual neurons is modulated in relation to specific spatial locations. This grid-like pattern is thought to be essential for the computation and storage of spatial information.;Meta
Eukaryote;Eukaryotes are complex cells characterized by the presence of a true nucleus enclosed within membranes. This distinct feature sets them apart from prokaryotic cells, which lack a membrane-bound nucleus. Eukaryotes include a wide range of organisms such as plants, animals, fungi, and protists. They possess several organelles specialized for various cellular functions, including mitochondria for energy production, chloroplasts for photosynthesis, and a golgi apparatus for protein modification. The eukaryotic cell structure provides a high degree of metabolic specialization, allowing these organisms to thrive in diverse environments and exhibit complex behaviors. Their cells can reach diameters of up to several centimeters.;Meta
Dark energy;Dark energy is a hypothetical form of energy that permeates all of space, making up approximately 68% of the universe's total energy density. It was first proposed in the late 1990s as an explanation for the observed acceleration of the universe's expansion rate. The discovery of distant supernovae and cosmic microwave background radiation led to the realization that the expansion of the universe is not slowing down, but rather speeding up. Dark energy is thought to be a negative pressure that pushes matter apart, causing the universe to expand at an accelerating rate. Its nature remains unknown, with various theories attempting to explain its properties and behavior.;Meta
Plasma cell;A plasma cell is a type of white blood cell that plays a crucial role in the immune system. It is derived from B lymphocytes and is responsible for producing large quantities of antibodies, which are proteins that help to fight off infections. Plasma cells have high levels of cytoplasmic organelles known as rough endoplasmic reticulum and ribosomes, which enable them to synthesize and secrete the heavy and light chains of immunoglobulin molecules. Plasma cells can be found in lymphoid tissues, such as the spleen and lymph nodes, where they are activated by antigens, stimulating antibody production. This process is essential for mounting an effective immune response against pathogens.;Meta
Monoclonal antibody;A monoclonal antibody is a type of antibody that is produced by identical cells in a laboratory culture. These antibodies are designed to recognize and bind to specific antigens, which can be proteins, carbohydrates, or other molecules found on the surface of cells. Monoclonal antibodies are used as therapeutic agents to treat various diseases, including cancer, autoimmune disorders, and infectious diseases. They work by binding to specific targets, either enhancing or inhibiting their function. This precise targeting allows for more effective treatment with fewer side effects compared to traditional treatments. Several monoclonal antibody therapies have been approved for clinical use in recent years.;Meta
Critical period;The critical period is a concept in developmental biology that refers to the specific time during which an organism's nervous system and organs are most sensitive to environmental stimuli and exposure to certain substances can have lasting effects on their development and function. During this period, exposure to toxins, hormones, or other external factors can irreversibly alter the formation of tissues and organs, leading to long-term consequences for the organism's health and behavior. In many species, including humans, the critical period is a unique window of opportunity during which certain developmental processes are highly susceptible to disruption.;Meta
Autoimmunity;Autoimmunity is a condition in which the immune system mistakenly attacks and damages the body's own tissues, resulting in various diseases such as rheumatoid arthritis, lupus, and type 1 diabetes. This occurs when a breakdown in tolerance to self-antigens allows autoreactive T cells and B cells to recognize and target host proteins. The immune response against these self-proteins can be mediated by both innate and adaptive immunity, leading to tissue damage and inflammation. Autoimmunity can arise from genetic predisposition, environmental triggers, or viral infections that disrupt tolerance to self-antigens, ultimately resulting in a chronic inflammatory response.;Meta
Matrix decomposition;Matrix decomposition is a mathematical technique used to break down a matrix into simpler components that can be manipulated separately. It is a fundamental concept in linear algebra and has numerous applications in various fields such as computer science, engineering, and data analysis. The most common types of matrix decompositions are LU decomposition, Cholesky decomposition, and Singular Value Decomposition. These methods allow for efficient solutions to systems of linear equations, eigenvalue problems, and low-rank approximations. Matrix decomposition is widely used in machine learning algorithms such as Principal Component Analysis and recommendation systems. It enables data scientists to extract meaningful insights from large datasets by reducing dimensionality and improving computational efficiency.;Meta
Nucleophile;A nucleophile is an atom, molecule, or ion that donates a pair of electrons to form a covalent bond with another atom or molecule. In chemical reactions, nucleophiles are typically negatively charged or have a lone pair of electrons available for donation. The most common examples of nucleophiles include hydroxide ions, cyanide ions, and alkoxide ions. Nucleophilic substitution and addition reactions are two types of chemical reactions where nucleophiles play a crucial role. In these reactions, the nucleophile attacks an electrophilic center, resulting in the formation of a new covalent bond and the replacement or addition of functional groups to a molecule.;Meta
Martensite;Martensite is a microstructurally distinct crystalline structure that forms in steel when it is cooled rapidly through its critical temperature, known as the martensitic transformation temperature. This process involves a diffusionless shear deformation of the crystal lattice, resulting in a high-density dislocation substructure. Martensite is characterized by its needle-like or lath-shaped morphology and is often associated with increased hardness, strength, and resistance to wear. It is a key component in many steel alloys, particularly those used in high-strength applications such as springs, gears, and cutting tools. The formation of martensite can be influenced by factors including alloy composition, cooling rate, and thermal history.;Meta
Trophic level;Trophic level refers to the position an organism occupies in a food chain or food web, indicating its role as a consumer of other organisms. It is measured by assigning a number from one to five, with primary producers like plants and algae at trophic level one. Herbivores, which consume plants, occupy the next level, while carnivores that feed on herbivores are at level three. Higher levels involve predators that consume other carnivores or omnivores that eat both plants and animals. The energy flow through an ecosystem typically decreases as trophic level increases, resulting in a decline of energy availability from one level to the next.;Meta
Wave function;The wave function is a mathematical description used in quantum mechanics to describe the quantum state of a physical system, such as a particle or a group of particles. It encodes all possible information about the system's properties and behavior, including its position, momentum, energy, and other characteristics. The wave function is typically denoted by the symbol ψ and can be represented graphically as a probability amplitude distribution. In quantum mechanics, the square of the absolute value of the wave function gives the probability density of finding a particle in a particular location or state.;Meta
Consciousness;Consciousness refers to the subjective experience of being aware of one's internal and external environment. It is a complex and multifaceted phenomenon that has been studied extensively in various fields including neuroscience, psychology, philosophy, and anthropology. Theories on consciousness aim to explain how it arises from neural activity in the brain, and what mechanisms underlie its generation. Integrated Information Theory posits that consciousness is generated by integrated information within the brain, while Global Workspace Theory suggests it results from the global workspace of working memory. Despite significant research, the neural correlates of consciousness remain unclear, and a comprehensive understanding of this phenomenon remains an open question in science.;Meta
Cardiac output;Cardiac output is the volume of blood pumped by the heart per minute, measured in liters per minute. It is a critical parameter in cardiovascular physiology and is influenced by stroke volume and heart rate. A normal cardiac output ranges from 4 to 8 L/min in an adult human. Cardiac output is calculated using the formula: cardiac output = stroke volume x heart rate. Factors that affect cardiac output include age, sex, physical fitness level, and underlying medical conditions such as hypertension or heart failure. Abnormalities in cardiac output can be indicative of various cardiovascular diseases.;Meta
Multiverse;The multiverse hypothesis proposes that there exist multiple universes beyond our own, each with its own unique set of physical laws and properties. This concept is based on theories such as eternal inflation, which suggests that our universe is just one of many bubbles in a vast multidimensional space. Some models also propose the existence of parallel universes, or branes, which exist in close proximity to ours but are separated by energy barriers. The multiverse idea has gained significant attention in recent years due to its potential implications for cosmology and the search for extraterrestrial life.;Meta
Fibrin;Fibrin is a fibrous, insoluble protein involved in blood clotting, produced by activation of coagulation factors, particularly thrombin, which cleaves fibrinopeptides from fibrinogen to form soluble fibrin monomers that spontaneously polymerize into a clot. This process involves the conversion of fibrinogen to its active form and its subsequent binding to platelets and other cells, forming a mesh-like structure. Fibrin clots play a crucial role in hemostasis, preventing excessive bleeding from damaged blood vessels. Dysregulation of fibrin formation or breakdown can lead to conditions such as thrombosis or bleeding disorders, depending on whether the clot is too stable or too fragile.;Meta
Dye-sensitized solar cell;A dye-sensitized solar cell is a type of photovoltaic device that converts light into electrical energy using a thin layer of molecular dyes as photosensitizers. The process involves the oxidation and reduction of molecules at an electrode interface, allowing electrons to flow through an external circuit when exposed to sunlight. This technology was first introduced in 1991 by Japanese chemist Brian O'Regan and Australian scientist Michael Grätzel. Dye-sensitized solar cells have been shown to be efficient and cost-effective alternatives to traditional silicon-based solar cells, with potential applications in building-integrated photovoltaics and portable electronics. Their efficiency has reached up to 13.7% under standard test conditions.;Meta
Gene therapy;Gene therapy is a medical intervention that uses genes to prevent or treat diseases. It involves modifying or replacing genetic material in cells to correct genetic mutations or deficiencies that cause disease. Gene therapy can be administered through various methods, including direct injection into cells, viral vectors, and gene editing technologies such as CRISPR/Cas9. The goal of gene therapy is to restore normal cellular function, prevent disease progression, and improve patient outcomes. It has been used to treat a range of conditions, including genetic disorders, cancers, and infectious diseases, with varying degrees of success and potential for long-term benefits.;Meta
Intron;Introns are non-coding regions of DNA that interrupt coding sequences in genes, known as exons. These intronic segments are removed during a process called RNA splicing before the mature messenger RNA molecule is produced. Introns can vary significantly between individuals and species, and their function remains poorly understood. Some theories propose that introns may be involved in gene regulation or the generation of genetic diversity through alternative splicing. However, many genes have non-essential or pseudogenic introns, suggesting a lack of functional significance for these sequences. The exact role of introns is still an active area of research and debate among molecular biologists.;Meta
Representation theory;Representation theory is a branch of abstract algebra that studies linear representations of groups, algebras, and other structures. It concerns how these structures can be represented as linear transformations on vector spaces over a field. The central concept is the representation of an object in a way that captures its symmetries or operations. This involves the study of homomorphisms from the given structure to the general linear group of a vector space, and the properties of these representations are used to gain insights into the original structure. Representation theory has numerous applications in physics, chemistry, computer science, and engineering, among other fields.;Meta
Q-learning;Q-learning is a model-free reinforcement learning algorithm that enables an agent to learn the optimal policy in a given environment through trial and error interactions with its surroundings. The algorithm estimates the action-value function, Q, which represents the expected return or reward when taking action a in state s and following the optimal policy thereafter. By updating this function using the temporal difference learning method, the agent learns to select actions that maximize the cumulative reward, thus achieving a balance between exploration and exploitation. The Q-learning algorithm has been successfully applied to various complex problems, including robotics, game playing, and autonomous driving systems.;Meta
X-ray binary;An X-ray binary is a type of astrophysical object that consists of two stars in close orbit around each other, one of which is a compact object such as a neutron star or black hole. The compact object accretes material from its companion star, causing it to heat up and emit intense X-rays. The X-rays are produced by the strong gravitational field of the compact object, which heats the infalling matter to incredibly high temperatures. X-ray binaries are an important area of study in astrophysics as they can provide insights into the behavior of these extreme objects and their role in shaping the surrounding environment.;Meta
Focal adhesion;Focal adhesions are complex molecular structures that form at the sites of cell attachment to the extracellular matrix in adherent cells. They play a crucial role in regulating cell migration, shape change, and signaling pathways. Focal adhesions are composed of large protein complexes that link integrins, receptors for extracellular matrix proteins, to actin cytoskeleton components, allowing for force transmission between the cell and its environment. This interaction enables cells to adhere to surfaces, migrate, and respond to external mechanical cues, thereby influencing various cellular processes such as proliferation, differentiation, and survival. Disruptions in focal adhesion dynamics have been linked to various diseases, including cancer and cardiovascular disorders.;Meta
Genome browser;A genome browser is a computer-based tool used to display and analyze the structure and organization of an organism's genome in a graphical format. It allows users to visualize and navigate through genomic data by displaying genes, regulatory elements, and other features along a chromosomal scaffold. Genome browsers often integrate multiple types of data, such as gene expression levels, copy number variations, and epigenetic marks, providing a comprehensive view of the genome's organization and function. This tool enables researchers to identify patterns and relationships within genomic data, facilitating discoveries in fields like genetics, genomics, and personalized medicine.;Meta
CRISPR;CRISPR is a bacterial immune system that confers resistance to viruses by cleaving their DNA, thus protecting against infection. The acronym stands for Clustered Regularly Interspaced Short Palindromic Repeats. This technology has been adapted and engineered for use in eukaryotic cells, allowing precise genome editing. A Cas9 nuclease enzyme is directed to a specific sequence by guide RNA, resulting in a double-stranded break that can be repaired through various mechanisms including homologous recombination. This process enables researchers to introduce targeted mutations or gene knockouts in model organisms and has significant potential for therapeutic applications in treating genetic diseases.;Meta
Digital filter;A digital filter is a mathematical algorithm that modifies a signal in a digital system by selectively allowing certain frequencies to pass through while rejecting others. It is used in various fields such as audio processing, image processing, and control systems. Digital filters can be categorized into two main types: finite impulse response filters and infinite impulse response filters. FIR filters are non-recursive and have a limited number of coefficients, while IIR filters are recursive and can have an infinite number of coefficients. Digital filters are designed to meet specific requirements such as frequency response, group delay, and stability. They can be implemented using various techniques including the Fast Fourier Transform and the Discrete Fourier Transform.;Meta
Raman spectroscopy;Raman spectroscopy is a vibrational spectroscopic technique used to determine molecular structures by detecting inelastic scattering, known as Raman scattering, of monochromatic light, typically from a laser in the visible, near infrared, or near ultraviolet range. When a sample is illuminated with a laser beam, some of the photons are scattered inelastically, transferring energy between the incident photon and the molecule, resulting in a change in frequency. This phenomenon produces a Raman spectrum, which is characteristic of the molecular vibrational modes. The technique is highly sensitive and can be used to study both crystalline and amorphous materials, allowing for the identification of chemical bonds and structural changes within molecules.;Meta
Tonsil;The tonsil is a mass of lymphoid tissue located in the throat, playing a crucial role in the immune system. Composed of lymphocytes and other immune cells, tonsils filter pathogens from ingested food and air, providing protection against infections. They are particularly adept at recognizing and responding to bacterial antigens, particularly those causing streptococcal sore throats. Tonsillitis, inflammation of the tonsil, can result from infection or autoimmune reactions. Surgical removal of the tonsil, known as a tonsillectomy, is sometimes performed in cases of recurrent tonsillitis or obstructive sleep apnea. The function and anatomy of the tonsils have been extensively studied in fields such as immunology and otolaryngology.;Meta
Magnetar;A magnetar is a type of neutron star that has extremely strong magnetic fields, often with surface field strengths millions to billions of times stronger than Earth's magnetic field. This phenomenon is attributed to the intense rotation of the neutron star, which accelerates charged particles in its vicinity and generates immense electromagnetic energy. The strong magnetic fields of magnetars can also lead to periodic bursts of energy release through a process known as magneto-rotational instability, resulting in gamma-ray flares that can be detected from vast distances. These stars are relatively rare and have been observed primarily in the X-ray and gamma-ray spectra.;Meta
Prognosis;Prognosis refers to the prediction of a patient's outcome following medical treatment, including their chances of survival, recovery, and potential complications. It involves assessing the severity and progression of a disease or injury, as well as the patient's overall health status, to estimate the likelihood of a favorable or unfavorable outcome. Prognostic assessment may involve evaluating various factors such as age, sex, medical history, laboratory results, imaging studies, and clinical signs and symptoms. Accurate prognosis is crucial for guiding treatment decisions, informing patients about their expected outcomes, and allocating healthcare resources effectively. It relies on the integration of epidemiological, clinical, and statistical data to provide a precise prediction of patient outcomes.;Meta
ATP hydrolysis;ATP hydrolysis is the process by which adenosine triphosphate is converted into adenosine diphosphate, releasing energy in the form of phosphate groups. This reaction is a fundamental mechanism for energy transfer within living organisms, enabling cells to perform various functions such as muscle contraction, protein synthesis, and membrane transport. The hydrolysis reaction involves the cleavage of one or more phosphate groups from ATP, resulting in ADP and inorganic phosphate. The released energy is used by the cell to drive chemical reactions essential for life. This process occurs spontaneously, releasing approximately 7.3 kcal/mol of free energy per molecule of ATP.;Meta
Herd immunity;Herd immunity is a phenomenon in which a significant portion of a population becomes immune to a particular disease, thereby protecting those who are not immune, such as individuals with weakened immune systems. This occurs when a sufficient percentage of individuals within a community have been vaccinated against a specific disease or have contracted and recovered from it, rendering them immune. As a result, the disease is unable to spread efficiently within the population, thereby protecting vulnerable groups. Herd immunity can be achieved through vaccination campaigns or natural infection, and its level varies depending on factors such as the percentage of the population immunized and the basic reproduction number of the disease.;Meta
Anthropic principle;"The Anthropic Principle is a concept in modern cosmology that attempts to explain why our universe appears to have specific features conducive to life as we know it. The principle states that any physical laws or constants must be compatible with the existence and evolution of complex life forms. This idea suggests that the universe was ""fine-tuned"" to allow for the emergence of intelligent observers. Proponents argue that this fine-tuning is not a coincidence, but rather a requirement imposed by the necessity of conscious observation. Critics view it as an unsatisfactory explanation, arguing that it merely states the obvious and does not provide a deeper understanding of the universe's workings.";Meta
Quantum computing;Quantum computing is a new paradigm in information processing that leverages the principles of quantum mechanics to perform calculations exponentially faster than classical computers. Quantum bits, or qubits, are the fundamental units of quantum computation and can exist in multiple states simultaneously due to superposition and entanglement. This property allows for parallel processing and simultaneous exploration of an exponential number of possible solutions. Quantum algorithms, such as Shor's algorithm for factorization and Grover's algorithm for search, exploit these properties to solve specific problems more efficiently than classical computers. However, quantum computing also raises concerns about error correction and the potential for increased computational complexity.;Meta
Algebraic topology;Algebraic topology is a branch of mathematics that studies topological spaces using algebraic tools. It combines concepts from topology and algebra to analyze properties of shapes and spaces. The discipline focuses on invariants, such as homotopy groups and cohomology rings, which remain unchanged under continuous deformations. Algebraic topologists employ techniques like homology theory and the fundamental group to categorize and classify topological spaces. This field has significant applications in geometry, physics, and computer science, particularly in areas like knot theory and computational topology. By providing a rigorous framework for analyzing shapes and spaces, algebraic topology has become an essential tool in modern mathematics and its interdisciplinary connections.;Meta
Neurogenesis;Neurogenesis is the process by which new neurons are formed in the brain. It is a complex process involving the proliferation and differentiation of neural stem cells, followed by migration and integration into existing neural circuits. Neurogenesis occurs throughout life, with rates varying across different brain regions and species. Research has shown that neurogenesis can be induced or enhanced through various factors such as exercise, learning, and environmental enrichment. This process is essential for brain development and plasticity, contributing to learning and memory formation. Impairments in neurogenesis have been implicated in neurological disorders including Alzheimer's disease, Parkinson's disease, and depression.;Meta
Structural equation modeling;Structural equation modeling is a statistical method for testing complex relationships among variables in a system. It combines concepts from factor analysis and path analysis to provide a comprehensive framework for understanding causal relationships between latent and manifest variables. SEM allows researchers to specify and test theoretical models, making it an essential tool in fields such as psychology, sociology, education, and business. The model is fitted to data using maximum likelihood estimation or Bayesian methods, enabling the assessment of model fit and parameter estimates. SEM has become a widely used statistical technique for validating causal theories and identifying underlying structures within complex datasets.;Meta
Stellar nucleosynthesis;Stellar nucleosynthesis is the process by which atomic nuclei combine to form heavier elements within stars. It is a key aspect of stellar evolution and occurs through nuclear reactions that take place in the star's core. These reactions involve the fusion of lighter elements, such as hydrogen and helium, into heavier ones like carbon, nitrogen, and oxygen. As the star ages and runs out of fuel, it can explode as a supernova, scattering these newly formed elements into space where they are incorporated into new stars and planets. This process is responsible for creating the chemical diversity we see in the universe today. Stellar nucleosynthesis is essential to understanding the origin of elements on Earth and elsewhere.;Meta
Histology;Histology is the branch of biology that deals with the microscopic structure of tissues and cells in living organisms. It involves the study of the morphology of cells and tissues, as well as their functions and interactions with each other and their environment. Histologists examine and analyze tissue samples using various techniques such as staining, sectioning, and imaging to understand the relationships between different cell types, cellular structures, and the extracellular matrix. The field of histology is essential for understanding human disease, identifying biomarkers for diagnosis, developing new therapies, and improving our overall understanding of biological systems.;Meta
Myosin;Myosin is a family of motor proteins that play a crucial role in muscle contraction and intracellular transport. These proteins are composed of two heavy chains and four light chains, with the head domain responsible for binding to actin filaments and undergoing conformational changes to produce force. Myosins can be broadly classified into several subclasses based on their structure and function, including conventional myosins, unconventional myosins, and IQ-motif myosins. Conventional myosins are further divided into muscle-type myosins and non-muscle type myosins, with the latter being involved in a variety of cellular processes such as endocytosis, cytokinesis, and cell migration.;Meta
Number needed to treat;The number needed to treat is a statistical measure used in evidence-based medicine to quantify the effectiveness of a medical intervention, such as a treatment or preventive measure. It represents the average number of individuals who need to be treated with an intervention to prevent one additional bad outcome over a specified period of time. The NNT is calculated by dividing the absolute risk reduction by the control event rate. A lower NNT indicates that fewer people need to receive the treatment to achieve a significant benefit, making it a useful tool for healthcare professionals and policymakers to evaluate the cost-effectiveness and efficiency of interventions.;Meta
Peptide bond;A peptide bond is a chemical covalent bond formed between two molecules when the carboxyl group of one molecule reacts with the amino group of another molecule, releasing water in the process. This reaction is catalyzed by enzymes called peptidases and is essential for protein synthesis. The peptide bond is an amide bond that links amino acids together to form a polypeptide chain. Peptide bonds are relatively stable, but can be broken by heat, chemicals, or enzymes, allowing proteins to fold into their native conformation and perform various biological functions. Hydrogen bonding within the peptide backbone also contributes to protein stability.;Meta
Eosinophil;Eosinophils are a type of white blood cell that plays a crucial role in the immune system's response to infections and allergens. They are characterized by their large size and the presence of eosinophilic granules in their cytoplasm, which contain proteins involved in combating parasites and participating in inflammatory responses. Eosinophils are produced in the bone marrow and circulate in the blood before migrating to tissues where they contribute to tissue repair and defense against pathogens. In certain conditions, such as asthma or parasitic infections, eosinophil counts can increase significantly, indicating an underlying inflammatory response.;Meta
Meta-learning;Meta-learning is a subfield of machine learning that focuses on developing algorithms capable of learning new tasks from limited data by leveraging prior knowledge and experiences. It enables models to adapt to novel situations and generalize across different domains and tasks without extensive training. Meta-learning involves the use of meta-parameters, which are learned during the training process and allow the model to adjust its learning strategy for each new task. This approach has applications in few-shot learning, transfer learning, and lifelong learning, where models can quickly adapt to new tasks with minimal data. It is an active area of research with potential impact on various AI fields.;Meta
Aerogel;Aerogel is a synthetic porous material derived from a gel in which the liquid component has been replaced with a gas. This unique structure gives aerogel its exceptional thermal insulation properties, making it one of the lowest-density solid materials known. Aerogels can be made from a variety of materials, including silica, carbon, and metal oxides, and their porosity can range from 90 to 99.8% depending on the manufacturing process. The extremely low density of aerogel, combined with its high thermal resistance, makes it an ideal material for applications such as space exploration, cryogenic insulation, and advanced building materials. Its unique properties also make it suitable for use in radiation shielding and energy storage devices.;Meta
Inverse kinematics;Inverse kinematics is a mathematical technique used to determine the movement of joints in a robotic arm or other mechanical system, given the desired end-effector motion and constraints. It involves solving for the joint angles that will achieve the desired position and orientation of the end-effector, taking into account factors such as joint limits, friction, and singularity avoidance. Inverse kinematics is a crucial component of robotics and computer animation, enabling tasks such as robotic arm control, virtual reality simulation, and character animation in video games. The problem involves solving a non-linear system of equations to determine the optimal joint configurations.;Meta
Anderson localization;Anderson localization is a theoretical concept in condensed matter physics that describes the loss of electron conductivity in a disordered system due to interference between quantum states. The theory was introduced by Philip Anderson in 1958 and has since become a fundamental aspect of understanding the behavior of electrons in complex materials. When electrons are scattered by impurities or defects, their waves undergo random phase changes, leading to destructive interference that suppresses conductivity. This phenomenon is more pronounced at low energies and can result in an insulating state even when the material is theoretically predicted to be metallic.;Meta
Lytic cycle;The lytic cycle is a process by which certain viruses replicate themselves within host cells. It begins when a virus particle infects a cell, releasing its genome into the cell's cytoplasm. The viral genome is then transcribed and translated to produce new viral proteins and genetic material. These components are assembled together to form new virus particles, which eventually break out of the host cell through a process called lysis, releasing new virus particles into the surrounding environment. This cycle can result in either productive or non-productive infection, depending on the type of virus and the efficiency of its replication machinery within the host cell.;Meta
Balancing selection;Balancing selection is a process in evolutionary biology where natural selection maintains two or more alleles at a single genetic locus at stable frequencies within a population, preventing one allele from becoming fixed. This occurs when each allele has a selective advantage under different environmental conditions, resulting in a balance between selection and genetic variation. In balancing selection, the fitness of an individual is not solely determined by its genotype, but also by the environment it inhabits. As a result, populations maintain high levels of genetic diversity due to the coexistence of multiple alleles with similar fitness values. This process can lead to increased adaptability and evolutionary flexibility.;Meta
Glycosylation;Glycosylation is the process by which carbohydrate molecules, known as glycans, are attached to target proteins or lipids. This modification occurs in the endoplasmic reticulum and Golgi apparatus of eukaryotic cells and is essential for various cellular functions. Glycans can influence protein structure, stability, and function, as well as facilitate protein-protein interactions and cell-cell communication. Alterations in glycosylation patterns have been implicated in numerous diseases, including cancer, neurodegenerative disorders, and infectious diseases. The specificity and diversity of glycan structures are determined by a set of enzymes called glycosyltransferases that catalyze the transfer of sugar monomers to acceptor molecules.;Meta
Alpha particle;An alpha particle is a type of radiation that is emitted from the nucleus of an atom during certain types of radioactive decay. It consists of two protons and two neutrons, which are identical to the nucleus of a helium-4 atom. Alpha particles have a +2 charge and are relatively large compared to other types of radiation. They can travel only a short distance through air before being absorbed by matter, typically between 1-10 centimeters. Despite their limited range, alpha particles are highly energetic and can cause significant damage to living tissue if inhaled or ingested.;Meta
Majorana fermion;A Majorana fermion is a theoretical particle predicted by physicist Ettore Majorana in 1937, characterized by its ability to be its own antiparticle. This property makes it distinct from other known particles, which are always distinguishable from their antiparticles. In condensed matter physics, a topological insulator can host Majorana fermions at its edges or surfaces, where they may form bound states with zero energy and exhibit non-Abelian statistics. The existence of Majorana fermions has been proposed to have potential applications in quantum computing due to their inherent stability and ability to store information robustly. Research on Majorana fermions continues to explore the possibility of observing them experimentally.;Meta
Crohn's disease;Crohn's disease is a type of inflammatory bowel disease characterized by chronic inflammation and ulceration of the gastrointestinal tract. It can affect any part of the GI tract from mouth to anus, but most commonly affects the terminal ileum and the beginning of the colon. The exact cause of Crohn's disease remains unknown, but it is believed to result from an abnormal immune response to environmental triggers in genetically susceptible individuals. This immune dysregulation leads to inflammation, tissue damage, and symptoms such as diarrhea, abdominal pain, weight loss, and fatigue. Crohn's disease can be classified into different forms based on the location of the affected area within the GI tract.;Meta
Kilonova;"A kilonova is a hypothetical astronomical event predicted to occur when two compact objects, such as neutron stars or black holes, collide and merge in space. This collision results in a massive release of energy, including light, neutrinos, and gravitational waves. The term ""kilonova"" refers specifically to the visible radiation emitted during this process. Kilonovae are thought to be among the brightest electromagnetic events in the universe, outshining supernovae by several orders of magnitude. These events have been detected indirectly through their gamma-ray burst counterparts and may provide valuable insights into extreme astrophysical processes and the properties of compact objects.";Meta
Grover's algorithm;Grover's algorithm is a quantum algorithm for searching unsorted databases with N entries in O) time, which is more efficient than classical algorithms that require O time. This algorithm was developed by Lov Grover in 1996 and it uses a two-qubit system to perform the search. The algorithm begins with an arbitrary initial state of the qubits, applies a Hadamard gate to create a superposition of all possible states, and then applies a series of controlled-NOT gates that rotate the amplitudes of the solution states by 180 degrees. After these operations, the probability of measuring the solution is maximized, allowing for efficient search in large databases.;Meta
Extinction;Extinction is the process by which species become extinct, meaning they die out completely and are no longer found in the wild. This occurs when a species can no longer adapt to its environment due to various factors such as habitat loss, climate change, overhunting, or disease. The rate of extinction has increased significantly since human activities began to impact the natural world. According to the International Union for Conservation of Nature, many species are threatened with extinction, including mammals, birds, and reptiles. Factors contributing to this crisis include deforestation, pollution, and overconsumption of resources, which disrupt ecosystems and push species to the brink of survival.;Meta
Federated learning;Federated learning is a decentralized machine learning approach that enables multiple devices to jointly learn a shared model without sharing their local data with each other. Each device trains a local model on its own data and sends only the model updates to a central server, where they are aggregated to form a global model. This technique preserves the privacy of individual users' data while allowing the global model to improve over time. Federated learning is particularly useful in scenarios where sensitive data cannot be shared or when there is a need for distributed machine learning on large datasets that do not fit within a single device's memory.;Meta
Isotope;Isotopes are atoms of the same chemical element that have the same number of protons in their atomic nuclei but differ in the number of neutrons. This variation in neutron count leads to a difference in mass between isotopes, resulting from the slightly different nuclear masses. Isotopic variation is common among elements with low atomic numbers due to the increasing stability of heavier atoms. The existence of isotopes was first proposed by Frederick Soddy and Ernest Rutherford, who demonstrated that radioactive decay occurs at the same rate for all atoms of a given element regardless of their mass.;Meta
Habitable zone;The habitable zone, also known as the Goldilocks zone, is a region around a star where temperatures are suitable for liquid water to exist on a planet's surface. It is not too hot or too cold, but just right, allowing for the presence of liquid water that can support life. The concept was introduced by astronomer Frank Drake in 1960 and has since been widely used in exoplanetary research. A star's habitable zone depends on its mass and luminosity, with more massive stars having a smaller habitable zone. The discovery of exoplanets within their respective stars' habitable zones has led to increased interest in the search for life beyond Earth.;Meta
Netrin;Netrin is a family of secreted proteins that play crucial roles in axon guidance during neural development. These proteins are expressed by certain neurons and guide adjacent axons to migrate towards or away from their source. The process involves binding of Netrin to its receptor, Deleted in Colorectal Cancer, on the surface of axons, which triggers a signaling cascade that leads to cytoskeletal rearrangements and subsequent axon navigation. Netrins are also involved in regulating cell migration during embryonic development and tissue repair, highlighting their importance in neural circuit formation and maintenance. The precise mechanisms of Netrin-mediated axon guidance have been extensively studied in vertebrates and invertebrates.;Meta
Lentivirus;Lentivirus is a type of retrovirus that infects mammalian cells. It is a member of the Retroviridae family and is characterized by its ability to integrate into the host genome. Lentiviruses are typically found in animals, but they can also be engineered for use in gene therapy. The virus has a single-stranded RNA genome and uses reverse transcription to replicate. This process involves the conversion of viral RNA into DNA, which is then integrated into the host genome. Once integrated, the viral genes are transcribed into mRNA, allowing for the production of new viral particles.;Meta
Causal inference;Causal inference is a subfield of statistics and philosophy that deals with making inferences about cause-and-effect relationships between variables. It seeks to identify whether an observed association between two variables is due to a causal relationship, or if it is merely coincidental or influenced by other factors. Causal inference methods, such as structural equation modeling and regression analysis, are used to determine the direction of causality and the strength of the relationship. These methods often rely on experimental data or quasi-experimental designs, where certain variables are manipulated to establish cause-and-effect relationships. The goal is to make reliable inferences about causal effects and provide a framework for making informed decisions based on evidence.;Meta
Proton therapy;Proton therapy is a type of radiation therapy that uses protons to destroy cancer cells. It is based on the principle of Bragg peak, where protons lose energy as they pass through tissue and deposit most of their energy at the end of their range, causing minimal damage to surrounding healthy tissues. This allows for precise targeting of tumors with high doses of radiation while minimizing side effects. Proton therapy can be used to treat a wide range of cancers, including brain, prostate, lung, and breast cancer. It is particularly useful for treating tumors that are close to critical organs or structures, as it reduces the risk of damage to surrounding tissues.;Meta
Pyrolysis;Pyrolysis is a chemical process that involves the thermal decomposition of materials in the absence of oxygen. It is often used to analyze the composition and properties of organic substances such as polymers, plastics, and biological tissues. During pyrolysis, the material is heated to high temperatures, typically between 200°C to 1200°C, resulting in the breakdown of molecular bonds and the formation of volatile gases and solids. The process can be used for waste management, energy production, and materials analysis. Pyrolysis has applications in various fields, including forensic science, environmental monitoring, and industrial processing.;Meta
Total synthesis;Total synthesis is a process in organic chemistry where a complex molecule is artificially created from simpler chemical building blocks through a series of carefully planned and executed reactions. This involves synthesizing a target molecule's structure using various reagents and catalysts to form bonds, functional groups, and other necessary features. The goal is to produce the desired compound with complete fidelity to its natural counterpart, often requiring hundreds or thousands of steps. Total synthesis has numerous applications in fields like pharmaceuticals, agrochemicals, and materials science, enabling researchers to create new medicines, crop protection agents, and advanced materials with precise control over their molecular structure.;Meta
Neuraminidase;Neuraminidase is a type of enzyme that plays a crucial role in the replication cycle of certain viruses, particularly influenza. It is responsible for cleaving sialic acid residues from the surface of host cells, facilitating the release and spread of viral particles. Neuraminidases are present on the surface of some influenza virus strains and are essential for their ability to infect new cells and cause disease. Inhibition of neuraminidase activity has been a key target in the development of antiviral therapies, including oseltamivir and zanamivir, which have been used to treat and prevent influenza infections.;Meta
Schwarzschild radius;The Schwarzschild radius is a critical concept in general relativity, named after Karl Schwarzschild who first described it in 1916. It is the distance from the center of a black hole at which the escape velocity exceeds the speed of light, beyond which nothing, including light, can escape the gravitational pull. The radius depends on the mass and spin of the black hole, and is given by the equation rs = 2GM/c^2, where G is the gravitational constant, M is the mass of the black hole, and c is the speed of light.;Meta
Circular economy;The circular economy is a sustainable development model that aims to eliminate waste by designing products and systems that are restorative and regenerative by design. It encourages the sharing, leasing, product-as-a-service and product design for longevity. This approach seeks to keep resources in use for as long as possible, thereby reducing the need for 'take, make, dispose' production methods. The circular economy involves designing out waste, designing in recyclability, reusing materials and promoting renewable energy sources. It also promotes the sharing of goods and services, and encourages companies to adopt sustainable business models that prioritize resource efficiency and minimize environmental degradation.;Meta
Cosmic distance ladder;The cosmic distance ladder is a series of methods used to measure the vast distances within the universe by linking together nearby stars to more distant galaxies and galaxy clusters. These measurements are based on the known luminosities of certain types of stars, called standard candles, which serve as references for gauging the brightness of other celestial objects at varying distances. The ladder's rungs are formed by using these standard candles in conjunction with other techniques such as parallax measurement and spectroscopic redshift analysis to create a cumulative scale of distances between stars within our galaxy, galaxies beyond our own, and even into distant quasars.;Meta
Fracture mechanics;Fracture mechanics is a branch of mechanics that studies the propagation of cracks in materials under stress. It involves understanding the behavior of fractures in various types of materials, including metals, ceramics, and polymers. The field focuses on the relationship between the applied load, crack geometry, and material properties to predict fracture failure. Fracture mechanics employs mathematical models and computational tools to analyze fracture growth, stability, and final failure modes. Key concepts include stress intensity factor, fracture toughness, and crack tip opening displacement. Researchers apply these principles to design safer structures, predict failures, and optimize material selection for various applications.;Meta
Microbiome;The microbiome refers to the collection of microorganisms that inhabit a particular environment or host organism, playing a crucial role in maintaining homeostasis and overall health. These microorganisms include bacteria, viruses, fungi, and other microbes, which interact with their host through complex mechanisms, influencing various physiological processes such as digestion, immunity, and metabolism. A healthy microbiome is essential for preventing diseases and promoting well-being, whereas an imbalance or dysbiosis can lead to various disorders, including obesity, diabetes, and mental health conditions. The study of the microbiome has significant implications for understanding the relationships between microorganisms, their hosts, and the environment, with potential applications in fields such as medicine, agriculture, and ecology.;Meta
Category theory;Category theory is a branch of mathematics that studies the commonalities and patterns between different mathematical structures by generalizing them to higher levels of abstraction. It provides a framework for describing how these structures relate to each other and enables mathematicians to derive new results from existing ones through abstract reasoning. Categories are defined as collections of objects and morphisms between them, satisfying certain properties such as composition and associativity. Examples of categories include groups, rings, and topological spaces. Category theory has far-reaching implications in mathematics and computer science, influencing areas like homotopy theory, model theory, and type theory.;Meta
Inflammation;Inflammation is a complex biological response to tissue damage caused by injury, infection, or other forms of stress, characterized by redness, heat, swelling, and pain at the affected site. It involves a coordinated effort between various cell types, including immune cells such as neutrophils and macrophages, which infiltrate the damaged area and release chemical mediators that promote inflammation. These mediators include cytokines, chemokines, and eicosanoids, which stimulate blood vessel dilation, increase vascular permeability, and recruit additional immune cells to the site of injury. While acute inflammation is a necessary response to protect against infection and promote healing, chronic or unresolved inflammation can lead to tissue damage and contribute to various diseases, including cardiovascular disease and cancer.;Meta
Luminosity;Luminosity is a measure of the total amount of electromagnetic radiation emitted by a celestial object over all wavelengths, per unit time. It is typically expressed in units of watts and can be used to describe the brightness of stars, galaxies, or other sources of light. Luminosity is related to an object's temperature, size, and composition, as well as its energy production mechanisms, such as nuclear fusion or thermal radiation. The luminosity of a star can change over time due to changes in its internal dynamics or external influences, allowing astronomers to study the evolution and behavior of celestial objects through observations of their luminosity. Luminosity is also used in various astrophysical contexts to estimate distances and masses.;Meta
Angular momentum;Angular momentum is a measure of an object's tendency to keep rotating or revolving around a central axis. It is a fundamental concept in physics that arises from the conservation laws of rotational symmetry and energy-momentum duality. Angular momentum is calculated as the product of the moment of inertia, angular velocity, and the perpendicular distance from the axis of rotation. The unit of measurement for angular momentum is typically given in units of joule-seconds or kilogram-square meters per second. This concept has numerous applications in fields such as astrophysics, mechanics, and quantum physics, including the study of planetary orbits, gyroscopes, and atomic spin.;Meta
Inflation;Inflation is a sustained increase in the general price level of goods and services in an economy over a period of time. It is measured as an annual percentage increase in the Consumer Price Index, which tracks changes in the prices of a basket of common goods and services. Inflation can result from demand-pull inflation, cost-push inflation, or built-in inflation, where excess aggregate demand for goods and services drives up prices, higher production costs lead to increased prices, or wage and price expectations become self-fulfilling prophecies. Moderate inflation is generally considered a sign of economic growth, while high inflation can erode purchasing power and reduce the value of money.;Meta
Osmosis;Osmosis is the movement of water molecules from a region of high concentration to a region of low concentration through a selectively permeable membrane, resulting in equalization of solute concentrations on both sides. This process is crucial for maintaining cellular homeostasis and is essential for various biological functions such as absorption of nutrients, excretion of waste products, and regulation of blood pressure. The rate of osmosis depends on the type of membrane, temperature, and concentration gradients. In living organisms, cells may undergo shrinkage or swelling depending on the osmotic environment, highlighting its significance in maintaining cellular structure and function. Osmosis is a fundamental concept in physiology and biophysics.;Meta
T cell;T cells, also known as T lymphocytes, are a type of white blood cell that plays a central role in the adaptive immune system. They are involved in cell-mediated immunity and can recognize specific antigens presented by major histocompatibility complex molecules on the surface of antigen-presenting cells. Upon activation, T cells proliferate and differentiate into effector cells or memory cells, which can either directly kill infected cells or activate other immune responses. There are two main subtypes of T cells: helper T cells, which assist in activating other immune cells, and cytotoxic T cells, which directly kill virus-infected cells.;Meta
Dynamic light scattering;Dynamic light scattering is an experimental technique used to determine the size distribution of colloidal particles in a liquid suspension. It involves illuminating the sample with a laser beam and measuring the scattered light as it bounces off the particles. The intensity fluctuations in the scattered light are analyzed using the autocorrelation function, which provides information on the particle motion and size. This technique is based on the Rayleigh-Gans approximation, assuming that the scattering particles are small compared to the wavelength of the laser light. It is widely used for characterizing nanoparticles, polymers, and biological macromolecules in various fields such as materials science, chemistry, and biology.;Meta
Convolutional neural network;A Convolutional Neural Network is a type of feedforward neural network that utilizes multiple layers to automatically and hierarchically learn features from images. The architecture is inspired by the structure and function of the visual cortex in the human brain, where simple cells respond to local features and complex cells respond to more abstract features. CNNs use convolutional and pooling layers to extract features at different scales and resolutions, followed by fully connected layers for classification or regression tasks. This allows CNNs to learn invariant representations that are robust to translation, scaling, rotation, and other transformations, making them particularly effective for image recognition tasks such as object detection and facial recognition.;Meta
Laser;A laser is a device that produces an intense beam of coherent light through a process called stimulated emission. This phenomenon occurs when a population of atoms or molecules is excited and then released as photons, which are then amplified by passing through a resonant cavity. The resulting beam is monochromatic, directional, and highly collimated. Lasers can be classified into different types based on their wavelength, including gas lasers, semiconductor lasers, and fiber lasers. They have numerous applications in various fields such as medicine, telecommunications, and materials processing due to their ability to precisely cut, drill, or heat materials.;Meta
Wear;Wear is the gradual removal of material from the surface of a solid object by friction during contact with another object. It occurs due to the displacement of asperities and debris formation at the interface between two surfaces in relative motion. Wear can be classified into several types, including abrasive wear, adhesive wear, corrosive wear, fatigue wear, and tribochemical wear, each having distinct mechanisms and influencing factors such as surface roughness, normal load, sliding velocity, and environmental conditions. Wear is an important consideration in various fields, including mechanical engineering, materials science, and tribology, where it affects the performance and lifespan of components and systems.;Meta
Neutron star;A neutron star is a celestial object formed from the remnants of a massive star that has undergone a supernova explosion. It consists primarily of neutrons and electrons, with protons also present in smaller quantities. Neutron stars have an incredibly high density, typically several billion kilograms per cubic centimeter, making them among the densest objects known. They can range in mass from approximately one solar mass to two solar masses and are characterized by extremely strong gravitational fields, which cause intense distortions of spacetime. The study of neutron stars provides valuable insights into extreme physics and astrophysics, allowing researchers to test theories of general relativity and nuclear physics.;Meta
Macrophage;Macrophages are a type of white blood cell that play a crucial role in the immune system, particularly in the defense against infections and foreign substances. These large phagocytic cells are derived from monocytes and are primarily involved in the ingestion and destruction of pathogens, such as bacteria, viruses, and fungi. Macrophages also participate in antigen presentation to T-cells, thereby facilitating an adaptive immune response. In addition, they contribute to tissue repair and remodeling by secreting growth factors and cytokines that stimulate fibroblast proliferation and angiogenesis. Their dysregulation has been implicated in various inflammatory diseases, including atherosclerosis, arthritis, and asthma.;Meta
Sentiment analysis;Sentiment analysis is a subfield of natural language processing that involves determining the emotional tone or attitude conveyed by text, whether it be positive, negative, or neutral. It is often used in opinion mining and affective computing to analyze online reviews, social media posts, and other forms of text-based data to gauge public opinion on various topics. The goal of sentiment analysis is to identify the underlying emotions and opinions expressed in text, which can be useful for businesses, researchers, and policymakers to understand consumer behavior, trends, and market sentiments. Machine learning algorithms are commonly employed to perform sentiment analysis tasks, which require large datasets and computational resources.;Meta
Electrolysis;Electrolysis is a chemical process that uses electricity to drive an oxidation-reduction reaction in which an electric current is used to drive a non-spontaneous redox reaction. This process involves the transfer of ions between two electrodes, typically made of inert materials such as platinum or graphite. The flow of electrons from one electrode to another facilitates the transfer of ions, resulting in the decomposition of a substance into its constituent elements. Electrolysis is commonly used for the production of metals and other chemicals, such as chlorine gas, sodium hydroxide, and hydrogen gas.;Meta
Beta sheet;A beta sheet is a type of secondary structure found in proteins, characterized by parallel strands of polypeptide chains linked by hydrogen bonds. The strands are stabilized through intrastrand and interstrand interactions, with the carbonyl oxygen atom of one strand forming a hydrogen bond with the amide nitrogen atom of another. Beta sheets are commonly found in fibrous proteins, such as collagen and silk, where they contribute to protein elasticity and stability. In some globular proteins, beta sheets can be involved in protein-protein interactions and enzymatic activity. Beta sheet formation is driven by the thermodynamic stability gained from hydrogen bonding between the polypeptide chains.;Meta
Covalent bond;A covalent bond is a chemical bond that involves the sharing of electron pairs between atoms, resulting in a stable molecular entity. This type of bonding typically occurs between nonmetal atoms, such as hydrogen and carbon, where they share one or more pairs of electrons to achieve a noble gas configuration. The shared electrons are attracted to both nuclei by electrostatic forces, leading to a bond that is generally stronger than an ionic bond but weaker than a metallic bond. Covalent bonds can be either polar or nonpolar depending on the electronegativity difference between the bonded atoms, influencing their properties and reactivity.;Meta
Quantum memory;Quantum memory is a crucial component in quantum computing and quantum information processing, referring to the ability to store quantum states for a long period without losing their coherence. This phenomenon relies on the principles of quantum mechanics, where information is encoded as quantum bits or qubits, each representing multiple binary values simultaneously. Quantum memories utilize various physical systems such as atoms, ions, photons, or superconducting circuits to store and retrieve qubits. The key challenge lies in preserving quantum states over extended periods due to decoherence caused by interactions with the environment, which can lead to loss of coherence and information.;Meta
Centrosome;The centrosome is a small, organelle-like structure found in most eukaryotic cells that plays a crucial role in cell division and cytoskeleton organization. It is composed of a pair of centrioles surrounded by a pericentriolar material, which contains gamma-tubulin rings. During cell division, the centrosome duplicates and separates to form two daughter centrosomes, each of which moves to opposite poles of the cell, organizing microtubule formation and spindle fiber assembly. In addition to its role in mitosis, the centrosome also participates in the organization of the cytoskeleton and is involved in the regulation of cellular signaling pathways.;Meta
Alpha wave;Alpha waves are a type of brainwave pattern that is typically associated with states of relaxation, closed eyes, and decreased cortical activity. They have a frequency range of approximately 8-12 Hz and are considered to be an indicator of normal brain function in awake but relaxed individuals. Alpha waves are generated by the synchronized electrical activity of neurons in the cortex, particularly in areas responsible for sensory processing and motor control. Research has shown that alpha wave activity is often reduced or absent in individuals with anxiety disorders, attention deficit hyperactivity disorder, and other neurological conditions, suggesting a potential link between alpha waves and normal brain function.;Meta
Organ-on-a-chip;Organ-on-a-chip is a microfluidic device that mimics the structure and function of human organs at the cellular level. These devices are designed to study the behavior of cells in real-time and can be used for disease modeling, toxicity testing, and drug development. They typically consist of a thin membrane with channels and chambers that mimic the organ's vascular system. Cells are seeded into the device and can interact with each other and their environment, allowing researchers to study complex biological processes. Organ-on-a-chip devices have been developed for various organs, including the lung, liver, kidney, and gut, and have shown promise in reducing the need for animal testing and improving the success rate of pharmaceutical development.;Meta
Coating;Coating is a process of applying a thin layer of material to the surface of another object, known as the substrate. This can be achieved through various methods such as electrostatic spraying, dipping, rolling, and screen printing. The coating can be composed of a wide range of materials including polymers, metals, ceramics, and composites. Coatings are used in numerous industries for purposes such as corrosion protection, thermal insulation, and aesthetic enhancement. The properties of the coating, including its thickness, surface roughness, and chemical composition, significantly impact its performance and durability. The selection of a suitable coating depends on various factors including environmental conditions, operating temperatures, and mechanical stresses.;Meta
Vitamin B12;Vitamin B12 is a complex organometallic compound that plays a crucial role in various biological processes. It contains cobalt at its core and is essential for the production of red blood cells, nerve function, and DNA synthesis. A deficiency in vitamin B12 can lead to anemia, fatigue, weakness, and neurological problems. The recommended dietary allowance varies by age, but adults typically require 2.4 micrograms per day. Vitamin B12 is found naturally in animal products such as meat, fish, eggs, and dairy, but vegans may need supplements or fortified foods to meet their requirements. Meat and seafood are rich sources of vitamin B12 due to the bacteria that inhabit these organisms.;Meta
Supramolecular polymer;Supramolecular polymers are polymeric materials assembled through non-covalent interactions such as hydrogen bonding, π-π stacking, and ionic bonding between molecular building blocks. These interactions can be reversible, allowing for dynamic reorganization and self-healing properties in response to changes in temperature or solvent conditions. Supramolecular polymers exhibit unique properties not found in traditional covalently bonded polymers, including tunable mechanical strength, responsiveness to external stimuli, and potential applications in fields such as biomedicine, materials science, and catalysis. Their design involves the use of molecular recognition motifs that facilitate self-assembly into high-molecular-weight materials with predictable properties and performance.;Meta
Proteomics;Proteomics is the large-scale study of proteomes, which are the entire sets of proteins produced by an organism, cell, tissue, or organ at a specific time under given conditions. Proteomics involves identifying and quantifying the thousands of proteins in a sample, as well as determining their structures, functions, and interactions with other molecules. This field emerged in the late 1990s and has since become a crucial tool for understanding the mechanisms of various diseases and developing new treatments. Techniques used in proteomics include mass spectrometry, chromatography, and protein microarrays, allowing researchers to study proteins in their natural context and understand how they contribute to cellular processes.;Meta
Amphiphile;An amphiphile is a type of molecule that contains both hydrophobic and hydrophilic regions, allowing it to interact with both water and non-polar substances. Amphiphiles are commonly found in biological systems, where they play key roles in membrane formation and function. They can self-assemble into micelles or bilayers, which have applications in fields such as drug delivery, gene therapy, and biosensing. The amphiphilic nature of these molecules enables them to interact with surfactants, emulsifiers, and other substances that are used to stabilize mixtures of oil and water. Amphiphiles also exhibit unique properties at interfaces, where they can influence the behavior of adjacent materials.;Meta
Chronoamperometry;Chronoamperometry is a type of electrochemical technique used to study the kinetics and mechanisms of electrode reactions. It involves measuring the current response as a function of time when a potential step or pulse is applied across an electrode-electrolyte interface. This method allows for the characterization of electrode processes, such as oxidation or reduction reactions, under controlled conditions. Chronoamperometry can be used to determine the kinetics of electron transfer and mass transport at the electrode surface, providing valuable information on the electrochemical properties of materials. The technique is commonly employed in various fields, including electrochemistry, bioelectrochemistry, and corrosion science.;Meta
Symbiosis;Symbiosis is a close and often long-term relationship between different biological species, where one organism benefits at the expense of the other, or both benefit, or neither is affected. There are three main types of symbiosis: mutualism, commensalism, and parasitism. Mutualism occurs when both organisms benefit, such as in lichens, where fungi provide nutrients to algae. Commensalism involves one organism benefiting while the other is not affected, like clownfish living among sea anemones for protection. Parasitism occurs when one organism benefits at the expense of the other, such as tapeworms infecting hosts to feed on their nutrients. Symbiotic relationships can be found in various ecosystems, including marine, terrestrial, and freshwater environments.;Meta
Reciprocal altruism;Reciprocal altruism is a behavior in which one individual helps another with the expectation that the favor will be returned in the future. This concept was first introduced by biologist W.D. Hamilton in 1964 as an alternative to traditional notions of self-interest and mutualism. In reciprocal altruism, individuals are motivated to cooperate because they anticipate future benefits from their actions. This behavior is thought to promote social cohesion and cooperation within groups, as individuals learn to trust each other and rely on one another for mutual aid. Reciprocal altruism has been observed in various species, including primates, birds, and even some insects.;Meta
Poisson's ratio;Poisson's ratio is a measure of the lateral strain response of a material to a longitudinal tensile loading. It was first introduced by French mathematician Siméon Poisson in 1817 and is defined as the ratio of transverse contraction to longitudinal extension within the proportional limit of the material. The value of Poisson's ratio varies between materials, with most engineering materials having values between 0.25 and 0.5. A high value indicates a large lateral contraction and conversely, a low value suggests minimal lateral strain. Poisson's ratio is an essential parameter in understanding the elastic behavior of materials and its applications include design and analysis of structures in civil engineering, mechanical engineering, and aerospace engineering.;Meta
Keratinocyte;Keratinocytes are a type of skin cell that play a crucial role in maintaining the integrity and function of the epidermis, the outermost layer of the skin. They are derived from stem cells located in the basal layer of the epidermis and differentiate into mature keratinocytes as they move upwards towards the surface. These cells produce keratin filaments, which provide structural support and mechanical strength to the skin. In addition, keratinocytes also produce natural moisturizing factors and participate in the regulation of immune responses. The process by which keratinocytes migrate to the skin's surface and undergo programmed cell death is known as terminal differentiation.;Meta
Zeolite;Zeolite is a naturally occurring or synthetic aluminosilicate mineral characterized by its microporous structure and high cation exchange capacity. It is formed through the hydrothermal alteration of volcanic rocks, typically under conditions of low pH and high temperature. Zeolites are composed of silicon-oxygen tetrahedra linked together in a three-dimensional framework, with aluminum ions replacing some of the silicon atoms to create negatively charged sites. These negative charges allow zeolites to exchange cations, such as sodium or potassium, with other ions present in solution, making them useful for applications in catalysis, ion exchange, and molecular sieving. Zeolites are widely used in industrial processes, including water softening and air purification.;Meta
Two-dimensional electron gas;A two-dimensional electron gas is a type of material that exhibits unique electronic properties. It consists of electrons confined to move in only two dimensions, typically within a thin layer of semiconductor material. The electrons are free to move within this plane, but their motion is restricted perpendicular to it. This 2D confinement leads to the formation of a degenerate electron gas, where the density of states increases with energy, resulting in interesting electronic properties such as high mobility and strong quantum effects. 2DEGs are often found in semiconductor heterostructures and have been studied extensively for their potential applications in advanced electronics and optoelectronics.;Meta
Pauli exclusion principle;The Pauli exclusion principle is a fundamental concept in quantum mechanics that describes the behavior of electrons in atoms. It states that no two electrons in an atom can have the same set of four quantum numbers: n, l, m_l, and m_s. This means that each electron in an atom must occupy a unique energy level or orbital, and if a particular energy level is occupied by one electron, no other electrons can occupy it. The Pauli exclusion principle was formulated by Wolfgang Pauli in 1925 and has since been widely accepted as a cornerstone of modern physics.;Meta
Monomer;A monomer is a small molecule that can chemically react with other monomers to form a polymer. This process is known as polymerization and results in the creation of a large macromolecule with distinct chemical properties. Monomers are typically composed of a simple molecular structure, often including functional groups such as carbon-carbon double bonds or hydroxyl groups. The arrangement and bonding of these monomers during polymerization can produce polymers with a wide range of physical and chemical characteristics. Examples of common monomers include styrene, ethylene, and acrylonitrile, which are used in the production of plastics, fibers, and other synthetic materials.;Meta
Prosthetic group;A prosthetic group is a non-amino acid component of some enzymes that play a crucial role in their catalytic activity. These groups are tightly bound to the enzyme and are essential for its function. They can be various types, such as metal ions, heme groups, or cofactors like flavin adenine dinucleotide and nicotinamide adenine dinucleotide. Prosthetic groups participate directly in the chemical reactions catalyzed by enzymes, often providing a site for substrate binding or stabilizing intermediate states. The attachment of prosthetic groups to enzymes is typically irreversible, and their presence can be considered an integral part of the enzyme's structure.;Meta
Rotaxane;"A rotaxane is a type of molecular architecture composed of a macrocycle that contains one or more dumbbell-shaped molecules known as stoppers, which are trapped within its cavity. The name ""rotaxane"" comes from the Greek word ""rota,"" meaning wheel, and refers to the movement of the stopper molecule within the ring. Rotaxanes exhibit unique properties due to their topological constraints, such as mechanical strength and resistance to chemical reactions. They have been studied extensively for potential applications in supramolecular chemistry, materials science, and nanotechnology. Synthesis methods include template-directed assembly and click-chemistry approaches.";Meta
Boundary layer;The boundary layer is a region of fluid near a surface where the flow velocity decreases due to viscous effects, resulting in a distinct separation from the free stream flow. It forms when a fluid flows over an obstacle or along a flat plate, and its thickness depends on factors such as viscosity, density, velocity, and Reynolds number. The boundary layer is characterized by turbulent flow near the surface, with laminar flow present further away. As the flow approaches the wall, it undergoes shear stress and velocity gradient changes, influencing heat transfer and drag coefficients.;Meta
Contrast agent;A contrast agent is a substance used in medical imaging to enhance the visibility of internal structures during diagnostic procedures such as X-ray computed tomography, magnetic resonance imaging, ultrasound, and angiography. These agents work by altering the way electromagnetic waves interact with the body, allowing for better visualization of anatomy and pathology. Contrast agents can be categorized into several types based on their chemical composition, including iodine-based, gadolinium-based, and carbon dioxide-based agents. The choice of contrast agent depends on the specific imaging modality and the clinical application, as well as the patient's medical history and potential allergies or sensitivities.;Meta
Quantum well;A quantum well is a potential energy barrier that confines electrons in a two-dimensional region, creating a discrete energy spectrum. This phenomenon occurs when a thin layer of a different material is sandwiched between two other layers with higher bandgaps, forming a heterojunction. The thickness of the well determines the energy levels available to the confined electrons. Quantum wells are commonly used in semiconductor devices, such as lasers and LEDs, where they enable control over electron flow and emission spectra. Research on quantum wells has also led to advancements in spintronics and optoelectronics, with potential applications in high-speed electronics and advanced photonics.;Meta
Biotin;Biotin is a water-soluble B-complex vitamin, also known as Vitamin B7 or Coenzyme R. It plays a crucial role in various bodily functions, including energy production, metabolism, and nerve function maintenance. Biotin acts as a coenzyme for enzymes involved in fatty acid synthesis, amino acid metabolism, and glucose utilization. The human body cannot synthesize biotin itself and relies on dietary sources such as eggs, nuts, seeds, and whole grains to obtain it. Deficiency of biotin can lead to skin rashes, hair loss, and neurological problems, while excessive intake is generally not toxic. Biotin's coenzyme activity facilitates the transfer of carbon dioxide in carboxylation reactions, which are essential for many biochemical processes.;Meta
Riemannian geometry;Riemannian geometry is a branch of differential geometry that studies Riemannian manifolds, which are smooth manifolds with a metric tensor defined on them. This tensor assigns an inner product to each tangent space at every point on the manifold, allowing for the measurement of distances and angles between nearby points. The curvature of a Riemannian manifold is determined by its Riemann curvature tensor, which encodes information about the intrinsic geometry of the manifold. Riemannian geometry has numerous applications in physics, particularly in general relativity, where it is used to describe the spacetime geometry of gravitational fields.;Meta
Immune system;The immune system is a complex network of organs, tissues, and cells that protects the body from foreign invaders such as bacteria, viruses, fungi, and other pathogens. It consists of two main branches: the innate immune system, which provides immediate defense against infection, and the adaptive immune system, which mounts a specific response to pathogens over time. The immune system uses various mechanisms to defend against infection, including physical barriers, cellular responses, and molecular signals. It also has a memory function, allowing it to recall previous infections and mount a more effective response upon future exposure. This intricate system works in conjunction with other bodily systems to maintain homeostasis and prevent disease.;Meta
Electrochemistry;Electrochemistry is the branch of chemistry that deals with the relationship between chemical reactions and electricity. It involves the transfer of electrons between substances, leading to oxidation and reduction reactions. Electrochemical cells, such as batteries and electrolytic cells, use this principle to generate electric currents or produce chemical changes. The laws of electrochemistry, including Faraday's laws, describe the quantitative relationships between electrical charge and chemical reaction rates. Applications of electrochemistry include electroplating, corrosion prevention, and energy storage in devices like fuel cells and supercapacitors. Electrochemical processes also play a crucial role in many natural phenomena, such as lightning and ocean currents.;Meta
Metalloprotein;Metalloproteins are proteins that contain metal ions as cofactors, playing a crucial role in various biological processes. These proteins are found in all living organisms and are involved in catalyzing chemical reactions, transporting molecules, and regulating enzyme activity. Metal ions such as iron, copper, zinc, and manganese serve as essential components of metalloproteins, facilitating specific biochemical functions. Examples include hemoglobin, which contains iron to transport oxygen, and cytochrome c oxidase, a complex that uses copper centers to facilitate electron transfer during cellular respiration. The unique chemical properties of metal ions enable metalloproteins to perform diverse biological functions, highlighting their importance in maintaining life processes.;Meta
Efflux pump;An efflux pump is a type of protein complex that plays a crucial role in bacterial defense mechanisms against toxic substances, including antibiotics and other xenobiotics. Efflux pumps are located in the cell membrane and facilitate the expulsion of these molecules from the bacterial cell through an ATP-dependent process. There are several types of efflux pumps, categorized into different families based on their structure and function, such as the Resistance-Nodulation-Division family and the Major Facilitator Superfamily. These pumps have been identified in various bacteria, including Gram-positive and Gram-negative species, and contribute to antibiotic resistance by reducing intracellular concentrations of toxic substances.;Meta
Synthetic biology;Synthetic biology is the design and construction of new biological systems or the redesign of existing ones for practical applications. This field combines engineering principles with biotechnology to create novel biological functions, components, and organisms. Synthetic biologists aim to engineer living cells or biological molecules to perform specific tasks, such as producing biofuels, chemicals, or pharmaceuticals. They also focus on designing new genetic circuits, gene regulatory networks, and other synthetic pathways to control cellular behavior. The goal of synthetic biology is to create novel biological systems that can be used in a wide range of industries, including healthcare, energy, and environmental remediation.;Meta
Signal processing;Signal processing is a discipline that deals with the manipulation and analysis of signals, which are functions that convey information through space or time. Signals can be represented in various forms, including analog and digital signals, and can arise from physical phenomena such as sound waves or light. The goal of signal processing is to extract useful information from these signals by filtering out noise, amplifying or attenuating certain frequencies, and detecting patterns or features within the data. Techniques used in signal processing include convolution, Fourier transforms, and wavelet analysis, which enable the recovery of original signals from corrupted or distorted versions. These methods have numerous applications in fields such as audio engineering, image processing, telecommunications, and medical imaging.;Meta
Anti-inflammatory;Anti-inflammatory refers to the property or action that reduces inflammation in the body. Inflammation is a natural response to injury or infection, characterized by increased blood flow and immune cell activation. However, chronic inflammation can lead to tissue damage and various diseases, including arthritis, asthma, and cardiovascular disease. Anti-inflammatory agents can suppress this inflammatory response, thereby reducing pain, swelling, and organ damage. These agents can be pharmacological, such as nonsteroidal anti-inflammatory drugs, or derived from natural sources like plants and spices, which have been used in traditional medicine for centuries to treat inflammation-related conditions.;Meta
Prospect theory;Prospect Theory is a behavioral economic model developed by Daniel Kahneman and Amos Tversky in 1979 to describe how people make decisions under uncertainty. It challenges the traditional rational choice theory by emphasizing that individuals do not weigh options based on their objective probabilities, but rather on their subjective perceived probabilities and values. The theory proposes that losses loom larger than gains, a phenomenon known as loss aversion, which influences risk-taking behavior. Prospect Theory also introduces the concept of framing effects, where the way information is presented affects decision-making outcomes. It has been widely applied in various fields to understand real-world decision-making processes.;Meta
Paxos;Paxos is a distributed consensus protocol that enables nodes in a network to agree on a single value despite network partitions or failures. It was first proposed by Leslie Lamport and his colleagues in 1990. The algorithm relies on two phases: prepare and accept, where proposals are sent from one node to another before being voted upon. Paxos is often used in distributed systems such as databases, file systems, and cloud storage solutions to ensure that data consistency and integrity are maintained across nodes. Its reliability and fault-tolerance make it a popular choice for mission-critical applications requiring high availability.;Meta
Steel;Steel is an alloy composed primarily of iron and carbon, with small amounts of other elements such as manganese, silicon, and phosphorus. The addition of carbon to iron allows for increased hardness and durability while maintaining ductility. Steel can be classified into several types based on its composition and properties, including low-carbon steel, high-strength steel, and stainless steel. The production of steel involves the reduction of iron ore through a process known as smelting, followed by further refining and alloying to achieve desired characteristics. Steel is widely used in construction, transportation, and manufacturing due to its versatility and strength.;Meta
Epidemic;An epidemic is a widespread outbreak of a disease that occurs within a population over a specific period of time. The term often implies a high frequency and rapid spread of the illness, potentially leading to a significant number of cases in a short duration. Epidemics can be caused by various factors, including viral or bacterial infections, which may arise from environmental contamination, human behavior, or lack of immunity within the population. The rate and extent of an epidemic's spread depend on the infectiousness of the disease agent, host susceptibility, and effectiveness of public health interventions. Control measures such as vaccination, quarantine, and sanitation can mitigate the severity and duration of an epidemic.;Meta
Stainless steel;Stainless steel is a type of alloy that contains chromium content of at least 10.5% by weight. This composition gives it corrosion resistance and makes it useful for applications in harsh environments. The corrosion resistance is attributed to a thin layer of oxide that forms on the surface, known as a passivation layer. The addition of other elements such as nickel, molybdenum, and titanium can enhance its properties, making it suitable for use in various industries including construction, aerospace, and food processing. Stainless steel's properties are influenced by factors such as composition, processing conditions, and environmental conditions.;Meta
Pepsin;Pepsin is a digestive enzyme produced by the chief cells in the stomach lining that breaks down proteins into smaller peptides or amino acids. It is a member of the aspartic protease family and is responsible for approximately 50% of protein digestion in the human body. Pepsin works optimally at acidic pH levels, typically between 1.5 to 3.0, where it cleaves peptide bonds within polypeptide chains. Its activity is triggered by the presence of food in the stomach, releasing gastrin and histamine that stimulate chief cells to secrete pepsinogen, which then converts into active pepsin through autocatalysis.;Meta
Hemagglutinin;Hemagglutinin is a protein found on the surface of influenza viruses that facilitates their attachment to host cells. This glycoprotein plays a crucial role in the viral life cycle by mediating the fusion of the virus with the host cell membrane, allowing the viral genome to be released into the cell. Hemagglutinin has two main subunits, HA1 and HA2, which are connected by disulfide bonds. The protein undergoes conformational changes during the viral infection process, enabling it to bind to sialic acid receptors on host cells. This interaction triggers a series of events that ultimately leads to the replication and spread of the virus within the host.;Meta
Redshift;Redshift is the phenomenon by which light from distant galaxies or stars appears shifted towards the red end of the electromagnetic spectrum due to expansion of space itself. This occurs because galaxies and stars that are moving away from an observer will have their light stretched out, causing it to shift towards longer wavelengths, including the red part of the spectrum. The rate at which objects move away is directly related to their distance from us, with more distant objects having a greater redshift. This effect was first observed in the 1920s and has since become a fundamental tool for understanding the expansion history of the universe.;Meta
Thin film;A thin film is a layer of material with a thickness typically ranging from nanometers to micrometers, which exhibits unique properties due to its reduced dimensionality. Thin films can be deposited on a substrate using various techniques such as sputtering, evaporation, or chemical vapor deposition. The properties of thin films depend on their composition, structure, and surface morphology, making them suitable for a wide range of applications in electronics, optics, and energy harvesting. Thin film materials include metals, semiconductors, insulators, and polymers, each with its own set of characteristics and potential uses. Their small thickness also leads to significant improvements in efficiency and functionality compared to bulk materials.;Meta
Binary search;"Binary search is an efficient algorithm used for searching an element in a sorted list by dividing the list into two halves until the desired element is found. It works on the principle of reducing the search space with each iteration, thereby minimizing the number of comparisons required to locate the target element. The process starts at the midpoint of the list and compares the target value with the middle element. If it matches, the algorithm returns the position; otherwise, the half containing the target is selected for the next iteration. This method has a time complexity of O, making it suitable for large datasets.";Meta
Dopamine;Dopamine is a key neurotransmitter in the brain involved in reward-motivated behavior, pleasure processing, and motor control. It plays a crucial role in regulating movement, emotional responses, and motivation. Dopamine release in response to pleasurable stimuli can reinforce learning and memory formation. Imbalances of dopamine have been linked to various neurological disorders such as Parkinson's disease, schizophrenia, and attention deficit hyperactivity disorder. Dopaminergic pathways are also implicated in addiction, with repeated exposure to substances altering brain chemistry to prioritize reward-seeking behavior over other activities. The ventral tegmental area is the primary source of dopaminergic neurons.;Meta
Elimination reaction;An elimination reaction is a type of organic chemical reaction where a leaving group is eliminated from a substrate molecule to form a new bond between two other atoms. This process typically involves the removal of a leaving group such as a halide ion or a water molecule, resulting in the formation of an alkene or alkyne product. Elimination reactions are commonly classified into two types: E1 and E2 mechanisms, which differ in their kinetics and stereochemistry. The E1 mechanism is a unimolecular reaction that involves the initial formation of a carbocation intermediate, whereas the E2 mechanism is a bimolecular reaction that proceeds through a concerted transition state.;Meta
Connectome;The connectome is a comprehensive map of neural connections in the brain, representing the complex network of neurons and their associated synapses that enable communication between different parts of the brain. It is based on advanced imaging techniques such as diffusion tensor imaging and functional magnetic resonance imaging, which allow researchers to visualize and quantify the structural and functional properties of neural connections. The connectome provides a detailed understanding of how different brain regions communicate with each other, shedding light on various neurological disorders and cognitive processes, including learning and memory. It has also become an important tool for neurological research and treatment development.;Meta
Regulatory T cell;Regulatory T cells are a subpopulation of T lymphocytes that play a crucial role in maintaining immune tolerance and preventing autoimmune disease. They function by suppressing excessive or inappropriate activation of effector T cells, thereby preventing tissue damage and inflammation. Regulatory T cells can be distinguished from other T cell subsets based on their expression of specific surface markers such as CD4 and FoxP3. These cells are essential for the prevention of autoimmunity, and their dysfunction has been implicated in various autoimmune diseases, including rheumatoid arthritis and multiple sclerosis. They also play a role in transplantation tolerance and fetal tolerance during pregnancy.;Meta
Liquid biopsy;Liquid biopsy is a diagnostic technique that involves analyzing circulating tumor cells and cell-free DNA in a patient's blood to detect cancer and monitor its progression. This non-invasive approach can provide real-time information about tumor characteristics, such as genetic mutations, copy number variations, and expression levels. Liquid biopsies are particularly useful for monitoring treatment response and detecting minimal residual disease. The technology is based on advances in next-generation sequencing and digital PCR, which enable the detection of rare cells and DNA molecules in a patient's blood. This non-invasive approach has shown promise for improving cancer diagnosis and treatment outcomes.;Meta
X-ray;X-rays are a type of electromagnetic radiation with wavelengths shorter than visible light, typically ranging from 0.01 to 10 nanometers. They were discovered by Wilhelm Conrad Röntgen in 1895 and are produced when high-energy electrons collide with metal targets. X-rays penetrate solid objects, allowing for the imaging of internal structures without the need for invasive surgery. Medical applications include radiography, computed tomography scans, and fluoroscopy. Industrial uses include non-destructive testing of materials and weld inspection. The properties of x-rays are determined by their energy and angle of incidence, making them a valuable tool in various fields such as medicine, engineering, and scientific research.;Meta
Porphyrin;Porphyrins are a class of organic compounds that consist of four pyrrole subunits linked together by methine bridges. They are structurally related to heme groups and are found in nature as chlorophylls, hemoglobins, and cytochromes. The porphyrin ring is planar and conjugated, with a large surface area and high stability due to the delocalization of electrons within its structure. Porphyrins play crucial roles in biological processes, including oxygen transport, photosynthesis, and electron transfer reactions. They also exhibit unique optical and electronic properties that have been exploited for various applications, such as sensors, catalysts, and photodynamic therapy agents.;Meta
Horizontal gene transfer;Horizontal gene transfer is a process by which genes are exchanged between organisms other than through vertical inheritance from parent to offspring. This phenomenon occurs in prokaryotic cells, such as bacteria and archaea, where genetic material can be transferred directly from one cell to another through conjugation or transformation. Viruses can also mediate horizontal gene transfer by injecting DNA into host cells. As a result, genes can spread rapidly among bacterial populations, contributing to the evolution of new traits and antibiotic resistance. Horizontal gene transfer has significant implications for our understanding of microbial ecology and the development of novel antimicrobial strategies.;Meta
Default mode network;The default mode network is a set of brain regions that are active when an individual is at rest and not engaged in attention-demanding tasks. The DMN includes areas such as the medial prefrontal cortex, posterior cingulate cortex, and temporoparietal junction, which are involved in self-referential thinking, memory retrieval, and mental time travel. Research suggests that the DMN is responsible for introspective processes, including mind-wandering and daydreaming. The DMN has been linked to various neurological and psychiatric conditions, such as Alzheimer's disease, depression, and autism spectrum disorder, with altered activity patterns observed in these disorders. Functional magnetic resonance imaging has been used extensively to study the DMN.;Meta
Enzyme;An enzyme is a complex biological molecule that accelerates chemical reactions within living organisms. Enzymes are highly specific catalysts that bind to substrates and facilitate their conversion into products through a series of steps known as catalysis. This process typically involves breaking or forming chemical bonds, resulting in the formation of new compounds with distinct properties. The activity of enzymes is crucial for maintaining cellular homeostasis, facilitating metabolic pathways, and regulating various physiological processes. Enzymes can be classified based on their function, such as hydrolases, oxidoreductases, transferases, lyases, isomerases, and ligases. Their specificity, efficiency, and ability to work under mild conditions make them essential for life's fundamental processes.;Meta
Wind turbine;A wind turbine is a device that converts the kinetic energy of wind into electrical power using electromagnetic induction. The turbine consists of blades attached to a hub, which rotates when exposed to wind. As the blades spin, they drive an electrical generator connected to the main shaft, producing electricity through the movement of magnetic fields and electric currents. Wind turbines can be horizontal or vertical axis, with varying numbers of blades depending on their design and application. The rotation speed is typically in the range of 10-20 revolutions per minute, while the efficiency varies between 40-50% due to energy losses during conversion.;Meta
Younger Dryas;The Younger Dryas event was a geologically abrupt cooling period that occurred around 12,800 years ago during the late Pleistocene era. It marked a reversal in the Earth's climate from a warm interglacial period to a cold stadial. This event is named after the alpine flower Dryas octopetala, which is more tolerant of cold temperatures and was found in abundance during this time. The cause of the Younger Dryas cooling remains debated among scientists, with possible explanations including changes in Earth's orbit, comet impacts, or variations in solar radiation. Its impact on human populations is believed to have been significant, potentially leading to a population bottleneck in some regions.;Meta
Partial correlation;Partial correlation is a statistical concept used to measure the relationship between two variables while controlling for one or more additional variables. It calculates the correlation coefficient between two variables after accounting for the effect of one or more covariates. This technique is useful in situations where two variables are correlated with each other and also with a third variable, but the direct correlation between the first two variables may be masked by the confounding effects of the third variable. Partial correlation analysis can help identify the unique relationship between the variables of interest after adjusting for the extraneous influence of the covariates. It is commonly used in multivariate statistical analysis and data mining applications.;Meta
Chromatic aberration;Chromatic aberration is a phenomenon that occurs in optical systems, particularly in lenses, where different wavelengths of light are focused at slightly different points due to varying refractive indices for each color. This results in a distorted image with fringes or ghosting effects. The issue arises because most materials exhibit dispersion, meaning their refractive index varies with wavelength. In a lens, this causes red light to be focused closer than blue light, leading to a spread of colors and decreased image quality. Chromatic aberration can be corrected using techniques such as achromatic lenses, aperture correction, or post-processing software.;Meta
Subunit vaccine;A subunit vaccine is a type of vaccine that consists of only specific components of a pathogen, such as proteins or carbohydrates, rather than the entire pathogen itself. These components can be obtained from various sources, including bacterial cultures, animal cells, or recombinant DNA technology. Subunit vaccines are designed to stimulate an immune response without causing harm or disease in the host, making them safer and more targeted than traditional whole-cell vaccines. Examples of subunit vaccines include those against hepatitis B, HPV, and Hib diseases, which have proven effective in preventing infections and reducing morbidity and mortality worldwide.;Meta
Epigenetics;Epigenetics is the study of heritable changes in gene expression that do not involve alterations to the underlying DNA sequence. These changes can be influenced by environmental factors, lifestyle choices, and random chance. Epigenetic modifications can affect how genes are turned on or off, and can influence various cellular processes including development, differentiation, and disease susceptibility. There are several types of epigenetic marks, including DNA methylation, histone modification, and non-coding RNA expression, which play critical roles in regulating gene function. Epigenetics has far-reaching implications for our understanding of genetics, developmental biology, and human health.;Meta
Basophil;"A basophil is a type of white blood cell that plays a crucial role in the immune system, particularly in inflammatory responses. These cells are characterized by their large size and distinctive granules that stain with basic dyes, giving them their name from the Greek word ""basikos,"" meaning ""base-loving."" Basophils are involved in the pathogenesis of allergic diseases, such as asthma and anaphylaxis, through the release of histamine and other chemical mediators. They also participate in immune responses to parasites and in wound healing. Basophils constitute a small fraction of white blood cells in humans and are more abundant in individuals with allergic conditions.";Meta
X-ray crystallography;X-ray crystallography is a technique used to determine the atomic and molecular structure of a crystal, in which the crystalline structure causes a beam of incident X-rays to diffract into many specific directions. By analyzing these diffraction patterns, researchers can infer the arrangement of atoms within the crystal. The data obtained from x-ray crystallography is used to solve problems in chemistry, physics, and biology, including determining the three-dimensional structure of biological molecules such as proteins and nucleic acids. This technique has led to numerous groundbreaking discoveries and advancements in fields like molecular biology and pharmaceuticals.;Meta
Sharpless epoxidation;Sharpless epoxidation is a stereoselective chemical reaction used to synthesize epoxy compounds from allylic alcohols. Developed by K. Barry Sharpless in 1980, it involves the oxidation of an alkene with a metal catalyst, typically titanium or vanadium tetra-isopropoxide, and a co-oxidant, such as tert-butyl hydroperoxide. The reaction proceeds through a radical mechanism, resulting in high stereoselectivity for either the R,R or S,S diastereomer. This method has been widely applied in organic synthesis to produce chiral compounds with defined stereochemistry, facilitating the creation of complex molecules found in natural products and pharmaceuticals.;Meta
Computational fluid dynamics;Computational fluid dynamics is a branch of physics that uses numerical methods to analyze and solve problems related to fluid flow, heat transfer, and mass transport. It relies on mathematical equations that describe the behavior of fluids under various conditions, such as turbulence, viscosity, and pressure. Computational fluid dynamics involves using computational software and algorithms to simulate and predict fluid flow patterns in a wide range of applications, including aerodynamics, hydraulics, and acoustics. The method combines data from experiments with numerical simulations to improve understanding and reduce the cost associated with physical testing.;Meta
Coronal mass ejection;A coronal mass ejection is a massive burst of plasma and magnetic field that erupts from the Sun's outer atmosphere, known as the corona. These events are typically triggered by intense solar flares and are characterized by their high energy and speed. The ejected plasma can contain billions of tons of ionized gas and can reach speeds of up to 2 million kilometers per hour. As it travels through space, a coronal mass ejection can interact with the Earth's magnetic field, causing geomagnetic storms that can disrupt communication and navigation systems. These events have also been linked to increased auroral activity at lower latitudes.;Meta
Optical rotation;Optical rotation is a physical phenomenon in which light is rotated as it passes through certain materials, typically solutions of chiral compounds such as sugars and amino acids. This occurs due to the interaction between the plane-polarized light and the optically active molecules, causing the orientation of the electric vector of the light to change. The direction and magnitude of optical rotation are specific to each compound and can be measured using techniques such as polarimetry. Optical rotation is a fundamental property used in the analysis and identification of chiral compounds, particularly in pharmaceuticals and biochemistry.;Meta
Group theory;Group theory is a branch of abstract algebra that studies the symmetries of mathematical objects. It involves the study of groups, which are sets of elements with a binary operation that satisfy certain properties such as closure and associativity. Groups can be thought of as collections of permutations or transformations that leave an object unchanged. Group theory has numerous applications in mathematics, physics, and computer science, including the study of crystal structures, molecular symmetry, and coding theory. It is also used to describe the symmetries of geometric shapes and algebraic equations, providing a powerful tool for solving mathematical problems.;Meta
Mass spectrometry;Mass spectrometry is a laboratory technique used to analyze the chemical composition and properties of substances based on their mass-to-charge ratio. It involves ionizing a sample into charged particles, which are then separated according to their mass-to-charge ratio using magnetic or electric fields. The resulting spectrum of masses provides information about the molecular weight, elemental composition, and isotopic distribution of the sample. Mass spectrometry is widely used in various fields such as chemistry, biology, medicine, and forensic science for identification, quantification, and characterization of molecules. It has numerous applications including drug discovery, environmental monitoring, and food safety testing.;Meta
Contact mechanics;Contact mechanics is a branch of solid mechanics that deals with the interaction between two surfaces in contact under normal loads. It involves the study of deformation and stress distribution on both surfaces during contact, as well as the resulting frictional forces. Contact mechanics theories are used to analyze various engineering applications, including machine components, vehicle tires, and aircraft brakes. The field relies on mathematical models, such as Hertz's theory for elastic contact and the Greenwood-Williamson model for rough surface contact. These models help predict deformation, stress, and wear behavior in contacting surfaces under different loads and conditions.;Meta
Isostasy;Isostasy is the concept that describes the balance between the Earth's lithosphere and its underlying asthenosphere, a zone of partially molten rock. The theory proposes that the weight of thickened crustal regions, such as mountain ranges or continental plates, is compensated by an equal volume of lighter density material beneath them. This compensation maintains a state of hydrostatic equilibrium, where the weight of the overlying rocks is balanced by buoyant forces from the asthenosphere. Isostasy explains why mountains and highlands are not compressed to much greater depths by their own weight, but rather remain relatively stable features on the Earth's surface.;Meta
Singular value decomposition;Singular Value Decomposition is a factorization technique used in linear algebra to decompose a matrix into three simpler matrices. It was first developed by mathematician John Cleve Blichfeldt in 1917 and has since become a fundamental tool in many scientific disciplines, including data analysis, computer science, and machine learning. A matrix can be decomposed into three matrices: U, Σ, and V, where U and V are orthogonal matrices and Σ is a diagonal matrix containing the singular values of the original matrix. This decomposition allows for efficient computation of various matrix operations and has numerous applications in signal processing, data compression, and dimensionality reduction.;Meta
Gasification;Gasification is a process in which solid carbon-based materials are converted into synthesis gas, primarily composed of hydrogen, carbon monoxide, and carbon dioxide. This conversion occurs through the application of heat in the absence of oxygen, typically at temperatures ranging from 800 to 1500 degrees Celsius. The reaction is often facilitated by steam or air, and may also involve the use of catalysts to enhance efficiency. Gasification is commonly used for energy production and industrial processes, such as the manufacture of fertilizers, fuels, and chemicals. It offers a cleaner alternative to traditional fossil fuel combustion methods.;Meta
Chain reaction;A chain reaction is a series of chemical reactions where a reactive product or byproduct causes additional reactions to occur, leading to a sustained process. This type of reaction is often characterized by its ability to propagate itself through a substance or medium, with each step influencing the next. Chain reactions can be either exponential or linear, depending on the rate at which the subsequent reactions are initiated. In a chain reaction, one initial reaction sets off a cascade effect that continues until a termination point occurs, resulting in a significant amplification of the original reaction. Examples of chain reactions include combustion processes and nuclear fission.;Meta
DNA virus;A DNA virus is a type of virus that possesses deoxyribonucleic acid as its genetic material instead of ribonucleic acid. These viruses are often enveloped and have complex replication strategies, incorporating host cell machinery to produce viral components. DNA viruses can be divided into several families, including Papovaviridae, Herpesviridae, Adenoviridae, Poxviridae, and Parvoviridae, each with distinct characteristics and mechanisms of infection. The genetic diversity of DNA viruses allows them to infect a wide range of hosts, from plants and animals to fungi and bacteria, resulting in diseases such as smallpox, herpes simplex, and HPV.;Meta
Coevolution;Coevolution is the phenomenon where two or more species reciprocally influence each other's evolution over time through a process of mutual adaptation and selection. This can occur between different species that interact with each other in various ways, such as predator-prey relationships, symbiotic associations, or competitive interactions. Coevolution drives the evolution of specific traits, such as the development of toxin resistance in prey or the emergence of novel defense mechanisms in predators. As a result, coevolved traits can become specialized and highly effective, leading to increased fitness and survival rates for both species involved.;Meta
Gastric acid;Gastric acid is a digestive fluid produced in the stomach by parietal cells. It consists mainly of hydrochloric acid and plays a crucial role in protein digestion and nutrient absorption. The production of gastric acid is stimulated by the hormone gastrin, which is released by G-cells in the stomach lining. Gastric acid denatures proteins, making them more accessible to digestive enzymes, and activates pepsinogen to form pepsin, an enzyme that breaks down proteins into smaller peptides. A normal acidic pH range of 1.5-3.5 is maintained in the stomach by gastric acid, allowing for optimal digestion and absorption of nutrients.;Meta
Pathogen;A pathogen is an organism that causes disease in another organism, often referred to as a host. Pathogens can be viruses, bacteria, fungi, or parasites that enter the body and cause harm through various mechanisms such as invasion, toxin production, or metabolic disruption. The impact of pathogens can range from mild symptoms to severe illness and death, depending on the virulence and immunogenicity of the pathogen, as well as the host's immune response. Examples of common pathogens include Escherichia coli, which causes urinary tract infections, and Influenza virus, which causes respiratory illnesses. Understanding the biology and behavior of pathogens is essential for developing effective treatments and preventing the spread of disease.;Meta
Magnetohydrodynamics;Magnetohydrodynamics is the study of the interaction between magnetic fields and electrically conducting fluids, such as plasmas or liquid metals. It combines principles from electromagnetism and fluid dynamics to describe how magnetic fields influence the behavior of conductive fluids, and vice versa. Magnetohydrodynamic phenomena can be observed in various natural occurrences like solar flares, sunspots, and aurorae, as well as in engineered systems such as fusion reactors and plasma devices. The discipline relies on mathematical models that account for both the electrical conductivity of the fluid and the effects of magnetic forces on its motion.;Meta
Structural genomics;Structural genomics is a field that focuses on the determination of the three-dimensional structure of proteins encoded by genomes, with the goal of understanding protein function and interaction. This research area emerged in response to the massive amount of genomic sequence data generated by high-throughput sequencing technologies. Structural genomics involves the use of various techniques, including X-ray crystallography and NMR spectroscopy, to determine the structure of proteins at atomic resolution. The resulting structural information is used to predict protein function, elucidate molecular mechanisms, and facilitate the design of novel therapeutics. Large-scale structural genomics initiatives have been established worldwide to accelerate progress in this area.;Meta
Cluster analysis;Cluster analysis is a statistical method used to group similar objects, samples, or individuals into clusters based on their characteristics or attributes. This technique is widely applied in data mining and machine learning to identify patterns and relationships within large datasets. The goal of cluster analysis is to partition the data into meaningful subgroups that share common features or behaviors. Clustering algorithms can be categorized into hierarchical clustering, k-means clustering, and density-based spatial clustering, among others. Cluster analysis is used in various fields such as marketing, biology, medicine, and finance to identify trends, classify objects, and make predictions.;Meta
Critical mass;Critical mass is a concept in nuclear physics that refers to the minimum amount of fissile material required for a self-sustaining nuclear chain reaction to occur. This threshold varies depending on the specific isotope and its arrangement within the reactor or bomb. When an atom undergoes fission, it releases energy and neutrons, which then collide with other atoms, causing them to split and release more neutrons. If enough fissile material is present, these neutrons will cause a chain reaction, releasing a significant amount of energy in a relatively short period. The achievement of critical mass is crucial for the operation of nuclear reactors and the detonation of atomic bombs.;Meta
Convex optimization;Convex optimization is a subfield of optimization that deals with minimizing or maximizing a convex function subject to constraints expressed as convex inequalities or equalities. The underlying idea is to seek a solution in a set that is defined by the intersection of multiple half-spaces, where each half-space corresponds to a constraint on one of the variables. Convex functions are characterized by the property that their epigraphs are convex polygons. This field has numerous applications in machine learning, signal processing, and control theory, where it is used for problems such as quadratic programming, linear programming, and semidefinite programming.;Meta
Chemical vapor deposition;Chemical vapor deposition is a thin-film deposition technique used to produce high-purity films and coatings. In this process, one or more volatile precursors are introduced into a vacuum chamber, where they react to form a solid deposit on a substrate. The reaction can be initiated by heat, light, or other energy sources. Chemical vapor deposition allows for precise control over film composition, thickness, and crystal structure, making it suitable for applications in microelectronics, aerospace, and biomedical engineering. This technique is also used to produce nanomaterials, such as graphene and carbon nanotubes. The resulting films exhibit improved mechanical, electrical, and optical properties compared to traditional deposition methods.;Meta
Limnology;Limnology is the scientific study of freshwater ecosystems, including lakes, rivers, wetlands, and reservoirs. It examines the physical, chemical, and biological processes that occur in these environments, as well as their interactions with surrounding landscapes and human activities. Limnologists investigate factors such as water circulation, temperature, chemistry, and nutrient cycling, as well as the diversity of aquatic plants and animals. The field combines principles from biology, chemistry, geology, and physics to understand the complex relationships within freshwater ecosystems and how they respond to changes in environmental conditions. This knowledge is essential for managing and conserving freshwater resources sustainably.;Meta
Calorimeter;A calorimeter is a scientific instrument used to measure the amount of heat energy generated by chemical reactions, phase transitions, or other processes. The device consists of two main components: a sample chamber and a container for measuring the temperature changes. Calorimeters are employed in various fields including chemistry, physics, and biology to determine the thermodynamic properties of substances. There are several types of calorimeters such as bomb calorimeter, differential scanning calorimeter, and isoperibol calorimeter, each designed for specific applications. By accurately measuring heat flows, researchers can gain valuable insights into chemical reactions, material properties, and energy transformations.;Meta
Differential privacy;Differential privacy is a mathematical framework for analyzing and constructing statistical protocols that protect individual data subjects' privacy while still allowing aggregate data to be released. It was introduced by Cynthia Dwork, Frank McSherry, Kobbi Nissim, and Adam Smith in 2006 as a solution to the limitations of traditional data protection methods. The concept is based on two main principles: the sensitivity of an individual's contribution to the output of a statistical query and the probability that the same output can be obtained without knowing any specific individual's data. Differential privacy has become a widely accepted standard for measuring the risk of re-identification in anonymized datasets.;Meta
Pleiotropy;Pleiotropy is a fundamental concept in genetics that describes the phenomenon where one gene influences multiple phenotypic traits simultaneously. This means that a single gene can have multiple effects on an organism's appearance and behavior. Pleiotropy is commonly observed in complex traits, such as height, skin color, and eye color, which are influenced by multiple genes interacting together. It also occurs in diseases caused by genetic mutations, where a single mutation can lead to multiple symptoms or complications. Understanding pleiotropy is essential for predicting the effects of genetic variations on an organism's phenotype and developing effective treatments for genetic disorders.;Meta
Probiotic;Probiotics are live microorganisms that provide health benefits when administered in adequate amounts. They belong to the same species as the beneficial bacteria found in the human gut and are often used as dietary supplements to promote gastrointestinal health. Probiotics can help restore the balance of gut flora, improve digestion, boost the immune system, and even produce certain vitamins. The two main categories of probiotics are lactic acid bacteria and bifidobacteria, with strains such as Lactobacillus acidophilus and Bifidobacterium bifidum being commonly used in supplements. Research has shown that probiotics can be effective in treating various conditions, including irritable bowel syndrome, inflammatory bowel disease, and allergies.;Meta
Radioactive decay;Radioactive decay is a process in which unstable atomic nuclei lose energy by emitting radiation in the form of particles or electromagnetic waves. This phenomenon occurs when atoms have an excess of nuclear energy, causing them to become unstable and undergo spontaneous transformations to more stable states. Radioactive decay can occur through various modes, including alpha, beta, and gamma decay, each resulting from different types of radiation emissions. The rate at which radioactive materials decay is governed by the half-life, a constant characteristic of each specific radionuclide, where the time required for half of the initial amount to decay.;Meta
Orbital forcing;Orbital forcing is a process by which variations in Earth's orbit around the Sun influence global climate patterns. Changes in orbital parameters, such as eccentricity and axial tilt, affect the distribution of solar radiation received on the planet. This, in turn, influences the formation and melting of ice sheets, sea levels, and atmospheric circulation patterns. Orbital forcing is one of the primary drivers of glacial cycles, with periods of high eccentricity corresponding to glaciations. It also plays a role in climate variations over shorter timescales, such as interglacials and Dansgaard-Oeschger events. Orbital forcing has been extensively studied using geological records and astronomical calculations.;Meta
ITER;The International Thermonuclear Experimental Reactor is a multinational research project aiming to demonstrate the feasibility of nuclear fusion as a power source. Located in Cadarache, France, ITER is designed to achieve the first-ever controlled thermonuclear fusion reaction and produce more energy than it consumes. The reactor will employ a tokamak design, using magnetic confinement to contain and heat plasma to incredibly high temperatures, enabling fusion reactions to occur. ITER's primary goal is to validate the scientific and technological feasibility of nuclear fusion as an electricity-producing technology, with commercial deployment planned for future generations of reactors.;Meta
Hippocampus;The hippocampus is a brain structure essential for memory formation and spatial navigation. Located in the temporal lobe, it plays a crucial role in encoding new experiences into long-term memories and consolidating information from short-term to long-term storage. The hippocampus receives sensory inputs from various parts of the brain and integrates them with existing knowledge, allowing for the creation of new associations and the recall of past events. Damage to the hippocampus has been linked to various neurological disorders, including Alzheimer's disease and temporal lobe epilepsy, which can result in impaired memory formation and navigation abilities. The hippocampus is highly plastic and undergoes significant changes throughout life, reflecting its dynamic role in learning and memory.;Meta
Molecular cloud;A molecular cloud is a type of interstellar gas and dust that exists in space. These clouds are primarily composed of hydrogen and helium, with smaller amounts of heavier elements such as carbon, nitrogen, and oxygen. Molecular clouds can be found throughout our galaxy, the Milky Way, and are often associated with star-forming regions. The density and pressure within these clouds allow for the formation of complex organic molecules through a process known as chemical synthesis. As the gas and dust within these clouds collapse under gravity, they can eventually give rise to new stars and planets.;Meta
Quantum key distribution;Quantum key distribution is a method of secure communication that utilizes quantum mechanics to encode and decode messages. It relies on the principles of entanglement and superposition to create a shared secret key between two parties. When two users, typically referred to as Alice and Bob, attempt to establish a connection, any measurement on their particles will disturb the state of the other particle, effectively preventing eavesdropping. This phenomenon allows for the detection of any potential interceptor, ensuring that only authorized parties can access the information. The resulting key is then used for encryption and decryption purposes, providing unconditional security against any adversary.;Meta
Rashba effect;The Rashba effect is a phenomenon in solid-state physics where spin-orbit coupling causes a change in the band structure of a semiconductor material under strong external electric fields or magnetic fields. This effect arises from the mixing of orbital and spin angular momenta, leading to a splitting of the conduction band into two distinct bands with opposite spin orientations. The Rashba effect is typically observed in materials with high mobility, such as III-V semiconductors like GaAs and InSb. It has been used to study the behavior of electrons in semiconductor heterostructures and has potential applications in spintronics and quantum computing devices.;Meta
Machine translation;Machine translation is a subfield of natural language processing that deals with the automatic translation of text from one language to another without human intervention. This process involves complex algorithms and statistical models that analyze the source language's syntax and semantics, then generate an equivalent translation in the target language. Machine translation systems use various techniques, including rule-based methods, example-based machine translation, and statistical machine translation. The latter two approaches rely on large corpora of bilingual texts to train statistical models that learn patterns and relationships between languages, enabling more accurate translations.;Meta
Memory hierarchy;The memory hierarchy refers to the organization of computer storage devices into a hierarchical structure based on their access time, capacity, and cost. It consists of registers, caches, main memory, and secondary storage devices such as hard drives and solid-state drives. Registers have the fastest access time but smallest capacity, while secondary storage has slower access times but larger capacities. The hierarchy is designed to minimize average access time by placing frequently accessed data in faster, smaller memory levels and less frequently used data in slower, larger memory levels. This optimization improves system performance and efficiency.;Meta
Drag coefficient;The drag coefficient is a dimensionless quantity in fluid dynamics that represents the ratio of the force opposing the motion of an object through a fluid to the force required to move the object at a given velocity and size. It is a measure of an object's aerodynamic efficiency, with lower values indicating less resistance and more efficient movement. The drag coefficient depends on several factors, including the shape and size of the object, its surface roughness, and the density of the fluid it is moving through. A higher drag coefficient means greater energy expenditure to achieve the same speed or distance.;Meta
Pyrimidine;Pyrimidine is a heterocyclic aromatic organic compound consisting of a six-membered ring structure containing two nitrogen atoms at positions 1 and 3. This fundamental class of molecules serves as a building block for various biological compounds, including nucleotides, nucleic acids, and amino acids. Pyrimidines are crucial components of RNA and DNA, where they pair with purine bases to form double-stranded helices that store genetic information in living organisms. Furthermore, pyrimidine derivatives have found significant applications in pharmaceuticals, such as antiviral drugs like acyclovir, which target specific enzymes involved in viral replication.;Meta
Permafrost;Permafrost is a layer of soil and rock that remains frozen for two or more consecutive years at a depth where the temperature stays below freezing. It covers approximately 17% of land in high-latitude regions, including parts of Alaska, Canada, Russia, and Scandinavia. Permafrost contains large amounts of carbon in the form of organic matter and methane-producing microorganisms. As global temperatures rise, permafrost is thawing at an accelerated rate, releasing greenhouse gases into the atmosphere and contributing to climate change. Thawing permafrost also causes infrastructure instability and affects ecosystems, as vegetation patterns shift with changing soil conditions.;Meta
Prime number theorem;The prime number theorem is a fundamental result in number theory that describes the distribution of prime numbers among the integers. It states that the proportion of integers up to x that are prime is approximately equal to 1 / ln, where ln is the natural logarithm. This means that as x increases, the number of primes less than or equal to x grows roughly like x / ln. The theorem was first conjectured by Gauss and proved independently by Hadamard and de la Vallée Poussin in 1896 using complex analysis. It has far-reaching implications for various areas of mathematics, including analytic number theory, algebraic geometry, and cryptography.;Meta
Trajectory inference;Trajectory inference is a method used to estimate the trajectory of an object based on incomplete or noisy data. This technique is commonly applied in various fields such as computer vision, robotics, and astrodynamics. The process involves using algorithms that combine multiple data sources to infer the most likely path of an object's movement. These algorithms can incorporate information from sensors, cameras, radar systems, and other data streams to create a robust estimate of the object's trajectory. The accuracy of the estimated trajectory depends on the quality and quantity of the available data as well as the sophistication of the inference algorithm used.;Meta
Quantum optics;Quantum optics is a branch of physics that studies the behavior of light at the quantum level, where it exhibits wave-particle duality and other non-classical properties. It encompasses the study of the interaction between light and matter, including phenomena such as photon absorption, emission, and scattering. Quantum optics relies on the principles of quantum mechanics to describe the behavior of individual photons and their interactions with atoms and molecules. The field has led to important applications in laser technology, spectroscopy, and the development of optical fibers for telecommunications. Research in quantum optics continues to advance our understanding of light-matter interactions and explore new possibilities for quantum information processing and sensing.;Meta
Astrocyte;Astrocytes are a type of glial cell in the brain that play a crucial role in maintaining the blood-brain barrier and regulating the chemical environment within the central nervous system. They are involved in the repair and scarring process after injury, with certain types of astrocytes forming a glial scar to isolate damaged areas of the brain. Astrocytes also have a role in the uptake and clearance of excess neurotransmitters, such as glutamate, which can be toxic at high concentrations. In addition, they are involved in the regulation of the blood supply to the brain and provide nutrients to neurons through a process known as neurotrophic support.;Meta
Axon guidance;Axon guidance is the process by which neurons extend their axons to reach target cells during development. This complex phenomenon involves multiple molecular signals and cues that direct axonal growth cones towards specific destinations. Growth cone adhesion molecules such as netrins, ephrins, semaphorins, and chemoattractants bind to receptors on the surface of growing axons, transmitting signals that control direction and speed of extension. The guidance system also involves repulsive cues that prevent axonal overgrowth and aberrant targeting. A misregulated or disrupted axon guidance pathway can lead to neurodevelopmental disorders such as schizophrenia, autism spectrum disorder, and certain types of neurological damage.;Meta
Lipid metabolism;Lipid metabolism is the process by which the body converts dietary fats into energy. It involves a series of biochemical reactions that break down lipids into fatty acids and glycerol, which can then be utilized for various cellular functions. The main pathways involved in lipid metabolism are lipogenesis, lipolysis, and beta-oxidation. Lipogenesis is the synthesis of new fatty acids from acetyl-CoA, while lipolysis is the breakdown of triglycerides into free fatty acids and glycerol. Beta-oxidation is the process by which fatty acids are broken down into acetyl-CoA units for energy production. This complex process is regulated by various hormones and enzymes to maintain a balance between lipid synthesis and breakdown.;Meta
Plate tectonics;Plate tectonics is the scientific theory that describes the movement of Earth's lithosphere, which is divided into several large plates that float on the semi-fluid asthenosphere beneath. These plates are in constant motion, sliding over each other at their boundaries, resulting in earthquakes, volcanic activity, and the creation of mountain ranges. The process of plate tectonics has shaped the planet's surface over millions of years, creating and destroying continents through continental drift and subduction. The theory was developed from observations of geological features and fossil evidence, and is supported by a wide range of geophysical data, including seismic activity, magnetic anomalies, and oceanic depth variations.;Meta
Nucleation;Nucleation is the process by which a new phase or solid forms in a system. It involves the formation of a nucleus, or critical cluster, around which molecules can condense and grow into a stable crystalline structure. This process is crucial for crystal growth, precipitation, and other phenomena where changes in state occur. Nucleation can be heterogeneous, involving an existing surface or impurity as a site for nucleation, or homogeneous, occurring spontaneously within the system. The rate of nucleation depends on factors such as temperature, pressure, and concentration of solute molecules. Understanding nucleation is essential for various fields, including materials science, chemistry, and biology, where it has significant implications for crystal growth, precipitation, and other phenomena.;Meta
Computer vision;Computer vision is a subfield of artificial intelligence that enables computers to interpret and make sense of visual information from images and videos. It involves developing algorithms and techniques to automatically extract meaningful information from visual data, such as object recognition, image segmentation, and tracking. Computer vision has numerous applications in various fields, including surveillance, robotics, healthcare, and autonomous vehicles. Researchers and engineers use machine learning and deep learning techniques to train computer vision models on large datasets, allowing them to learn and improve their performance over time. This enables computers to perform complex visual tasks with high accuracy and efficiency.;Meta
Bile acid;Bile acids are a group of steroid acids found in the bile of mammals and birds, produced from the breakdown of cholesterol in the liver. They play a crucial role in digestion by facilitating the emulsification and absorption of dietary fats. Bile acids are amphipathic molecules, containing both hydrophobic and hydrophilic regions, allowing them to interact with lipids and water simultaneously. The primary function of bile acids is to solubilize dietary fats, enabling enzymes to break them down into smaller components that can be absorbed by the intestines.;Meta
Natural selection;"Natural selection is the process by which populations of living organisms adapt and evolve over time in response to environmental pressures. It was first described by Charles Darwin in his 1859 book ""On the Origin of Species"". Through natural selection, individuals with traits that are better suited to their environment are more likely to survive and reproduce, passing those advantageous traits on to their offspring. Over many generations, this process can lead to significant changes in a population's characteristics, such as increased resistance to disease or improved adaptation to changing climate conditions. Natural selection is a fundamental mechanism of evolution, driving the diversity of life on Earth.";Meta
Bile;Bile is a fluid produced by the liver and stored in the gallbladder that aids in the digestion and absorption of fats. It contains bile salts, cholesterol, bilirubin, and other substances that are released into the small intestine where they emulsify fats, making them more accessible to enzymes for further breakdown. This process enables the absorption of fatty acids and fat-soluble vitamins by the body. The liver produces approximately 1 liter of bile daily, which is then stored in the gallbladder and released into the duodenum through a muscular sphincter called the ampulla of Vater. The composition of bile can be altered in response to dietary changes, leading to variations in its digestive capabilities.;Meta
Photoelectric effect;The photoelectric effect is a phenomenon in which light hitting a metal surface can cause the emission of electrons from that surface. Discovered by Heinrich Hertz in 1887 and later studied by Albert Einstein, it was found to occur even when the energy of the incident light is not sufficient to eject an electron due to its kinetic energy alone. This led Einstein to propose the concept of wave-particle duality, where light can exhibit both wave-like and particle-like behavior depending on how it interacts with matter. The photoelectric effect played a significant role in the development of quantum mechanics, supporting the idea that light is composed of particles called photons, each carrying a specific amount of energy.;Meta
Depolarization;Depolarization is a process in which a cell's membrane potential becomes less negative, allowing positively charged ions to flow into the cell. This phenomenon occurs in various biological systems, including neurons and muscle cells. During depolarization, the electrical charge across the cell membrane decreases, leading to an influx of sodium ions and a subsequent increase in the concentration of positively charged ions within the cell. The depolarization phase is often followed by repolarization, where potassium ions flow out of the cell, restoring the resting membrane potential. Depolarization plays a crucial role in initiating and regulating various physiological processes, including muscle contraction and nerve impulse transmission.;Meta
Synchrotron;A synchrotron is a type of particle accelerator that produces extremely high-energy electron beams by accelerating electrons in a nearly circular path and then steering them through a series of magnets to produce electromagnetic radiation. This radiation includes X-rays, ultraviolet light, infrared radiation, and even visible light. Synchrotrons are used for various scientific applications, including materials science research, medical imaging, and analysis of the structure and properties of molecules. The intense beam of synchrotron radiation allows scientists to study the behavior of materials at the atomic level, providing valuable insights into their composition and interactions.;Meta
Curvature;Curvature is a fundamental concept in mathematics and physics that describes the degree to which a surface deviates from being flat. In geometry, curvature can be measured as the rate of change of the angle between two curves or surfaces at a given point. This concept is essential in understanding various aspects of space-time in general relativity, where mass and energy warp the fabric of spacetime, causing it to curve. The curvature of spacetime affects the motion of objects, such as planets orbiting stars and light bending around massive objects. Curvature can also be observed in everyday life, for example, in the shape of a sphere or the trajectory of a projectile under gravity.;Meta
Smart grid;A smart grid is a modernized electrical grid that uses advanced technologies to manage and distribute electricity more efficiently, reliably, and sustainably. It integrates various types of energy sources, including renewable energy, into the existing grid infrastructure. Smart grids employ real-time monitoring and control systems to optimize energy distribution, reduce power outages, and improve overall efficiency. Advanced technologies such as smart meters, advanced weather forecasting, and predictive analytics enable utilities to respond quickly to changes in energy demand and supply. The goal of a smart grid is to provide a more resilient, adaptable, and environmentally friendly electrical grid that supports the increasing demands of modern society.;Meta
Diastereomer;A diastereomer is a stereoisomer that possesses a different arrangement of atoms in three-dimensional space than another stereoisomer with the same molecular formula and sequence of bonded atoms. This difference in atomic arrangement can result in distinct physical, chemical, or biological properties between diastereomers. Diastereomers are not mirror images of each other, unlike enantiomers, which are pairs of non-superimposable mirror-image molecules that have the same spatial arrangement but opposite chirality. Diastereomers often exhibit differences in melting and boiling points, solubility, reactivity, and chromatographic retention times, making them useful in fields such as organic synthesis and pharmacology.;Meta
Synapse;A synapse is a specialized structure that enables chemical communication between two neurons, also known as nerve cells, in the nervous system. It is a critical component of neural transmission and plays a key role in information processing and storage. When an action potential reaches the terminal end of one neuron, it releases neurotransmitters into the synaptic cleft, the gap between the two neurons. These chemicals bind to receptors on adjacent neurons, generating an electrical signal that can either excite or inhibit further transmission. Synapses are dynamic structures that can be modified by experience and learning, allowing for plasticity in neural circuitry.;Meta
Peroxisome;The peroxisome is a type of organelle found in eukaryotic cells, responsible for catalyzing the oxidation of various substances, including fatty acids and amino acids. These organelles have a single membrane that surrounds a matrix containing enzymes involved in the breakdown of molecules through oxidation. Peroxisomes are particularly important in the metabolism of branched-chain amino acids, which if not properly metabolized can lead to neurological disorders such as maple syrup urine disease. They also play a role in the regulation of reactive oxygen species, helping to maintain cellular homeostasis by detoxifying peroxides and preventing oxidative damage. Peroxisomal dysfunction is associated with various diseases, including Zellweger syndrome.;Meta
Cosmic inflation;Cosmic inflation is a theoretical framework in cosmology that proposes the universe underwent a rapid expansion in the very early stages of its formation. This period, which occurred approximately 10^-32 seconds after the Big Bang, was marked by an exponential growth of space and time, smoothing out any irregularities in the universe's density. The theory suggests that this inflationary period would have erased any evidence of what happened before the Big Bang, making it impossible to study directly. The idea of cosmic inflation provides a solution to several problems in the Big Bang model, such as explaining why the universe appears homogeneous and isotropic at large scales.;Meta
Batch normalization;Batch normalization is a technique used in deep learning to normalize the input data for each layer by subtracting its mean and dividing it by its standard deviation. This process helps to stabilize the training of neural networks, particularly when dealing with internal covariate shift caused by the introduction of new layers during training. By normalizing the inputs, batch normalization allows the network to learn more robust features, reduces the effect of vanishing gradients, and improves the overall stability and speed of convergence. It is commonly used in conjunction with convolutional and recurrent neural networks for tasks such as image classification and natural language processing.;Meta
Immunological synapse;The immunological synapse is a complex intercellular structure formed by the interaction between T-cells and antigen-presenting cells. It plays a crucial role in adaptive immunity by facilitating the exchange of signals that regulate immune responses. The synapse forms through the polarization of T-cell receptors towards the APC, allowing for the recognition and binding of peptide-MHC complexes on the APC surface. This interaction triggers signaling cascades within both cells, leading to the activation or inhibition of immune responses. The immunological synapse is a dynamic structure that can be disassembled upon resolution of the immune response, ensuring that T-cells remain functional for future encounters with antigens.;Meta
Fermi level;The Fermi level is a fundamental concept in solid-state physics that describes the energy at which the probability of finding an electron in a material is 50%. It is named after physicist Enrico Fermi and represents the boundary between occupied and unoccupied states in a metal or semiconductor. The Fermi level is a function of temperature and composition, and it plays a crucial role in determining the electrical conductivity of materials. In metals, the Fermi level lies within the conduction band, allowing electrons to flow freely, whereas in semiconductors, it lies between the valence and conduction bands, allowing for variable conductivity.;Meta
Tribology;Tribology is the scientific study of friction, wear, and lubrication of interacting surfaces in relative motion. It involves understanding the complex interactions between solid bodies that move against each other, such as machines, engines, and moving parts. Tribologists investigate the underlying principles of these interactions to optimize performance, reduce energy consumption, and prevent wear-related failures. This field encompasses a wide range of disciplines, including materials science, mechanical engineering, physics, chemistry, and mathematics. Understanding tribology is crucial for designing efficient systems, predicting lifespan, and minimizing maintenance costs in various industries, including automotive, aerospace, manufacturing, and energy production.;Meta
Central tolerance;Central tolerance is a critical process in the development of T lymphocytes, ensuring they do not react against self-antigens and causing autoimmune disease. During early embryogenesis, immature T cells are positively selected for their ability to recognize and respond to antigens presented by major histocompatibility complex molecules on thymic epithelial cells. However, if a T cell's antigen receptor is too strongly reactive or has an affinity for self-antigens, it undergoes apoptosis through a process called clonal deletion. This mechanism eliminates potentially autoreactive T cells from the pool of functional immune cells before they mature and enter the circulation.;Meta
Species evenness;Species evenness is a measure used in ecology to describe the distribution of individuals among different species within a community. It quantifies how evenly or unevenly the number of individuals is distributed across all species. A value of 1 represents perfect evenness, where every species has an equal number of individuals, while a value close to 0 indicates extreme inequality, with one or a few dominant species and many rare ones. Evenness can be used in conjunction with richness to assess biodiversity and ecosystem health. This concept helps ecologists understand the structure and functioning of ecosystems.;Meta
Anthropocene;The Anthropocene is a proposed geologic time interval characterized by significant human impact on Earth's ecosystems and climate. This concept suggests that humans have become a dominant geological force, leading to changes in the planet's geology, atmosphere, and biosphere. The term was coined by Paul Crutzen and Eugene Stoermer in 2000 and is now widely discussed among scientists and policymakers. Key features of the Anthropocene include widespread deforestation, ocean acidification, and the release of greenhouse gases that contribute to global warming. These changes are considered so profound that they may eventually be recognized as a distinct geological epoch in Earth's history.;Meta
Michelson interferometer;The Michelson interferometer is a precision optical instrument used in various scientific applications to measure the properties of light. It consists of two mirrors and a beam splitter, which divides an incoming light beam into two perpendicular beams that are reflected back through the same path. When the beams recombine at the beam splitter, interference patterns are created, allowing for precise measurements of the phase difference between the beams. This device is used to measure distances, temperatures, and gas concentrations, as well as to detect gravitational waves and other subtle effects. Its high sensitivity and accuracy make it a crucial tool in many scientific fields.;Meta
Mineral;Minerals are naturally occurring inorganic substances with specific chemical compositions and structures. They are formed through geological processes, such as magmatic activity, metamorphism, or weathering, which involve high pressures and temperatures. Minerals can be composed of various elements, including metals, nonmetals, and semimetals, and often exhibit crystalline structures. The study of minerals is known as mineralogy, which involves identifying and classifying them based on their physical properties, such as color, hardness, luster, and cleavage. There are over 5,000 known minerals, each with unique characteristics and uses in various industries, including construction, electronics, and jewelry making.;Meta
Finite element method;The Finite Element Method is a numerical technique for solving partial differential equations, commonly used in engineering and physics to analyze complex systems. It discretizes the domain into smaller elements, allowing for the approximation of the solution through interpolation functions. The method involves dividing the system into finite elements, which are then analyzed individually using specific boundary conditions. The solutions from each element are combined to obtain the overall behavior of the system. This approach is particularly useful in modeling nonlinear and dynamic systems, such as those encountered in structural mechanics, fluid dynamics, and electromagnetics. It provides a powerful tool for simulating real-world phenomena with high accuracy.;Meta
Histone;Histones are a family of basic proteins that play a crucial role in packaging and regulating eukaryotic DNA within the cell nucleus. They form a core around which DNA is wrapped, known as chromatin, to create the visible structures called chromosomes during cell division. Histone proteins have a highly conserved amino acid sequence, with four primary types: H1, H2A, H2B, and H3, H4. The histone tail undergoes post-translational modifications such as acetylation, methylation, and phosphorylation, which affect chromatin structure and gene expression by modifying the interaction between DNA and histones. These modifications are crucial for regulating various cellular processes including cell cycle progression, transcription, and repair.;Meta
Pyridoxal phosphate;Pyridoxal phosphate is a coenzyme that plays a crucial role in various biochemical reactions involving amino acid metabolism. It is a derivative of vitamin B6 and serves as a cofactor for many enzymes involved in decarboxylation, transamination, and dehydrogenation reactions. In these reactions, pyridoxal phosphate acts as an intermediate carrier of amino groups, facilitating the conversion between different forms of amino acids. The coenzyme is also essential for maintaining homocysteine metabolism and nerve function. Pyridoxal phosphate is found in all living cells, with higher concentrations detected in muscle tissues. Its deficiency has been linked to various health conditions, including vitamin B6 deficiency disorders.;Meta
Differential equation;A differential equation is a mathematical equation that describes how a quantity changes over time or space. It involves an unknown function and its derivatives, which are used to model various phenomena in physics, engineering, economics, and other fields. The equation is composed of two parts: the left-hand side, which represents the derivative of the unknown function, and the right-hand side, which contains terms that describe the rate of change of the function. Differential equations can be classified into several types, including ordinary differential equations and partial differential equations, each with its own method of solution. The study of differential equations provides a powerful tool for solving problems in many areas of science and engineering.;Meta
Thalamus;The thalamus is a complex brain structure that plays a crucial role in relaying sensory information to the cortex for further processing. It acts as a relay station, receiving and transmitting signals from various sensory pathways to specific areas of the brain where they are interpreted. The thalamus also regulates sleep-wake cycles, helps to modulate consciousness and arousal levels, and is involved in memory formation and retrieval. Damage to the thalamus can result in a range of cognitive and motor deficits, including blindness, deafness, and numbness. Disorders such as Parkinson's disease and epilepsy have been linked to abnormalities in thalamic function.;Meta
Working memory;Working memory is a cognitive system that allows for the temporary storage and manipulation of information in the mind. It is involved in tasks such as learning new information, problem-solving, and decision-making. Working memory has both auditory and visual components, with separate systems responsible for processing verbal and spatial information. The capacity of working memory varies across individuals, with some people able to hold more information in their working memory than others. Research has shown that working memory is closely linked to fluid intelligence and executive function, and impairments in working memory have been associated with a range of cognitive disorders, including Alzheimer's disease and attention deficit hyperactivity disorder.;Meta
Question answering;Question answering is a subfield of natural language processing that deals with the ability of artificial intelligence systems to understand and respond to questions in a way that is accurate and relevant. This involves parsing the question to identify its intent, context, and entities mentioned, and then generating an answer from a vast knowledge base or database. Question answering has applications in areas such as customer service, expert systems, and intelligent assistants, where systems need to provide accurate and informative responses to users' queries. Modern question-answering systems employ techniques such as deep learning and entity recognition to improve their accuracy and efficiency.;Meta
Bonferroni correction;The Bonferroni correction is a statistical method used to adjust p-values in multiple comparisons to prevent false positives. Developed by Italian mathematician Carlo Emilio Bonferroni in 1936, this technique is applied when conducting multiple hypothesis tests simultaneously. By dividing the desired family-wise error rate by the number of comparisons, an adjusted alpha level is calculated and used as a threshold for significance. The resulting p-value is then compared to this adjusted alpha level instead of the standard 0.05. This correction helps to maintain the overall Type I error rate, but can be conservative, potentially leading to reduced power in detecting statistically significant effects.;Meta
Young's modulus;Young's modulus is a measure of the stiffness of solid materials. It defines the relationship between stress and strain within the proportional limit of a material. The Young's modulus value is typically denoted by the letter E. For most metals, it ranges from 100 to 300 GPa, while for some polymers, it can be lower than 1 GPa. In general, higher values indicate greater stiffness and resistance to deformation under load. This property is essential in various engineering applications, including structural analysis of buildings, bridges, and machines.;Meta
Allosteric regulation;Allosteric regulation is a process by which the activity of an enzyme or protein is modified by binding of a molecule at a site other than the active site, known as the allosteric site. This binding causes a conformational change in the protein that affects its ability to bind substrates or perform catalysis. Allosteric regulation can either increase or decrease enzyme activity and is often used for fine-tuning metabolic pathways. The allosteric site is typically located at some distance from the active site, allowing for cooperative binding of multiple molecules. This regulatory mechanism allows cells to respond to changes in their environment by modulating enzyme activity in a rapid and reversible manner.;Meta
Super-resolution microscopy;Super-resolution microscopy is a family of advanced light microscopy techniques that enable imaging beyond the diffraction limit of conventional optical microscopes. These methods allow for resolutions far below the Abbe limit, typically 100-200 nanometers, while preserving high signal-to-noise ratios and good contrast. Super-resolution microscopy overcomes the limitations of traditional microscopy by using various approaches to reduce or eliminate the effects of diffraction, including stimulated emission depletion, photoactivated localization microscopy, stochastic optical reconstruction microscopy, and structured illumination microscopy. These techniques have revolutionized cell biology research, enabling detailed visualization of cellular structures and dynamics that were previously inaccessible.;Meta
Complement system;The complement system is a part of the immune system that enhances the ability of antibodies and phagocytic cells to clear pathogens from an organism. It is composed of multiple small proteins found in the blood plasma, which can be activated by three pathways: classical, lectin, and alternative. Activation leads to a cascade of reactions resulting in the formation of a membrane attack complex that kills the pathogen or the release of pro-inflammatory molecules. The complement system plays a crucial role in defending against bacterial infections and contributes to inflammation, tissue damage, and autoimmune diseases when dysregulated. Its activity can be regulated by several proteins to prevent excessive activation.;Meta
Targeted therapy;Targeted therapy is a type of cancer treatment that uses drugs to specifically target and inhibit the growth and spread of cancer cells while sparing normal cells. These treatments are designed to exploit specific differences between cancer cells and healthy cells. They can be tailored to address individual genetic mutations or molecular abnormalities associated with a patient's cancer, making them more effective than traditional chemotherapy. Targeted therapies can include monoclonal antibodies, kinase inhibitors, and angiogenesis inhibitors that block the growth of new blood vessels to feed the tumor. By targeting specific pathways involved in tumor growth, targeted therapies aim to provide more precise and less toxic treatment options for patients.;Meta
Glycolysis;Glycolysis is the first step in cellular respiration, a metabolic pathway that converts glucose into energy. This process occurs in the cytoplasm of cells and involves a series of enzyme-catalyzed reactions. During glycolysis, one molecule of glucose is converted into two molecules of pyruvate, releasing energy in the form of ATP and NADH. Glycolysis is an anaerobic process, meaning it does not require oxygen, and takes place in 10 distinct steps. The net gain from this process is a small amount of ATP and NADH, which are then used to fuel further metabolic processes or transferred to other cellular compartments for energy production.;Meta
Hydrogen bond;The hydrogen bond is a type of intermolecular force that arises from the attraction between a hydrogen atom bonded to a highly electronegative atom, such as oxygen, nitrogen, or fluorine, and another electronegative atom. This phenomenon occurs when the partial positive charge on the hydrogen atom interacts with the partial negative charge on the electronegative atom of another molecule. Hydrogen bonds are relatively weak compared to covalent and ionic bonds, but they play a crucial role in determining the structure and properties of molecules, such as water and DNA. They are responsible for many physical and chemical processes, including protein folding, melting points, and boiling points of liquids.;Meta
Biogeochemistry;Biogeochemistry is the study of the interactions between the biological and geological components of the Earth's system. It examines how living organisms influence the geochemical cycles of elements such as carbon, nitrogen, and oxygen, and how these cycles in turn affect the environment. Biogeochemists investigate the chemical transformations that occur within ecosystems, from the decomposition of organic matter to the formation of minerals in rocks. This interdisciplinary field draws on concepts from biology, geology, chemistry, and ecology to understand the complex relationships between life and the Earth's physical systems. Its applications range from climate modeling to environmental conservation and resource management.;Meta
Wernicke's area;Wernicke's area is a region in the brain's left temporal lobe responsible for processing spoken language, specifically the comprehension of grammar and syntax. This area was first identified by German neurologist Carl Wernicke in 1874 following a case study on a patient with aphasia, who could speak fluently but had difficulty understanding speech. The damage to this region results in Wernicke's aphasia, characterized by the production of long, rambling sentences that lack meaning and comprehension difficulties. Research has shown that language processing is lateralized, with Broca's area in the frontal lobe handling speech production and articulation, while Wernicke's area handles semantic processing.;Meta
Pearlite;Pearlite is a microstructural component in steel alloys formed through a process known as eutectoid transformation. It occurs when austenite, a face-centered cubic crystal structure, transforms into a mixture of ferrite and cementite under specific cooling conditions. This process typically takes place between 727°C and 723°C for low-carbon steels. Pearlite consists of alternating layers of ferrite and cementite, which provides increased strength and toughness to the steel alloy. The microstructure of pearlite can be influenced by factors such as carbon content, cooling rate, and heat treatment processes. The presence of pearlite is significant in determining the mechanical properties of steel alloys.;Meta
pH;pH is a measure of the concentration of hydrogen ions in a solution, indicating its acidity or basicity on a logarithmic scale. The pH scale ranges from 0 to 14, with values below 7 considered acidic and those above 7 basic. A pH of 7 is neutral, equivalent to a hydrogen ion concentration of 10^-7 moles per liter. pH is an important parameter in various scientific fields, including chemistry, biology, and environmental science, as it affects the behavior of chemical reactions, biological processes, and the health of ecosystems.;Meta
Somite;A somite is a block-shaped mass of tissue that forms during embryonic development in vertebrates, specifically in the paraxial mesoderm region. Somites are produced through the segmentation process and are arranged along the anterior-posterior axis of the embryo. Each somite is composed of three distinct layers: dermatome, myotome, and sclerotome. As development proceeds, each somite undergoes differentiations to give rise to various tissues and organs such as skin, muscles, bones, and connective tissue. The formation of somites is crucial for the establishment of body plan and patterning in vertebrates.;Meta
Adaptation;Adaptation is the process by which living organisms adjust to their environment in order to survive and thrive. This can involve physiological changes, such as developing resistance to disease or toxins, or behavioral adaptations, like altering migration patterns or feeding habits. Adaptations can be genetic, resulting from natural selection over many generations, or acquired through learning and experience. Organisms adapt to various environmental factors, including temperature, humidity, light, and predation pressure, allowing them to occupy specific ecological niches. Adaptation is a key concept in evolutionary biology, as it underlies the diversity of life on Earth.;Meta
Differential scanning calorimetry;Differential scanning calorimetry is a thermal analysis technique used to study the physical and chemical changes that occur in materials as they are heated or cooled. The method involves measuring the difference in heat flow between a sample and a reference material, allowing researchers to detect phase transitions, melting points, and other thermal events. A sample and a reference material are placed in separate pans within the calorimeter, which is then subjected to a controlled temperature program. As the temperature increases or decreases, the instrument measures the difference in power required to maintain constant temperatures between the two materials, providing detailed information about the sample's thermal properties.;Meta
Energy-based model;An energy-based model is a statistical framework that represents complex systems through energy functions, enabling prediction and inference. This approach was first introduced in machine learning and computer vision to model relationships between data samples and their corresponding labels. The core idea is to define an energy function that assigns a lower value to compatible or plausible configurations of the system, while higher values correspond to less likely states. By iteratively adjusting parameters to minimize this energy function, the model learns to represent complex distributions and performs tasks such as classification, clustering, and dimensionality reduction. Energy-based models have been applied in various fields including physics, computer vision, and natural language processing.;Meta
Beamforming;Beamforming is a signal processing technique used to control the directionality of a radiation pattern in electromagnetic waves. It involves generating multiple phased copies of an input signal and combining them with specific phases to produce a directional wavefront. This results in a beam of energy that can be steered electronically without moving any physical parts, making it particularly useful for applications such as radar systems, sonar, and wireless communication antennas. Beamforming techniques include both digital and analog methods, with the choice depending on the frequency range, signal-to-noise ratio, and computational resources available. It finds significant applications in fields where precise control over energy distribution is crucial.;Meta
Austenite;Austenite is a metastable solid solution of carbon in iron that can be formed at high temperatures. It is named after the British chemist William Chandler Roberts-Austen who first described it in 1897. Austenite is stable only above a certain temperature, known as the eutectoid temperature, and below this temperature it transforms into pearlite or martensite. This transformation can be triggered by cooling, quenching, or other thermal treatments. Austenite has a face-centered cubic crystal structure and its formation is important in understanding the behavior of steel alloys during heat treatment processes. Its properties make it useful for various industrial applications including cutting tools and machinery parts.;Meta
Flow chemistry;Flow chemistry is a laboratory technique that involves the continuous flow of reagents through a reaction chamber to facilitate chemical reactions. This approach differs from traditional batch processing where reactants are mixed together in a single vessel and allowed to react over time. Flow chemistry enables precise control over reaction conditions, improved mixing efficiency, and enhanced scalability, making it suitable for large-scale industrial applications. The technique also reduces the risk of contamination, allows for real-time monitoring, and simplifies product isolation. Various reactor designs have been developed, including microreactors, tubular reactors, and membrane-based systems, each with its own advantages and applications.;Meta
Word embedding;Word embedding is a technique in natural language processing where words are represented as vectors in a high-dimensional space to capture their semantic meaning. The goal is to map words with similar meanings onto nearby locations in the vector space. This representation allows for efficient calculation of word similarities and analogies, enabling tasks such as text classification, sentiment analysis, and information retrieval. Word embeddings can be trained on large datasets using neural network architectures, such as skip-gram or CBOW models, which learn to predict surrounding words based on context. The resulting vector space enables words with complex relationships to be represented in a low-dimensional space for easier processing.;Meta
ALS;Amyotrophic Lateral Sclerosis is a progressive neurodegenerative disease affecting motor neurons in the brain and spinal cord, leading to muscle weakness and atrophy. The exact cause of ALS remains unknown, although research suggests it involves complex interactions between genetic and environmental factors, including age, occupation, and exposure to toxins. Motor neurons gradually degenerate, disrupting communication between nerve cells, resulting in loss of voluntary muscle movement. Symptoms typically begin with numbness or weakness in one limb, progressing to paralysis, respiratory failure, and eventually death, usually within 2-5 years after diagnosis. ALS is a fatal disease, with no cure currently available, although some treatments may slow its progression.;Meta
Ionizing radiation;Ionizing radiation is a form of electromagnetic radiation that possesses sufficient energy to remove tightly bound electrons from atoms, thereby creating ions. This phenomenon occurs when a photon collides with an atom, imparting its energy to the electron, which can then escape its orbit. Ionizing radiation includes ultraviolet light, X-rays, and gamma rays, all of which are characterized by their high frequency and short wavelengths. As a result, ionizing radiation can cause significant biological damage, including DNA mutations and cell death, particularly in living organisms with cells that are rapidly dividing. Exposure to ionizing radiation is often associated with an increased risk of cancer and genetic mutations.;Meta
Vadose zone;The vadose zone is the region above the water table where soil pores are partially saturated with water, typically extending from the surface to a depth of several meters or more depending on local conditions such as topography and climate. In this zone, water seeps downward through interconnected pore spaces under the influence of gravity, often in response to precipitation events or irrigation. As water moves downward, it may encounter varying degrees of aeration, solute transport, and biological activity affecting its movement and interaction with surrounding soil and rock matrices. The vadose zone plays a critical role in groundwater recharge and contaminant migration processes.;Meta
Repolarization;Repolarization is a fundamental physiological process that occurs in cardiac and skeletal muscle cells during the action potential. It involves the gradual return of the membrane potential to its resting state after depolarization. This process is mediated by potassium ions flowing out of the cell through voltage-gated potassium channels, causing the inside of the cell to become more positive. The repolarization phase is essential for maintaining a stable membrane potential and regulating muscle contraction and relaxation. Changes in repolarization patterns can lead to cardiac arrhythmias and other cardiovascular disorders. It is an active process that involves the coordinated action of various ion channels and transporters.;Meta
Subduction;Subduction is a geological process where one tectonic plate is forced beneath another, resulting in the sinking of the overlying plate into the Earth's mantle. This process occurs at subduction zones, where the interaction between two plates leads to the creation of deep-sea trenches and volcanic arcs. As the overlying plate descends, it encounters increasing heat and pressure, causing the rocks to undergo metamorphism and eventually melt, producing magma that rises to form volcanoes. Subduction plays a crucial role in shaping the Earth's surface, influencing global climate patterns, and generating earthquakes and tsunamis. The process is thought to have been responsible for the formation of many mountain ranges, including the Andes and the Himalayas.;Meta
Glycolipid;Glycolipids are a class of molecules that contain both carbohydrate and lipid components. They play crucial roles in various biological processes, including cell-cell recognition, signaling, and membrane fluidity. Glycolipids can be found in the plasma membranes of eukaryotic cells, where they act as receptors for proteins and other lipids. The structure and composition of glycolipids vary depending on their specific function, with different types such as cerebrosides and gangliosides exhibiting distinct properties. In humans, glycolipids are important components of the myelin sheath in nerve cells, where they help maintain cell membrane integrity and facilitate signal transmission between neurons.;Meta
Data acquisition;Data acquisition refers to the process of collecting and measuring data from various sources using sensors, instruments, and other devices. This can involve physical measurements, such as temperature, pressure, and flow rates, as well as digital signals, like sound or image data. The goal of data acquisition is to obtain accurate and reliable information about a system, process, or phenomenon being studied. Data acquisition systems often employ specialized hardware and software to collect, store, and analyze the measured data. These systems can be designed for real-time monitoring, where data is processed immediately, or for offline analysis, where data is stored for later review.;Meta
Hubbard model;The Hubbard model is a mathematical model used in condensed matter physics to describe the behavior of electrons in a solid, particularly in strongly correlated systems such as transition metal oxides and high-temperature superconductors. Developed by John Hubbard in 1963, it takes into account both electron-electron repulsion and on-site Coulomb interactions between electrons at the same lattice site. This model can be solved exactly for one dimension but its solution in higher dimensions remains an open problem. The Hubbard model has been applied to various systems including doped Mott insulators, superconducting cuprates, and organic conductors.;Meta
Ion channel;Ion channels are transmembrane proteins that facilitate the passage of ions across cell membranes, regulating various physiological processes such as neuronal signaling, muscle contraction, and hormone secretion. They exist in two main states: closed and open, with changes in membrane potential or chemical signals triggering transitions between these states. Ion channels exhibit selectivity for specific ion species, allowing them to regulate the concentration gradient of ions within cells. These proteins play a crucial role in maintaining cellular homeostasis, responding to environmental stimuli, and enabling complex physiological processes such as sensory perception, muscle contraction, and neuronal signaling.;Meta
Dislocation;Dislocation is a type of crystallographic defect that occurs in solids, particularly metals and alloys. It is a line defect where a row of atoms is missing or misplaced within the crystalline structure. Dislocations can be caused by various factors such as plastic deformation, thermal fluctuations, or radiation damage. They play a crucial role in determining the mechanical properties of materials, including their strength, ductility, and resistance to fatigue. Dislocations can also affect the electrical conductivity and magnetic properties of materials. The study of dislocations is essential for understanding material behavior under different conditions and designing new materials with improved performance.;Meta
Dysbiosis;Dysbiosis is a condition characterized by an imbalance in the human microbiome, which refers to the community of microorganisms living within and on the human body. This imbalance can lead to various health problems, including gastrointestinal disorders, allergies, autoimmune diseases, and even mental health issues. Dysbiosis can be caused by factors such as antibiotics, poor diet, stress, and environmental pollutants, leading to an overgrowth or undergrowth of certain microorganisms. The gut microbiome plays a crucial role in maintaining the integrity of the epithelial barrier, regulating inflammation, and modulating the immune system, making dysbiosis a significant area of research in modern medicine.;Meta
Fractional quantum Hall effect;The Fractional Quantum Hall effect is a phenomenon in which two-dimensional electron systems exhibit collective behavior at very low temperatures and high magnetic fields. In this regime, electrons form quasiparticles known as Laughlin quasiparticles, which have fractional charge and spin. These quasiparticles are characterized by an integer filling factor ν = p/, where p is a positive integer and q is the number of quasiparticles per electron. The resulting ground state has unique properties such as quantized Hall conductivity and non-Abelian anyon statistics. This phenomenon was first observed in silicon-based semiconductor heterostructures at low temperatures, and has since been studied extensively in various two-dimensional systems.;Meta
Homeostasis;Homeostasis is the ability of an organism to maintain a stable internal environment despite changes in external conditions. This concept was first introduced by French physiologist Claude Bernard in 1878 and later developed by American physiologist Walter B. Cannon. Homeostasis involves the regulation of various physiological processes, such as temperature, pH, water balance, and electrolyte levels, to maintain a stable internal environment. The process is achieved through negative feedback mechanisms, where changes in the internal environment trigger responses that restore equilibrium. Homeostasis is essential for maintaining proper bodily functions and is crucial for survival. It is a fundamental concept in physiology and is applicable to all living organisms.;Meta
MHC class II;MHC class II is a subgroup of major histocompatibility complex molecules that play a crucial role in the immune system by presenting peptide fragments from extracellular pathogens to CD4+ T cells, also known as helper T cells. These molecules are primarily expressed on antigen-presenting cells, such as dendritic cells and macrophages, which engulf and digest foreign substances before displaying their peptides on the cell surface via MHC class II molecules. This process allows the immune system to identify and respond to infections by activating an appropriate immune response, including the activation of cytotoxic T cells and the production of antibodies.;Meta
Lithography;Lithography is a technique used to create images on a surface by transferring ink from a plate to paper through a chemical process. It involves coating a stone or metal plate with a layer of light-sensitive material, drawing an image on the plate with a grease-based substance, and then exposing it to ultraviolet light. The areas not protected by the grease resist the light and become hydrophobic, while the exposed areas become hydrophilic. A water-based solution is then applied to the plate, dissolving the exposed areas but not the greasy regions, which are left intact to create a mirror image of the original design.;Meta
Nuclear fission;Nuclear fission is a process in which atomic nuclei split into two or more smaller nuclei, releasing a significant amount of energy in the process. This occurs when an atomic nucleus absorbs a neutron and becomes unstable, leading to a chain reaction of subsequent nuclear divisions. The resulting fission products are typically high-energy neutrons and heavy radioactive isotopes, which can undergo further decay through beta decay, alpha emission, or gamma radiation. Nuclear fission is the principle behind nuclear reactors and atomic bombs, where it is utilized to generate heat for electricity production or to release explosive energy. Fission reactions can be induced by neutron bombardment or other means of nucleus excitation.;Meta
Cell mechanics;Cell mechanics is a subfield of biophysics that studies the mechanical properties of cells, such as their stiffness, viscoelasticity, and adhesion to other cells or surfaces. This field combines concepts from materials science, physics, and biology to understand how cellular structures respond to external forces, such as tension, compression, and shear. Researchers use techniques like atomic force microscopy, micropipette aspiration, and fluorescence imaging to quantify cell stiffness and deformation under various conditions. The study of cell mechanics has important implications for understanding cellular behavior in development, disease, and tissue engineering applications. It also informs the design of biomimetic materials and devices that can interact with cells in a biocompatible manner.;Meta
Soil horizon;A soil horizon is a layer within the soil profile that has distinct characteristics and properties due to its formation history. Soil horizons are formed through various processes such as weathering, erosion, and sedimentation. They can be distinguished by differences in color, texture, composition, and structure. The primary soil horizons include A, E, B, C, O, and R. Horizon A is the surface layer where organic matter accumulates, while horizon B is characterized by a decrease in organic matter and an increase in minerals. Horizons E and C are typically found deeper in the soil profile, with horizon E being more acidic than horizon C.;Meta
Heart rate;Heart rate is the number of heartbeats per minute in humans and other animals, measured as beats per minute. It is influenced by various factors including physical fitness, age, stress levels, and underlying medical conditions. The sinoatrial node, a small group of cells located in the right atrium, acts as the heart's natural pacemaker, generating electrical impulses that regulate heartbeat. Heart rate can be measured using electrocardiography or pulse oximetry. A normal resting heart rate for adults is between 60 and 100 bpm, while athletes may have rates as low as 40 bpm due to increased parasympathetic tone. Increased heart rate is often a sign of physical exertion or stress.;Meta
Meissner effect;The Meissner effect is a phenomenon in superconductivity where a material expels magnetic fields when it transitions into a superconducting state. This effect was first observed by Walter Meissner in 1933 and is one of the defining characteristics of superconductors. When a material becomes superconducting, it exhibits perfect diamagnetism, meaning that it completely excludes magnetic field lines from its interior. The expulsion of magnetic fields occurs due to the formation of Cooper pairs, which carry current with zero resistance. As a result, the material's surface acts as if it were a perfect shield against magnetic fields.;Meta
Supernova;A supernova is a massive star explosion that suddenly becomes brighter than an entire galaxy. This cataclysmic event occurs when a star's fuel runs out and its core collapses, causing a tremendous amount of energy to be released in a matter of seconds. There are two main types of supernovae: Type I, which involves the rapid collapse of a degenerate star's core, and Type II, which is caused by a massive star running out of hydrogen fuel. Supernovae can produce heavy elements such as iron and nickel through nuclear reactions that occur during the explosion. These events are relatively rare but have a profound impact on the surrounding interstellar medium, influencing the formation of new stars and planets.;Meta
Graphene;Graphene is a two-dimensional material consisting of a single layer of carbon atoms arranged in a hexagonal lattice structure. It was first isolated in 2004 by Andre Geim and Konstantin Novoselov at the University of Manchester, who were awarded the Nobel Prize in Physics for their discovery. Graphene exhibits exceptional mechanical, electrical, thermal, and optical properties, making it a highly sought-after material for various applications. Its high strength-to-weight ratio, conductivity, and transparency make it a potential candidate for use in electronics, composites, and energy storage devices. Research on graphene has led to significant advancements in fields such as nanotechnology and materials science.;Meta
Transient equilibrium;Transient equilibrium is a state in chemical kinetics where the rates of forward and reverse reactions are equal, resulting in no net change in concentrations of reactants and products over time. This occurs when an equilibrium constant is reached but not sustained due to changes in reaction conditions or concentrations. Transient equilibrium is often observed in complex systems with multiple reaction pathways, where a temporary balance is established before the system reaches a new steady-state condition. Understanding transient equilibrium is crucial for predicting and controlling chemical reactions in various fields, including catalysis, biotechnology, and environmental science.;Meta
Odds ratio;The odds ratio is a statistical measure used in epidemiology to express the strength and direction of association between a risk factor and an outcome. It represents the ratio of the odds of an event occurring in one group compared to another group. In other words, it estimates how much more likely an individual is to develop a disease or experience an adverse outcome if they have been exposed to a particular risk factor. The odds ratio is calculated using logistic regression analysis and can be interpreted as a measure of relative risk. A value greater than 1 indicates an increased risk, while a value less than 1 indicates a decreased risk.;Meta
Forgetting curve;The forgetting curve is a mathematical model that describes how the human brain forgets information over time. Proposed by Hermann Ebbinghaus in 1885, it illustrates the rate at which memories decay and are lost due to lack of retrieval. According to the model, the amount of information retained decreases exponentially as the time between learning and recall increases. The curve demonstrates that the most significant loss of memory occurs shortly after initial exposure to new information, with a rapid decline in retention rates over the first few hours and days. This concept has far-reaching implications for education, psychology, and cognitive science.;Meta
Biosimilar;A biosimilar is a biologic medication that is highly similar to an existing licensed product in terms of quality, safety, and efficacy. Biosimilars are developed using the same platform technology as the original reference product, which ensures consistency in manufacturing processes and production standards. The development process involves comparing the physicochemical characteristics, biological activity, and pharmacokinetics of the biosimilar with those of the reference product. Regulatory authorities such as the FDA have established guidelines for biosimilar approval, which include demonstration of similarity through clinical trials and immunogenicity studies. Biosimilars are considered interchangeable with their reference products, offering patients access to affordable biologic medications without compromising on efficacy or safety.;Meta
3D printing;Three-dimensional printing, also known as additive manufacturing, is a process of creating physical objects from digital models by layering materials such as plastics, metals, and ceramics. This technique involves the use of computer-controlled equipment to deposit material according to the design specifications. The layered structure allows for complex geometries and internal structures that would be difficult or impossible to achieve with traditional manufacturing methods. Various technologies are employed, including fused deposition modeling, selective laser sintering, and stereolithography. Three-dimensional printing has numerous applications in industries such as aerospace, automotive, healthcare, and consumer products due to its flexibility, speed, and cost-effectiveness.;Meta
Oligodendrocyte;Oligodendrocytes are a type of glial cell in the central nervous system that play a crucial role in myelination. Myelination is the process by which nerve fibers are wrapped with a fatty insulating substance called myelin, allowing for faster transmission of electrical signals along the axons. Oligodendrocytes can extend their processes to multiple neurons simultaneously, wrapping them with layers of myelin. In the human brain and spinal cord, oligodendrocytes account for approximately 20% of glial cells. They are responsible for maintaining and repairing the myelin sheath, ensuring proper neuronal function and communication. Damage or loss of oligodendrocytes can lead to neurological disorders such as multiple sclerosis.;Meta
Sequence alignment;Sequence alignment is a technique used in bioinformatics to compare and analyze the similarity between two or more biological sequences, such as DNA, RNA, or protein sequences. This method involves aligning the sequences in a way that maximizes their similarity, allowing researchers to identify homologous regions, detect mutations, and infer evolutionary relationships between organisms. Sequence alignment algorithms use scoring systems to assign weights to matches, mismatches, and gaps in the aligned sequences, enabling the identification of conserved regions and patterns. The most common applications of sequence alignment include phylogenetic analysis, gene prediction, and structural genomics.;Meta
Carbon nanotube;Carbon nanotubes are cylindrical nanostructures composed entirely of carbon atoms arranged in a hexagonal lattice pattern. They can be thought of as rolled-up sheets of graphene, with unique mechanical and electrical properties due to their tubular structure. The diameter of carbon nanotubes can vary from 0.7 to 100 nanometers, while their length can extend up to several millimeters. Carbon nanotubes exhibit exceptional strength and stiffness, making them promising candidates for advanced materials applications such as composites, sensors, and energy storage devices. Additionally, they have been found to possess remarkable electrical conductivity, both metallic and semiconducting properties depending on their chirality.;Meta
Neutralizing antibody;Neutralizing antibodies are a type of immunoglobulin that binds to specific epitopes on pathogens, such as viruses or bacteria, thereby preventing them from infecting host cells. They play a crucial role in the immune response by blocking the attachment and entry of pathogens into host cells, thereby neutralizing their ability to cause disease. Neutralizing antibodies can also act by binding to and inactivating toxins produced by pathogens. The presence of neutralizing antibodies is often used as an indicator of immunity or protection against specific diseases, such as influenza or HIV. They are typically produced by B lymphocytes in response to antigen exposure.;Meta
Four-wave mixing;Four-wave mixing is a nonlinear optical process in which three input light waves interact to produce a new output wave. This phenomenon occurs in materials with nonlinearity, where the refractive index depends on the intensity of the incident light. When three coherent laser beams are focused into a material, their electric fields interact through the third-order nonlinear susceptibility, generating a fourth beam at a frequency that is the sum or difference of the input frequencies. The resulting wave has a different phase and polarization than the input waves, making it useful for applications such as optical parametric oscillation, ultrafast spectroscopy, and optical communication systems.;Meta
Corrosion;Corrosion is a naturally occurring process in which metals deteriorate due to chemical reactions with their environment. This degradation can occur through electrochemical reactions involving oxygen, moisture, and other substances present on the metal surface. The corrosion rate depends on factors such as temperature, pH level, presence of salts or acids, and exposure to atmospheric conditions. Corrosion can lead to significant economic losses in industries relying on structural integrity, safety, and durability of materials. It affects various metals, including iron, copper, aluminum, and steel, causing damage through the formation of oxides, hydroxides, and other compounds that compromise material strength and performance.;Meta
Penrose process;The Penrose process is a theoretical concept in astrophysics that describes how rotating black holes can extract energy from their surroundings through a process known as frame-dragging. This phenomenon was first proposed by Roger Penrose and Stephen Hawking, who showed that rotating black holes create a gravitational field that drags spacetime around with them as they rotate. As matter falls into the black hole, it becomes tidally stretched and eventually torn apart at the ergosphere, releasing a significant amount of energy in the form of electromagnetic radiation. This process is considered one of the most efficient ways to extract energy from a rotating black hole.;Meta
Phosphorylation;Phosphorylation is a chemical reaction that involves the addition of a phosphate group to a molecule, typically a protein. This process occurs through the action of enzymes called kinases and results in the formation of a phospho-ester bond between the phosphate group and the target molecule. Phosphorylation plays a crucial role in various cellular processes, including signal transduction pathways, gene expression, and protein regulation. It can alter the activity, location, or binding properties of proteins, allowing cells to respond to external stimuli or internal signals. This dynamic process is essential for maintaining cellular homeostasis and is involved in numerous physiological and pathological processes.;Meta
Thrombopoiesis;Thrombopoiesis is the process by which megakaryocytes in the bone marrow produce platelets, a type of blood cell essential for blood clotting and coagulation. The production of thrombopoietin, a glycoprotein hormone, stimulates megakaryocyte growth and differentiation into mature cells that fragment to form platelets. This complex process involves multiple signaling pathways and molecular interactions, including the role of cytokines such as interleukin-6 and erythropoietin. Thrombopoiesis is regulated by a balance between thrombopoietin production and its receptor, Mpl, on megakaryocytes. Abnormalities in thrombopoiesis can lead to bleeding disorders or thrombotic conditions such as idiopathic thrombocytopenic purpura.;Meta
Placebo;The placebo effect is a phenomenon where individuals experience real changes in their health due to their belief that they are receiving treatment, even if they are not actually receiving any active medication. This occurs when the brain responds to a perceived treatment by producing natural chemicals and hormones that can have therapeutic effects. Placebos can take many forms, including inert substances such as sugar pills or saline solutions, and even non-verbal cues like body language or tone of voice. Research has shown that placebos can be effective in treating conditions such as pain, anxiety, and depression, and may be just as effective as actual medication in some cases.;Meta
Brachytherapy;"Brachytherapy is a form of radiotherapy where a sealed radiation source is placed inside or next to the area requiring treatment. This approach delivers high doses of radiation directly to the tumor site while minimizing exposure to surrounding healthy tissues. The term ""brachy"" comes from Greek, meaning ""short"", indicating that the radiation source is in close proximity to the target area. Brachytherapy can be used to treat various cancers, including cervical, prostate, breast, and skin cancers, as well as certain non-cancerous conditions such as thyroid nodules and keloids. Treatment may involve temporary or permanent placement of radioactive material.";Meta
Nuclear receptor;"Nuclear receptors are a family of ligand-activated transcription factors that regulate gene expression in response to changes in cellular environment. They consist of three main domains: the DNA-binding domain, which recognizes specific hormone-responsive elements on target genes; the ligand-binding domain, which binds to endogenous or synthetic ligands; and the hinge region, which connects the two domains. Upon binding to a ligand, nuclear receptors undergo conformational changes that allow them to interact with coactivators or corepressors, altering the recruitment of transcription machinery to specific genes. This regulation is crucial for various physiological processes, including development, metabolism, and homeostasis, as well as in diseases such as cancer and metabolic disorders.";Meta
False discovery rate;The False Discovery Rate is a statistical measure used to quantify the expected proportion of false discoveries among all significant results in a hypothesis test or multiple testing procedure. It was introduced by mathematician John Tukey and developed further by Yehuda Benjamini and David Hochberg in 1995. FDR takes into account the number of tests conducted and the desired level of significance to estimate the probability that at least one false positive result is reported. Unlike the family-wise error rate, which controls the probability of any false positives, FDR aims to balance the trade-off between controlling type I errors and capturing true effects in high-dimensional data spaces.;Meta
Steady state;The steady state is a concept in physics and mathematics that describes a system where the rates of input and output are equal, resulting in no net change over time. In thermodynamics, it is used to describe systems that have reached equilibrium, where the entropy remains constant. The steady-state hypothesis was also applied to cosmology by Fred Hoyle, who proposed that the universe has been in a steady state since its inception, with matter being continuously created to fill the expanding space. This theory was later challenged by the Big Bang theory and is no longer widely accepted as an explanation for the origin of the universe.;Meta
Enzyme kinetics;Enzyme kinetics is the study of the chemical reactions catalyzed by enzymes and the rates at which these reactions occur. It involves measuring the rate of reaction as a function of various parameters such as substrate concentration, enzyme concentration, pH, temperature, and ionic strength. Enzyme kinetic studies typically involve using steady-state analysis to determine the maximum velocity and Michaelis constant of an enzyme-catalyzed reaction, which provide insight into the affinity of the enzyme for its substrate and the efficiency of catalysis. By understanding enzyme kinetics, researchers can design more effective enzymes and optimize their use in various biotechnological applications such as biocatalysis and biosensors.;Meta
Nonsense mutation;A nonsense mutation is a type of point mutation in which a single nucleotide substitution leads to a premature stop codon in the sequence of a protein-coding gene. This results in a truncated and often non-functional protein being produced, as the ribosomes reading the genetic code will encounter a stop signal prematurely. Nonsense mutations can occur spontaneously or be caused by external factors such as exposure to mutagenic agents. They are commonly found in genes involved in human diseases, including certain cancers and inherited disorders like sickle cell anemia.;Meta
Agonist;An agonist is a molecule that binds to a specific site on a receptor, triggering a physiological response in the body. Agonists can be endogenous, produced naturally by the body, or exogenous, introduced through external sources such as medications. When an agonist binds to its corresponding receptor, it can either activate or increase the activity of the receptor, leading to a specific biological effect. This interaction between the agonist and receptor is typically characterized by increased downstream signaling pathways, resulting in various physiological responses including cellular contraction, secretion, or other functions that depend on the receptor type involved. The effects of an agonist are highly specific and reversible upon removal of the molecule from its binding site.;Meta
Biodiversity;"Biodiversity is the variety of different species of plants, animals, and microorganisms that live in a particular region or ecosystem. It also includes genetic diversity within each species, which refers to the variation in genes among individuals. Biodiversity can be measured at three levels: species richness, which is the number of different species present; species evenness, which measures the distribution of individuals among these species; and functional diversity, which examines how species contribute to ecosystem processes. Human activities such as deforestation, overfishing, and pollution have led to significant loss of biodiversity globally, resulting in ecological degradation and reduced resilience of ecosystems.";Meta
Dendrochronology;Dendrochronology is the scientific study of tree rings to establish chronologies for various purposes such as dating archaeological sites and reconstructing past environmental conditions. The technique is based on the principle that trees produce new growth in concentric rings each year, with visible differences between growing seasons. By analyzing these ring patterns, scientists can determine the age of a tree and also infer climate conditions during its lifetime. This method has been widely used to date ancient civilizations, study forest ecosystems, and understand long-term changes in global climates. It is considered one of the most reliable methods for determining the age of organic materials.;Meta
Kalman filter;The Kalman filter is a mathematical algorithm that estimates the state of a system from noisy measurements. It was developed by Rudolf E. Kalman in 1960 and has since become widely used in many fields including navigation, control systems, signal processing, and econometrics. The filter combines prediction and measurement updates to produce an optimal estimate of the system's state. It assumes that the system is linear and that the measurements are corrupted by Gaussian noise. The Kalman gain is a key component of the algorithm, which determines the weight given to new measurements when updating the state estimate. The Kalman filter has been widely used in many applications including GPS navigation and econometric modeling.;Meta
Manifold;In mathematics and physics, a manifold is a topological space that locally resembles Euclidean space near each point. It can be thought of as a generalization of the concept of a curve or surface to higher dimensions. Manifolds are used in differential geometry and topology to study properties of geometric objects such as curves, surfaces, and higher-dimensional spaces. They can also represent abstract algebraic structures like groups and rings. A manifold is typically defined by its atlas, which is a collection of charts that provide a coordinate system for each point on the manifold. This allows us to apply mathematical techniques from Euclidean geometry to manifolds with curved or non-linear properties.;Meta
Epilepsy;Epilepsy is a chronic neurological disorder characterized by recurrent seizures caused by abnormal electrical activity in the brain. Seizures can manifest as convulsions, loss of consciousness, or other symptoms depending on the type and location of the affected brain tissue. The exact cause of epilepsy remains unknown in approximately 70% of cases, although it may be triggered by genetic predisposition, head trauma, infection, tumor, stroke, or other underlying conditions. Treatment options vary depending on seizure frequency and severity, and often include antiepileptic medications, dietary modifications, or surgery to alleviate symptoms. Epilepsy affects an estimated 65 million people worldwide, with children being disproportionately affected.;Meta
Frameshift mutation;A frameshift mutation is a type of genetic mutation that occurs when one or more nucleotides are inserted or deleted from a DNA sequence, resulting in a shift in the reading frame of the genetic code. This can lead to the production of a completely different amino acid sequence, which may be nonfunctional or even toxic to the cell. Frameshift mutations can occur spontaneously due to errors during DNA replication or repair, and they are also caused by certain types of radiation damage or exposure to mutagenic chemicals. The effects of frameshift mutations depend on their location within a gene, with some resulting in severe genetic disorders while others may have little effect on the cell's function.;Meta
Knockout;"Knockout refers to a genetic engineering technique where one or more genes are selectively inactivated or ""knocked out"" using homologous recombination. This process involves making targeted changes to an organism's genome by deleting specific gene sequences, leading to the disruption of gene function. The knockout method has been widely used in research to study gene function and its relationship to disease. By knocking out a particular gene, scientists can observe the consequences on cellular behavior, allowing for the identification of genes involved in various biological processes. This technique has significant implications for understanding genetic disorders and developing targeted therapies.";Meta
Catenane;A catenane is a type of interlocked molecule that consists of two or more polymers connected in a catenary arrangement, where each polymer chain forms a ring around another polymer chain. This unique molecular structure was first synthesized in 1967 by Jean-Pierre Sauvage and his team. Catenanes exhibit fascinating properties such as high thermal stability and resistance to degradation, making them useful for applications in supramolecular chemistry and materials science. The formation of catenanes involves the threading of a ring-shaped molecule through a larger polymer chain, creating a stable covalent bond between the two. This process has been optimized through various chemical methods and is now widely studied and applied in modern chemistry research.;Meta
Cosmic ray;Cosmic rays are high-energy particles originating from outside the solar system, comprising mostly protons and atomic nuclei that interact with Earth's atmosphere. These particles can be produced by supernovae explosions, active galactic nuclei, and other astrophysical sources. Upon entering the atmosphere, cosmic rays collide with air molecules, producing secondary particles such as muons and neutrinos. These interactions also lead to the production of atmospheric radiation, which increases at high altitudes and latitudes. Scientists use detectors on Earth's surface and in space to study the properties of cosmic rays, including their energy spectrum, composition, and anisotropy.;Meta
Bateman equation;The Bateman equation is a mathematical model used in various fields to describe the decay of unstable nuclei through radioactive disintegration. Developed by British physicist Ernest Rutherford's student Harry Bateman in 1911, it relates the amount of radioactive substance remaining after a certain period to its initial quantity and half-life. The equation accounts for the progressive decrease in radioactive activity as more and more unstable nuclei transform into stable ones. It is applied in various areas, including nuclear physics, geology, environmental science, and medicine to analyze and predict decay rates of radioactive substances and calculate their residual activity over time.;Meta
Commensalism;Commensalism is a type of symbiotic relationship in which one species benefits while the other species is neither benefited nor harmed. In this interaction, the species that benefits is called the commensal and the other species is called the host. The host provides food, shelter, or other resources to the commensal without being affected itself. Examples of commensalism include the remora fish, which attaches to sharks to feed on their leftover food, and the oxpecker bird, which feeds on ticks and other parasites from the backs of large mammals. Commensalism is often seen in ecological communities where there are opportunities for one species to benefit from another's activities or resources without any cost to itself.;Meta
Orbital mechanics;Orbital mechanics is the study of the motion of celestial bodies, such as planets, moons, asteroids, comets, and artificial satellites, under the influence of gravity. It involves the application of mathematical models to describe the trajectories of these objects in space, including their positions, velocities, and accelerations. The main focus of orbital mechanics is on understanding the gravitational interactions between celestial bodies and how they affect the motion of objects within a given system. Kepler's laws and Newton's law of universal gravitation are fundamental principles used in orbital mechanics to analyze and predict the behavior of celestial bodies over time.;Meta
Transfer function;A transfer function is a mathematical representation of the relationship between input and output signals in a system, typically described by differential equations. It provides a concise way to express the dynamics of a system's response to external inputs, enabling analysis and prediction of its behavior. Transfer functions can be used to model electrical circuits, mechanical systems, control systems, and other complex dynamical systems. They are expressed as a ratio of output signal magnitude to input signal magnitude, often represented by the Laplace transform variable s. This representation allows for simplified analysis and manipulation of system dynamics using algebraic techniques.;Meta
Information retrieval;Information retrieval is a subfield of computer science that deals with the storage, organization, and retrieval of large amounts of digital data. It involves developing algorithms and techniques to efficiently locate specific pieces of information within a database or search index. The field combines aspects of natural language processing, artificial intelligence, and human-computer interaction to enable users to effectively retrieve relevant information from vast amounts of unstructured text, images, and other multimedia content. Key concepts in information retrieval include indexing, querying, relevance ranking, and information extraction, which are essential for tasks such as web search engines, document management systems, and data mining applications.;Meta
Vaccine;Vaccines are biological preparations that provide active acquired immunity to specific infectious diseases. They typically contain inactivated or weakened forms of a pathogen, such as bacteria or virus, which stimulate the body's immune system to produce antibodies and develop memory cells without causing the disease itself. The vaccine then induces long-term protection against future infections by providing a blueprint for the immune system to recognize and attack pathogens. Vaccination is a key component of public health efforts worldwide, helping to prevent outbreaks of infectious diseases and saving millions of lives annually. Effective vaccines are developed through rigorous research and testing before being licensed for use in humans.;Meta
Crystal structure;Crystal structure refers to the three-dimensional arrangement of atoms within a crystal lattice. It is a fundamental concept in materials science and solid-state physics, describing how atoms, ions, or molecules are spatially arranged to form a periodic pattern that extends throughout the crystal. The crystal structure is determined by the symmetry and bonding properties of the constituent particles, resulting in repeating units known as unit cells. Different crystal structures can exhibit distinct physical properties, such as thermal conductivity, electrical conductivity, and mechanical strength, making them relevant to various technological applications, including electronics and ceramics.;Meta
Zone of polarizing activity;The zone of polarizing activity is a concept in developmental biology that refers to the region of the cell where microtubules assemble and disassemble during cellular differentiation. This process is crucial for morphogenesis, as it allows cells to change their shape and position within an organism. The zone of polarizing activity is characterized by a high concentration of microtubule nucleation sites, which are triggered by signaling pathways that regulate the activity of microtubule-associated proteins. As cells undergo differentiation, this region migrates along the cell surface, influencing the growth and organization of cellular structures such as cilia, flagella, and axons.;Meta
Quantum phase transition;A quantum phase transition is a sudden change in the properties of a material when its temperature approaches absolute zero, often exhibiting emergent behavior at finite temperatures due to quantum fluctuations. It occurs when a system's ground state changes from one phase to another as a function of an external parameter, such as magnetic field or pressure. In some materials, this transition is marked by a divergence in the system's susceptibility, signaling a dramatic change in its physical properties. Quantum phase transitions are often found at absolute zero but can also be observed at finite temperatures due to quantum fluctuations, which break the symmetry of the ground state.;Meta
Pharmacokinetics;"Pharmacokinetics is the study of how a drug is absorbed, distributed, metabolized, and excreted in the body over time. It is a crucial aspect of pharmacology, as it helps to understand the behavior of drugs within an individual. The process involves three main phases: absorption, which occurs when the drug enters the bloodstream; distribution, where the drug is transported throughout the body; and elimination, which involves the breakdown or excretion of the drug. Pharmacokinetics also takes into account factors such as dosing frequency, route of administration, and individual variability in metabolism and response to drugs. Understanding pharmacokinetics allows for the optimization of drug therapy and personalized treatment approaches.";Meta
Virus;A virus is a submicroscopic infectious particle consisting of genetic material either DNA or RNA surrounded by a protein coat known as a capsid. Viruses are not considered to be living cells because they cannot reproduce on their own and require a host cell for replication. The virus attaches to the host cell membrane, injects its genetic material into the cell, and hijacks the cellular machinery to produce more viral particles. Depending on the type of virus, it can cause various diseases in humans, ranging from mild flu-like symptoms to severe illnesses such as Ebola or HIV/AIDS. Some viruses have beneficial effects, including the common cold virus that stimulates the immune system.;Meta
Kinematics;Kinematics is the branch of classical mechanics that deals with the description of motion without considering the forces that cause it. It focuses on the geometric and kinematic properties of objects in motion, such as position, velocity, acceleration, and time. Kinematics provides a mathematical framework for describing the motion of particles and rigid bodies, including translations, rotations, and combinations thereof. The study of kinematics involves determining the trajectories of objects, velocities, and accelerations, which is essential for understanding various phenomena in physics, engineering, and other fields. Mathematical tools such as vector calculus and differential equations are used to describe complex motions.;Meta
Oxidative phosphorylation;Oxidative phosphorylation is a cellular process that generates energy in the form of ATP through the transfer of electrons from high-energy molecules to oxygen. This process occurs in the mitochondria and involves the electron transport chain and chemiosmosis, which drives the creation of a proton gradient across the inner mitochondrial membrane. The flow of protons back across this membrane powers the production of ATP through the enzyme ATP synthase. Oxidative phosphorylation is essential for cellular respiration and energy production in eukaryotic cells, accounting for approximately 90% of their ATP generation. It plays a crucial role in maintaining cellular homeostasis and is closely linked to metabolism, energy storage, and various physiological processes.;Meta
Virtual memory;Virtual memory is a memory management technique that enables a computer to use more memory than it has physically installed by temporarily transferring pages from random access memory to disk storage in a process known as swapping. When the operating system determines that physical RAM is full, it allocates a portion of the hard drive or solid-state drive to act as additional memory. This virtual memory allows programs to run even if there's not enough RAM available, but at the cost of slower performance due to disk access times. The virtual memory area is managed by the operating system and can be configured to use more or less disk space based on system requirements.;Meta
Interspecific competition;Interspecific competition refers to the interaction between two or more different species competing for a common resource such as food, water, light, or space. This type of competition can occur in various ecosystems including terrestrial, freshwater, and marine environments. The intensity of interspecific competition is influenced by factors such as population size, density, and distribution of the competing species, as well as environmental conditions like temperature, pH, and salinity. Interspecific competition can result in reduced fitness or even extinction of one or both species involved due to limited access to essential resources. This phenomenon is an important aspect of ecological interactions and plays a key role in shaping community composition and ecosystem functioning.;Meta
Convergent evolution;Convergent evolution is the process by which organisms not closely related independently evolve similar traits as a result of having to adapt to similar environments or ecological niches. This phenomenon highlights the distinct pathways that can lead to analogous solutions in the face of similar selective pressures. Convergent evolution has been observed in various groups, including vertebrate eyes, whale and dolphin flippers, and kangaroo and wallaby hind limbs. In each case, separate evolutionary lineages have developed analogous structures to optimize their ability to interact with their environment. The result is a striking illustration of the power of natural selection to shape convergent evolution.;Meta
Protostar;A protostar is the early stage of a star's formation, occurring after its parent molecular cloud collapses under gravity. At this point, the object has begun to spin faster and faster, causing it to flatten into a disk shape, with the majority of its mass concentrated at its center. As gas and dust continue to accrete onto the protostar, temperatures rise, and nuclear fusion begins in its core. This marks the transition from a protostar to a main-sequence star, which will sustain nuclear fusion for billions of years. The process of forming a protostar is influenced by various factors, including the amount of surrounding gas and dust and the presence of nearby stars.;Meta
Blastocyst;The blastocyst is an early stage of embryonic development that occurs approximately five to six days after fertilization in humans and other mammals. At this stage, the embryo consists of two main cell populations: the trophectoderm and the inner cell mass. The trophectoderm develops into the placenta, while the inner cell mass gives rise to the fetus itself. The blastocyst is characterized by a fluid-filled cavity, known as the blastocoel, which separates the trophectoderm from the inner cell mass. This stage of development is critical for the implantation of the embryo in the uterus and the initiation of embryonic patterning and morphogenesis.;Meta
Bravais lattice;The Bravais lattice is a mathematical concept used to describe the arrangement of atoms in crystalline solids. It is named after Auguste Bravais, who introduced it in 1848. A Bravais lattice is a set of points in space that are repeated at regular intervals to form a crystal structure. The lattice can be described by its unit cell, which is the smallest repeating pattern of points. There are 14 unique types of Bravais lattices, each corresponding to a distinct arrangement of atoms within the crystal. The concept of Bravais lattice is crucial in understanding the properties and behavior of crystalline materials. It is widely used in physics, chemistry, and materials science to analyze crystal structures and their related phenomena.;Meta
Western blot;The Western blot, also known as immunoblotting or protein blotting, is a laboratory technique used to detect and analyze proteins in a sample. It involves separating proteins by size using gel electrophoresis, transferring them to a membrane, and then detecting specific proteins with antibodies that are linked to enzymes or fluorescent markers. The resulting data can provide information about the presence, abundance, and molecular weight of specific proteins in the sample. Western blot is widely used in research and diagnostics for applications such as disease diagnosis, protein function studies, and biomarker identification. It offers high sensitivity and specificity, making it a valuable tool in molecular biology research.;Meta
Hox gene;The Hox gene is a class of genes responsible for determining the body plan and segmental identity of an organism during embryonic development. These genes are expressed in a hierarchical manner, with each member of the complex controlling the development of specific parts of the embryo, such as limbs, vertebrae, or sensory organs. The Hox gene cluster is highly conserved across different species, suggesting that it plays a crucial role in the evolution of body form and organization. Mutations in Hox genes can lead to developmental abnormalities and are associated with various human diseases, including cancer and congenital disorders.;Meta
Smart contract;A smart contract is a self-executing program that automates the enforcement of contractual agreements on a blockchain network. It combines computer code and digital currency to facilitate, verify, and enforce the negotiation or execution of a specific contract or agreement. Smart contracts allow for decentralized governance and enable multiple parties to conduct transactions without intermediaries such as lawyers or banks. They are typically written in programming languages like Solidity or Vyper and executed on Ethereum Virtual Machine. Smart contracts have various applications, including supply chain management, voting systems, and digital identity verification.;Meta
Compton scattering;Compton scattering is the scattering of a photon by a free charged particle, usually an electron. It results in a transfer of some of the energy from the incident photon to the electron, causing it to recoil. The scattered photon has a longer wavelength and lower frequency than the incident photon, while the electron gains kinetic energy. This phenomenon was first described by Arthur Compton in 1923 and is a fundamental process in understanding the interactions between matter and radiation. It is commonly observed in high-energy particle accelerators and astrophysical phenomena. The Compton scattering cross-section depends on the scattering angle and the wavelength of the incident photon.;Meta
Gram stain;The Gram stain is a widely used method for identifying bacteria based on their cell wall composition. Discovered by Hans Christian Gram in 1884, it categorizes microorganisms into two groups: gram-positive and gram-negative. The procedure involves staining bacterial cells with a series of dyes, with crystal violet being the primary stain that binds to peptidoglycan layers in cell walls. Subsequent rinsing and counterstaining steps reveal distinct colors for each group, allowing researchers to identify specific bacteria. Gram-positive bacteria retain the purple stain due to their thick peptidoglycan layer, while gram-negative bacteria appear pink or red following decolorization with ethanol or acetone.;Meta
Set theory;Set theory is a branch of mathematics that deals with the study of sets, which are collections of unique objects called elements or members. A set can be defined by listing its elements between curly brackets, and it must contain no duplicates. The union of two sets combines all elements from both sets, while the intersection contains only common elements. Set theory also involves the concept of power sets, which consist of all possible subsets of a given set. Additionally, set operations such as difference and symmetric difference are used to compare and manipulate sets, providing a foundational framework for mathematics and computer science.;Meta
Resting potential;Resting potential is the difference in electrical charge between the inside and outside of a cell, particularly neurons, when they are not transmitting signals. This electrochemical gradient is maintained by the selective permeability of the cell membrane, which allows certain ions to pass through while keeping others out. Sodium ions tend to rush into the cell, but potassium ions flow out due to their concentration gradients. The resting potential is typically around -70 millivolts for neurons and serves as a critical component in the generation of action potentials, allowing cells to transmit signals.;Meta
Fatigue;Fatigue is a complex physiological and psychological phenomenon characterized by decreased physical and mental performance due to prolonged activity, sleep deprivation, stress, or other factors. It involves alterations in the body's homeostatic mechanisms, leading to impaired cognitive function, decreased motor skills, and increased susceptibility to injury. The scientific study of fatigue encompasses various disciplines, including physiology, psychology, neuroscience, and ergonomics. Researchers have identified multiple pathways contributing to fatigue, including changes in neurotransmitter levels, hormonal imbalances, inflammation, and disruptions in sleep-wake cycles. Understanding the mechanisms underlying fatigue is essential for developing strategies to prevent and mitigate its effects in occupational, recreational, and clinical settings.;Meta
Systems biology;Systems biology is an interdisciplinary field that combines mathematical and computational modeling with experimental techniques to study complex biological systems at multiple scales. It seeks to understand how various components interact and influence each other within a system. Researchers use high-throughput data from omics technologies, such as genomics and proteomics, to develop predictive models of cellular behavior. These models can simulate the dynamic interactions between genes, proteins, and environmental factors to better understand biological processes and diseases. Systems biology has applications in fields like personalized medicine, synthetic biology, and biotechnology. Its methodologies have improved our understanding of complex biological phenomena and enabled the development of new therapeutic strategies.;Meta
Drug delivery;Drug delivery refers to the process by which pharmaceuticals are transported to their site of action within a patient's body. It involves understanding how drugs interact with biological systems and designing formulations that facilitate optimal absorption, distribution, metabolism, and excretion. Various drug delivery systems have been developed to improve bioavailability, reduce side effects, and enhance therapeutic efficacy. These include oral dosage forms such as tablets and capsules, parenteral administration via injections or implants, topical applications like creams and patches, and transdermal or transmucosal delivery methods. The field of drug delivery is an interdisciplinary area that draws on chemistry, pharmacology, materials science, and engineering to develop innovative solutions for drug delivery.;Meta
Aerodynamics;Aerodynamics is the branch of physics that deals with the study of air in motion, particularly as it relates to the interaction between a solid object and the surrounding air. The study of aerodynamics is essential for designing and optimizing aircraft, wind turbines, and other vehicles that rely on airflow to function. It involves understanding the behavior of fluids, including air, under various conditions such as pressure, temperature, and velocity. Aerodynamic forces include lift, drag, and thrust, which are crucial in determining an object's stability, maneuverability, and overall performance. The field relies heavily on mathematical modeling, computational simulations, and experimental testing to predict and analyze aerodynamic behavior.;Meta
Weyl semimetal;A Weyl semimetal is a novel state of matter that exhibits topological properties and Fermi-arc surface states in its electronic structure. This phenomenon occurs when the bulk energy bands of a material touch at discrete points, known as Weyl nodes, which are separated by an energy gap. The Weyl nodes act as sources and sinks for the Berry curvature, leading to unusual transport properties, such as negative magnetoresistance and anomalous Hall effect. Theoretical predictions suggest that certain materials, like TaAs and NbP, can exhibit Weyl semimetal behavior due to their non-trivial band topology and symmetry protection.;Meta
Sigma bond;A sigma bond is a type of covalent chemical bond that occurs when two atomic orbitals overlap end-to-end along a straight line. This results in the formation of a molecular orbital with a cylindrical shape around the bond axis, and a nodal plane perpendicular to this axis. Sigma bonds are formed through the head-on overlap of atomic orbitals, typically between s-orbitals or p-orbitals. The orientation of sigma bonds is determined by the geometry of the molecule, resulting in either linear, trigonal planar, or tetrahedral shapes, depending on the number of bonded atoms. Sigma bonds are a fundamental concept in organic chemistry and are essential for understanding molecular structure and bonding.;Meta
Progesterone;Progesterone is a steroid hormone that plays a crucial role in female reproductive physiology. It is produced by the ovaries and placenta during pregnancy, with peak levels occurring around 28 weeks gestation. Progesterone prepares the uterus for implantation by maintaining its lining and regulating the menstrual cycle. In females of childbearing age, progesterone promotes the growth and differentiation of endometrial cells, enabling embryonic implantation. It also maintains pregnancy by suppressing uterine contractions and preventing premature birth. Abnormal levels of progesterone have been linked to various conditions, including polycystic ovary syndrome, premenstrual dysphoric disorder, and endometrial cancer.;Meta
Deamination;Deamination is a chemical reaction in which an amino group is removed from an organic compound. This process often occurs in biological systems where it can be facilitated by enzymes such as deaminases. Deamination reactions are commonly observed in the catabolism of amino acids, where they are broken down into ketoacids and ammonia. The removal of the amino group results in a change to the molecule's chemical properties and potential function. Deamination is an important process for the regulation of amino acid levels in cells and can also contribute to the development of certain diseases, such as uremia.;Meta
Embodied cognition;Embodied cognition is a theoretical framework that posits that the mind is not solely located in the brain but is distributed throughout the body and influenced by sensory-motor experiences. This perspective challenges traditional views of cognitive processes as purely internal, instead emphasizing the role of bodily interactions with the environment in shaping thought and perception. Research in embodied cognition has shown that motor activities, such as gesture and movement, can influence cognitive processes like memory and problem-solving, while also affecting emotions and social behavior. The theory draws on insights from psychology, neuroscience, anthropology, and philosophy to understand how the body shapes our mental lives.;Meta
Mode locking;Mode locking is a phenomenon that occurs in optical systems where two or more modes with different frequencies become synchronized, resulting in a coherent pulse train at the output. This synchronization is achieved by introducing a feedback mechanism that adjusts the cavity length to compensate for changes in the mode frequencies. Mode locking allows for the generation of ultrashort pulses, typically in the picosecond or femtosecond range, which have numerous applications in fields such as spectroscopy, metrology, and material processing. The technique relies on the interaction between the modes and the cavity's resonant frequency to achieve synchronization, enabling precise control over the output pulse characteristics.;Meta
Autophagy;Autophagy is a cellular process by which cells recycle their components to maintain homeostasis and promote survival during stress conditions such as nutrient deprivation, infection, and aging. It involves the formation of double-membraned vesicles called autophagosomes that engulf damaged or dysfunctional organelles and proteins, which are then degraded in lysosomes. This self-digestive process is essential for maintaining cellular health by eliminating misfolded proteins, recycling nutrients, and regulating cellular energy metabolism. Autophagy also plays a critical role in modulating immune responses, eliminating pathogens, and protecting against neurodegenerative diseases such as Alzheimer's and Parkinson's. Dysregulation of autophagy has been implicated in various human diseases, including cancer, metabolic disorders, and neurodegenerative conditions.;Meta
Mechanobiology;"Mechanobiology is an interdisciplinary field that studies the interactions between mechanical forces and biological systems to understand their effects on cellular behavior, tissue development, and organ function. The term ""mechanobiology"" was coined in 2003 by Donald Inglis, a biologist at the University of Massachusetts Amherst. Mechanical forces play a crucial role in many physiological processes, including wound healing, bone growth, cell migration, and embryonic development. Mechanobiologists use a range of techniques, including atomic force microscopy, micropipette aspiration, and computational modeling, to quantify and analyze mechanical forces at the cellular and tissue levels. Their research has led to a greater understanding of how mechanical forces influence cellular behavior and has potential applications in regenerative medicine, tissue engineering, and biomaterials development.";Meta
Nanoparticle;Nanoparticles are tiny particles with dimensions measured in nanometers, typically ranging from 1 to 100 nm. They can be composed of a wide range of materials, including metals, semiconductors, and polymers. The unique properties of nanoparticles arise from their small size, which allows for increased surface area and reactivity. This has led to their use in various applications, such as drug delivery, imaging agents, and catalysts. Nanoparticles can be synthesized through various methods, including chemical synthesis, physical synthesis, and biological synthesis. Their properties and behavior are governed by the laws of quantum mechanics and thermodynamics, making them a subject of intense scientific study and research.;Meta
Brillouin zone;The Brillouin zone is a fundamental concept in solid-state physics that describes the reciprocal space associated with a crystal lattice. Introduced by Leon Brillouin in 1930, it is used to calculate electronic band structures and optical properties of crystalline materials. The Brillouin zone is defined as the Wigner-Seitz cell of the reciprocal lattice, which represents the first Brillouin zone. This concept enables the calculation of electron dispersion relations, Fermi surfaces, and phonon frequencies within a crystal. Understanding the Brillouin zone is essential for studying electronic properties, thermoelectric behavior, and optical responses in materials science and condensed matter physics. It has far-reaching implications for the design of new materials with tailored electronic and optical properties.;Meta
Cepheid variable;A Cepheid variable is a type of star that exhibits periodic changes in brightness due to pulsations in its atmosphere. These variations occur as a result of the star's own gravity causing it to expand and contract, which leads to oscillations in its surface temperature and luminosity. The period-luminosity relationship of Cepheids, discovered by Henrietta Leavitt, allows astronomers to determine their intrinsic brightness and distance from Earth. Cepheid variables are used as standard candles in astronomy, allowing for precise measurement of vast distances within the universe. Their periodic variability also makes them useful tools for studying stellar evolution and properties.;Meta
Qubit;A qubit, short for quantum bit, is a fundamental unit of quantum information in quantum computing and quantum communication. Unlike classical bits, which can have only two distinct values, a qubit can exist in multiple states simultaneously due to the principles of superposition and entanglement. This unique property allows qubits to process vast amounts of information in parallel, making them potentially much faster than classical computers for certain tasks. Qubits are typically constructed from quantum-mechanical systems such as atoms, photons, or electrons and can be manipulated using techniques like quantum gates and control pulses.;Meta
Dendritic cell;Dendritic cells are antigen-presenting cells that play a crucial role in the adaptive immune system. They are named for their distinctive branching shape and are found in various tissues throughout the body, including skin, lungs, and lymphoid organs. Dendritic cells capture and process antigens from pathogens or foreign substances, then present them to T-cells via major histocompatibility complex molecules. This presentation stimulates an immune response, enabling T-cells to recognize and respond to specific threats. Dendritic cells can also induce tolerance by interacting with regulatory T-cells, regulating the immune system's response to self-antigens. They are essential for initiating and maintaining immunity against infections and diseases.;Meta
Riemann hypothesis;The Riemann Hypothesis is a mathematical conjecture proposed by Bernhard Riemann in 1859 that states all non-trivial zeros of the Riemann zeta function lie on a vertical line in the complex plane. This hypothesis has far-reaching implications for number theory, including the distribution of prime numbers and the properties of arithmetic functions. It has been extensively studied and confirmed for a vast number of cases, but a formal proof or counterexample remains elusive. The solution to the Riemann Hypothesis is considered one of the most important unsolved problems in mathematics, with significant implications for cryptography, coding theory, and computer science.;Meta
Protein engineering;Protein engineering is a field of molecular biology that involves the design, construction, and modification of proteins to achieve specific functions or properties. This is achieved through various techniques such as genetic engineering, site-directed mutagenesis, and protein folding prediction. By altering the amino acid sequence or structure of a protein, researchers can enhance its stability, activity, and specificity, allowing for the creation of novel enzymes, antibodies, and other therapeutic proteins. Protein engineering has numerous applications in biotechnology, medicine, and agriculture, including the development of biofuels, diagnostic tools, and targeted therapies. The field combines knowledge from biochemistry, genetics, and computer science to create new biological pathways and functions.;Meta
Renin;Renin is an enzyme produced by the kidneys that plays a crucial role in the regulation of blood pressure and electrolyte balance. It is released when blood pressure drops, triggering a cascade of reactions known as the renin-angiotensin-aldosterone system. Renin acts on angiotensinogen to produce angiotensin I, which is then converted into angiotensin II by angiotensin-converting enzyme. Angiotensin II causes vasoconstriction and stimulates the release of aldosterone, leading to increased sodium retention and water absorption. The resulting increase in blood volume and pressure helps to counteract hypotension. Dysregulation of renin can lead to conditions such as hypertension and kidney disease.;Meta
Indel;An indel is a type of genetic variation that results from the insertion or deletion of one or more nucleotides in a DNA sequence. This mutation can occur spontaneously during DNA replication and repair processes, or it may be caused by external factors such as errors introduced by polymerases during PCR amplification. Indels can range from single nucleotide insertions or deletions to large-scale genomic rearrangements involving multiple genes. They are often used in phylogenetic analysis as markers of evolutionary relationships among different species and populations, allowing researchers to reconstruct the history of their divergence and adaptation.;Meta
Genotype;Genotype refers to the complete set of genes present in an individual's DNA at a specific point in time. It is often contrasted with phenotype, which describes the physical and behavioral traits resulting from the interaction between genotype and environmental factors. The genotype can be either homozygous or heterozygous for a particular gene, depending on whether it has two identical copies of the gene or one copy of each allele type. Genetic variations in genotype can influence susceptibility to disease, response to environmental stimuli, and overall health. Understanding an individual's genotype is crucial in genetics and genomics for predicting traits, diagnosing genetic disorders, and developing personalized medicine approaches.;Meta
Photosynthesis;Photosynthesis is the process by which plants, algae, and some bacteria convert light energy from the sun into chemical energy in the form of glucose, a type of sugar. This complex biochemical reaction occurs in specialized organelles called chloroplasts, where pigments such as chlorophyll absorb light energy and transfer it to molecules that drive the conversion of carbon dioxide and water into glucose and oxygen. The overall equation for photosynthesis is 6 CO2 + 6 H2O + light energy → C6H12O6 + 6 O2. This process supports life on Earth by producing organic compounds used as energy and building blocks for growth, while also releasing oxygen into the atmosphere.;Meta
Aromaticity;Aromaticity is a fundamental concept in organic chemistry that describes a type of unsaturated ring-shaped molecule with unique electronic properties. It was first described by August Kekulé in 1865 and is characterized by a planar, cyclic arrangement of atoms that exhibits delocalized π-electron density. This results in an unusually stable molecule due to the equalization of atomic charges within the ring system. Aromatic compounds are typically benzene derivatives or exhibit similar structural features such as a ring with six alternating double bonds. The stability and reactivity of aromatic molecules arise from their electronic structure, which allows for efficient delocalization of electrons.;Meta
Operating system;An operating system is a software that manages computer hardware and provides services to software programs, known as applications. It acts as an intermediary between the user and computer hardware, controlling access to resources such as memory, input/output devices, and file systems. The primary functions of an operating system include process management, memory management, file system management, and security. Operating systems can be categorized into two main types: monolithic and microkernel-based, with examples including Windows, macOS, Linux, and Android. They also support multitasking, allowing multiple programs to run concurrently, and provide a user interface for interacting with the computer.;Meta
Carbohydrate metabolism;Carbohydrate metabolism is the process by which carbohydrates are broken down into simpler sugars, absorbed, and utilized for energy in cells. It involves a series of chemical reactions that take place within cells to convert glucose from ingested foods into ATP, the primary source of energy for cellular functions. The main stages include glycolysis, pyruvate oxidation, the citric acid cycle, and oxidative phosphorylation, which ultimately result in the production of ATP. This process is tightly regulated by hormones such as insulin and glucagon to maintain blood glucose levels within a narrow range. Carbohydrate metabolism is essential for maintaining cellular homeostasis and overall metabolic health.;Meta
Memory B cell;Memory B cells are a type of long-lived B lymphocyte that provides adaptive immunity against specific pathogens by rapidly producing antibodies upon subsequent infections. They arise from activated B cells after an initial encounter with an antigen and are characterized by their ability to proliferate in response to antigens they have previously encountered. Memory B cells can differentiate into plasma cells, which produce large quantities of antibodies, or remain as long-lived memory cells that can provide immunity for extended periods. This function is essential for long-term protection against infections and diseases such as malaria and influenza.;Meta
Keratin;Keratin is a type of structural protein found in the skin, hair, and nails of humans and animals. It is composed of long chains of amino acids, specifically cysteine and glycine, which give it a unique helical structure. This structure provides keratin with its strength, rigidity, and elasticity, allowing it to form tough, flexible fibers that can withstand mechanical stress. Keratin is produced by cells called keratinocytes in the outer layer of the skin, where it helps to protect against water loss and abrasion. In hair and nails, keratin forms a hard, compact structure that provides rigidity and support.;Meta
DNA replication;DNA replication is the process by which a cell makes an exact copy of its DNA before cell division. This process involves unwinding the double helix structure of the DNA molecule and synthesizing two identical complementary strands from the template strands. The replication process begins with the binding of proteins called helicases to specific regions on the DNA, known as origins of replication, where the DNA is unwound by an enzyme called a helicase. Unwinding creates a replication fork, allowing synthesis of new DNA strands from the template strands by enzymes called primases and polymerases. The process results in two identical copies of the original DNA molecule.;Meta
Holocene;The Holocene is a geological epoch spanning from approximately 11,700 years ago to the present day. It follows the Pleistocene glacial period and marks the end of the last Ice Age. The onset of the Holocene was characterized by a rapid warming of the Earth's climate, resulting in the melting of ice sheets and glaciers. This event led to significant changes in global sea levels, vegetation patterns, and human migration. The Holocene epoch is often divided into distinct periods based on various environmental and climatic indicators, including variations in oxygen isotopes and temperature records from tree rings and sediment cores.;Meta
Recurrent neural network;A Recurrent Neural Network is a type of artificial neural network well-suited for modeling complex temporal sequences such as speech, text, and time series data. RNNs have feedback connections that allow them to maintain an internal state over several time steps. This enables them to capture long-term dependencies in sequential data by leveraging their ability to remember past inputs. The internal state is updated at each time step, allowing the network to learn from both current and previous inputs. Training RNNs often requires specialized algorithms due to the difficulty of backpropagation through time. They are widely used in applications such as natural language processing, speech recognition, and autonomous systems.;Meta
Seroconversion;Seroconversion refers to the process by which the body develops antibodies against a particular antigen, resulting in a measurable level of circulating antibody. This occurs when the immune system is exposed to a pathogen or vaccine for the first time and mounts an immune response. Seroconversion can be used as a marker of infection or vaccination status, with levels of antibody typically increasing over several weeks following initial exposure. In the context of infectious diseases, seroconversion can indicate that the individual has developed immunity against the pathogen, although the level of protection may vary depending on factors such as age and underlying health conditions.;Meta
Integer programming;Integer programming is a branch of optimization that deals with problems where some or all of the variables are restricted to be integers. This constraint distinguishes integer programming from linear and nonlinear programming, which allow for continuous variables. Integer programs can be solved using various techniques, including branch-and-bound, cutting plane methods, and decomposition algorithms. The goal of an integer program is often to find a feasible solution that satisfies all constraints, as well as to determine the optimal objective value within some desired level of accuracy. Practical applications include scheduling, resource allocation, and network optimization problems in fields such as logistics, finance, and engineering.;Meta
Paleoclimatology;Paleoclimatology is the study of past climates on Earth using natural archives such as ice cores, tree rings, sediment cores, and cave deposits. This field seeks to reconstruct ancient climate conditions by analyzing physical properties and chemical composition of these natural records. Paleoclimatologists use various techniques like radiometric dating, stable isotopes analysis, and pollen analysis to determine past temperature, precipitation, and atmospheric circulation patterns. The information obtained from paleoclimatic studies helps scientists understand long-term climate variability, which is essential for predicting future climate change scenarios and improving our understanding of the Earth's climate system. Paleoclimatology also provides insights into natural climate forcing mechanisms like volcanic eruptions and orbital variations.;Meta
Apex predator;Apex predators are organisms that possess no natural enemies within their environment and occupy the highest trophic level in a food chain. These predators play a crucial role in maintaining ecosystem balance through predation pressure, which regulates prey populations and maintains community structure. Apex predators often have adaptations such as powerful physical attributes, specialized hunting techniques, and intelligence to ensure their dominance over other species. Examples of apex predators include lions, polar bears, great white sharks, and killer whales. Their presence or absence can significantly impact ecosystem function and biodiversity.;Meta
Pipeline;A pipeline is a network of pressurized pipes used for the transportation of fluids, gases, or slurries over long distances. In engineering, pipelines are designed to withstand various environmental conditions such as temperature fluctuations, corrosion, and erosion. The choice of materials, diameter, and thickness of the pipe depends on the specific application, fluid properties, and flow rates. Pipelines can be used for a variety of purposes including oil and gas transportation, water supply systems, and wastewater management. They are often constructed with multiple layers to prevent leakage and ensure safe operation. Pipeline engineering involves complex calculations and modeling to ensure efficient and reliable transportation of fluids.;Meta
Heat exchanger;A heat exchanger is a device designed to efficiently transfer thermal energy from one medium to another, often used in various industrial processes such as refrigeration, air conditioning, and power generation. Heat exchangers can be classified into two main categories: direct-contact and indirect-contact types. Direct-contact devices involve the mixing of hot and cold fluids, while indirect-contact designs rely on a solid wall or surface to separate the fluids. The efficiency of heat exchange depends on factors such as fluid flow rates, heat transfer coefficients, and the design of the exchanger itself. Various types of heat exchangers exist, including shell-and-tube, plate, and finned coil configurations.;Meta
Protoplanetary disk;A protoplanetary disk is a rotating disk of gas and dust that surrounds newly formed stars in the early stages of star formation. It is composed of leftover material from the collapse of a giant molecular cloud, which has not yet been incorporated into the star itself. As the disk evolves, it can fragment to form smaller bodies called planetesimals, which eventually grow into planets through accretion and collision. The protoplanetary disk plays a crucial role in planetary formation and is a key area of study in the field of astrophysics, providing insights into the origins of our solar system and others like it.;Meta
NP-completeness;NP-completeness is a fundamental concept in computational complexity theory that deals with the classification of computational problems according to their inherent difficulty. A problem is considered NP-complete if it satisfies two main criteria: it belongs to the class NP and it is NP-hard, meaning that every other problem in NP can be reduced to it in polynomial time. The study of NP-completeness helps determine whether a given problem has an efficient solution or not, by showing its inherent difficulty. This classification has significant implications for computer science and cryptography, as it provides a framework for understanding the limits of efficient computation.;Meta
Supramolecular chemistry;Supramolecular chemistry is a field of chemical research that focuses on the study of molecular assemblies held together by non-covalent interactions, such as hydrogen bonding, π-π stacking, and hydrophobic effects. These non-covalent forces allow molecules to associate and dissociate reversibly, forming dynamic complexes with specific binding properties. Supramolecular chemistry explores the design and synthesis of these complex systems, which have applications in areas like catalysis, molecular recognition, and drug delivery. Researchers in this field aim to understand the principles governing self-assembly processes and develop new supramolecular architectures with tailored functions and properties.;Meta
Therapeutic index;The Therapeutic Index is a quantitative measure used to express the relative safety of a drug by comparing its toxic dose to its therapeutic dose in humans. It is calculated as the ratio of the dose that produces toxicity to the dose required for efficacy. A higher therapeutic index indicates greater margin of safety, whereas a lower index suggests narrower margins between therapeutic and toxic doses. The Therapeutic Index is expressed as a numerical value, with larger values indicating safer drugs. It is widely used in pharmacology and clinical research to evaluate the risk-benefit profile of new medications.;Meta
Liposome;Liposomes are small vesicles composed of a lipid bilayer, typically consisting of phospholipids, which can encapsulate and transport substances across cellular membranes. They were first described by Alec D. Bangham in 1965 as an artificial system for studying cell membrane structure and function. Liposomes have been widely used in various biomedical applications, including drug delivery systems, gene therapy, and vaccine development. The size and composition of liposomes can be tailored to achieve specific therapeutic goals, such as targeting cancer cells or releasing drugs at a controlled rate. Their unique properties allow them to interact with cell membranes, facilitating the transport of molecules into cells.;Meta
Pfam;Pfam is a comprehensive database of protein families that provides a standardized framework for classifying and annotating proteins based on their evolutionary relationships. It was developed to facilitate the analysis and comparison of large datasets from various organisms and species. Pfam uses hidden Markov models to define and recognize patterns in amino acid sequences, allowing researchers to identify functional sites, structural features, and other conserved regions within protein families. The database contains over 170,000 entries and is widely used for bioinformatics research, annotation, and prediction tasks. Its annotations are regularly updated by a community-driven effort to ensure accuracy and relevance.;Meta
Enantiomer;An enantiomer is a pair of molecules that are mirror images of each other yet possess different properties. This phenomenon arises from the presence of chiral centers in the molecule's structure, leading to non-superimposable mirror images. Enantiomers have the same chemical formula and physical properties but differ in their interactions with biological systems. The arrangement of atoms around a stereogenic center determines the chirality of the molecule, resulting in enantiomeric excess or purity. Enantiomerism is crucial in chemistry, particularly in pharmacology, as it affects the efficacy, potency, and safety of chiral drugs. Understanding enantiomers is essential for developing safe and effective pharmaceuticals.;Meta
Spleen;The spleen is a vital organ located in the upper left region of the abdomen, playing a key role in the immune system and blood filtration. It filters the blood, removing old red blood cells and recycling their iron content. The spleen also acts as a reservoir for red blood cells, releasing them into circulation when needed. Additionally, it stores white blood cells called macrophages, which help fight infections. The spleen is highly sensitive to injury or disease, with conditions such as splenic rupture or sickle cell anemia affecting its function and requiring medical attention. Its removal can be life-threatening due to the loss of immune function and red blood cell regulation.;Meta
Brayton cycle;The Brayton cycle is a thermodynamic cycle that describes the operation of a gas turbine engine. It is named after George Brayton, who invented the first commercial gas turbine engine in 1872. The cycle consists of four stages: isentropic compression, constant pressure heat addition, isentropic expansion, and constant pressure heat rejection. In each stage, the working fluid undergoes a series of thermodynamic processes, resulting in the generation of mechanical work. The Brayton cycle is commonly used to model the operation of power plants, aircraft engines, and other types of internal combustion engines. It has many applications in various fields, including energy production, transportation, and aerospace engineering.;Meta
Sexual selection;"Sexual selection is a process that occurs within natural populations where individuals compete for mates, leading to the evolution of traits that enhance mating success. This concept was first introduced by Charles Darwin in his book ""On the Origin of Species"" in 1859 and later developed into a full-fledged theory by Darwin and Alfred Russel Wallace. Sexual selection operates on two levels: intermale competition and female choice. In intermale competition, individuals with desirable traits have an advantage in acquiring mates, while female choice refers to females selecting mates based on specific traits that provide them with direct benefits or enhance their offspring's fitness.";Meta
Minimum inhibitory concentration;Minimum inhibitory concentration is a quantitative measure of the effectiveness of an antimicrobial agent in preventing the growth of microorganisms. It is defined as the lowest concentration of the drug that can inhibit the visible growth of a microorganism after incubation for a specified period, usually 24 hours. MIC values are typically expressed in units such as milligrams per liter or micromolar. The determination of MIC is a crucial step in determining the efficacy and potential toxicity of an antimicrobial agent. Low MIC values indicate high potency, while high MIC values suggest lower effectiveness or increased risk of resistance development.;Meta
Cooperativity;Cooperativity is a phenomenon in which the binding or activity of one molecule influences the binding or activity of others at the same site or within the same complex. This is often observed in enzymes, receptors, and other biomolecules where multiple subunits interact with ligands or substrates. Cooperativity can manifest as positive, negative, or partial effects, depending on whether the interaction between subunits enhances or diminishes binding affinity. The Hill coefficient, a quantitative measure of cooperativity, describes the degree to which individual binding events influence subsequent binding at the same site. Positive cooperativity is common in enzymes and receptors, where one ligand binds and facilitates the binding of others.;Meta
Fibronectin;"Fibronectin is a high-molecular weight glycoprotein present in the extracellular matrix that plays a significant role in cell adhesion and migration. It was first identified by Elizabeth Hay in 1966 and was initially known as ""cell surface protein."" Fibronectin's structure consists of a series of repeating domains, including the type III repeats, collagen-like regions, and fibronectin type I domain. These interactions allow it to bind to integrins, collagen, fibrinogen, and other molecules. As such, fibronectin plays a crucial role in cell growth, differentiation, wound healing, and embryonic development, and its dysfunction has been implicated in various diseases, including cancer, cardiovascular disease, and inflammatory disorders.";Meta
Big O notation;Big O notation is a mathematical concept used to describe the complexity of algorithms, which is a measure of their performance and scalability. It represents the upper bound of an algorithm's time or space requirements as its input size increases. The notation is expressed using asymptotic analysis, where the growth rate of an algorithm's execution time is compared to the input size. Big O notation helps programmers evaluate and compare the efficiency of different algorithms, allowing them to make informed decisions about which one to use in a particular situation. It provides a way to classify algorithms based on their performance characteristics.;Meta
Eternal inflation;"Eternal inflation is a concept in modern cosmology that suggests our universe is just one of many bubbles in a vast multidimensional space, where each bubble represents a separate and distinct universe with its own unique physical laws and constants. This theory proposes that the Big Bang was not the beginning of time but rather a local event within an already existing multiverse. Our observable universe is thought to have emerged from a tiny region known as a ""bubble"" in this larger multidimensional space, and it may be just one of many similar bubbles created through eternal inflation. The theory attempts to explain the fine-tuning problem of the universe's fundamental constants.";Meta
Sterile neutrino;A sterile neutrino is a hypothetical type of neutrino that does not interact via any fundamental forces with other matter except through gravity. This property makes it invisible to detection methods based on electromagnetic or weak nuclear interactions. The existence of sterile neutrinos is investigated as a possible solution to the observed anomalies in neutrino oscillations, such as the MiniBooNE and LSND experiments. Theoretical frameworks like Majoron models propose the possibility of light sterile neutrino production in certain astrophysical processes. A wide range of experiments are being conducted or planned to detect or rule out sterile neutrinos, including those at particle colliders and underground neutrino facilities.;Meta
Plasma protein binding;Plasma protein binding refers to the phenomenon where drugs and other substances in the bloodstream bind to plasma proteins, altering their pharmacokinetic properties. These proteins include albumin and alpha-1 acid glycoprotein, which are primarily responsible for this interaction. Binding affects a drug's distribution, metabolism, and excretion, potentially leading to reduced efficacy or increased toxicity. The degree of binding is influenced by factors such as the drug's lipophilicity and the protein concentration in plasma. This complex process can impact how a drug behaves within an individual, necessitating consideration in therapeutic monitoring and dosing strategies.;Meta
Cytoskeleton;The cytoskeleton is a complex network of filaments that provides structural support and shape to eukaryotic cells. It consists of three main components: microtubules, microfilaments, and intermediate filaments. Microtubules are dynamic structures composed of tubulin proteins, involved in cell division, transport of organelles, and maintenance of cellular shape. Microfilaments, made up of actin proteins, participate in muscle contraction, cell migration, and intracellular signaling pathways. Intermediate filaments provide mechanical stability to cells against external forces and contribute to the organization of cytoplasmic components. The cytoskeleton plays a crucial role in maintaining cellular morphology and regulating various cellular processes essential for life, including mitosis, endocytosis, and cytokinesis.;Meta
Glucagon;Glucagon is a peptide hormone produced by alpha cells in the pancreatic islets that stimulates glycogenolysis and gluconeogenesis to increase blood glucose levels. It counteracts the action of insulin, which lowers blood sugar levels. Glucagon acts on liver cells, promoting the breakdown of glycogen into glucose and subsequent release into the bloodstream. The hormone also stimulates the production of new glucose molecules from non-carbohydrate sources through gluconeogenesis. Glucagon's effects are mediated by binding to specific receptors on the surface of target cells, triggering a signaling cascade that ultimately leads to increased glucose release. Its action is essential for maintaining blood sugar levels during fasting or prolonged physical activity.;Meta
Optical cavity;An optical cavity is a resonant structure used to confine light within its boundaries, typically made from reflective surfaces such as mirrors or dielectric coatings. The cavity's design and dimensions determine its resonant frequencies, allowing for precise control over the interaction between light and matter. Optical cavities are widely employed in various fields, including spectroscopy, interferometry, and quantum optics, to achieve applications like precision wavelength selection, ultra-stable frequency references, and non-linear optical effects. By modulating the cavity's dimensions or introducing intracavity components, researchers can manipulate the behavior of light within the resonant structure, enabling a range of fundamental and practical experiments.;Meta
Fullerene;"Fullerene is a form of carbon characterized by its unique spherical structure composed entirely of sixty or more carbon atoms arranged in a closed cage-like shape, often referred to as a ""buckminsterfullerene"" after architect Buckminster Fuller's designs. This allotrope was first discovered in 1985 and has been studied extensively since then for its remarkable properties, including high stability, conductivity, and superconducting capabilities. The most common fullerene is C60, with a molecular structure resembling a soccer ball. Fullerenes have potential applications in materials science, electronics, and medicine due to their unique physical and chemical characteristics.";Meta
Carnot cycle;"The Carnot cycle is a theoretical thermodynamic cycle proposed by Nicolas Léonard Sadi Carnot in his book ""Reflections on the Motive Power of Fire"" in 1824. It is an idealized, reversible cycle that describes the maximum efficiency of a heat engine. The cycle consists of four stages: isothermal expansion, adiabatic expansion, isothermal compression, and adiabatic compression. In each stage, the system undergoes a change in temperature and volume, allowing it to transfer heat from a high-temperature reservoir to a low-temperature reservoir while doing work. The Carnot cycle is an important concept in thermodynamics, as it provides a limit on the efficiency of any heat engine.";Meta
Vitronectin;Vitronectin is a protein that plays a crucial role in various cellular processes including cell adhesion, migration, and signaling. It is a glycoprotein found in plasma, secreted by endothelial cells and other tissues, where it serves as a cell surface receptor for integrins and heparan sulfate proteoglycans. Vitronectin interacts with several growth factors, such as fibroblast growth factor 2, which suggests its involvement in cell proliferation and differentiation processes. The protein is also implicated in the regulation of platelet activation and blood coagulation, highlighting its role in maintaining hemostasis. Studies have shown that vitronectin's functions are conserved across species, underscoring its importance as a fundamental molecule in mammalian biology.;Meta
Sievert;The Sievert is a unit of measurement for ionizing radiation dose, named after Swedish physicist Rolf Sievert, who developed it in the 1950s. It quantifies the biological effect of radiation on living tissue, taking into account the type and energy of the radiation. The Sievert is based on the amount of damage caused by radiation to the human body's genetic material, with higher values indicating greater harm. For example, a dose of one Sievert will cause significant health effects in most people, such as nausea, vomiting, and fatigue. It is widely used in nuclear medicine, radiology, and other fields where radiation exposure is a concern.;Meta
CT scan;A computed tomography scan, commonly referred to as a CT scan, is a non-invasive medical imaging procedure that employs computer-processed combinations of multiple X-ray measurements taken from different angles. The technique was developed in the early 1970s by Godfrey Hounsfield and Allan McLeod Cormack, who were awarded the Nobel Prize in Physiology or Medicine in 1979 for their work. During a CT scan, the patient is positioned on a table that moves through a doughnut-shaped scanner, generating cross-sectional images of the body's internal structures. These images can be reconstructed to produce three-dimensional models, allowing healthcare professionals to diagnose and treat a wide range of medical conditions, including cancers, vascular diseases, and injuries.;Meta
Motor protein;Motor proteins are molecular motors that convert chemical energy into mechanical work within living cells. They utilize ATP hydrolysis to generate force and movement along cytoskeletal tracks such as actin filaments and microtubules. There are several types of motor proteins, including kinesins, dyneins, and myosins, each with distinct functions and localizations. Kinesins transport vesicles and organelles along microtubules towards the plus end, while dyneins move in the opposite direction. Myosins are involved in muscle contraction and cell migration. Motor proteins play essential roles in cellular processes such as mitosis, meiosis, and intracellular trafficking. They are highly regulated and often work together to achieve specific tasks.;Meta
Testosterone;Testosterone is a steroid hormone that plays a crucial role in the development and maintenance of male reproductive tissues and secondary sex characteristics. It is produced primarily by the Leydig cells of the testes in males and to a lesser extent by the adrenal glands. Testosterone promotes the growth and maturation of sperm cells, stimulates the production of red blood cells, and contributes to muscle and bone mass development. In females, testosterone is also present but at much lower levels than in males, where it regulates various physiological processes including bone density, body composition, and sex drive. Exogenous sources of testosterone can lead to hormonal imbalances if misused or abused.;Meta
KEGG;KEGG stands for Kyoto Encyclopedia of Genes and Genomes, which is a bioinformatics database used to store information about genes and their interactions within organisms. It was developed in 1995 by Minoru Kanehisa at the University of Tokyo and has since become one of the most widely used databases in molecular biology research. KEGG contains comprehensive pathways for metabolism, genetic information processing, environmental information processing, cellular process, and organismal systems. These pathways are curated manually from the literature and represent a consensus view of current knowledge on gene function and regulation. The database also includes tools for analyzing gene expression data and predicting functional relationships between genes.;Meta
Somatic hypermutation;Somatic hypermutation is a genetic process that occurs in activated B cells during the secondary immune response, where the variable region of the immunoglobulin gene undergoes somatic mutations, resulting in increased antibody diversity and affinity maturation. This process involves the introduction of point mutations into the rearranged VJ genes by activation-induced deaminase, leading to changes in amino acid sequence and potentially enhancing antibody function. Somatic hypermutation is essential for the development of high-affinity antibodies, particularly during responses to complex antigens such as proteins. It plays a critical role in vaccine-induced immunity and protection against infections, with dysregulation contributing to autoimmune diseases like rheumatoid arthritis and lupus.;Meta
Water cycle;The water cycle, also known as the hydrologic cycle, is the continuous process by which water is circulated between the Earth's oceans, atmosphere, and land. It involves three main stages: evaporation, condensation, and precipitation. Evaporation occurs when solar energy heats up bodies of water, causing water to transform into vapor. This vapor rises into the atmosphere where it cools and condenses into clouds. The condensed water then falls back to Earth as precipitation in the form of rain, snow, sleet, or hail. Runoff from land into streams, rivers, and lakes also contributes to the formation of surface waters that eventually return to the oceans.;Meta
Cryptography;Cryptography is the practice and study of techniques for secure communication in the presence of third-party adversaries. It involves converting plaintext into unreadable ciphertext to protect the confidentiality, integrity, and authenticity of data. Cryptographic algorithms use mathematical functions, such as substitution and transposition, to transform plaintext into ciphertext. Symmetric-key encryption uses a shared secret key for both encryption and decryption, while asymmetric-key encryption relies on public-key cryptography with pairs of keys. Hash functions are used to verify data integrity by generating a digital fingerprint. Cryptography is essential in secure online transactions, communication protocols, and data protection systems.;Meta
Chi-squared test;The Chi-squared test is a statistical method used to determine whether there is a significant difference between observed frequencies in one or more categories and those expected under a hypothetical distribution. It is commonly employed in hypothesis testing to assess the probability that an observed pattern of data occurred by chance. The test statistic, χ², is calculated as the sum of the squared differences between observed and expected frequencies, divided by their respective variances. The critical value of χ² depends on the number of degrees of freedom, which varies depending on the number of categories and parameters being tested.;Meta
Operon;The operon is a fundamental concept in molecular biology that describes a unit of genetic regulation in prokaryotic cells, such as bacteria. It consists of a cluster of genes with related functions that are controlled by a single promoter and regulatory region. The operon can be either repressed or induced depending on the needs of the cell, allowing for flexibility in gene expression. In an inducible operon, a specific molecule, called an inducer, binds to the operator region, preventing repression by a repressor protein and allowing transcription to proceed. This regulatory mechanism enables cells to respond to environmental changes and adapt to new conditions.;Meta
Patch clamp;The patch clamp technique is a method used to study the electrical properties of individual ion channels in cell membranes. Developed by Erwin Neher and Bert Sakmann in 1976, this Nobel Prize-winning invention involves using a specialized pipette to form a high-resistance seal between its tip and the cell membrane. This allows for the selective measurement of ionic currents flowing through specific ion channels, enabling researchers to study their properties, behavior, and regulation. The patch clamp technique has become a fundamental tool in electrophysiology, widely used to investigate mechanisms underlying various physiological processes, including nerve transmission, muscle contraction, and hormone secretion.;Meta
Logic;"Logic is the systematic study of valid reasoning and argumentation. It involves the analysis of statements to determine their logical validity and truth value. There are several branches of logic, including propositional calculus, predicate calculus, modal logic, and non-monotonic logic. Propositional calculus deals with simple propositions and their combinations using logical operators such as conjunction, disjunction, and negation. Predicate calculus extends this to quantified statements involving variables. Modal logic studies the meaning of words like ""necessarily"" and ""possibly"". Non-monotonic logic is concerned with reasoning under uncertainty or incomplete knowledge. Formal systems of logic provide a precise framework for evaluating arguments and theories in various fields of study.";Meta
Band gap;The band gap is the range of energy values that electrons in a solid material cannot occupy due to the Pauli exclusion principle and the periodic potential created by the arrangement of atoms. It separates the valence and conduction bands in a semiconductor or insulator, determining whether the material conducts electricity or not. The band gap energy is typically measured in electronvolts and can range from 0 eV for metals to several eV for wide-bandgap materials. In semiconductors, the band gap dictates the material's conductivity, allowing it to be doped and used in electronic devices such as solar cells, transistors, and LEDs.;Meta
Proof of stake;"Proof of stake is a consensus algorithm used in blockchain networks to secure transactions and validate new blocks. It replaces traditional proof-of-work mechanisms with a more energy-efficient method where validators ""stake"" their own cryptocurrency as collateral to participate in block creation. Validators with larger stakes have greater influence over the validation process, making it more democratic and allowing for increased scalability. This approach also reduces the computational power required for mining, decreasing energy consumption and environmental impact. By linking participation to a stake in the network, proof of stake incentivizes validators to act honestly and maintain the integrity of the blockchain.";Meta
Gradient boosting;Gradient Boosting is a supervised learning technique that combines multiple weak models to create a strong predictive model by iteratively improving its accuracy through a series of boosting steps. The process begins with an initial guess for the target function and then, in each subsequent iteration, adds another decision tree to correct the errors made by the previous iterations. The goal is to minimize the loss function, which represents the difference between the predicted values and actual outcomes. By aggregating the predictions from all trees, Gradient Boosting can handle complex interactions among features and improve model performance on a wide range of problems. It's often used in classification and regression tasks.;Meta
Tidal force;Tidal force is a phenomenon where a massive object warps the space-time continuum around it, causing nearby objects to move along curved trajectories rather than straight lines. This effect was first described by Sir Isaac Newton and later refined by Albert Einstein's theory of general relativity. The tidal force is proportional to the mass of the central object and inversely proportional to the cube of the distance between the two objects. On Earth, this phenomenon causes the ocean tides due to the gravitational pull of the Moon and Sun. Other examples include the bending of light around massive galaxies and the curvature of space-time caused by supermassive black holes.;Meta
Huntington's disease;Huntington's disease is a rare, inherited neurodegenerative disorder characterized by progressive damage to the brain's basal ganglia and cerebral cortex. It is caused by an expansion of CAG repeats in the huntingtin gene on chromosome 4, leading to a toxic protein that disrupts normal cellular function. Symptoms typically emerge between ages 30 and 50 and include motor dysfunction, cognitive decline, and psychiatric disturbances. As the disease progresses, individuals experience difficulty with movement, speech, and swallowing, eventually succumbing to dementia and death. There is currently no cure for Huntington's disease, but various treatments aim to manage its symptoms and slow disease progression.;Meta
Memory T cell;Memory T cells, also known as memory lymphocytes, are a type of immune cell that plays a crucial role in long-term immunity against pathogens and diseases. These cells are activated by antigens, triggering an immune response and subsequent development into effector T cells that can recognize and eliminate infected cells or produce cytokines to recruit other immune cells. Unlike naive T cells, memory T cells retain immunological memory, enabling them to respond more rapidly and effectively upon re-exposure to the same antigen. This specialized function allows for long-term immunity against diseases such as measles, mumps, and chickenpox.;Meta
Neutrophil;Neutrophils are a type of white blood cell that plays a crucial role in the innate immune response. They are the most abundant type of granulocyte and are derived from hematopoietic stem cells in the bone marrow. Neutrophils have a distinctive multilobed nucleus and contain granules that store antimicrobial peptides, such as defensins and lysozyme. Upon activation, neutrophils undergo rapid migration to sites of infection or inflammation, where they phagocytose foreign particles and kill pathogens through mechanisms involving oxidative burst and degranulation. Neutrophil function is regulated by a complex interplay of cytokines, chemokines, and adhesion molecules that orchestrate their recruitment and activation in response to infection.;Meta
High harmonic generation;High harmonic generation is a nonlinear optical process where high-order harmonics of an incident laser pulse are generated in a gas medium, typically a noble gas such as argon or neon. This phenomenon occurs when a strong electric field from the incident laser pulse ionizes the gas molecules, leading to the emission of secondary radiation at frequencies corresponding to integer multiples of the incident frequency. The resulting high harmonic spectrum can contain thousands of spectral lines, each corresponding to a specific order of harmonic generation. High harmonic generation has applications in ultrafast spectroscopy and metrology, including the development of ultrashort pulse sources for laser-induced breakdown spectroscopy and attosecond science.;Meta
Amino acid;Amino acids are organic compounds that serve as the building blocks of proteins in living organisms. They consist of a central carbon atom bonded to an amino group, a carboxyl group, and a side chain, which determines the specific properties and functions of each individual amino acid. There are 20 standard amino acids, also known as proteinogenic amino acids, which can be combined in various ways to form thousands of different proteins. Amino acids play crucial roles in numerous biological processes, including enzyme function, muscle contraction, and cell signaling. They can also be synthesized artificially for use in food supplements, pharmaceuticals, and biomedical research applications.;Meta
GroEL;GroEL is a molecular chaperone found in bacteria that plays a crucial role in protein folding and unfolding processes. It consists of two rings of seven subunits each, forming a hollow chamber where client proteins are bound. The chaperonin mechanism involves substrate binding, ATP hydrolysis, and conformational changes to facilitate proper protein folding or degradation. This process is essential for bacterial survival as misfolded proteins can be cytotoxic. GroEL's activity is coupled with its partner chaperone, GroES, which forms a lid on the apical domain of GroEL, sealing the substrate inside and allowing it to fold correctly before releasing.;Meta
Fermion;Fermions are a class of particles that make up matter in the universe, including electrons, quarks, and neutrinos. They are named after physicist Enrico Fermi and are characterized by their half-integer spin, which is a fundamental property that distinguishes them from bosons, which have integer spin. Fermions follow the Pauli exclusion principle, which states that no two identical fermions can occupy the same quantum state simultaneously, leading to phenomena such as electron degeneracy pressure in white dwarf stars and neutron star stability. The existence of fermions is a key aspect of the Standard Model of particle physics and is supported by numerous experiments in high-energy physics.;Meta
Nucleosome;The nucleosome is a fundamental structure in eukaryotic cells that consists of DNA wrapped around a core of histone proteins. The histones are arranged in a specific pattern to form a bead-like structure called a nucleosome, which is approximately 10 nanometers in diameter. The DNA double helix is coiled around the histone octamer, which comprises two copies each of the four major histone proteins: H2A, H2B, H3, and H4. This complex structure plays a crucial role in packaging genetic material into the cell nucleus, influencing gene expression and transcriptional regulation. The nucleosome is essential for maintaining the structural integrity of chromatin, which determines how DNA is organized and accessed within the eukaryotic cell.;Meta
Speleothem;A speleothem is a type of geological formation that occurs in caves, typically composed of calcium carbonate minerals such as calcite and aragonite, which precipitate out of solution through various chemical and physical processes. Speleothems can form over thousands to millions of years, accumulating layers of mineral deposits that reflect changes in the cave environment and external climate conditions. They are formed through the interaction of groundwater with limestone rocks, leading to the dissolution of the rock and subsequent precipitation of minerals as they come into contact with the air. Speleothems provide valuable information for paleoclimatology research, offering a unique record of Earth's past environments and climates.;Meta
Stochastic gradient descent;Stochastic gradient descent is an optimization algorithm used in machine learning to minimize loss functions during model training. It's an iterative method that involves updating model parameters based on the gradient of the loss function with respect to each parameter. Unlike batch gradient descent, which updates parameters based on the entire dataset, stochastic gradient descent uses a single data point or mini-batch of points at each iteration. This makes it computationally efficient and suitable for large datasets. However, it can be noisy due to the random sampling of data points, potentially leading to suboptimal convergence.;Meta
Procedural memory;Procedural memory refers to the type of long-term memory that involves the learning and retention of skills and motor activities through repetition and practice. It is a form of implicit memory, meaning that it operates outside of conscious awareness and does not require intentional recall. Procedural memories are thought to be stored in separate brain regions from declarative memories, such as episodic and semantic memories. These memories can be reactivated by the performance of similar actions or tasks, allowing for automatic execution without conscious thought. Examples of procedural memories include riding a bike, playing a musical instrument, and tying shoelaces.;Meta
Silent mutation;A silent mutation is a type of point mutation in DNA where a change in the genetic code does not result in a change to the amino acid sequence of the protein being synthesized. This occurs when a nucleotide substitution leads to a synonymous codon, which codes for the same amino acid as the original codon. Silent mutations are typically neutral and do not affect the function or structure of the resulting protein. They can occur naturally during DNA replication and repair, and have been used in genetic engineering to insert desirable traits into an organism without altering its overall characteristics.;Meta
Lipopolysaccharide;Lipopolysaccharide is a large molecule composed of lipids and polysaccharides, found in the outer membrane of Gram-negative bacteria. It plays a crucial role in the bacterial cell wall structure and function. LPS acts as an endotoxin when released from damaged or lysed bacteria, triggering a strong immune response in animals. The molecular structure of LPS consists of a lipid A component linked to a polysaccharide O-antigen chain, which determines serotype specificity. Lipid A is responsible for the biological activity of LPS, inducing cytokine production and mediating the inflammatory response. Research on LPS has significant implications for understanding bacterial infections and developing antimicrobial therapies.;Meta
Axion;The axion is a hypothetical elementary particle predicted by the Peccei-Quinn theory to solve the strong CP problem in quantum chromodynamics. It was first proposed by Frank Wilczek in 1977 as a solution to this long-standing problem, and since then, numerous attempts have been made to detect its existence through various experiments. Axions are thought to be extremely light, with masses estimated to be around 10^-5 electronvolts or less. Their predicted properties include being very weakly interacting particles, which makes them challenging to detect experimentally.;Meta
Restriction enzyme;Restriction enzymes are biological catalysts that cleave DNA at specific recognition sites, also known as restriction sites. These enzymes occur naturally in bacteria and function to defend against invading viral DNA by degrading it into smaller fragments. They recognize and bind to specific sequences of nucleotides within the host's DNA and cut at these sites, preventing foreign genetic material from integrating into the host genome. Restriction enzymes are also used as tools in molecular biology for various applications such as cloning, DNA sequencing, and gene expression analysis. They have been isolated from numerous bacterial species and classified based on their cleavage specificities and recognition sequences.;Meta
Ribosome;A ribosome is a complex molecular machine that performs protein synthesis in cells. It consists of two subunits, the large and small subunit, which come together to form a functional complex. The ribosome reads messenger RNA sequences and translates them into specific amino acid chains according to the genetic code. This process involves the binding of transfer RNA molecules, which carry specific amino acids, to the ribosomal site. The ribosome then catalyzes peptide bond formation between adjacent amino acids, resulting in the synthesis of a polypeptide chain. Ribosomes are essential for protein production and are found in all living cells.;Meta
Prodrug;A prodrug is a medication or compound that is designed to be metabolized into a pharmacologically active drug after administration to the body. Prodrugs are often used to improve the bioavailability and solubility of a therapeutic agent, allowing for more effective delivery and absorption in the body. They can also be used to target specific tissues or organs, reducing side effects and improving efficacy. The design of prodrugs involves careful consideration of the chemical structure and metabolism of the compound, as well as its interactions with enzymes and other biological molecules. Prodrugs have been used successfully in a range of therapeutic areas, including oncology, neuroscience, and infectious disease.;Meta
Inverse agonist;An inverse agonist is a type of drug that binds to a receptor, reducing its activity below normal levels. Unlike antagonists, which block the action of an agonist, inverse agonists induce their own specific pharmacological effect when the endogenous ligand or agonist is absent. They are typically used in the treatment of diseases caused by excessive stimulation of a receptor, such as anxiety and insomnia. By reducing receptor activity, inverse agonists can provide therapeutic benefits without inducing tolerance or dependence like traditional agonists. The effects of inverse agonists can vary depending on the specific receptor involved, making them valuable tools for studying receptor function and developing new treatments.;Meta
Crystallography;Crystallography is the scientific study of the arrangement of atoms within a crystal, which is a solid material whose constituents, such as atoms, molecules, or ions, are arranged in a repeating pattern called a crystal lattice. This field combines principles from chemistry, physics, and mathematics to understand the structure and properties of crystalline materials. Techniques used in crystallography include X-ray diffraction, neutron diffraction, and electron diffraction, which provide information on the arrangement of atoms within the crystal. Crystallographers use this data to predict the physical and chemical properties of a material, such as its optical and electrical behavior, and understand the relationships between structure and function in crystalline materials.;Meta
Lysogenic cycle;The lysogenic cycle is a type of viral replication where a bacteriophage infects a bacterial cell but does not immediately enter the lytic cycle, instead integrating its genome into that of the host as a prophage. The host cell continues to grow and divide normally while carrying the prophage, which remains dormant until induced by stress or environmental changes. This can trigger the prophage to excise from the host chromosome and initiate transcription, leading to viral replication and subsequent lysis of the host cell, resulting in the release of new phage particles. The lysogenic cycle is an alternative reproductive strategy to the lytic cycle that allows certain viruses to coexist with their hosts.;Meta
Star formation;Star formation is the process by which dense regions within molecular clouds collapse to form stars. This process begins with the gravitational collapse of a giant molecular cloud, causing the material to collapse and heat up. As it collapses, the material flattens into a disk shape, with a central protostar forming at its core. The protostar continues to collapse until nuclear fusion ignites in its core, marking the birth of a new star. This process is influenced by various factors, including the presence of nearby stars or other objects that can trigger collapse, and the magnetic fields that help guide the collapsing material.;Meta
Calculus;Calculus is a branch of mathematics that deals with the study of continuous change, particularly in the context of functions and limits. It was developed independently by Sir Isaac Newton and German mathematician Gottfried Wilhelm Leibniz in the late 17th century. The field encompasses two main branches: differential calculus and integral calculus. Differential calculus focuses on rates of change and slopes of curves, while integral calculus deals with accumulation and area under curves. Calculus provides powerful tools for modeling real-world phenomena, such as motion, growth, and optimization problems, making it a fundamental subject in mathematics, physics, engineering, and economics.;Meta
Ocean acidification;Ocean acidification is the decrease in the pH level of the ocean due to the absorption of excess carbon dioxide from the atmosphere, primarily caused by human activities such as burning fossil fuels and deforestation. This increase in atmospheric CO2 dissolves into seawater, forming carbonic acid, which releases hydrogen ions, reducing the pH and making the water more acidic. The main consequence is a decrease in the availability of calcium carbonate, essential for many marine organisms to build their shells and skeletons. As a result, corals, shellfish, and other calcifying organisms are threatened with extinction.;Meta
Psoriasis;Psoriasis is a chronic inflammatory skin condition characterized by thickened, scaly, red plaques resulting from accelerated cell division in the epidermis. It affects approximately 2-3% of the global population and has a strong genetic component, with mutations in the HLA-Cw6 gene conferring susceptibility. The exact pathogenesis is multifactorial, involving immune dysregulation, particularly activation of T lymphocytes, and abnormal keratinocyte proliferation and differentiation. Environmental factors such as stress, smoking, and infections can exacerbate symptoms. Psoriasis is associated with increased risk of cardiovascular disease, diabetes, and depression due to chronic inflammation and immune system alterations. Effective treatments include topical corticosteroids, vitamin D analogues, and systemic biologics targeting pro-inflammatory cytokines.;Meta
Reactome;Reactome is a bioinformatics database that provides a comprehensive knowledge base of biochemical reactions in humans, mice, and other model organisms. It is primarily designed for researchers and scientists to navigate complex biological pathways involved in various diseases and physiological processes. Reactome integrates data from multiple sources, including gene ontology, protein function, and reaction kinetics, to create a dynamic network of interacting molecules. The database includes detailed information on molecular mechanisms, enzyme-substrate interactions, and signaling pathways, allowing users to explore the underlying biology of cellular processes. This resource is widely used in systems biology research, drug discovery, and educational purposes.;Meta
Cas9;Cas9 is a type of bacterial endonuclease enzyme that plays a key role in the CRISPR-Cas9 gene editing system. Discovered in 2012 by Jennifer Doudna and Emmanuelle Charpentier, Cas9 is derived from the bacterium Streptococcus pyogenes and has since become a widely used tool for genome editing in various organisms. The enzyme works by cutting DNA at a specific location, allowing scientists to introduce targeted mutations or insert new genetic material into an organism's genome. This technology has revolutionized genetic research and holds potential applications in fields such as biotechnology, medicine, and agriculture, with ongoing studies exploring its therapeutic use for treating genetic diseases.;Meta
Biofilm;Biofilm is a complex community of microorganisms that adhere to surfaces, embedded in a protective matrix of extracellular polymeric substances. This matrix provides structural integrity and protection from environmental stressors, allowing biofilms to persist in diverse environments, including aquatic systems, soil, medical devices, and the human body. Biofilm formation involves multiple stages, including initial adhesion, surface colonization, and maturation into a stable, three-dimensional structure. The development of biofilms is influenced by factors such as nutrient availability, temperature, pH, and the presence of surfactants or antimicrobial agents. Biofilms play critical roles in both beneficial and pathogenic processes, affecting ecosystem balance, public health, and industrial processes.;Meta
White matter;White matter refers to a type of neural tissue in the central nervous system that is composed of glial cells, including oligodendrocytes and astrocytes, as well as myelinated axons. Myelin, a fatty substance produced by glial cells, surrounds and insulates axons, facilitating rapid transmission of electrical signals between neurons. White matter is characterized by its pale appearance due to the high lipid content of myelin, in contrast to gray matter which appears darker. The myelination process allows for efficient communication between different brain regions, enabling coordinated cognitive and motor functions. Abnormalities in white matter development or integrity have been linked to various neurological disorders.;Meta
Cellulose;Cellulose is a complex carbohydrate and the primary structural component of plant cell walls, comprising approximately 50% of all biomass on Earth. It is a polysaccharide composed of long chains of glucose molecules bonded together by glycosidic linkages. The structure of cellulose gives it unique properties such as high tensile strength, resistance to water, and insolubility in most solvents. In plants, cellulose provides rigidity and support to cell walls, allowing for the maintenance of their shape and structure. Microorganisms such as bacteria and fungi are able to break down cellulose through enzymatic hydrolysis, a process that has been exploited in industries such as paper production and biofuel generation.;Meta
Lectin pathway;The lectin pathway is one of the three main complement activation pathways that contribute to innate immunity. It is initiated by the binding of mannose-binding lectin or ficolins to carbohydrate patterns on the surface of pathogens, such as bacteria and viruses. This binding causes a conformational change in the MBL or ficolin, which then activates the serine protease MASP-2. Activated MASP-2 cleaves C4 and C2 into their active components, resulting in the formation of C3 convertase. The lectin pathway is primarily involved in the clearance of pathogens from the body by promoting phagocytosis and inflammation at the site of infection.;Meta
Shotgun sequencing;Shotgun sequencing is a high-throughput DNA sequencing technique used to determine the order and sequence of millions of short DNA fragments. It involves breaking down large DNA molecules into smaller fragments through mechanical shearing, followed by denaturation and separation of the fragments. These fragments are then sequenced using an instrument such as an Illumina HiSeq or NextSeq. The sequences obtained from each fragment are assembled together to reconstruct the original genome sequence. Shotgun sequencing is widely used in genomic research, particularly for de novo assembly of genomes from previously unsequenced species. It has also become a crucial tool for whole-genome re-sequencing and cancer genomics studies.;Meta
Combinatorial chemistry;Combinatorial chemistry is a method used to synthesize large numbers of chemical compounds in parallel, allowing for the rapid generation and testing of new molecules. This approach involves the simultaneous synthesis of numerous compounds using mix-and-match libraries of building blocks, such as amino acids or peptides. The resulting compounds are then screened for desired properties, such as biological activity or pharmacokinetic profiles. Combinatorial chemistry enables the efficient exploration of chemical space, facilitating the discovery of novel leads and optimizing existing drugs. This technique has revolutionized the field of drug discovery by accelerating the development of new medicines and reducing costs associated with traditional synthesis methods.;Meta
Effect size;Effect size is a measure used in statistics to quantify the magnitude of the relationship between two variables or the difference between groups. It provides a standardized way to express the strength and significance of an effect, allowing researchers to compare results across studies with varying sample sizes and experimental designs. Effect size can be calculated using various metrics such as Cohen's d, odds ratio, and correlation coefficients. A large effect size indicates a significant relationship or difference, while a small effect size suggests a weak or negligible association. Understanding effect size is essential in applied sciences to make informed decisions about the practical significance of research findings.;Meta
Polypharmacy;Polypharmacy refers to the concurrent use of multiple medications by a patient, often resulting in unintended consequences such as drug interactions, adverse effects, and decreased efficacy. This phenomenon is particularly prevalent among older adults, who frequently take multiple medications for chronic conditions. Research suggests that polypharmacy can lead to increased healthcare costs, hospitalization rates, and mortality rates. Furthermore, the complexity of polypharmacy management poses challenges for clinicians, who must balance the benefits of individual treatments with the risks associated with their combination. Polypharmacy is a significant public health concern worldwide.;Meta
Composite fermion;"The composite fermion is a theoretical concept in condensed matter physics that describes a quasiparticle formed by two electrons paired together at the Fermi level in a two-dimensional electron gas. This pairing results in a bosonic state, known as a ""composite boson,"" which can condense into a superfluid state. The composite fermion picture provides an alternative to the traditional Hartree-Fock approach for understanding the behavior of strongly correlated electrons. It has been used to explain various phenomena in quantum Hall systems and other topological phases of matter, including the fractional quantum Hall effect.";Meta
Speciation;Speciation is the process by which new species emerge from existing ones through a series of isolating mechanisms that lead to reproductive isolation. This can occur due to geographical barriers, ecological niches, or other factors that prevent gene flow between populations. As a result, genetic differences accumulate over time, leading to the development of distinct morphological and physiological characteristics. Speciation can be either allopatric, where the split occurs in different geographic locations, or sympatric, where it occurs within the same location but with different ecological niches. The process is often gradual, taking thousands to millions of years, and can result in a new species that is reproductively isolated from its parent population.;Meta
Control theory;Control theory is a multidisciplinary field that deals with the analysis and design of systems whose behavior needs to be controlled, regulated or guided towards a desired state. It combines concepts from mathematics, physics, engineering, economics and computer science to study the dynamics of complex systems and develop control strategies to achieve optimal performance. The goal of control theory is to determine how a system can be controlled using feedback mechanisms, sensors and actuators to regulate its behavior in response to disturbances or changes in the environment. Control theory has numerous applications in various fields including robotics, process control, power systems, economics and aerospace engineering.;Meta
Trophoblast;The trophoblast is a group of cells that form the outer layer of the blastocyst, an early stage in mammalian embryonic development. These cells give rise to two distinct layers: cytotrophoblast and syncyotrophoblast. The cytotrophoblast is the inner layer, composed of tightly packed, cuboidal cells, while the syncyotrophoblast is a multinucleated, more compact outer layer responsible for invading the uterine lining and facilitating implantation of the blastocyst. This invasion also allows for the establishment of maternal-fetal circulation by creating openings in the placental barrier, enabling nutrient and waste exchange between mother and fetus.;Meta
Micelle;A micelle is a colloidal structure that consists of a hydrophobic core surrounded by a hydrophilic shell, formed in aqueous solutions when surfactants are present. The surfactant molecules arrange themselves in a way that their hydrophobic tails aggregate together at the center, while their hydrophilic heads interact with water on the periphery. This arrangement allows micelles to solubilize non-polar substances and stabilize emulsions by reducing the surface tension between two immiscible liquids. Micelle formation is an important phenomenon in various fields, including biology, chemistry, and engineering, where it plays a crucial role in the transportation of molecules across cell membranes and the formulation of pharmaceuticals and detergents.;Meta
Bode plot;The Bode plot is a graphical representation of the frequency response of a system, used to analyze its stability and performance. It consists of two plots: one for the magnitude of the system's response against frequency, and another for the phase shift between input and output signals against frequency. The Bode plot is obtained by plotting the magnitude and phase angle of the transfer function on a logarithmic scale against frequency. The resulting graph provides insight into the system's stability, damping ratio, and resonance characteristics. This analysis tool is commonly used in control theory to evaluate the performance of electronic circuits, mechanical systems, and other types of dynamic systems.;Meta
Erosion;Erosion is the process by which the Earth's surface is worn away or broken down through natural forces such as wind, water, ice, and gravity. It involves the removal and transportation of rock and soil particles from one location to another, resulting in changes to the landscape. Erosion can be classified into several types, including hydraulic erosion caused by flowing water, glacial erosion due to moving ice masses, and eolian erosion driven by wind action. The rate and pattern of erosion are influenced by factors such as climate, topography, vegetation cover, and human activities like deforestation or construction. Erosion can have significant impacts on the environment, including altering ecosystems, affecting water quality, and altering coastlines.;Meta
Radiative forcing;Radiative forcing refers to the change in the balance between incoming solar radiation and outgoing long-wave infrared radiation from a planet's atmosphere caused by external factors such as greenhouse gases, aerosols, or changes in cloud cover. It is measured in Watts per square meter and quantifies the potential impact of climate change on global temperatures. Positive radiative forcing leads to warming, while negative radiative forcing results in cooling. Greenhouse gases like carbon dioxide, methane, and nitrous oxide have strong positive radiative forcings due to their ability to trap infrared radiation. This concept is crucial for understanding and predicting climate change effects and has significant implications for policy decisions related to emission reduction and mitigation strategies.;Meta
Quorum sensing;Quorum sensing is a process by which bacteria communicate with each other through chemical signals to coordinate their behavior. This complex social interaction allows bacteria to adapt to their environment and respond to changes in population density. Quorum sensing involves the production, release, and detection of signaling molecules such as N-acyl homoserine lactones. These molecules can be detected by specific receptors on adjacent cells, triggering a response that may include biofilm formation, virulence factor expression, or bioluminescence regulation. This intricate communication network enables bacteria to optimize their survival and reproductive strategies in the face of changing environmental conditions.;Meta
QR decomposition;QR decomposition is a factorization technique used in linear algebra to decompose a square matrix into a product of an orthogonal matrix Q and an upper triangular matrix R. This decomposition is based on the Gram-Schmidt process, which produces an orthonormal basis from a set of vectors. The QR decomposition allows for efficient solutions to systems of linear equations and least-squares problems. It also provides a useful way to compute eigenvalues and eigenvectors of a matrix. QR decomposition is widely used in many fields such as computer graphics, signal processing, and machine learning. Various algorithms have been developed to efficiently compute the QR decomposition of a matrix.;Meta
ED50;The ED50 is a measure of the median effective dose of a substance in pharmacology, representing the dose required to produce a specific effect on 50% of the population being studied. It is used as a statistical estimate of the potency of a drug or other agent. The ED50 is often calculated from experimental data using various statistical methods and models, such as the probit analysis or logistic regression. The value can be expressed as a dose in units of mass or volume per unit body weight, allowing for direct comparison between different substances and populations. This measure provides valuable information on drug efficacy and potency in clinical settings.;Meta
Seizure;A seizure is a sudden surge of electrical activity in the brain that can cause changes in behavior, sensation, and motor function. It is a complex neurobiological phenomenon characterized by abnormal electrical discharges in the cerebral cortex. Seizures can be caused by various factors such as epilepsy, head trauma, infections, tumors, or metabolic disorders. During a seizure, neurons fire rapidly, releasing excessive amounts of neurotransmitters that disrupt normal brain activity. This disruption can lead to convulsions, loss of consciousness, and altered perceptions. The duration and severity of seizures vary depending on the underlying cause and individual factors such as age and medical history.;Meta
Bioreactor;A bioreactor is a vessel that supports a biological environment for the growth of cells, tissues, and microorganisms in controlled conditions. It provides optimal environments for microbial fermentation, cell culture, and tissue engineering applications. Bioreactors are used to produce biofuels, biochemicals, and pharmaceuticals through fermentation processes, as well as to cultivate animal cells, plant cells, and microorganisms for food and feed production. The bioreactor's design includes temperature control, aeration, agitation, and monitoring systems to maintain the optimal conditions necessary for cell growth and metabolic activity. Bioreactors are essential tools in industrial microbiology, tissue engineering, and regenerative medicine research and applications.;Meta
Glass fiber;Glass fiber is a type of reinforcing material used in composite materials. It is made from amorphous glass that has been drawn into thin strands. The process involves heating and stretching the glass to align its molecules, resulting in a strong and lightweight product. Glass fibers can be further treated with chemicals or coatings to enhance their properties such as surface texture, chemical resistance, or thermal stability. They are commonly used in composite materials like fiberglass-reinforced polymers, which have applications in construction, automotive, aerospace, and marine industries due to their high strength-to-weight ratio and corrosion resistance.;Meta
Laminin;Laminin is a type of glycoprotein that plays a crucial role in cell attachment, differentiation, migration, and adhesion to the extracellular matrix. It is a key component of the basement membrane, a thin layer of protein-rich tissue that separates epithelial cells from connective tissue. Laminin molecules are composed of three alpha chains and two beta chains, which interact with integrins on cell surfaces to facilitate adhesion and signal transduction. Alterations in laminin expression or function have been implicated in various diseases, including muscular dystrophy, cancer metastasis, and fibrosis, highlighting its importance in maintaining tissue structure and function.;Meta
Composite material;Composite materials are engineered assemblages of two or more distinct substances, typically a matrix material and reinforcing fibers or particles, that display enhanced properties over those of their individual components. This synergy arises from the spatial distribution and orientation of the constituent phases, which interact at multiple scales to create novel behavior. The resulting composite exhibits improved mechanical strength, stiffness, toughness, thermal stability, and resistance to corrosion and fatigue, among other benefits. Composite materials are used in a wide range of applications, including aerospace, automotive, construction, and consumer goods, where their unique combination of properties can be leveraged to optimize performance and efficiency.;Meta
Toll-like receptor;Toll-like receptors are a class of proteins that play a crucial role in the recognition of pathogen-associated molecular patterns by the innate immune system. They are expressed on the surface of various cells, including macrophages and dendritic cells, and function as pattern recognition receptors. Upon binding to specific ligands, such as lipopolysaccharides from Gram-negative bacteria or flagellin from motile bacteria, Toll-like receptors activate a signaling cascade that leads to the production of pro-inflammatory cytokines and type I interferons. This response helps to eliminate invading pathogens and initiate an adaptive immune response. The Toll-like receptor family has 10 members in humans.;Meta
Backpropagation;Backpropagation is a fundamental concept in artificial neural networks and machine learning, used to train and optimize the performance of complex models. It is a method for minimizing the difference between predicted outputs and actual target values by adjusting the network's weights and biases. The process involves propagating the error backwards from the output layer, through each hidden layer, to adjust the connections and weights accordingly. This technique enables neural networks to learn and adapt to new data, making it a crucial component of deep learning algorithms and applications such as computer vision, natural language processing, and speech recognition. Effective backpropagation relies on optimization techniques like gradient descent and stochastic gradient descent.;Meta
Receptor-mediated endocytosis;Receptor-mediated endocytosis is a cellular process by which cells internalize and degrade molecules that have bound to specific receptors on their surface. This process involves the clustering of receptors with bound ligands in clathrin-coated pits, which then invaginate into the cell membrane to form vesicles. These vesicles fuse with early endosomes, where the ligand is released from its receptor and degraded or recycled. Receptor-mediated endocytosis plays a crucial role in maintaining cellular homeostasis by regulating the levels of signaling molecules, nutrients, and other substances that enter the cell. It is also an essential mechanism for the internalization and degradation of pathogens such as viruses and bacteria.;Meta
Biopsy;"A biopsy is a medical procedure that involves removing a small tissue sample from the body for examination to determine the presence, cause, or extent of disease. The term ""biopsy"" comes from the Greek words ""bio,"" meaning life, and ""opsis,"" meaning sight. Biopsies are used in various medical fields, including pathology, surgery, and oncology. There are several types of biopsies, including fine-needle aspiration biopsy, core needle biopsy, and incisional biopsy. The tissue sample is typically examined under a microscope or with specialized equipment to identify abnormal cell growth or other pathological changes that may indicate disease.";Meta
Cladogram;A cladogram is a diagrammatic representation used in evolutionary biology to show the relationship among organisms based on their shared characteristics. It is a type of phylogenetic tree that illustrates the hierarchical relationships between different species and their common ancestors. Cladograms are constructed by comparing the morphology, genetics, or molecular data of various organisms to determine their evolutionary connections. The resulting diagram displays the branching patterns that reflect the relatedness among species, allowing researchers to visualize and understand their evolutionary history. This tool is essential in studying the diversification of life on Earth and tracing the ancestry of different groups of organisms.;Meta
Groundwater recharge;Groundwater recharge refers to the process by which water moves from the Earth's surface into underground aquifers. This can occur through various mechanisms, including precipitation infiltration, irrigation, and artificial recharge. The rate and amount of recharge depend on factors such as soil permeability, land use, and climate. Recharge areas are typically characterized by high levels of rainfall or irrigation, which allow excess water to percolate downward into the aquifer. Over time, this process can contribute significantly to the volume of groundwater stored in an aquifer, serving as a vital source for drinking water supply and agricultural use.;Meta
Polymerization;Polymerization is a chemical process in which small molecules known as monomers combine to form a larger molecule called a polymer. This process involves the formation of new covalent bonds between the monomers, resulting in a long-chain molecule with unique properties and characteristics. There are various types of polymerization reactions, including addition polymerization, condensation polymerization, and ring-opening polymerization. The conditions under which polymerization occurs can affect the final structure and properties of the resulting polymer, such as its molecular weight, melting point, and mechanical strength. Polymerization is a key process in the synthesis of various materials used in everyday life, including plastics, rubbers, adhesives, and fibers.;Meta
Statistics;Statistics is a branch of mathematics that deals with the collection, analysis, interpretation, presentation, and organization of data. It involves the application of mathematical theories and techniques to extract meaning from data, making it a vital tool for decision-making in various fields, including science, engineering, economics, social sciences, and medicine. Statistical methods are used to summarize and describe data, identify patterns and trends, and make predictions about future outcomes. Statistics also provides a framework for testing hypotheses and estimating population parameters from sample data, enabling researchers to draw conclusions with a degree of certainty. It has numerous applications in research, quality control, finance, and policy-making.;Meta
Alzheimer's disease;Alzheimer's disease is a progressive neurological disorder characterized by the degeneration of brain cells and their connections. It is the most common form of dementia, affecting over 50 million people worldwide. The primary symptoms include memory loss, language difficulties, and cognitive decline. Pathologically, Alzheimer's disease is marked by the accumulation of beta-amyloid plaques and tau protein tangles in the brain, leading to neuronal damage and death. Genetic factors, such as APOE4 allele, contribute to the risk of developing the disease, while environmental factors, including age, lifestyle, and comorbid conditions, also play a role. The disease is incurable, but various treatments aim to manage its progression and alleviate symptoms.;Meta
Red giant;A red giant is a luminous giant star that has exhausted its nuclear fuel in the core and has expanded to become much larger than it was in its main-sequence stage. This process typically occurs when a low-mass star, such as our Sun, has burned through its hydrogen fuel and begins fusing helium into heavier elements. As the star's fuel is depleted, its outer layers expand outward, increasing the star's radius while decreasing its surface temperature, resulting in the characteristic red color of these stars. The expanded size of a red giant can be so large that it can engulf nearby planets, including those in their habitable zones.;Meta
Habitat;Habitat refers to the natural environment in which a species lives, including both physical and biological components that interact with each other. It encompasses various factors such as climate, geography, soil type, vegetation, and available resources. A habitat provides the necessary conditions for survival, reproduction, and growth of a particular species. Habitats can be terrestrial, freshwater, or marine environments, and they vary in complexity from simple ecosystems to complex communities. Human activities often alter habitats, leading to changes in population dynamics, biodiversity loss, and ecosystem degradation. Understanding habitats is crucial for conservation efforts, as preserving natural habitats is essential for maintaining the health of species and ecosystems.;Meta
Ceramic;Ceramic is a type of material that is created through the transformation of raw materials, such as clay, silicates, and metal oxides, under high temperature conditions. This process, known as vitrification, results in the formation of a hard, non-metallic, and brittle solid with unique properties. The ceramic material's structure can be altered by varying the composition of its constituents, allowing for control over its mechanical, thermal, and electrical characteristics. Ceramics are widely used in various applications, including cookware, sanitary ware, abrasives, electronics, and refractory materials, due to their durability, resistance to corrosion and wear, and ability to withstand extreme temperatures.;Meta
Bayesian inference;Bayesian inference is a statistical framework that updates beliefs about a system's parameters based on new data using Bayes' theorem. It quantifies uncertainty through probability distributions and combines prior knowledge with sample information to make probabilistic predictions. Bayesian methods are used in numerous fields, including machine learning, signal processing, and image analysis. This approach allows for the incorporation of subjective expertise into statistical models, making it a powerful tool for handling complex uncertainties. Bayes' theorem is an essential component, relating conditional probabilities through the likelihood function, prior distribution, and posterior distribution.;Meta
Porosimetry;Porosimetry is a scientific technique used to measure the pore size distribution and volume of porous materials such as solids, liquids, and gases. It involves the determination of the diameter of pores in a material through various methods including capillary flow porometry, mercury intrusion porosimetry, and gas adsorption. The principle behind porosimetry is based on the relationship between pressure and pore size, where smaller pores are measured at higher pressures. This technique is widely used in various fields such as petroleum engineering, materials science, geology, and pharmaceuticals to analyze the properties of porous materials. Porosimetry provides valuable information about the structure and behavior of porous materials.;Meta
Lithium-ion battery;A lithium-ion battery is an electrochemical device that stores electrical energy through a chemical reaction between lithium ions and electrodes. It consists of three primary components: a positive cathode, negative anode, and electrolyte separator. During charging, lithium ions move from the cathode to the anode, while during discharge, they return to the cathode. The battery's efficiency is influenced by factors such as charge/discharge cycles, temperature, and internal resistance. Lithium-ion batteries have become widely used in portable electronics due to their high energy density, long lifespan, and relatively low self-discharge rate compared to other rechargeable battery types.;Meta
Schwann cell;The Schwann cell is a type of glial cell that provides support and insulation to neurons in the peripheral nervous system. It plays a crucial role in the development and maintenance of myelinated axons. Myelin, a fatty substance produced by Schwann cells, surrounds the axon and increases the speed of nerve signal transmission. The myelin sheath is composed of concentric layers of Schwann cell membranes that wrap around the axon. This process, called compaction, allows for efficient saltatory conduction, where electrical signals jump from node to node along the length of the axon. Dysregulation of Schwann cells has been implicated in various neurological disorders.;Meta
Pathophysiology;Pathophysiology is the study of the changes that occur in biological systems due to disease or injury. It involves a detailed understanding of the complex interactions between physiological processes and pathological conditions. This field examines how diseases alter normal cellular and molecular functions, leading to altered organ function and overall health consequences. The pathophysiological approach considers both short-term and long-term effects of disease on various body systems, including cardiovascular, respiratory, nervous, and endocrine systems. By analyzing the mechanisms underlying disease processes, researchers can develop more effective diagnostic tools and treatments to manage and potentially cure various conditions.;Meta
Quark;A quark is a fundamental particle in physics that constitutes protons and neutrons, which are found in atomic nuclei. Quarks have properties such as electric charge, color charge, and spin, and they come in six flavors: up, down, charm, strange, top, and bottom. Protons and neutrons consist of three quarks each, with the proton composed of two up quarks and one down quark, and the neutron composed of two down quarks and one up quark. Quarks are never found alone in nature but are always bound together with other quarks or antiquarks to form composite particles called hadrons. The strong nuclear force holds quarks together within these particles.;Meta
Fluid dynamics;Fluid dynamics is the branch of physics that studies the behavior of fluids under various forces and conditions. It involves the study of the physical principles governing the motion of liquids and gases, including their pressure, velocity, and temperature. Fluid dynamics encompasses a wide range of topics, from turbulent flows to ocean currents, and from atmospheric circulation to pipe flow. The field relies on mathematical models, such as Navier-Stokes equations, to describe fluid behavior and predict its interactions with solid boundaries. Understanding fluid dynamics is crucial in various fields, including engineering, meteorology, and oceanography, where accurate predictions are essential for design and safety considerations.;Meta
Knockin;"Knockin is a mouse model used in genetic research to study the function and regulation of genes involved in disease susceptibility and progression. The term ""knockin"" refers to the process of introducing a specific mutation into a gene, creating a knock-in mouse with altered gene expression. This approach allows scientists to investigate the effects of genetic variations on biological processes and their relationship to human diseases. Knockin mice are engineered by manipulating embryonic stem cells or germline cells, which are then used to create transgenic animals. By studying these mice, researchers can gain insights into the underlying mechanisms of various conditions and explore potential therapeutic interventions.";Meta
Surface plasmon resonance;Surface plasmon resonance is a phenomenon in which light interacts with free electrons at the surface of a metal, resulting in oscillations of these electrons, known as surface plasmons. This effect occurs when the energy from an incoming photon is transferred to the electrons at the metal's surface, causing them to vibrate or oscillate in synchrony with the incident electromagnetic field. The frequency of these oscillations corresponds to the energy of the photons and can be measured using a technique known as surface plasmon resonance spectroscopy. This phenomenon has significant applications in sensing technologies, such as biosensors and chemical sensors, where it is used to detect changes in the refractive index at the metal's surface.;Meta
Spatial cognition;Spatial cognition refers to the mental processes involved in perceiving, understanding, and interacting with one's environment. It encompasses various aspects of spatial knowledge, including navigation, wayfinding, orientation, and representation of space. The cognitive system uses multiple sources of information, such as visual, auditory, and proprioceptive cues, to construct a mental map of the surroundings. Spatial cognition also involves processes like attentional allocation, memory encoding, and retrieval of spatial information, which are essential for daily activities like commuting, shopping, or finding one's way around unfamiliar places. Research in spatial cognition aims to understand how people mentally represent space and how these representations influence behavior.;Meta
Calcium phosphate;Calcium phosphate is a group of calcium salts of phosphoric acid, which are widely found in nature and have diverse applications. The most common forms are hydroxyapatite, dicalcium phosphate, and tricalcium phosphate. Calcium phosphate is an important component of bones and teeth, where it plays a crucial role in the mineralization process. It is also used as a food additive, pharmaceutical excipient, and in dental materials. In addition, calcium phosphate has been explored for its potential in tissue engineering, bone regeneration, and drug delivery systems due to its biocompatibility and bioactivity. Its unique properties make it an essential substance in various fields of science and technology.;Meta
Metamaterial;A metamaterial is an artificial material engineered to have properties not typically found in naturally occurring materials. It can be designed to exhibit unique optical, electrical, and magnetic properties by arranging its constituent elements in a specific way. The microstructure of a metamaterial is critical in determining its macroscopic behavior. By tailoring the arrangement of particles or features at the nanoscale, researchers can create materials with specified frequency ranges for electromagnetic waves or other phenomena. Metamaterials have potential applications in fields such as electromagnetic engineering, acoustics, and optics. Researchers continue to explore new possibilities for manipulating light and energy using metamaterials.;Meta
Sensory cortex;The sensory cortex is a region in the brain that processes sensory information from various parts of the body. It is located in the parietal lobe and plays a crucial role in interpreting sensory data from the senses, including touch, temperature, pain, taste, smell, and vision. The primary sensory areas within the sensory cortex receive raw sensory input from sensory receptors and neurons, which are then processed and integrated to create a coherent perception of the world. Damage to specific areas of the sensory cortex can result in loss of sensation or distorted perceptions, highlighting its importance in sensory processing and integration.;Meta
Primordial black hole;A primordial black hole is a hypothetical type of black hole that formed in the early universe before the first stars were born. They are thought to have formed from density fluctuations in the universe's matter distribution during the Big Bang. These density fluctuations would have collapsed under their own gravity, creating small regions with incredibly high densities and thus forming primordial black holes. The mass of these hypothetical objects is still a topic of debate among scientists, with some estimates suggesting they could be as small as one solar mass or as large as millions of solar masses.;Meta
Decay chain;A decay chain is a sequence of radioactive decays that occur in unstable nuclei, resulting in a series of subsequent elements with progressively lower atomic numbers and increasing stability. This process involves the emission of particles such as alpha, beta, and gamma radiation to form more stable isotopes. The parent nucleus, which is typically radioactive, disintegrates into daughter nuclei through successive emissions of radiation, ultimately stabilizing or reaching a state of metastability. Examples of decay chains include the uranium-238 series and the thorium-232 series, where radionuclides undergo multiple decays to reach stable lead isotopes.;Meta
Localized surface plasmon;Localized surface plasmon refers to the collective oscillation of free electrons at the surface of a metal nanostructure, typically in the visible or near-infrared spectrum. This phenomenon occurs when light is incident upon the metal surface, causing the electrons to resonate and create an intense electromagnetic field near the surface. The localized nature of this effect allows for enhanced optical properties, such as absorption, scattering, and emission, which can be utilized in various applications including sensing, imaging, and photovoltaics. The frequency and amplitude of the plasmon are dependent on the metal's dielectric function, shape, size, and surrounding environment.;Meta
Centromere;"The centromere is a specialized chromosomal structure that plays a crucial role in ensuring accurate chromosome segregation during cell division. It is located at the junction between sister chromatids and serves as the attachment site for microtubules, which form the spindle apparatus necessary for separating chromosomes. The centromere is composed of repetitive DNA sequences, known as centromeric repeats, which are responsible for recruiting centromere-associated proteins that facilitate microtubule attachment. During mitosis, the centromere acts as a ""functional anchor"" for the kinetochore, enabling chromosome segregation and ensuring genome stability. Centromere dysfunction has been implicated in various diseases, including cancer and aneuploidy disorders.";Meta
Northern blot;The Northern blot is a laboratory technique used to detect specific RNA molecules in a sample by separating them according to size and hybridizing them with a labeled probe. It involves the following steps: RNA extraction, gel electrophoresis, transfer of RNA to a membrane, and finally, hybridization with a radioactive or fluorescently labeled probe that targets the desired sequence. This technique is particularly useful for studying gene expression levels in tissues and cells, as it allows researchers to quantify specific mRNA transcripts in a given sample. The Northern blot has applications in various fields including molecular biology, genetics, and medicine.;Meta
Large extra dimensions;"Large extra dimensions are a concept in theoretical physics that proposes the existence of additional spatial dimensions beyond the three we experience everyday: length, width, and height. These dimensions are thought to be compactified at a very small scale, on the order of 10^-18 meters or smaller. According to string theory, our universe is a four-dimensional brane, or membrane, floating in a higher-dimensional space called the ""bulk."" The extra dimensions are not directly observable, but they would have significant implications for our understanding of fundamental forces and particle interactions. They may also provide an explanation for the weakness of gravity compared to other forces.";Meta
Physical vapor deposition;Physical vapor deposition is a process used to deposit thin films onto a substrate by condensing vaporized materials onto its surface. This technique involves heating the material to be deposited to produce a gas phase, which then cools and condenses on the substrate. The resulting film can have precise control over thickness, composition, and crystal structure. Physical vapor deposition is widely used in various industries such as semiconductor manufacturing, solar cells, and thin-film coatings due to its high precision and flexibility. It can also be employed at low temperatures, making it suitable for sensitive substrates.;Meta
Cyclotron;A cyclotron is a type of particle accelerator that accelerates charged particles in a circular path using a magnetic field to steer them and electrostatic plates to accelerate them. The device consists of two semicircular electrodes, called dees, which are separated by a gap. A beam of charged particles enters the gap between the dees and is accelerated towards one dee, then deflected by the magnetic field into a circular path. As the particles complete each orbit, they gain energy due to the acceleration provided by the electrostatic plates. Cyclotrons are used in nuclear physics research to accelerate ions and study the properties of subatomic particles.;Meta
Industrial symbiosis;Industrial symbiosis is a concept in industrial ecology that refers to the interconnected exchange of materials, energy, water, and by-products between different industries within a region, with the goal of reducing waste and increasing efficiency. This phenomenon was first observed at Kalundborg, Denmark, where companies exchanged resources such as steam, heat, and electricity, resulting in significant cost savings and environmental benefits. Industrial symbiosis involves collaboration between companies to identify opportunities for synergy and mutual benefit, often facilitated by the use of industrial parks or clusters. By sharing resources and minimizing waste, industries can achieve greater economic viability while reducing their environmental footprint.;Meta
Blueshift;Blueshift is a phenomenon in astronomy where the light emitted by a celestial object appears shifted towards the blue end of the visible spectrum due to its motion relative to the observer. This shift occurs because the object's velocity causes it to move closer to the observer, compressing the light waves and increasing their frequency. As a result, the blueshifted light is seen as having a shorter wavelength, giving it a bluish hue. Blueshifts are typically observed in galaxies and star clusters that are moving towards us at significant velocities, making them useful tools for measuring the motion of celestial objects in our universe.;Meta
Abstract algebra;Abstract algebra is a branch of mathematics that deals with the study of algebraic structures, such as groups, rings, and fields, through abstract reasoning. It emerged in the late 19th century as an attempt to generalize algebraic methods to a more general context. The discipline focuses on the properties and behavior of these algebraic structures, often using tools from topology, geometry, and number theory. Abstract algebra has far-reaching applications in computer science, cryptography, coding theory, and other areas of mathematics, and has led to significant advances in our understanding of symmetry, group actions, and Galois theory. It provides a unified framework for studying various mathematical objects and their interactions.;Meta
Stimulated emission;"Stimulated emission is a process in which an excited atom or molecule releases energy when interacting with a photon having the same frequency and phase as the emitted radiation. It is a fundamental principle in quantum mechanics and laser physics, describing how atoms or molecules can be ""tripped"" into releasing their excess energy by absorbing photons of matching frequencies. This phenomenon was first predicted by Albert Einstein in 1917 as part of his explanation for the photoelectric effect, which led to the development of lasers and other coherent light sources. Stimulated emission is a key component of masers and lasers, allowing these devices to amplify weak signals to produce intense, coherent beams of light.";Meta
Rheumatoid arthritis;Rheumatoid arthritis is a chronic inflammatory disorder that primarily affects joints, causing pain, stiffness, and swelling. It occurs when the immune system mistakenly attacks the lining of the joints, known as synovium, leading to inflammation and joint damage. The exact cause of rheumatoid arthritis is unknown, but it is believed to result from a combination of genetic and environmental factors. The disease is characterized by symmetrical polyarthritis, with multiple joints involved, and often accompanied by systemic symptoms such as fever, fatigue, and weight loss. Over time, rheumatoid arthritis can lead to severe joint damage, disability, and reduced quality of life if left untreated or poorly managed.;Meta
Rankine cycle;The Rankine cycle is a thermodynamic cycle used to generate steam power. It consists of four processes: isentropic compression, constant-pressure heat addition, isentropic expansion, and constant-pressure heat rejection. The cycle begins with isentropic compression, where high-pressure liquid water is compressed into a high-temperature gas. Heat is then added at constant pressure in the boiler, converting the gas to superheated steam. The superheated steam expands through a turbine, generating mechanical work. Finally, the expanded steam is cooled in a condenser and condensed back into low-pressure liquid water. This cycle is widely used in power plants and heat recovery systems.;Meta
Chromatin remodeling;Chromatin remodeling is a dynamic process that involves the reorganization of chromatin structure to facilitate gene expression and regulation. This process is mediated by chromatin remodeling complexes, which utilize ATP-dependent mechanisms to alter nucleosome positioning, histone modifications, and DNA accessibility. Chromatin remodeling enables cells to respond to various signals, including transcription factors, hormones, and environmental cues. Changes in chromatin structure can also contribute to disease states, such as cancer, where aberrant gene expression is a hallmark. The process of chromatin remodeling is essential for development, cell differentiation, and response to stress, highlighting its crucial role in maintaining cellular homeostasis. Chromatin remodeling complexes are highly conserved across eukaryotes.;Meta
Proof of work;Proof of work is a consensus algorithm used in cryptocurrency networks to validate transactions and create new blocks in the blockchain. It requires miners to solve complex mathematical puzzles, which consumes computational power and energy. Miners compete to solve the puzzle first, and the winner is rewarded with newly minted cryptocurrency and transaction fees. The solution serves as proof that significant computational work has been performed, thereby validating the transactions included in the block. This process helps maintain the integrity of the blockchain by ensuring that transactions are secure, tamper-proof, and publicly visible.;Meta
Linkage disequilibrium;Linkage disequilibrium is a term in genetics that describes the non-random association of alleles at different loci within a population. This phenomenon occurs when specific genetic variants are inherited together more frequently than expected by chance due to their physical proximity on the same chromosome, reducing recombination between them. Linkage disequilibrium can be caused by various factors, including recent admixture events or strong selection pressures acting on a subset of alleles. As a result, linkage disequilibrium is often used in genetic association studies to identify linked variants that may influence disease susceptibility or other complex traits. The degree and extent of linkage disequilibrium vary among populations and can provide insights into evolutionary history and demographic processes.;Meta
Lymph node;Lymph nodes are small, bean-shaped structures that play a crucial role in the immune system by filtering lymph fluid, which is a clear liquid that carries white blood cells throughout the body. Located near lymphatic vessels, these nodes trap pathogens such as bacteria and viruses, activating an immune response to eliminate them. They also contain immune cells called T-cells and B-cells, which help to recognize and destroy foreign substances. In addition to filtering lymph fluid, lymph nodes store and mature immune cells, and also produce chemical signals that stimulate the immune system to respond to infections. Damage or inflammation of lymph nodes can lead to various health issues.;Meta
Plasmonics;Plasmonics is a branch of nanophotonics that deals with the study of surface plasmons, collective oscillations of free electrons in metals. These oscillations can be excited by light, giving rise to intense electromagnetic fields near metal surfaces. Plasmonics exploits these properties for various applications such as surface-enhanced Raman spectroscopy, optical sensing, and subwavelength imaging. The interaction between surface plasmons and incident light can lead to enhanced absorption, scattering, or emission of light, depending on the configuration. By manipulating the size, shape, and arrangement of metal nanoparticles, researchers aim to control these effects for innovative applications in fields like medicine, security, and telecommunications.;Meta
Computational biology;Computational biology is an interdisciplinary field that combines computer science, mathematics, and biology to analyze and interpret biological data. It uses computational techniques and statistical models to understand complex biological systems, such as genetic networks and protein interactions. Computational biologists apply machine learning algorithms to predict gene expression patterns, identify disease-causing mutations, and develop personalized medicine approaches. This field also involves the development of new algorithms and tools for analyzing large-scale genomic and proteomic data. Researchers in computational biology seek to understand the underlying mechanisms of life, enabling breakthroughs in fields such as genomics, bioinformatics, and systems biology.;Meta
Mesoderm;Mesoderm is one of the three primary germ layers that form during embryogenesis in multicellular organisms. It arises from the blastula stage and is characterized by its ability to give rise to a wide range of tissues and organs, including muscles, bones, blood vessels, and connective tissue. The mesoderm layer forms between the ectoderm and endoderm layers through a process called gastrulation. As it differentiates, the mesoderm gives rise to various secondary germ layers, such as the somites, which eventually develop into skeletal muscle and dermis. The mesoderm plays a crucial role in embryonic development and organogenesis, ultimately contributing to the formation of many adult tissues and organs.;Meta
Percolation;Percolation is a scientific concept that describes the process by which fluid flows through a porous medium, such as sand or soil. It is a complex phenomenon that has been extensively studied in fields like hydrology, geology, and materials science. Percolation occurs when a certain threshold of pore space is filled with fluid, allowing it to flow freely throughout the medium. The percolation transition is characterized by a sharp increase in fluid flux as the pore space approaches this critical threshold. Mathematical models have been developed to describe percolation phenomena, including the concept of percolation thresholds and the formation of clusters and networks within the porous medium.;Meta
Fungus;Fungi are eukaryotic organisms that belong to the kingdom Fungi, comprising over 100,000 identified species. They are heterotrophic, obtaining nutrients by decomposing organic matter or forming symbiotic relationships with other organisms. Fungal cells have cell walls composed of chitin and are primarily aquatic, though some species thrive in terrestrial environments. The process of fungal growth involves the formation of hyphae, branching filaments that intermingle to create a network called mycelium. Mycorrhizal fungi associate with plant roots, facilitating nutrient exchange, while saprotrophic fungi break down organic matter. Pathogenic fungi infect and colonize hosts, causing diseases in plants and animals.;Meta
Allosteric modulator;An allosteric modulator is a type of molecule that binds to a protein at a site other than its active site, altering its activity without directly participating in the catalytic reaction. Allosteric modulation can either enhance or inhibit the enzyme's activity depending on the type of interaction. The binding of an allosteric modulator changes the shape and structure of the protein, affecting its substrate binding affinity, stability, and function. This regulation is reversible and can be specific to certain conditions or cell types, allowing for precise control over enzyme activity in various biological processes.;Meta
Radiosensitivity;Radiosensitivity is the susceptibility of living organisms to damage caused by ionizing radiation. Ionizing radiation has sufficient energy to remove tightly bound electrons from atoms, resulting in the formation of ions and free radicals that can cause DNA damage. Radiosensitive cells are more susceptible to DNA damage and therefore more likely to undergo cell death or mutations when exposed to ionizing radiation. In humans, radiosensitivity varies between tissues with bone marrow, lymphoid tissue, and reproductive organs being particularly sensitive. Exposure to high levels of ionizing radiation can lead to acute radiation syndrome, a condition characterized by severe symptoms including nausea, vomiting, diarrhea, fatigue, and even death.;Meta
Theory of mind;The Theory of Mind refers to the cognitive ability to attribute mental states, such as intentions, desires, and beliefs, to oneself and others. This concept was first introduced by philosopher Daniel Dennett in 1978 and has since been extensively studied in fields including psychology, philosophy, and neuroscience. Research suggests that humans possess a unique capacity for Theory of Mind, which is essential for social understanding, empathy, and cooperation. The ability to attribute mental states is thought to emerge around the age of four and continues to develop throughout childhood and adolescence. Impairments in Theory of Mind have been linked to neurological disorders such as autism spectrum disorder.;Meta
Calcium imaging;Calcium imaging is an optical technique used to visualize and measure changes in intracellular calcium concentrations within living cells. It relies on fluorescent indicators that bind to calcium ions, causing a detectable change in fluorescence emission. This method allows researchers to study various cellular processes, such as signaling pathways, synaptic transmission, and muscle contraction. The most common techniques include two-photon microscopy and confocal microscopy, which enable high-resolution imaging of specific cell populations or structures within the brain or other tissues. Calcium imaging is a powerful tool for understanding neural circuitry, developmental biology, and disease mechanisms.;Meta
Spheroid;A spheroid is a three-dimensional geometric shape that approximates a sphere but with a slightly flattened or elongated form, either oblate or prolate. Spheroids occur in various natural and synthetic contexts, such as planetary bodies, astronomical objects, and molecular structures. In geology, spheroid shapes are found in boulders and rock formations, while in materials science, they describe the shape of particles or crystals. The study of spheroids involves geometry and mathematics, particularly in the fields of differential geometry and topology, where they are used to model curved surfaces and shapes in various dimensions.;Meta
Aldosterone;Aldosterone is a steroid hormone produced by the adrenal glands that plays a crucial role in regulating electrolyte balance and blood pressure. It acts on the kidneys to reabsorb sodium and water, thereby increasing blood volume and promoting water retention. Aldosterone also stimulates potassium excretion, which helps maintain proper acid-base balance in the body. The production of aldosterone is regulated by the renin-angiotensin system, a feedback loop that senses changes in blood pressure and electrolyte levels to adjust hormone secretion accordingly. Imbalances or deficiencies in aldosterone can lead to conditions such as hypertension, hypokalemia, and adrenal insufficiency.;Meta
Clonal selection;Clonal selection is a fundamental concept in immunology that describes how the immune system generates and selects lymphocytes to respond to specific antigens. It was first proposed by Sir Frank Macfarlane Burnet in 1957. According to this theory, a large pool of immature lymphocytes, or blasts, circulates through the body, each with unique antigen receptors on their surface. When an antigen is encountered, only those blasts that can bind to it are activated and mature into effector cells, such as plasma cells or cytotoxic T cells, which then multiply to produce antibodies or kill infected cells. This process allows for a rapid and specific response to pathogens while minimizing self-reactivity.;Meta
Broca's area;"Broca's area is a region in the frontal lobe of the left hemisphere of the brain involved in speech production and language processing. It was first identified by French neurologist Paul Broca in 1861 after studying the case of a patient who could only utter a few words, ""tan"", ""d'homme"", and ""gras"". Lesion studies have consistently shown that damage to Broca's area results in non-fluent aphasia, characterized by difficulty articulating words, struggle to find the right words, and preservation of understanding language. The area is thought to be responsible for the formulation of speech sounds and phonology, with connections to areas involved in grammar and syntax, such as Wernicke's area.";Meta
Apoptosis;Apoptosis is a process of programmed cell death that occurs in multicellular organisms, eliminating unwanted cells through a series of cellular changes and molecular interactions. It plays a crucial role in maintaining tissue homeostasis, regulating cell proliferation, and preventing cancer. Apoptotic cells undergo characteristic morphological changes, including membrane blebbing, DNA fragmentation, and chromatin condensation, ultimately leading to cell lysis without inducing inflammation. This process is tightly regulated by a complex interplay of pro-apoptotic and anti-apoptotic signals, mediated by genes such as p53 and Bcl-2, which can be influenced by external factors like stress, DNA damage, or hormonal changes. Abnormalities in apoptosis have been implicated in various diseases, including cancer, neurodegenerative disorders, and autoimmune conditions.;Meta
Perfusion;Perfusion is the process by which blood flows through the capillaries to deliver oxygen and nutrients to tissues and remove waste products. It is a critical aspect of cardiovascular physiology and plays a vital role in maintaining tissue function and overall health. Perfusion rates can be influenced by factors such as cardiac output, vascular resistance, and hematocrit levels. Inadequate perfusion can lead to tissue ischemia, while excessive perfusion can result in edema and tissue damage. The study of perfusion is essential for understanding cardiovascular disease and developing effective treatments for conditions such as shock, sepsis, and peripheral artery disease.;Meta
Tidal volume;Tidal volume is the amount of air inhaled or exhaled during a normal breathing cycle. It is typically defined as approximately 500 milliliters for an average adult human. During inspiration, the diaphragm and intercostal muscles contract to increase thoracic cavity volume, allowing for the inhalation of air into the lungs. The tidal volume is influenced by factors such as age, sex, body size, and respiratory health. A higher tidal volume indicates increased respiratory effort or underlying lung disease, while a lower tidal volume may indicate fatigue or respiratory muscle weakness. Tidal volumes are commonly measured in clinical settings to assess respiratory function and diagnose various pulmonary conditions.;Meta
Spectroscopy;Spectroscopy is the measurement of the interaction between matter and electromagnetic radiation, which can include light, X-rays, or other forms of energy. The technique involves analyzing the absorption, emission, transmission, or reflection of energy by a sample to determine its molecular composition and structure. Spectroscopic methods are used in various fields such as chemistry, physics, astronomy, and biology to identify substances, monitor chemical reactions, and study material properties. There are several types of spectroscopy, including infrared, nuclear magnetic resonance, and X-ray photoelectron spectroscopy. Each type has its own specific range of wavelengths and applications, but all rely on the principle that molecules interact with energy in a unique way, allowing them to be identified and studied.;Meta
Receiver operating characteristic;The Receiver Operating Characteristic is a graphical representation used to evaluate the performance of a binary classifier in distinguishing between two classes, typically representing positive and negative outcomes. It plots the true positive rate against the false positive rate at various threshold settings. The ROC curve is characterized by its area under the curve, which indicates the model's ability to separate the classes correctly. A higher AUC value signifies better discrimination performance. ROC analysis is commonly used in medicine, finance, and other fields where binary classification decisions are critical. It helps in selecting the optimal cut-off point for classifying data.;Meta
Serotonin;Serotonin is a monoamine neurotransmitter that plays a crucial role in various physiological processes including mood regulation, appetite control, and sleep-wake cycle modulation. It is synthesized from tryptophan, an essential amino acid, by the enzyme aromatic L-amino acid decarboxylase in the brain. Serotonin receptors are distributed throughout the central nervous system and are involved in regulating emotional responses, cognitive functions, and social behaviors. An imbalance of serotonin levels has been implicated in various neuropsychiatric disorders such as depression, anxiety, and obsessive-compulsive disorder. Selective serotonin reuptake inhibitors are commonly used to treat these conditions by increasing the concentration of serotonin available for neurotransmission.;Meta
Hydroxyapatite;Hydroxyapatite is a naturally occurring calcium phosphate mineral found in bones and teeth of humans and animals. It is composed of calcium ions and phosphate ions in a specific ratio, with a small amount of hydroxide ions. The chemical formula for hydroxyapatite is Ca53, which indicates the presence of five calcium ions, three phosphate groups, and one hydroxide group. Hydroxyapatite is highly biocompatible and is widely used in medical applications, including bone grafts, implants, and dentures. It also has applications in various industries such as cosmetics and food processing due to its unique properties and stability in aqueous solutions.;Meta
Chitin;Chitin is a long-chain polymer of N-acetylglucosamine, a derivative of glucose, found in the exoskeletons of arthropods such as insects and crustaceans, as well as in the cell walls of fungi. It is the second most abundant polysaccharide on Earth after cellulose. Chitin's properties make it suitable for use in various applications, including biodegradable plastics, biomedical implants, and water filtration systems. The molecular structure of chitin is composed of a β-1,4-glycosidic linkage between N-acetylglucosamine units, which provides its rigidity and strength. Chitin's production has been optimized by certain fungi, such as the fungus Fusarium oxysporum, which produces it as a major component of their cell walls.;Meta
Quantum cryptography;Quantum cryptography is a method of secure communication that uses quantum mechanics to encode and decode messages. It relies on the principles of superposition and entanglement to create secure keys for encryption. When two parties want to communicate securely, they can use a quantum key distribution system to generate and share a secret key. This key is then used to encrypt and decrypt messages, ensuring that only the intended recipient can access the information. Quantum cryptography has been demonstrated to be virtually unbreakable, as any attempt to eavesdrop on the communication would introduce errors into the quantum state of the particles being transmitted.;Meta
Gene flow;Gene flow is the transfer of genetic information from one population to another through migration or movement of individuals. This process can occur through various mechanisms, including natural dispersal, human activity, and hybridization between different species. Gene flow can lead to changes in allele frequencies and increased genetic diversity within a population. It also facilitates gene admixture, which is the mixing of genes from different populations, resulting in the creation of new genotypes and phenotypes. Gene flow plays a significant role in shaping the evolution and adaptation of organisms, influencing their fitness and survival in changing environments. It can lead to changes in population structure and genetic variation.;Meta
Titer;Titer is a scientific term used to describe the concentration of antibodies or antigens in a biological sample. It is commonly measured in units such as milligrams per liter or grams per liter. The titer can be determined using various laboratory techniques, including enzyme-linked immunosorbent assay and radioimmunoassay. In medicine, measuring the titer of antibodies is crucial for diagnosing and monitoring diseases such as HIV and hepatitis. A high titer may indicate an active infection or immune response, while a low titer may suggest a past exposure or vaccination. The titer can also be used to monitor the effectiveness of immunotherapy treatments.;Meta
Phospholipid;Phospholipids are a class of lipids that contain phosphate groups and participate in cellular processes such as cell signaling and membrane formation. They are composed of a glycerol backbone linked to two fatty acid chains and one phosphoric acid chain, which is often attached to various organic compounds like choline or ethanolamine. Phospholipids play a crucial role in maintaining the structure and function of cell membranes by forming lipid bilayers with hydrophobic tails facing inward and polar heads facing outward. This structure allows for the selective permeability and fluidity of cellular membranes, facilitating the transport of molecules across them.;Meta
Demodulation;Demodulation is a process in signal processing where the original information-bearing signal is extracted from a modulated carrier wave. This technique is used to recover the original message or data from a transmitted signal that has been altered by modulation, such as amplitude shift keying, frequency shift keying, and phase shift keying. Demodulation involves reversing the modulation process to retrieve the original information-bearing signal. The demodulated signal is then decoded to extract the original data or message. Various demodulation techniques exist, including coherent demodulation, incoherent demodulation, and direct sequence spread spectrum demodulation.;Meta
Josephson effect;The Josephson effect is a quantum phenomenon in which a current flows through a junction between two superconducting materials when a voltage is applied across it. This effect was first observed by Brian Josephson in 1962 and was awarded the Nobel Prize in Physics in 1973. When a small voltage is applied to a Josephson junction, it causes an oscillating current that is a function of the phase difference between the two superconductors. The Josephson effect has important applications in the development of superconducting electronics and quantum computing devices, where it is used to generate high-frequency signals and manipulate quantum states.;Meta
Lab-on-a-chip;Lab-on-a-chip is a microfluidic device that integrates multiple laboratory functions onto a single compact platform. It allows for the manipulation and analysis of small amounts of fluids, typically in the range of nanoliters to microliters. The technology is based on the miniaturization of laboratory equipment and techniques, enabling rapid and precise processing of biological samples. Lab-on-a-chip devices are often used in point-of-care diagnostics, research, and pharmaceutical applications, where their portability, speed, and low sample requirements offer significant advantages over traditional benchtop instrumentation. The technology relies on microfabrication techniques to create tiny channels, chambers, and sensors that can perform a variety of functions, including mixing, separation, and detection.;Meta
Ecology;Ecology is the scientific study of the relationships between organisms and their environment. It encompasses the interactions among living things, including plants, animals, fungi, and microorganisms, as well as the physical and chemical components of their surroundings. Ecologists examine how these interactions affect the distribution, abundance, and diversity of species within ecosystems, which can range from small communities to entire biomes. By analyzing the dynamics of energy flow, nutrient cycling, and population growth, ecologists seek to understand the complex web of relationships that sustains life on Earth. This knowledge informs conservation efforts, ecosystem management, and sustainable resource use.;Meta
Semantic memory;Semantic memory is a type of long-term memory that refers to the recall of factual knowledge and semantic information about the world. This form of memory is responsible for storing and retrieving conceptual information, such as word meanings, definitions, and general knowledge. It is often associated with the left hemisphere of the brain and is thought to be mediated by the temporal lobe. Semantic memory is distinct from episodic memory, which involves the recall of personal experiences and events. The neural basis of semantic memory is still being researched, but it is believed to involve a network of interconnected areas in the brain's temporal and parietal lobes.;Meta
de novo synthesis;De novo synthesis is a biological process in which organisms produce complex organic molecules from simpler precursors through a series of chemical reactions. This process occurs in various cellular pathways and involves multiple enzymes that catalyze specific reactions to build the target molecule. In de novo synthesis, the cell uses energy sources such as ATP and NADPH to drive the reaction forward. The end product is often a crucial biomolecule like amino acids, nucleotides, or lipids. De novo synthesis is essential for life, allowing cells to synthesize necessary molecules when they are not readily available from their environment. This process is vital for growth, maintenance, and reproduction in living organisms.;Meta
Thermohaline circulation;Thermohaline circulation is a critical component of global ocean circulation that plays a vital role in regulating Earth's climate. It is driven by changes in temperature and salinity, which affect the density of seawater, leading to sinking or rising movements. In regions with high latitude, cold temperatures increase water density, causing it to sink and drive deep-water formation. As this dense water spreads globally, it becomes less saline due to evaporation, eventually returning to the surface as a buoyant current. This continuous process facilitates heat transport between low- and high-latitude regions, influencing regional climate patterns. It is also crucial for oceanic nutrient cycling and global carbon sequestration.;Meta
FLUKA;FLUKA is a Monte Carlo particle transport code used for simulating various types of radiation interactions with matter. Developed by the European Organization for Nuclear Research, FLUKA models complex physical processes such as hadronic and electromagnetic interactions, neutron transport, and photon production. It has been widely applied in nuclear physics research, astrophysics, and medical applications, including radiation therapy and shielding design. FLUKA's flexible input options and detailed output enable researchers to analyze and visualize the behavior of particles in diverse materials and environments, facilitating a deeper understanding of radiation interactions and their effects on matter.;Meta
Psychophysics;Psychophysics is the scientific study of the relationship between physical stimuli and their perceived effects on the human mind. It seeks to quantify the way in which physical sensations are translated into conscious experiences. The field combines techniques from psychology, neuroscience, and physics to understand how sensory information is processed and interpreted by the brain. Psychophysical methods often involve measuring the threshold at which a stimulus is just perceivable, or the magnitude of perceived sensation as a function of stimulus intensity. This approach has been used to study various aspects of human perception, including vision, hearing, touch, taste, and smell.;Meta
Pericyte;Pericytes are specialized mural cells that surround blood vessels, including capillaries, venules, and arterioles. They play a crucial role in maintaining vascular homeostasis by regulating blood flow, immune cell trafficking, and nutrient delivery to tissues. Pericytes are derived from the mesoderm and can be divided into two subpopulations: quiescent pericytes and activated pericytes. The latter undergoes rapid proliferation and changes its gene expression profile in response to tissue injury or inflammation. Pericytes also contribute to angiogenesis, the formation of new blood vessels, by promoting endothelial cell migration and differentiation. Their dysfunction has been implicated in various diseases, including cancer, atherosclerosis, and diabetic retinopathy.;Meta
Kelvin wave;A Kelvin wave is a type of oceanic internal wave that propagates horizontally in the ocean's thermocline, which is the layer where temperature and density change with depth. It was first described by Lord Kelvin in 1879 as a way to describe the motion of water in the ocean. Kelvin waves are formed when wind stress or tidal currents create ripples on the surface of the ocean, which then propagate downward into the thermocline. They can have amplitudes of up to several meters and play an important role in mixing and transporting heat and nutrients throughout the ocean. Kelvin waves also contribute to oceanic processes such as upwelling and coastal erosion.;Meta
Elliptic curve;Elliptic curve is a mathematical concept used in number theory, cryptography, and algebraic geometry. It is a type of algebraic curve defined over a finite field, typically the real numbers or complex numbers. In an elliptic curve, the sum of two points on the curve yields another point on the curve, allowing for group operations. The security of many cryptographic protocols relies on the difficulty of certain problems related to elliptic curves, such as the discrete logarithm problem and the elliptic curve Diffie-Hellman key exchange. Elliptic curves can also be used in various applications, including coding theory, quantum mechanics, and statistical analysis.;Meta
Anaphylaxis;Anaphylaxis is a severe, life-threatening allergic reaction that occurs within minutes to hours after exposure to an allergen. It is mediated by the release of histamine and other chemical mediators from mast cells, leading to symptoms such as hives, itching, swelling, abdominal cramps, diarrhea, difficulty breathing, rapid heartbeat, and a drop in blood pressure. The severity of anaphylaxis can range from mild to severe, with some cases progressing rapidly to respiratory failure or cardiac arrest if not promptly treated with epinephrine administration. Diagnosis is primarily based on clinical presentation, and treatment involves administering epinephrine via auto-injector devices such as EpiPen or Anapen.;Meta
Heterochromatin;Heterochromatin is a type of dense, compact chromatin that is often found in regions of chromosomes that are not actively transcribing genes. This complex of DNA and histone proteins is resistant to nuclease digestion and stains more intensely with certain dyes than euchromatin. Heterochromatin can be composed of repetitive sequences such as satellite DNA or centromeric heterochromatin, which contains highly compacted chromatin that helps to regulate the segregation of chromosomes during cell division. The formation of heterochromatin is associated with gene silencing and can also contribute to genetic variability through mechanisms such as genomic rearrangements.;Meta
Ghrelin;Ghrelin is a peptide hormone produced by the gastrointestinal tract that plays a crucial role in regulating appetite and metabolism. It stimulates food intake and promotes fat storage, whereas its inhibition suppresses feeding behavior. Ghrelin levels are highest before meals and decrease after eating, indicating its involvement in meal initiation and termination. The hormone is primarily secreted by the stomach lining but also produced in smaller amounts by other tissues, including the pancreas and adipose tissue. Research has shown that ghrelin levels are altered in various physiological and pathological states, such as hunger, satiety, fasting, obesity, and diabetes, highlighting its significance in energy balance regulation.;Meta
Magnon;A magnon is a quasiparticle that represents the quantized collective excitation of spin waves in magnetic materials. It is a key concept in solid-state physics and has significant implications for understanding magnetic properties and behavior. Magnons are created when a magnetic material's spins align in a specific direction, allowing for the transfer of energy between neighboring spins. The study of magnons is crucial in understanding phenomena such as magnetization reversal, spin transport, and thermal effects in magnetic materials. Research on magnons has led to advances in fields like spintronics, where they play a vital role in storing and processing information.;Meta
Meta-analysis;Meta-analysis is a statistical technique used to combine the results of multiple studies in order to draw more general conclusions about a research question. It involves collecting and analyzing data from individual studies, often using systematic review methods, and then synthesizing the findings through quantitative or qualitative methods. This allows researchers to identify patterns, trends, and inconsistencies across studies, providing a more comprehensive understanding of the topic being investigated. Meta-analysis can be used in various fields, including medicine, psychology, education, and social sciences, to synthesize evidence and inform policy decisions. It is considered a powerful tool for summarizing large amounts of data from multiple sources.;Meta
Diffraction grating;A diffraction grating is a physical structure with a regular pattern of narrow slits, typically made on a material such as glass or metal. When light passes through these slits, it bends around the edges and creates an interference pattern on a screen behind the grating. This occurs due to the varying path lengths that light takes between each slit, resulting in constructive and destructive interference. The spacing of the slits determines the angle at which the diffracted light is visible, making diffraction gratings useful for separating colors, measuring wavelengths, and analyzing optical properties of materials. They are commonly used in spectroscopy, laser technology, and optical communication systems.;Meta
Modular form;Modular form is a concept in number theory that describes functions on the upper half-plane that are invariant under certain transformations called modular transformations. These functions have a specific type of symmetry that allows them to be expressed as power series expansions at each point of the upper half-plane. The most well-known example of a modular form is the j-invariant, which is used in elliptic curve cryptography. Modular forms are also connected to the theory of elliptic curves and play a crucial role in the study of their properties and behavior. They have numerous applications in number theory, algebraic geometry, and mathematical physics.;Meta
Dynamic programming;Dynamic programming is a mathematical optimization technique used to solve complex problems by breaking them down into smaller sub-problems. It involves solving each sub-problem only once and storing the solutions in a memory-based table for future reference. This approach avoids redundant computation and reduces time complexity. Dynamic programming is particularly useful for problems that exhibit overlapping sub-problems or optimal substructure, where the problem can be decomposed into smaller instances of itself. The technique relies on two key properties: optimal substructure, which allows breaking down problems into simpler components, and overlapping sub-problems, which enables storing solutions to avoid redundant computation.;Meta
Biocatalysis;Biocatalysis is the use of enzymes or microorganisms to catalyze chemical reactions in a controlled environment. This process mimics the way living organisms naturally break down and synthesize compounds. Biocatalysts can enhance reaction rates, selectivity, and yield while reducing energy consumption and waste generation. The advantages of biocatalysis include improved product quality, lower costs, and increased sustainability compared to traditional chemical synthesis methods. Applications of biocatalysis range from food processing to pharmaceutical production, with specific examples including the manufacture of biofuels, amino acids, and chiral compounds. Biocatalytic reactions often occur under mild conditions, making them suitable for sensitive or high-value substrates.;Meta
Partial agonist;A partial agonist is a type of drug that binds to a receptor and activates it, but with less intensity than a full agonist. While a full agonist maximizes the physiological response by fully occupying the receptor site, a partial agonist occupies only a portion of the available sites, resulting in a partial or reduced effect. This property allows for tailored pharmacological responses that are intermediate between those produced by agonists and antagonists. Partial agonists are often used to reduce side effects associated with full agonists while maintaining therapeutic efficacy, making them valuable in various clinical applications.;Meta
X-inactivation;X-inactivation is a process that occurs in female mammals to equalize gene expression from the two X chromosomes present in their cells. This phenomenon ensures that genes on the X chromosome are not overexpressed due to the presence of an extra copy, which would disrupt cellular function and lead to developmental problems. In somatic cells, one X chromosome is randomly silenced through epigenetic modifications, such as DNA methylation and histone modification. This process, discovered by Mary F. Lyon in 1961, ensures that each cell has only one active X chromosome, thereby preventing the detrimental effects of X-chromosome duplication.;Meta
Semiconductor;A semiconductor is a material with electrical conductivity between that of a conductor and an insulator. It can control the flow of electric current through the application of an external electric field. Semiconductors are typically made from silicon, which has four valence electrons in its outermost shell, allowing it to easily form bonds with other atoms. The number of free electrons or holes in a semiconductor can be altered by introducing impurities or applying heat and light energy. This property makes semiconductors crucial for the manufacture of electronic devices such as transistors, diodes, and solar cells. They are used extensively in modern electronics due to their ability to regulate electric current efficiently.;Meta
Einstein ring;The Einstein ring is a phenomenon in astrophysics where a foreground galaxy acts as a gravitational lens, bending and magnifying the light from a background object behind it. This effect was predicted by Albert Einstein's theory of general relativity and is observed when the mass distribution of the foreground galaxy creates a gravitational field that deflects the light around it. The resulting ring-shaped appearance is due to the constructive interference of light waves as they pass through the gravitational field. This phenomenon can provide valuable information about the mass distribution and structure of galaxies, allowing astronomers to study distant objects in greater detail.;Meta
Telomere;Telomeres are repetitive nucleotide sequences found at the ends of chromosomes that protect them from deterioration and fusion with neighboring chromosomes. They consist of a 5'-TTAGGG-3' repeat in humans, with each repeat unit adding about six base pairs to the length of the telomere. Telomerase is an enzyme responsible for maintaining and extending telomeres by adding TTAGGG repeats to the ends of chromosomes. Shortened telomeres are associated with aging and various diseases, including cancer, as they can trigger cellular senescence or apoptosis when their length falls below a critical threshold. Telomere shortening occurs due to DNA replication errors, oxidative stress, and other factors that prevent telomerase from functioning properly.;Meta
Spectral method;The spectral method is a numerical technique used to solve partial differential equations that model physical phenomena. It is based on the expansion of the solution in terms of orthogonal functions, typically Chebyshev or Fourier polynomials. This approach allows for efficient and accurate computation of solutions in complex domains. The spectral method has applications in fluid dynamics, oceanography, meteorology, and materials science, among other fields. By using a combination of numerical differentiation and interpolation, it can handle non-uniform grids and provide high-order accuracy with relatively few degrees of freedom, making it a popular choice for solving PDEs on unstructured meshes.;Meta
Grain boundary;A grain boundary is a region where two adjacent grains meet in a polycrystalline material, such as metal or ceramic. It is a defect in the crystal lattice structure and can significantly affect the physical and mechanical properties of the material. Grain boundaries are characterized by a change in crystal orientation, leading to a decrease in cohesion between adjacent grains. This results in increased energy and defects within the boundary region. The grain boundary's atomic structure and chemistry play a crucial role in determining its impact on material behavior. Its influence can be minimized through processes such as annealing or recrystallization.;Meta
Pharmacodynamics;Pharmacodynamics is the study of the biochemical and physiological effects of drugs on living organisms, including their mechanisms of action, interactions with biological molecules, and resulting pharmacological responses. It involves understanding how a drug binds to its target site, alters cellular processes, and ultimately produces therapeutic or adverse effects. Pharmacodynamic studies investigate the relationship between drug concentration and response, exploring factors such as receptor binding affinity, efficacy, potency, and tolerance. Knowledge of pharmacodynamics is crucial for developing new medications, optimizing dosing regimens, and predicting potential side effects, enabling clinicians to make informed decisions about treatment strategies.;Meta
Dirac equation;The Dirac equation is a fundamental concept in quantum mechanics that describes the behavior of fermions, such as electrons and quarks. Proposed by Paul Dirac in 1928, it is a linear partial differential equation that unifies special relativity and quantum theory, providing a complete description of particle interactions. The equation relates the energy and momentum of particles to their wave function, allowing for the prediction of spin and other intrinsic properties. In addition to electrons, the Dirac equation has been successfully applied to quarks, describing their behavior within hadrons and predicting several key features of strong nuclear forces.;Meta
Adjuvant;An adjuvant is a substance used in medicine to enhance the body's immune response to a vaccine or antigen, increasing its effectiveness in preventing disease. Adjuvants can be derived from various sources, including minerals, oils, and bacteria, and are typically added to vaccines in small amounts to stimulate an enhanced immune reaction. The mechanism of action involves activation of immune cells, such as dendritic cells and macrophages, which present antigens to T-cells, leading to a more vigorous immune response. Adjuvants have been shown to improve vaccine efficacy against various diseases, including influenza, tuberculosis, and cancer. Their use is widespread in human and veterinary medicine.;Meta
Interactome;The interactome refers to the comprehensive network of molecular interactions within a biological system. It encompasses protein-protein interactions, protein-DNA interactions, and other non-covalent associations between molecules, which collectively give rise to functional complexes and pathways. The study of the interactome aims to elucidate how these interactions modulate cellular processes, such as signal transduction, transcriptional regulation, and metabolic pathways. Recent advances in high-throughput technologies, including yeast two-hybrid screens and mass spectrometry, have enabled the systematic mapping of protein-protein interactions, yielding valuable insights into the complex regulatory networks governing cellular behavior. This knowledge has significant implications for understanding human diseases, developing new therapies, and designing novel pharmaceuticals.;Meta
Meiosis;Meiosis is a specialized type of cell division that occurs in reproductive cells, resulting in the production of gametes such as sperm in males and eggs in females. It involves two successive cell divisions, meiosis I and meiosis II, which reduce the chromosome number by half to produce haploid cells. Meiosis I separates homologous chromosomes, while meiosis II separates sister chromatids. This process is crucial for sexual reproduction, allowing the mixing of genetic material from two parents to create unique offspring. Meiosis ensures genetic diversity through random assortment and crossing over of alleles during prophase I. The resulting gametes are essential for fertilization and the continuation of species.;Meta
Phylogenetic tree;A phylogenetic tree is a graphical representation of evolutionary relationships among organisms or genes based on their genetic sequences. It is a fundamental tool in molecular biology and bioinformatics used to study the history of species divergence and relationships. The tree structure reflects the hierarchical organization of organisms, with more distantly related species branching further apart. Phylogenetic trees can be constructed using various methods, including maximum parsimony, maximum likelihood, and Bayesian inference, which analyze DNA or protein sequence data to estimate evolutionary distances and branch lengths. This method has become a cornerstone in understanding organismal evolution and has numerous applications in fields such as taxonomy, systematics, and conservation biology.;Meta
Leptogenesis;Leptogenesis is a hypothetical process in particle physics that explains the matter-antimatter asymmetry in the universe. It proposes that the difference between matter and antimatter can be attributed to the interactions between leptons and antileptons, which are elementary particles that participate in weak nuclear forces. Leptogenesis involves the decay of heavy neutrinos into lighter ones, resulting in a net lepton number imbalance. This process is thought to have occurred in the early universe during the first fraction of a second after the Big Bang, leading to the dominance of matter over antimatter. The leptogenesis mechanism is still a topic of debate among physicists and cosmologists, but it remains one of the most promising explanations for the observed asymmetry.;Meta
Perturbation theory;Perturbation theory is a method used in mathematics, physics, and engineering to solve equations that cannot be solved exactly by finding a solution that is close to the exact solution. This approach involves adding a small term to a known equation or system, thereby creating an approximate solution to a more complex problem. The perturbation term is often represented by a parameter with a small value, allowing for an expansion of the solution in terms of powers of this parameter. By truncating the series after several terms, an approximate solution can be obtained that is accurate to a specified degree.;Meta
Placenta;The placenta is a vital organ that develops in the uterus during pregnancy, connecting the fetus to the mother's bloodstream via the umbilical cord. It plays a crucial role in fetal development by providing oxygen and nutrients from the mother while removing waste products. The placenta is formed from both fetal and maternal tissues and is unique to each pregnancy. Its structure consists of two layers: the chorion, which provides gas exchange, and the decidua basalis, a layer of cells that nourishes the embryo. The placenta grows throughout pregnancy, with its function reaching its peak in the third trimester.;Meta
Intraspecific competition;Intraspecific competition refers to the interactions and competition for resources among individuals of the same species within a population. This type of competition can occur in various ecological niches, including plant communities, animal populations, and microbial ecosystems. Intraspecific competition is often driven by factors such as limited resources, spatial constraints, and predation pressure, which can lead to increased aggression, territorial behavior, and changes in foraging strategies among competing individuals. The outcome of intraspecific competition can vary from one species to another, but it ultimately affects population growth rates, genetic diversity, and the overall distribution of species within an ecosystem. This type of competition plays a crucial role in shaping ecological communities and influencing the evolution of species over time.;Meta
Integrin;Integrins are a family of transmembrane receptors that mediate cell-extracellular matrix interactions. They are heterodimeric molecules composed of an alpha and beta subunit, which combine to form over 24 distinct integrin proteins in humans. Integrins play a critical role in various cellular processes, including adhesion, migration, proliferation, and differentiation. They interact with ECM components such as collagen, laminin, and fibronectin, and their activity is regulated by changes in the cytoskeleton and signaling pathways. Abnormal integrin function has been implicated in numerous diseases, including cardiovascular disorders, cancer, and neurological conditions, highlighting their importance in maintaining tissue homeostasis and preventing disease.;Meta
Southern blot;The Southern blot is a laboratory technique used in molecular biology to detect specific DNA sequences in a sample. Developed by Edwin Southern in 1975, it is based on the principle of nucleic acid hybridization. The process involves separating the DNA fragments using gel electrophoresis and transferring them onto a membrane. A labeled probe complementary to the target DNA sequence is then used to bind to the specific DNA fragments on the membrane, allowing for detection through autoradiography or other means. The Southern blot is widely used in research and diagnostics to identify genes, study genetic diseases, and monitor gene expression.;Meta
Guide RNA;A Guide RNA is a single-stranded RNA molecule that guides the CRISPR-Cas9 system to specific DNA sequences in cells, enabling precise gene editing and regulation. It contains a protospacer adjacent motif near its 5' end and complementary nucleotides that match the target DNA sequence. When introduced into cells along with the Cas9 enzyme, the Guide RNA recruits Cas9 to the targeted site, inducing double-stranded breaks in the genome. This process allows for gene knockouts or insertions, promoting research applications such as understanding disease mechanisms, correcting genetic mutations, and developing novel therapeutics. The specificity and efficiency of this system have made it a powerful tool in modern molecular biology.;Meta
Independent component analysis;Independent component analysis is a computational method for separating a multivariate signal into additive independent components. This technique is based on the assumption that each component is generated by an independent source, and the goal is to recover these sources from the observed mixture. ICA is used in various applications such as blind signal separation, audio processing, image analysis, and financial data analysis. The algorithmic approach involves maximizing mutual information or minimizing mutual dependency between components, resulting in a set of independent sources that can be analyzed separately. ICA has been widely applied in fields like neuroscience, biomedical engineering, and finance for extracting meaningful patterns from complex signals.;Meta
Antagonist;The antagonist is a fundamental concept in pharmacology that refers to a substance that opposes the action of another substance, often used to treat disease or injury. In molecular terms, antagonists are molecules that bind to receptors on cells, blocking the action of agonist molecules. Agonists are substances that stimulate a physiological response by binding to specific receptors, whereas antagonists inhibit this response. Antagonists can be classified as reversible or irreversible, depending on their ability to temporarily or permanently block receptor activity. They play a crucial role in medicine, particularly in the treatment of various diseases and conditions, such as hypertension and anxiety disorders.;Meta
Haploinsufficiency;Haploinsufficiency is a genetic condition that occurs when one allele of a gene is not sufficient to produce the normal amount of protein required for cellular function. This can result from various mechanisms such as deletions, duplications, or mutations in one copy of the gene. When this occurs, cells may not be able to perform their intended functions, leading to developmental and physiological abnormalities. Haploinsufficiency is commonly seen in genetic disorders such as Marfan syndrome, Noonan syndrome, and tuberous sclerosis complex. The severity of haploinsufficiency can vary depending on the affected gene's function and the degree of dosage imbalance. This condition highlights the importance of maintaining a precise balance of gene expression in development and disease.;Meta
Organoid;Organoids are three-dimensional cellular structures that mimic the organization and function of organs in living organisms. They are typically grown in vitro using stem cells that differentiate into various cell types, such as epithelial, mesenchymal, and endothelial cells. The process involves precise control over the physical environment and biochemical signals to induce organ-specific morphogenesis and differentiation. Organoids can be derived from embryonic or adult tissues, including skin, gut, liver, lung, brain, and other organs. They have been used as a tool for studying human disease models, testing new therapeutic agents, and understanding developmental biology processes.;Meta
Thrombin;Thrombin is a serine protease enzyme that plays a crucial role in blood coagulation, converting soluble fibrinogen into insoluble fibrin clots to prevent excessive bleeding. It is synthesized from its precursor prothrombin through the action of factor Xa, which activates the prothrombinase complex. Thrombin then catalyzes the conversion of fibrinogen to fibrin by cleaving peptide bonds at specific sites, leading to the formation of a blood clot. This process is essential for preventing hemorrhage and maintaining vascular integrity. However, uncontrolled thrombin activity can lead to pathological conditions such as thrombosis and disseminated intravascular coagulation.;Meta
Mitosis;Mitosis is a fundamental aspect of cell biology that involves the division of eukaryotic cells into two daughter cells with identical genetic material. This process occurs in somatic cells and results in an increase in cellular number without altering the chromosome number. Mitosis consists of four distinct phases: prophase, metaphase, anaphase, and telophase, during which the chromosomes condense, align at the spindle fibers, separate, and finally reform into two new nuclei. The end product is two genetically identical daughter cells that are essential for growth, repair, and replacement in multicellular organisms. Mitosis plays a crucial role in maintaining tissue homeostasis and is often compared to meiosis, which results in genetic variation through recombination of chromosomes.;Meta
Turbo code;Turbo code is a type of forward error correction technique used in digital communication systems to detect and correct errors that occur during data transmission. It was developed by Giovanni Berlekamp, Alexander Gel'fand, and Lev Pontryagin in 1958, but it gained popularity after its re-invention by Andrew J. Viterbi and his team in the late 1970s and early 1980s. Turbo codes combine two or more convolutional code streams with different coding rates and punctured codes to achieve near-optimal performance at a reasonable computational complexity. They are particularly effective in noisy channels, such as deep space communication, wireless networks, and satellite communications, and have been widely used in various applications, including digital cellular networks, satellite communication systems, and deep-space missions.;Meta
Nuclear fusion;Nuclear fusion is a process in which atomic nuclei combine to form a heavier nucleus, releasing energy in the process. This reaction occurs at extremely high temperatures and pressures, typically in the range of tens of millions of degrees Celsius, exceeding those found in the core of stars. The most common form of nuclear fusion involves the combination of hydrogen isotopes deuterium and tritium to produce helium and a neutron. This reaction releases approximately 3.5 times more energy than fission, making it a promising source of clean and sustainable energy. Scientists are currently exploring various methods to achieve controlled nuclear fusion in a laboratory setting.;Meta
Peripheral tolerance;Peripheral tolerance is a mechanism by which the immune system tolerates self-antigens to prevent autoimmune diseases. It involves the active suppression of autoreactive T cells and B cells that recognize self-antigens. Peripheral tolerance occurs in various lymphoid organs, including the spleen, lymph nodes, and Peyer's patches. Self-tolerant T cells are either deleted or anergized during their development in the thymus and peripheral tissues. Additionally, regulatory T cells play a crucial role in maintaining peripheral tolerance by suppressing excessive immune responses to self-antigens. This mechanism helps to prevent autoimmune diseases caused by aberrant immune responses against host antigens.;Meta
Purine;Purine is a type of nitrogenous base found in DNA and RNA molecules. It consists of a double ring structure with three carbon-nitrogen rings fused together. Purines are essential for genetic material replication and transcription, as they play a crucial role in forming hydrogen bonds between nucleotides. The two types of purines are adenine and guanine. Adenine is found in both DNA and RNA, whereas guanine is primarily found in DNA. Purines are biosynthesized from ribose-5-phosphate through a series of enzyme-catalyzed reactions involving the pentose phosphate pathway. Abnormal purine levels have been linked to various diseases, including gout and cancer.;Meta
Parallax;Parallax is a fundamental concept in astronomy that describes the apparent shift of a nearby star's position against a more distant background when viewed from opposite sides of the Earth's orbit around the Sun. This effect occurs because the star appears to be displaced by a small angle due to the change in viewpoint as the Earth moves through its orbit. By measuring this displacement, astronomers can determine the distance of nearby stars and other celestial objects with great accuracy. The technique has been used for centuries to calculate distances in our solar system and beyond.;Meta
Lie algebra;A Lie algebra is a mathematical concept that combines the ideas of vector spaces and groups to describe continuous symmetries in mathematics and physics. It is a vector space over a field, typically the real numbers, together with a bilinear map called the Lie bracket or commutator that satisfies certain properties, such as bilinearity and skew-symmetry. The Lie bracket can be thought of as describing how two infinitesimal transformations commute or anticommute with each other. Lie algebras are fundamental in mathematics for studying smooth manifolds, differential equations, and group representations, and they play a crucial role in physics, particularly in quantum mechanics and gauge theory.;Meta
Loss function;A loss function is a mathematical formula used in machine learning to quantify the difference between predicted outputs and actual outcomes. It measures the degree of mismatch or error between the model's predictions and the real-world data. The primary goal of minimizing the loss function is to reduce the discrepancy between the model's predictions and the true values, thereby improving its accuracy. Common examples of loss functions include mean squared error and cross-entropy loss. By optimizing the parameters of a machine learning model to minimize the loss function, it can be fine-tuned for better performance on a specific task or dataset. The choice of loss function depends on the nature of the problem being addressed.;Meta
Molecular clock;The molecular clock is a concept in evolutionary biology that describes the rate at which genetic mutations accumulate over time, resulting in changes to an organism's DNA sequence. This phenomenon was first proposed by Linus Pauling and Emile Zuckerkandl in 1962, who suggested that the rate of molecular evolution was constant across different species. The molecular clock is calibrated using radiometric dating methods, which measure the age of fossil samples. By comparing the genetic differences between two species with known divergence times, scientists can estimate the mutation rate and reconstruct evolutionary timelines. This technique has been widely applied to study the evolution of various organisms, including humans.;Meta
Special relativity;Special relativity is a fundamental concept in modern physics that describes the relationship between space and time. Developed by Albert Einstein in 1905, it postulates that the laws of physics are the same for all observers in uniform motion relative to one another. The theory challenged classical notions of absolute time and space, introducing concepts such as time dilation and length contraction. According to special relativity, the speed of light is constant and unchanging, regardless of the observer's frame of reference. This theory has been extensively tested and confirmed by numerous experiments, including those involving high-speed particles and gravitational redshift.;Meta
Cohomology;Cohomology is a branch of algebraic topology that studies the properties of topological spaces by assigning algebraic objects to them and then analyzing these objects through various cohomology theories. It was first introduced by Henri Poincaré in 1895 as a generalization of the Betti numbers, which describe the number of holes in a topological space. Cohomology is closely related to homology, with both being fundamental tools in understanding the geometric structure of spaces. Through cohomology theories such as de Rham cohomology and sheaf cohomology, researchers can classify spaces based on their topological properties and study their behavior under various operations like taking products or quotients.;Meta
Recombinant DNA;Recombinant DNA is a technique used in molecular biology to create new genetic combinations by joining together two different DNA molecules. This process involves cutting open the host organism's DNA and inserting the desired gene or set of genes from another source, usually from a bacterium or virus. The resulting recombinant DNA molecule can be used to introduce beneficial traits into plants, animals, or microorganisms, such as resistance to pests or diseases, improved nutrition, or enhanced production capabilities. Recombinant DNA technology has numerous applications in fields like medicine, agriculture, and biotechnology, revolutionizing the way we approach genetic modification and disease treatment.;Meta
Equivalence point;The equivalence point is a critical concept in analytical chemistry where the concentration of analyte equals the concentration of reagent added to it. It marks the end-point of a titration reaction, where further addition of the reagent would lead to an excess, causing a measurable change in the solution's properties, such as pH or color. The equivalence point is determined using various methods, including potentiometric and spectroscopic techniques, allowing researchers to accurately quantify the amount of analyte present. This concept enables precise analysis of substances and has significant applications in fields like chemistry, biology, and environmental science.;Meta
Cell membrane;The cell membrane is a semi-permeable lipid bilayer that encloses the cytoplasmic contents of eukaryotic and prokaryotic cells. It is composed of phospholipid molecules with hydrophilic head groups facing outward and hydrophobic tails facing inward, maintaining the structural integrity of the cell while regulating the movement of substances in and out through various transport mechanisms. The cell membrane also contains embedded proteins that function as receptors, channels, or pumps to facilitate cellular activities such as metabolism, signaling, and cell division. Its selective permeability ensures the homeostasis of the cell by controlling the influx and efflux of ions, nutrients, and waste products.;Meta
Transition state analog;A transition state analog is a molecule that mimics the unstable transition state of a chemical reaction without undergoing the actual transformation. It is designed to resemble the temporary intermediate state in a reaction mechanism, typically having a similar conformation and bond orders as the transition state. Transition state analogs are used as tools in enzyme kinetics and catalysis studies to probe the mechanism of a particular reaction. They can be used to determine the binding affinity of substrates to enzymes and to understand how enzymes accelerate chemical reactions by stabilizing the transition state. This approach has provided valuable insights into the functioning of various enzymes and their reaction mechanisms.;Meta
Markov chain;A Markov chain is a mathematical system that undergoes transitions from one state to another according to certain probabilistic rules. The future state of the system depends only on its current state and not on any of its past states. This means that the system's behavior can be described by a set of probabilities, where each probability corresponds to a possible transition between states. Markov chains are widely used in many fields, including statistics, physics, engineering, computer science, and finance, to model random phenomena and predict future outcomes based on historical data. They have numerous applications, such as predicting stock prices, modeling population growth, and analyzing DNA sequences, among others.;Meta
Gluino;The gluino is a hypothetical particle predicted by the Minimal Supersymmetric Standard Model in particle physics, which postulates that supersymmetry must exist at some energy scale. It is the supersymmetric partner of the gluon and has spin 1/2. The gluino's mass would be related to the mass of its associated quark, making it a promising candidate for indirect detection through jet production and decay. If detected, it could provide insight into the fundamental forces of nature and potentially validate or invalidate the supersymmetry hypothesis, which attempts to reconcile quantum mechanics and general relativity within the Standard Model.;Meta
Cyclodextrin;Cyclodextrin is a cyclic oligosaccharide composed of six to eight glucopyranose units joined through α-1,4-glycosidic bonds. It is formed from starch by enzymatic hydrolysis. The unique structure of cyclodextrin creates a hydrophobic cavity within the molecule that can encapsulate and stabilize guest molecules. This property allows for the formation of inclusion complexes with various substances, including drugs, dyes, and fragrances. Cyclodextrins are used in pharmaceuticals to improve solubility and bioavailability of poorly soluble drugs, as well as in food and cosmetic industries to enhance flavor and fragrance retention. The inclusion complexation ability of cyclodextrin makes it a valuable tool for molecular recognition and host-guest chemistry studies.;Meta
Quantum teleportation;Quantum teleportation is a process in which information about the quantum state of a particle is transmitted from one location to another without physical transport of the particle itself. This phenomenon was first proposed by scientists Charles Bennett and Stephen Wiesner in 1970, and later demonstrated experimentally in 1997. Quantum teleportation relies on entanglement, a property of quantum mechanics where two particles are connected in such a way that the state of one particle is instantaneously affected by the state of the other. The information about the particle's state is encoded onto a second particle, which then transmits this information to the receiving location, allowing for the reconstruction of the original particle's state.;Meta
Factor analysis;Factor analysis is a statistical technique used to reduce a large number of variables into fewer numbers of factors that capture most of the information in the data. This method was first introduced by Charles Spearman and later developed by Harry Harman, who is often referred to as the father of factor analysis. It is based on the idea that a set of observed variables can be explained by a smaller number of underlying factors or latent variables, which are thought to be the causes of the correlations among the observed variables. Factor analysis is commonly used in social sciences and psychology to identify underlying constructs or dimensions from a large set of data.;Meta
Pyrene;Pyrene is a polycyclic aromatic hydrocarbon consisting of four fused benzene rings. It has a chemical formula of C16H10 and a molecular weight of 202.27 g/mol. Pyrene is found in fossil fuels, particularly in coal tar and petroleum residues. It is also formed through the incomplete combustion of organic matter and can be produced artificially by various chemical reactions. The compound exhibits fluorescence, emitting light at a wavelength of approximately 373 nanometers when excited by ultraviolet radiation. This property makes pyrene useful for applications such as fluorescent dyes and probes in molecular biology research. Its structure and reactivity have been extensively studied in organic chemistry.;Meta
Dual process theory;The dual-process theory is a psychological concept that proposes the existence of two distinct cognitive processes: intuitive thinking and reflective thinking. Intuitive thinking involves automatic, effortless, and instinctive processing of information, whereas reflective thinking requires conscious deliberation and evaluation. This theory was initially developed by psychologist Robert Epstein in 1994 to explain human decision-making and behavior. It suggests that both types of thinking coexist within an individual and can operate simultaneously, but intuitive thinking often dominates reflective thinking due to its efficiency and speed. The dual-process theory has been widely applied in various fields, including social psychology, cognitive neuroscience, and marketing.;Meta
Endemism;Endemism refers to the phenomenon where a species or subspecies is found only in a specific geographic region, often isolated from other populations by geographical barriers such as mountains, islands, or rivers. This unique distribution can occur due to various factors including evolutionary history, geological events, and climate change. Endemic species are typically characterized by adaptations that have developed over time to suit the local environment, making them distinct from their non-endemic counterparts. Examples of endemism include the Galapagos finches, island tortoises, and certain plant species found in mountainous regions. The concept of endemism is essential for understanding biodiversity and conservation efforts.;Meta
Combinatorics;Combinatorics is a branch of mathematics that deals with counting and arranging objects in various ways. It focuses on studying the properties and patterns of sets and permutations, often with a focus on discrete structures such as graphs, trees, and strings. Combinatorial techniques are used to calculate probabilities, evaluate statistical models, and optimize complex systems. Combinatorics also has applications in computer science, cryptography, and information theory. It is used to analyze problems that involve arranging objects in specific ways, such as scheduling, coding theory, and network design. Many real-world phenomena can be modeled using combinatorial methods, making it a fundamental tool for problem-solving and data analysis.;Meta
Radiation therapy;Radiation therapy is a medical treatment that uses high-energy particles or waves, such as X-rays, gamma rays, electron beams, or protons, to destroy or damage cancer cells and shrink tumors. The process involves directing a controlled beam of radiation at the tumor site from outside the body, minimizing damage to surrounding healthy tissues. Radiation can be delivered through external beam radiation therapy or internal brachytherapy, where radioactive sources are implanted directly into the tumor. Cancer types most commonly treated with radiation include breast, prostate, lung, and brain cancer. It is often used in conjunction with surgery or chemotherapy to improve treatment outcomes.;Meta
Linear programming;Linear programming is a method used to achieve the best outcome in a given mathematical model for a linear objective function, subject to a set of constraints expressed as equalities and inequalities. It involves finding the optimal solution among an infinite number of possible solutions by maximizing or minimizing the objective function. The basic components of a linear programming problem include the decision variables, objective function, and constraints. The simplex algorithm is a widely used method for solving linear programming problems due to its efficiency in handling large-scale applications. This technique has numerous real-world applications, including optimization of resource allocation, production planning, and scheduling.;Meta
Prefrontal cortex;The prefrontal cortex is a region in the brain responsible for executive functions, including decision-making, planning, problem-solving, and impulse control. Located in the frontal lobe, this complex neural network plays a crucial role in regulating behavior, personality, and social conduct. The prefrontal cortex integrates sensory information from various parts of the brain, enabling individuals to evaluate situations, weigh options, and make informed choices. Damage or dysfunction of the prefrontal cortex has been linked to various cognitive and behavioral disorders, such as attention deficit hyperactivity disorder, Parkinson's disease, and schizophrenia. Research on the prefrontal cortex continues to advance our understanding of human cognition and behavior.;Meta
Mitochondrion;"The mitochondrion is a vital organelle found in eukaryotic cells that plays a crucial role in energy production through cellular respiration. It is often referred to as the ""powerhouse"" of the cell due to its ability to generate most of the cell's supply of adenosine triphosphate, which is essential for various cellular functions, including muscle contraction and nerve impulse transmission. Mitochondria have their own DNA, known as mtDNA, and are capable of reproducing independently of the cell's nucleus. The mitochondrion's complex structure includes two main parts: the inner membrane, where oxidative phosphorylation occurs, and the outer membrane, which regulates the exchange of materials with the surrounding cytoplasm.";Meta
Proteome;The proteome is the entire set of proteins produced by an organism or system at a specific time and under specific conditions. It encompasses the protein expression profiles and their interactions within the cell. The study of the proteome is known as proteomics, which aims to understand the role of proteins in various biological processes. Proteomics involves the analysis of protein structure, function, and regulation, often using techniques such as mass spectrometry and microarray technology. This field has numerous applications in fields like medicine, biotechnology, and agriculture, where understanding the proteome can lead to insights into disease mechanisms and improved therapeutic strategies.;Meta
Turbulence;Turbulence is a complex phenomenon in fluid dynamics characterized by chaotic and irregular motion within fluids. It arises when laminar flow transitions to a state of increased kinetic energy and eddy formation. Turbulence is often observed in nature, such as in ocean currents, atmospheric circulation patterns, and river flows. In engineering contexts, turbulence plays a crucial role in the design of aircraft wings, ship hulls, and pipeline systems. The study of turbulence has led to significant advancements in our understanding of fluid behavior, but it remains one of the most challenging problems in classical physics due to its inherently non-linear nature and sensitivity to initial conditions.;Meta
Wound healing;Wound healing is a complex physiological process that involves the coordinated action of various cellular, molecular, and biochemical mechanisms to restore tissue integrity after injury. The wound healing process consists of four overlapping phases: hemostasis, inflammation, proliferation, and remodeling. Initially, blood vessels constrict to control bleeding, followed by the activation of platelets and clotting factors to form a scab. Inflammation ensues with the influx of white blood cells, which clean the wound site. The proliferation phase involves the migration and division of fibroblasts, endothelial cells, and keratinocytes to rebuild tissue structure. Finally, remodeling occurs through the synthesis and degradation of collagen and other extracellular matrix components.;Meta
Cytokine;Cytokines are small signaling molecules secreted by cells that play a crucial role in the immune system and inflammation. They are involved in cell-to-cell communication, acting as messengers to coordinate the activities of immune cells such as T-cells, B-cells, and macrophages. Cytokines can be classified into two main categories: pro-inflammatory cytokines, which promote inflammation and tissue damage, and anti-inflammatory cytokines, which reduce inflammation and promote healing. They are produced in response to pathogens or injury, and their expression is tightly regulated by complex mechanisms involving gene transcription and protein synthesis. Cytokine dysregulation has been implicated in various diseases, including autoimmune disorders and cancer.;Meta
Tissue engineering;Tissue engineering is an interdisciplinary field that combines principles from biology, chemistry, and engineering to develop functional substitutes for damaged tissues. The goal is to create artificial tissues with properties matching those of native tissues. Tissue engineers use biomaterials, such as polymers or ceramics, to create scaffolds that serve as templates for cell growth. Cells are seeded onto these scaffolds, where they proliferate and differentiate into specific tissue types. The engineered tissues are then implanted into the body, where they integrate with surrounding tissue. This approach has potential applications in regenerative medicine, including wound healing, organ transplantation, and tissue repair following injury or disease.;Meta
Conformer;In chemistry, conformers refer to different three-dimensional shapes that a molecule can assume while its chemical bonds remain unchanged. These shapes are caused by rotations around single covalent bonds and result in distinct spatial arrangements of atoms within the molecule. Conformers may have similar or identical energies, but their unique geometries can influence molecular properties such as polarity, reactivity, and solubility. The concept of conformers is essential for understanding molecular structure and behavior, particularly when studying molecules with flexible backbones. The study of conformers involves computational modeling and experimental techniques to determine the stability and relative populations of different conformations within a molecule.;Meta
Exon;An exon is a segment of a DNA sequence that codes for a portion of a protein product in eukaryotic organisms. It is a continuous section of nucleotides within a gene that is ultimately incorporated into mature messenger RNA during the process of transcription and translation. Exons are separated from each other by non-coding regions called introns, which are removed through a process known as splicing before the mRNA is exported to the cytoplasm for protein synthesis. The boundaries between exons and introns are determined by specific sequences of nucleotides that serve as recognition sites for the splicing machinery. Exon structure and organization can vary greatly among different genes, allowing for a wide range of protein diversity and functionality.;Meta
Biogeography;Biogeography is the scientific study of the geographic distribution of species and their evolution over time. It examines how organisms spread across different regions of the globe and how these distributions are influenced by various factors such as climate, geography, geology, and human activity. Biogeographers use a combination of biological, geological, and geographical data to understand the historical and contemporary patterns of species distribution. They also investigate the relationships between different biotas and their environments, providing insights into the processes that shape biodiversity on Earth. Biogeography is an interdisciplinary field that draws on concepts from ecology, evolutionary biology, geography, geology, and anthropology.;Meta
Phased array;A phased array is a type of antenna technology that involves the spatial distribution of multiple elements to achieve specific radiation patterns. By controlling the phase and amplitude of each element, phased arrays can steer and shape the beam direction, enabling applications such as radar, electronic warfare, and wireless communication systems. The concept relies on the principle of constructive interference, where waves from individual elements combine to produce a coherent signal with desired characteristics. This allows for real-time beamforming, adaptive arrays, and increased antenna directivity, making phased arrays particularly useful in modern telecommunications and sensing applications.;Meta
Bragg peak;The Bragg peak is a phenomenon observed in particle therapy, specifically proton beam radiation, where the energy deposition of ions increases as they traverse a medium before rapidly decreasing to zero at a specific point, known as the Bragg peak. This occurs due to the ion's slowing down and subsequent increase in density as it loses energy. The peak occurs at a depth corresponding to the ion's range in the material, allowing for precise control over the dose delivery in radiotherapy treatments, such as cancer treatment. The Bragg peak is an important concept in proton therapy, enabling accurate targeting of tumors while minimizing damage to surrounding healthy tissue.;Meta
Magnetometer;A magnetometer is a device used to measure the strength and/or direction of magnetic fields. It can detect the presence of magnetism in various materials and environments. Magnetometers are commonly employed in geophysics to study the Earth's magnetic field, its changes over time, and its relationship with the planet's interior structure. They also find applications in archaeology for detecting ancient magnets, navigation systems, and scientific research on magnetic properties of materials. Various types of magnetometers exist, including fluxgate sensors, Hall effect sensors, and proton precession magnetometers, each having unique characteristics and operating principles.;Meta
Epistasis;Epistasis is the interaction between genes that affects the phenotype of an organism. It occurs when multiple genes influence a single trait, and the effect of one gene depends on the presence or absence of other genes. Epistatic interactions can either enhance or suppress the expression of a particular trait, and their effects can be positive or negative. The concept of epistasis is essential in understanding the complexity of genetic inheritance and its impact on phenotypic variation. In complex traits such as height, weight, and disease susceptibility, multiple genes interact to produce the final phenotype. Epistatic interactions are often difficult to identify using traditional statistical methods.;Meta
Proteasome;The proteasome is a large protein complex responsible for degrading unneeded or damaged proteins within cells. It plays a crucial role in maintaining cellular homeostasis and regulating various cellular processes such as cell cycle progression, transcriptional regulation, and stress response. The proteasome is composed of multiple subunits arranged in a barrel-shaped structure, forming a central chamber where substrate proteins are degraded by enzymatic action. This process involves the recognition and binding of target proteins to specific receptors on the proteasome, followed by their unfolding and subsequent degradation by the catalytic sites within the complex. Dysregulation of proteasomal activity has been implicated in various diseases, including cancer and neurodegenerative disorders.;Meta
Power-to-gas;Power-to-gas is an energy storage method that involves converting excess electrical energy into chemical energy through electrolysis, producing hydrogen gas from water. This process uses an electric current to split water molecules into hydrogen and oxygen, which are then stored in gas form. The hydrogen can be used as a fuel for power generation, transportation, or industrial applications. Power-to-gas systems provide a means of storing renewable energy generated by intermittent sources like solar or wind power, allowing it to be utilized when it is needed most. This method enables the efficient integration of variable renewable energy into the grid and supports the transition towards a more sustainable energy system.;Meta
Random forest;Random forest is a supervised learning algorithm in machine learning that combines multiple decision trees to improve the accuracy and robustness of predictions. It was introduced by Leo Breiman in 2001 as an extension of the bootstrap aggregation method. The algorithm works by creating a multitude of decision trees on random subsets of the data, each with a different subset of features selected at each node. These individual trees then vote on the most likely class label for new, unseen data points. By aggregating the predictions of all the trees, random forest reduces overfitting and improves the overall performance of the model.;Meta
Prion;A prion is an infectious protein particle that can cause fatal neurodegenerative diseases in animals, including humans. Prions are composed solely of protein material and do not contain nucleic acid, making them unique among pathogens. They replicate by inducing normal cellular proteins to misfold into the abnormal prion structure, leading to cell death and disease progression. Prion diseases include Creutzfeldt-Jakob disease in humans, bovine spongiform encephalopathy in cattle, and scrapie in sheep. The infectious nature of prions is not fully understood, but they are thought to be transmitted through direct contact with infected tissue or ingestion of contaminated food products.;Meta
Information theory;Information theory is a branch of mathematics that deals with the quantification, storage, and communication of information. It was developed by Claude Shannon in 1948 and has since become a fundamental concept in various fields such as computer science, engineering, and statistics. The core idea is to treat information as a physical quantity that can be measured and manipulated, much like energy or entropy. Information theory introduces the concept of entropy, which measures the amount of uncertainty or randomness in a message, as well as the notion of mutual information, which quantifies the dependence between two random variables.;Meta
Coenzyme A;Coenzyme A is a coenzyme found in all living organisms that plays a central role in various biochemical processes. It acts as a carrier of acyl groups and facilitates the transfer of these groups between molecules. Coenzyme A is particularly involved in fatty acid metabolism, where it helps to convert fatty acids into their activated forms, allowing them to be further processed by enzymes. In addition, coenzyme A participates in the citric acid cycle, helping to regulate energy production within cells. Its structure consists of a pantothenic acid moiety linked to an adenosine diphosphate molecule.;Meta
Monte Carlo method;The Monte Carlo method is a computational algorithm that uses random sampling to solve mathematical problems by generating a large number of possible outcomes and selecting the most likely solution. Developed in the 1940s, this stochastic technique relies on probability theory and simulation to approximate complex phenomena, such as chemical reactions, fluid dynamics, or material properties. By iteratively sampling from a probability distribution, Monte Carlo methods can estimate statistical quantities, like averages, variances, and probabilities, providing an efficient alternative to deterministic methods for solving problems in fields including physics, engineering, computer science, and economics. These simulations are often used as approximations when exact solutions are impractical or impossible.;Meta
Uncompetitive inhibition;Uncompetitive inhibition is a type of enzyme inhibition where the inhibitor binds to the enzyme-substrate complex, altering its shape and reducing catalytic activity. Unlike competitive inhibitors, which compete with substrate for binding at the active site, uncompetitive inhibitors bind elsewhere on the enzyme, often to a region near the active site. This binding causes a conformational change in the enzyme, leading to reduced affinity for substrate. Uncompetitive inhibition is characterized by a decrease in maximum velocity without affecting the Michaelis constant. This type of inhibition can be reversible or irreversible and is commonly seen in enzymes involved in metabolic pathways where tight regulation is necessary.;Meta
Membrane protein;Membrane proteins are a type of protein that perform a variety of functions in living organisms by interacting with other molecules across cell membranes. These proteins play essential roles in maintaining cellular structure and function, including transport of substances into and out of cells, signaling, and catalysis of biochemical reactions. There are several classes of membrane proteins, including integral membrane proteins that span the lipid bilayer, peripheral membrane proteins that associate with the lipid bilayer but do not penetrate it, and transmembrane receptors that recognize and respond to external signals. Membrane proteins are often targeted for therapeutic intervention in disease states, making their study an active area of research in fields such as biochemistry, molecular biology, and pharmacology.;Meta
Bremsstrahlung;Bremsstrahlung is a type of electromagnetic radiation emitted when high-energy particles, such as electrons, suddenly change direction or speed while interacting with a target material, typically an atom or molecule. This phenomenon occurs due to the acceleration of charged particles, resulting in a release of energy in the form of photons. Bremsstrahlung is commonly observed in astrophysical environments, including supernovae and black holes, as well as in particle accelerators on Earth. The energy spectrum of bremsstrahlung radiation typically follows a power-law distribution, with the intensity increasing at higher energies. The physical process behind bremsstrahlung is closely related to synchrotron radiation, although it occurs under different conditions.;Meta
Vacuole;A vacuole is a membrane-bound organelle found in cells that performs various functions including storage, digestion, and waste management. Vacuoles are typically spherical or oval in shape and have a thin elastic membrane called a tonoplast. In plant cells, vacuoles store water, salts, sugars, and other nutrients, helping to maintain cellular turgor pressure and regulate the balance of fluids within the cell. In animal cells, vacuoles are involved in the breakdown and recycling of cellular waste products, such as proteins and organelles that have reached the end of their life cycle. The size and number of vacuoles can vary greatly depending on the type of cell and its needs.;Meta
Ligand;In chemistry, a ligand is a chemical entity that donates one or more pairs of electrons to a central metal atom or ion in coordination compounds. This results in the formation of a complex where the ligand binds to the metal center. Ligands can be neutral molecules, anions, cations, or even atoms that are covalently bonded to the metal. The number and type of ligands determine the properties and reactivity of the complex. Common types of ligands include simple ions such as chloride, ammonia, and water, as well as more complex molecules like ethylenediamine and triethylenetetramine.;Meta
Shor's algorithm;Shor's algorithm is a quantum algorithm that factors large composite numbers exponentially faster than the best known classical algorithms. It was discovered by mathematician Peter Shor in 1994 and is considered one of the most important quantum algorithms to date. The algorithm relies on the principles of quantum mechanics, specifically superposition and entanglement, to efficiently search for a factor of a given number. By applying these principles, the algorithm can solve certain problems exponentially faster than classical computers. Specifically, it solves the problem of finding discrete logarithms in finite fields.;Meta
Radiation pressure;Radiation pressure is the forward force exerted on any surface exposed to electromagnetic radiation, such as light or radio waves. This phenomenon was first predicted by Max Planck in 1900 and later confirmed by experiments. The pressure arises from the transfer of momentum from the incident radiation to the surface. For visible light, this pressure is extremely small, typically in the range of nanonewtons per square meter. However, it becomes significant at higher intensities or for longer wavelengths such as X-rays or gamma rays. Radiation pressure has applications in various fields, including astrophysics, optics, and propulsion systems.;Meta
Substitution reaction;A substitution reaction is a type of chemical reaction where one group replaces another in a compound. This can involve either anionic or cationic substitution, depending on whether a negatively charged ion or positively charged ion is involved. The driving force behind these reactions often lies in achieving a more stable electronic configuration for the resulting product. Substitution reactions can be categorized into different types based on their mechanisms and products, such as SN1 and SN2. These processes are fundamental to understanding various chemical transformations and have applications in organic chemistry, synthesis of pharmaceuticals, and catalysis.;Meta
Transistor;The transistor is a semiconductor device that plays a crucial role in modern electronics. It was invented by John Bardeen, Walter Brattain, and William Shockley at Bell Labs in 1947. The transistor consists of three layers of a semiconductor material, typically silicon, with two terminals for controlling the flow of electric current. The transistor acts as an amplifier or switch, allowing signals to be amplified or modified without significant loss of signal quality. Transistors are the building blocks of modern electronics and have revolutionized the field of electronics by miniaturizing devices and increasing their efficiency. They have had a profound impact on society, enabling the development of computers, smartphones, and other modern technologies.;Meta
Topoisomerase;Topoisomerase is an enzyme that plays a crucial role in managing the topological structure of DNA during replication and transcription. These enzymes are essential for preventing supercoiling and catenation by cutting the phosphodiester backbone, allowing for unwinding or relaxation of DNA. Topoisomerases have distinct subtypes, including type I, which works by creating a single-strand break, and type II, which generates two staggered double-strand breaks. They are also involved in processes such as chromosome segregation, repair, and recombination. Inhibition of topoisomerase enzymes is a mechanism used in certain cancer treatments, as their uncontrolled activity can lead to genomic instability and cell death.;Meta
STED microscopy;"STED microscopy is a type of super-resolution fluorescence microscopy that enables high-resolution imaging of biological specimens with resolutions down to 20-30 nanometers. It was developed in 2008 by Stefan Hell and his team. STED microscopy uses a focused laser beam to excite fluorophores, while a second laser beam is used to de-excite the outer edges of the excited region, creating a ""gated"" area where only the center of the fluorescent signal remains. This process is repeated many times in quick succession to achieve high-resolution images. STED microscopy has numerous applications in cell biology and has contributed significantly to our understanding of cellular structures and processes.";Meta
Calorimetry;Calorimetry is the process of measuring the heat flow into or out of a system. This technique is used to determine the amount of energy transferred between systems during chemical reactions, phase transitions, and other thermodynamic processes. A calorimeter is an instrument designed for precise measurement of heat transfer, usually consisting of two chambers separated by a thin wall that allows thermal equilibrium to be established between them. Calorimetry is widely applied in various fields such as chemistry, physics, biology, and engineering, including the determination of specific heats, enthalpies of reaction, and thermodynamic properties of materials. Accurate calorimeter design and calibration are crucial for reliable results.;Meta
Pattern recognition receptor;Pattern recognition receptors are a class of proteins that play a crucial role in the innate immune system by detecting pathogen-associated molecular patterns and danger-associated molecular patterns. These molecules are conserved among different pathogens, allowing PRRs to recognize and respond to infections. PRRs can be found on the surface of cells or in the cytoplasm, where they bind to specific ligands. Upon binding, PRRs activate downstream signaling pathways that lead to the production of cytokines and other immune molecules, initiating an inflammatory response to eliminate the pathogen. This recognition process is essential for the host's defense against infections.;Meta
Divide and conquer;Divide and conquer is a scientific topic related to numerical analysis and computational complexity theory, specifically in the field of algorithms. It involves breaking down a complex problem into smaller sub-problems that are more manageable, solving each sub-problem independently, and then combining the solutions to obtain the final answer. This approach allows for efficient solution of problems by reducing the time and space complexities, making it a fundamental concept in computer science and mathematics. Divide and conquer algorithms have numerous applications in fields such as cryptography, data compression, and machine learning, among others.;Meta
Half-life;Half-life is a fundamental concept in physics and chemistry that describes the time required for a radioactive substance to decay by half its initial amount. It is a constant rate of decay and is typically denoted by the symbol t1/2. The half-life of a particular radionuclide is determined by the stability of its nucleus, with more unstable isotopes having shorter half-lives. Half-lives can range from fractions of a second to billions of years, depending on the specific radioactive substance. This concept is crucial in understanding nuclear reactions and radioactivity, as well as in the fields of nuclear medicine, geology, and environmental science.;Meta
Confidence interval;A confidence interval is a statistical tool used to estimate a population parameter based on a sample of data from that population. It provides a range of values within which the true population parameter is likely to lie with a certain level of confidence, typically expressed as a percentage. The width of the interval depends on the sample size and the level of confidence desired, with wider intervals indicating greater uncertainty. Confidence intervals can be used to compare means, proportions, or other parameters between different groups or over time. They are commonly used in hypothesis testing and are a fundamental concept in statistical inference.;Meta
Electrode potential;Electrode potential is a measure of the energy required to transfer electrons from one electrode to another in an electrochemical cell. It is a fundamental concept in electrochemistry and is expressed as volts relative to a standard reference electrode, typically the standard hydrogen electrode. The electrode potential is determined by the properties of the electrode material, the electrolyte, and the reaction occurring at the electrode surface. Electrode potentials can be either positive or negative, depending on whether they are anodic or cathodic. Electrochemical cells operate by exploiting differences in electrode potentials to drive chemical reactions, making them essential for many applications, including batteries, fuel cells, and electroplating processes.;Meta
Basal ganglia;The basal ganglia are a group of subcortical structures in the brain that play a critical role in movement control and cognition. They consist of several nuclei including the caudate nucleus, putamen, globus pallidus, substantia nigra, and subthalamic nucleus. The basal ganglia receive input from the cortex and send output to the thalamus, which then relays signals back to the cortex. This circuitry enables the regulation of movement planning, initiation, and execution. Dysfunction in the basal ganglia is associated with a range of neurological disorders, including Parkinson's disease, Huntington's disease, and Tourette's syndrome. Degeneration or damage to the basal ganglia can disrupt motor control and lead to cognitive impairments.;Meta
Magnetic moment;The magnetic moment is a measure of the strength and orientation of a magnet's poles. It is a vector quantity that characterizes the distribution of magnetic dipoles within an object. The magnetic moment of a loop of current is proportional to the current and the area enclosed by the loop, and its direction is determined by the right-hand rule. In atoms, the magnetic moment arises from the spin of electrons and their orbital motion. The total magnetic moment of an atom can be calculated using quantum mechanics and is used to understand the magnetic properties of materials in various fields such as physics, chemistry, and engineering.;Meta
Quasar;A quasar is an incredibly luminous active galactic nucleus that emits enormous amounts of energy across a wide range of electromagnetic spectra. It is believed to be powered by a supermassive black hole at the center of a galaxy, which is actively accreting material and releasing massive amounts of energy as it interacts with its surroundings. Quasars are among the brightest objects in the universe, outshining entire galaxies, and can be seen from vast distances due to their incredible luminosity. They play a crucial role in understanding the evolution and structure of galaxies throughout cosmic history, particularly during the early universe when many quasars were formed.;Meta
Click chemistry;Click chemistry is a chemical reaction concept developed by K. Barry Sharpless in 2001 to describe reactions that are efficient, selective, and occur under mild conditions. These reactions involve simple, robust, and highly reliable processes that form covalent bonds between molecules with high yields and minimal side products. Click chemistry has revolutionized the field of organic synthesis and is widely used in pharmaceuticals, materials science, and bioconjugation research. The most common click reactions are the Cu-catalyzed azide-alkyne cycloaddition and thiol-yne click reaction, which have become essential tools for chemists due to their high efficiency and precision.;Meta
Aquifer;An aquifer is a layer of rock or soil that stores and transmits large amounts of water underground. These layers are often composed of permeable materials such as sand, gravel, or fractured rock formations that allow water to move through them under gravity. Aquifers can be replenished by precipitation, surface runoff, or groundwater flow from adjacent areas, and they play a vital role in supporting local ecosystems, agriculture, and urban populations. The movement of water through aquifers is influenced by factors such as permeability, porosity, and hydraulic conductivity, which determine the rate at which water flows through the system.;Meta
Pressure sensor;A pressure sensor is a device that measures the pressure exerted by a fluid, such as air or liquid, against a surface. It consists of a sensing element and a signal conditioning circuit. The sensing element converts the pressure into an electrical signal, which is then processed by the circuit to provide an accurate measurement. Pressure sensors are used in various applications, including industrial process control, medical equipment, and automotive systems. They can be categorized based on their working principle, such as piezoelectric, capacitive, resistive, or optical sensors. The accuracy of pressure sensors depends on factors like temperature, humidity, and calibration.;Meta
Episodic memory;Episodic memory is a component of human memory that refers to the recollection of specific events or experiences from one's past. It involves the formation and retrieval of detailed information about personally experienced events, including their context, time, and spatial location. Episodic memories are typically short-term in nature, lasting only for several years, but can be consolidated into long-term memory through repetition and practice. This type of memory is thought to involve the coordinated activity of multiple brain regions, including the hippocampus and prefrontal cortex. Damage to these areas can lead to difficulties in forming new episodic memories, a condition known as amnesia.;Meta
Z-transform;The Z-transform is a mathematical tool used in signal processing and discrete-time systems to transform a time-domain sequence into a complex frequency-domain representation. It is analogous to the Laplace transform for continuous-time signals and can be used to analyze and design digital filters, including finite impulse response and infinite impulse response filters. The Z-transform maps a sequence of samples in the time domain to its corresponding spectral components, providing information about the frequency content of the signal. It is a powerful tool for analyzing discrete-time systems, such as digital control systems, image processing algorithms, and audio filtering techniques.;Meta
Phagocytosis;Phagocytosis is a vital cellular process by which certain cells, known as phagocytes, engulf and internalize foreign particles, bacteria, dead cells, or debris. This mechanism serves as a primary defense against infections and plays a crucial role in maintaining tissue homeostasis. Phagocytes, such as neutrophils and macrophages, extend pseudopodia to enclose the target particle, forming an enclosed vesicle called a phagosome. The contents of the phagosome are then digested by lysosomal enzymes within the cell. This process eliminates pathogens and debris, thereby preventing infection and maintaining cellular integrity. Successful phagocytosis is essential for the prevention of infections and the maintenance of tissue health.;Meta
Benzene;Benzene is a colorless, flammable liquid with a characteristic sweet odor and a density higher than water. It is a simple aromatic hydrocarbon, composed of six carbon atoms arranged in a ring structure, bonded to six hydrogen atoms. Benzene is a highly reactive compound, exhibiting electrophilic substitution reactions, where an atom or group replaces a hydrogen atom on the benzene ring. This reactivity makes benzene a precursor for the synthesis of many organic compounds, including phenol, aniline, and styrene. It was first isolated in 1825 by Michael Faraday from coal tar and has since become a widely used industrial chemical in various applications, such as solvents, fuels, and plastics production.;Meta
Boson;A boson is a type of subatomic particle that carries fundamental forces in nature. Named after Indian physicist Satyendra Nath Bose, who collaborated with Albert Einstein on the concept, bosons are integral to quantum mechanics and have been experimentally confirmed. There are four types of fundamental bosons: photons, gluons, W and Z bosons, and Higgs boson. The properties and behaviors of bosons govern the interactions between particles, allowing us to understand a wide range of phenomena in physics. Their discovery has been crucial in advancing our understanding of the universe's underlying structure and laws.;Meta
Volume of distribution;The volume of distribution is a pharmacokinetic parameter that describes the extent to which a drug distributes from its site of administration into the bloodstream and tissues. It represents the theoretical volume of plasma required to contain the total amount of an unbound drug in the body at any given time. The volume of distribution is calculated as the ratio of the dose administered to the corresponding plasma concentration, allowing for the estimation of how a drug will be distributed throughout the body. A high volume of distribution indicates extensive tissue penetration, whereas a low value suggests preferential accumulation in plasma or other bodily fluids.;Meta
Erythropoietin;Erythropoietin is a glycoprotein hormone produced by the kidneys in vertebrates that plays a crucial role in regulating red blood cell production. It stimulates erythropoiesis, the process of producing red blood cells in the bone marrow, thereby increasing oxygen delivery to tissues and organs. EPO, as it is commonly abbreviated, is regulated by hypoxia-inducible factors, which respond to low oxygen levels in the body. The hormone is produced primarily in the peritubular capillary endothelial cells of the kidney's cortex, with some production occurring in the liver during fetal development. Abnormal levels of EPO can lead to conditions such as polycythemia vera or erythropoietin deficiency anemia.;Meta
Friction;Friction is a force that opposes motion between two surfaces in contact with each other, resulting from the interaction between their molecules. It can be classified into static and kinetic friction: static friction prevents an object from moving when a force is applied, while kinetic friction acts on an object already in motion. Frictional forces are influenced by various factors such as surface roughness, normal force, and coefficient of friction. The coefficient of friction is a measure of the relative strength of friction between two surfaces. It varies depending on the materials involved and is typically denoted by the Greek letter μ.;Meta
Thermoplastic;Thermoplastic is a type of plastic that can be melted and reformed multiple times without undergoing any significant chemical change. This characteristic allows thermoplastics to be easily molded, shaped, and recycled. They are typically made from polymers, which consist of long chains of molecules that can be rearranged when heated or cooled. Thermoplastic materials include polyethylene, polypropylene, and nylon, among others. When heated, these plastics become soft and pliable, allowing them to be reshaped and reused. This unique property makes thermoplastics versatile and widely used in various applications, including packaging, textiles, and engineering components. They can also be easily molded into complex shapes using various techniques.;Meta
Silicon nitride;Silicon nitride is a chemical compound composed of silicon and nitrogen atoms in a crystal lattice structure. It is commonly encountered as a powder or ceramic material with high hardness, strength, and thermal shock resistance. Silicon nitride is often used in engineering applications such as wear-resistant parts, engine components, and semiconductor manufacturing equipment due to its exceptional mechanical properties. Its chemical inertness also makes it suitable for use in harsh environments where other materials may degrade. Additionally, silicon nitride exhibits high thermal conductivity, which facilitates efficient heat dissipation in electronic devices.;Meta
Prime editing;Prime editing is a gene editing tool that combines two distinct DNA-targeting systems to enable precise and efficient editing of genomic sequences. Developed by David Liu's laboratory at Harvard University in 2019, it uses a programmable Cas9 nuclease fused with an inverse repeat complementary DNA domain, which simultaneously cleaves and repairs the target site without leaving any unintended modifications or insertions. Prime editing has been shown to be more precise than CRISPR-Cas9, with fewer off-target effects and improved efficiency, making it a promising tool for treating genetic diseases, gene therapy, and basic research applications.;Meta
Metagenomics;Metagenomics is the study of genetic material directly extracted from environmental samples, bypassing traditional isolation and culture-based techniques for microorganisms. This approach allows researchers to analyze microbial communities in their entirety, rather than focusing on individual species. Metagenomic DNA or RNA sequences are then analyzed using bioinformatics tools to identify and characterize microbial diversity, metabolic capabilities, and interactions within ecosystems. The field has revolutionized our understanding of microbial ecology and has numerous applications in fields such as environmental monitoring, biotechnology, and human health research. By providing a comprehensive view of microbial communities, metagenomics has greatly expanded our knowledge of the microbial world.;Meta
Pressurized water reactor;A pressurized water reactor is a type of nuclear power plant that uses enriched uranium as fuel to produce steam, which drives a turbine connected to a generator to produce electricity. In a PWR, water at high pressure is pumped through the reactor core, where it absorbs heat from the fission reaction and becomes superheated steam. This steam then passes through a heat exchanger to produce more steam, which is used to drive the turbine. The water is continuously recirculated back to the reactor core, allowing for continuous operation. PWRs are one of the most common types of nuclear reactors in use worldwide, known for their high efficiency and reliability.;Meta
Rectifier;A rectifier is an electrical device that converts alternating current into direct current. This process, known as rectification, involves transforming the AC signal from a source such as a power grid to a DC output suitable for use in electronic devices. Rectifiers are commonly used in applications including power supplies, motor control, and communication systems. There are various types of rectifiers, including half-wave, full-wave, bridge, and switching rectifiers, each with its own unique characteristics and advantages. The efficiency and performance of a rectifier depend on the choice of circuit configuration and components. Rectifiers play a crucial role in modern electronics by enabling the efficient conversion of AC power to DC power.;Meta
Emulsion;An emulsion is a mixture of two or more liquids that are normally immiscible, such as oil and water, where one liquid is dispersed as droplets within the other. This process is known as emulsification, and it can be achieved through various methods including mechanical agitation, heat, or the use of surfactants. Emulsions are stabilized by surface-active agents that reduce the interfacial tension between the two liquids, preventing them from separating again. Common examples of emulsions include mayonnaise, milk, and some types of paints and cosmetics, where the properties of one liquid can be combined with those of another to create a new product with unique characteristics.;Meta
Spontaneous parametric down-conversion;Spontaneous parametric down-conversion is a nonlinear optical process that involves the interaction of light with a nonlinear medium. When a high-intensity laser beam passes through a non-centrosymmetric crystal, such as beta-barium borate or lithium niobate, it can excite the crystal's electrons to a higher energy state. As the electrons return to their ground state, they emit a pair of photons, one with lower frequency and the other with the same frequency as the pump laser. This process is a source of entangled photon pairs, which are essential for applications in quantum optics, including quantum cryptography, quantum teleportation, and quantum computing.;Meta
Network medicine;Network medicine is a systems biology approach to understanding disease mechanisms and developing treatments by analyzing complex biological networks. It involves integrating data from various sources, including genomics, transcriptomics, and interactomics, to reconstruct disease-specific network models. These models can identify key drivers of pathology, predict disease progression, and suggest potential therapeutic targets. Network medicine aims to provide a more comprehensive understanding of the underlying biology of diseases than traditional reductionist approaches. By analyzing interactions between genes, proteins, and other molecules, researchers can uncover new insights into disease mechanisms and develop more effective treatments. This approach has been applied to various diseases, including cancer, diabetes, and neurological disorders.;Meta
Exponential growth;Exponential growth is a phenomenon in which the rate of change of a quantity increases over time, resulting in accelerated growth. This type of growth is characterized by a rapid increase in size, population, or amount, often to the point where it becomes unmanageable or unsustainable. The key feature of exponential growth is that small changes in initial conditions can lead to large and disproportionate effects as time progresses. In mathematical terms, exponential growth is represented by an equation in which the rate of change is proportional to the current value, often described using the formula y = ab^t, where a and b are constants.;Meta
Precession;Precession is a phenomenon in which the rotational axis of a rotating body wobbles over time due to external torques. This occurs when the body's angular momentum is not aligned with its symmetry axis. Precession is observed in celestial bodies, such as planets and stars, where it can cause the apparent position of their rotational axes to shift over long periods of time. The precession of Mercury's orbit around the Sun was one of the first scientific discoveries to support Einstein's theory of general relativity. It has since been studied extensively in astronomy and is used to calibrate astronomical instruments.;Meta
Storm surge;A storm surge is a rise in sea level due to a combination of low atmospheric pressure and strong winds from a tropical cyclone, such as a hurricane or typhoon. As the cyclone's winds push against the ocean's surface, they create a bulge that can inundate coastal areas, causing extensive flooding and damage. The severity of storm surge is influenced by factors including the strength of the cyclone, its forward speed, and the topography of the coastline. Coastal elevation and beach morphology also play crucial roles in determining the impact of a storm surge on a particular area.;Meta
Cucurbituril;Cucurbituril is a type of macrocyclic molecule that belongs to the cucurbit family of compounds. These molecules are composed of two glycoluril units linked by eight methylene groups and have a hydrophobic cavity within their structure. Cucurbiturils exhibit host-guest complexation properties, enabling them to form stable complexes with guest molecules. This property is utilized in various applications such as molecular recognition, catalysis, and supramolecular chemistry. The size of the cavity can be tailored by modifying the glycoluril units, allowing cucurbiturils to bind a wide range of guest molecules, from small ions to large biomolecules. Their unique structure and properties make them useful tools in various scientific disciplines.;Meta
Baryogenesis;Baryogenesis is the process by which the universe became asymmetric in its matter-antimatter composition. This phenomenon is a fundamental problem in particle physics and cosmology, as the standard model predicts that the universe should have been symmetric in both matter and antimatter after the Big Bang. However, observations suggest that our universe is composed almost entirely of matter, with only trace amounts of antimatter present. Baryogenesis attempts to explain this asymmetry by proposing mechanisms for the creation or destruction of baryons in a manner that favors matter over antimatter. The theory has far-reaching implications for our understanding of the universe's evolution and structure.;Meta
Racemic mixture;A racemic mixture is a physical mixture composed of equal amounts of two enantiomers, which are mirror-image molecules that are non-superimposable on each other. This type of mixture has no net optical activity due to the presence of equal amounts of both enantiomers, resulting in no overall rotation of plane-polarized light. Racemic mixtures can be formed through various methods, including chemical synthesis or separation techniques such as crystallization and chromatography. They are commonly encountered in organic chemistry and have practical applications in pharmaceuticals, where they can be used to isolate individual enantiomers for medical use.;Meta
Direct air capture;Direct air capture is a technology that captures carbon dioxide directly from the atmosphere to mitigate climate change. This process involves the use of chemical solvents or solid sorbents to selectively capture CO2 molecules from ambient air. The captured CO2 can then be stored, utilized in industrial processes, or converted into fuels and chemicals through various methods such as mineralization, electrochemical conversion, or gasification. Direct air capture is considered a promising approach for reducing atmospheric CO2 levels, as it enables the capture of carbon dioxide without the need for large-scale industrial emissions sources. It requires significant amounts of energy to operate, but has potential applications in various sectors including power generation and chemical manufacturing.;Meta
Entropy;Entropy is a fundamental concept in thermodynamics, describing the measure of disorder or randomness in a system. It was first introduced by Rudolf Clausius in 1865 and has since become a cornerstone of modern physics. Entropy is typically denoted by the symbol S and is measured in units of energy per temperature, such as joules per kelvin. As a system becomes more disordered, its entropy increases, and it tends towards a state of maximum entropy at equilibrium. This concept applies to physical systems, including gases, liquids, and solids, and has far-reaching implications for understanding the behavior of matter and energy in various contexts.;Meta
High-throughput screening;High-throughput screening is a laboratory technique that enables the rapid testing of large numbers of biological samples for specific properties or characteristics. This approach involves the simultaneous analysis of multiple compounds or molecules, allowing researchers to identify potential leads with high efficiency and accuracy. The method typically employs automation and robotics to streamline sample preparation, data acquisition, and analysis, thereby increasing throughput while minimizing manual intervention. High-throughput screening is widely applied in drug discovery, genomics, proteomics, and other fields where rapid identification of novel compounds or molecular interactions is essential. Its applications range from basic research to industrial production.;Meta
Stoichiometry;Stoichiometry is the quantitative relationship between reactants and products in chemical reactions. It involves calculating the amounts of substances required for a reaction to occur and the amounts of substances produced as a result. Stoichiometry uses mole ratios, which are derived from the balanced chemical equation for a reaction, to determine the relative quantities of reactants and products. This field is essential in chemistry as it allows chemists to predict yields of products, design experiments, and optimize industrial processes. Stoichiometry is also crucial in understanding chemical equilibrium and thermodynamics.;Meta
Gamma ray;Gamma rays are a type of electromagnetic radiation that is emitted by atomic nuclei during certain types of radioactive decay. They are characterized by their extremely short wavelength and high energy, typically in excess of 100 keV. Gamma rays are produced when an atomic nucleus undergoes a process known as gamma decay, where it transitions from a higher-energy state to a lower-energy state by emitting a photon. This process is often the result of nuclear reactions such as fission or fusion. Gamma rays can also be produced artificially through particle accelerators and other devices. They are highly penetrating and can travel long distances in air and solid materials before being absorbed.;Meta
Anaerobic digestion;Anaerobic digestion is a biological process in which microorganisms break down organic matter in the absence of oxygen, producing biogas and a nutrient-rich digestate as by-products. This process typically occurs at temperatures between 20°C to 35°C, with mesophilic microorganisms being most active. The anaerobic pathway involves four stages: hydrolysis, acidogenesis, acetogenesis, and methanogenesis. During this process, complex organic compounds are converted into simpler forms, releasing carbon dioxide and hydrogen as intermediate products before ultimately producing methane-rich biogas. Anaerobic digestion is a widely used treatment method for wastewater and organic waste management, offering benefits such as reduced greenhouse gas emissions and recovery of valuable resources.;Meta
Aliasing;"Aliasing is a fundamental concept in signal processing and digital sampling that occurs when a continuous signal is converted into a discrete signal by sampling at a rate lower than twice the highest frequency component present in the signal. This leads to a distortion or ""folding"" of the signal's spectral components, resulting in a representation that does not accurately reflect the original signal. Aliasing can cause errors in analysis and interpretation of data, particularly in fields such as audio and image processing where high-frequency content is crucial. Understanding and mitigating aliasing effects are essential for accurate reconstruction of signals from sampled data.";Meta
Machine learning;Machine learning is a subfield of artificial intelligence that involves the use of algorithms to enable computers to learn from experience and improve their performance on a task without being explicitly programmed for it. This approach allows machines to automatically improve their predictions, classification, or decision-making based on data and feedback. Machine learning techniques are widely used in applications such as image recognition, natural language processing, and predictive analytics. Key concepts include supervised and unsupervised learning, neural networks, and deep learning, which enable machines to learn complex patterns in large datasets.;Meta
Cholesky decomposition;Cholesky decomposition is a factorization technique used in linear algebra to decompose a symmetric positive-definite matrix into the product of a lower triangular matrix and its transpose. The method was developed by André-Louis Danjon and Georges Dantzig's colleague, Pierre Cholesky, who first published it in 1938. This decomposition allows for efficient computation of solutions to systems of linear equations and is widely used in statistical analysis, machine learning, and scientific computing. It is also the basis for other techniques such as QR decomposition and has numerous applications in areas like signal processing and data analysis. The Cholesky factorization can be computed using various algorithms including LU decomposition and conjugate gradient methods.;Meta
Metacognition;Metacognition refers to an individual's ability to have knowledge about their own cognitive processes, such as thinking, problem-solving, and learning. It involves a conscious awareness and evaluation of one's mental states and strategies used to accomplish tasks. Metacognitive skills enable individuals to monitor their progress, adjust their approach as needed, and allocate resources efficiently. This self-regulation process is essential for adapting to new situations, making informed decisions, and achieving academic or professional goals. Research suggests that metacognition plays a critical role in learning outcomes, memory performance, and cognitive development across the lifespan. It has been found to be an important factor in overcoming obstacles and achieving success.;Meta
Cerebellum;The cerebellum is a part of the brain that plays a crucial role in motor control, coordination, and learning. It is located at the base of the brain and consists of two hemispheres connected by a central vermis. The cerebellum receives input from sensory receptors throughout the body and sends signals to motor neurons, which then transmit instructions to muscles and glands. Damage to the cerebellum can result in problems with coordination, balance, and speech. The cerebellum also plays a role in regulating emotions, particularly fear and aggression, and is involved in the processing of auditory information. It develops throughout childhood and adolescence.;Meta
Scintillator;A scintillator is a material that emits light when excited by ionizing radiation, such as alpha, beta, gamma rays, or X-rays. This phenomenon is known as fluorescence or luminescence. Scintillators are used in various applications, including particle physics research, medical imaging, and nuclear detection. They work by absorbing the energy of incident particles and converting it into visible light through a process called excitation-deexcitation. The emitted light can be detected with photodetectors, allowing for the measurement of the original radiation's energy and direction. Scintillators are often used in conjunction with other materials to optimize their properties, such as sensitivity and efficiency.;Meta
Carbon cycle;The carbon cycle is the process by which carbon is exchanged between the atmosphere, oceans, land, and living organisms. It involves the movement of carbon in various forms, including carbon dioxide, methane, and organic compounds. The main pathways of the carbon cycle include photosynthesis, respiration, decomposition, and fossil fuel burning. During photosynthesis, plants absorb CO2 from the atmosphere and release oxygen as a byproduct. Respiration is the opposite process, where organisms release CO2 into the atmosphere. Decomposition involves the breakdown of organic matter, releasing carbon back into the environment. The human activities such as deforestation and burning fossil fuels have altered the natural balance of the carbon cycle, contributing to climate change.;Meta
Cryptand;Cryptands are a class of macrocyclic polyethers that form highly stable complexes with metal ions through coordinate covalent bonding. They consist of three oxygen atoms connected by methylene bridges to form a ring-shaped molecule. The large cavity within the cryptand molecule allows it to encapsulate and stabilize metal ions, often forming a complex that is more stable than those formed by smaller polydentate ligands. Cryptands are used in various applications including ion transport, extraction, and catalysis. Their ability to selectively bind and stabilize specific metal ions makes them useful tools in analytical chemistry and materials science research.;Meta
Antigen;An antigen is a substance that can induce an immune response in an organism, typically by stimulating the production of antibodies. Antigens are usually proteins, carbohydrates, or nucleic acids, and can be found on the surface of pathogens such as bacteria, viruses, and parasites, or can be released from these organisms during infection. The immune system recognizes antigens through specific receptors on T and B cells, which then activate an immune response to eliminate the antigen from the body. Different individuals may have different responses to the same antigen due to variations in their genetic makeup and environmental exposures.;Meta
Thiamine pyrophosphate;Thiamine pyrophosphate is a coenzyme that plays a crucial role in various biochemical reactions involving carbohydrate metabolism. It is the active form of vitamin B1, thiamine, and serves as a cofactor for several enzymes involved in decarboxylation reactions. Thiamine pyrophosphate acts as an intermediate electron carrier, facilitating the transfer of electrons during these reactions. In particular, it plays a key role in the Krebs cycle, where it participates in the conversion of pyruvate to acetyl-CoA. The deficiency of thiamine or its inability to form thiamine pyrophosphate can lead to disorders such as beriberi and Wernicke-Korsakoff syndrome, which affect the nervous system.;Meta
Species richness;Species richness refers to the number of different species present in a particular area or ecosystem. It is a measure of biodiversity that quantifies the variety of species within a given context, such as a forest, grassland, or aquatic system. Species richness can be measured at various scales, from local communities to entire biomes. The concept is often used in ecology and conservation biology to assess the health and diversity of ecosystems, and to identify areas with high levels of biodiversity that may warrant protection. High species richness can indicate a more stable and resilient ecosystem.;Meta
Redox;Redox reactions involve the transfer of electrons from one species to another, resulting in a change in oxidation state. Oxidation occurs when a species loses electrons, while reduction occurs when it gains electrons. The driving force behind redox reactions is often the tendency of atoms to achieve a more stable electron configuration. Many biological processes, such as cellular respiration and photosynthesis, rely on redox reactions. Inorganic compounds also undergo redox reactions during chemical synthesis and decomposition. Redox potential, measured in volts, indicates the likelihood of an oxidation or reduction reaction occurring. The concept of redox is fundamental to understanding many areas of chemistry and biology.;Meta
Allele;An allele is one of two or more versions of a gene that occupy a specific location on a chromosome. Alleles can be either dominant or recessive, with dominant alleles expressing their traits over those of recessive alleles when present together in an individual's genotype. The interaction between different alleles determines the phenotype of an organism. Each allele has a unique DNA sequence and its expression is determined by the genetic code. Variations in allele frequency among populations can lead to evolutionary changes over time. The study of alleles provides insights into the mechanisms of inheritance, genetics, and evolution, allowing for better understanding of the complexity of living organisms.;Meta
Periodic table;The periodic table is a tabular arrangement of elements, organized by their atomic number, electron configuration, and recurring chemical properties. It was first developed by Dmitri Mendeleev in 1869 and has since undergone numerous revisions to its structure. The table consists of rows called periods and columns called groups, with each element occupying a specific position based on its atomic number. As elements increase in atomic number, their electron configuration changes, resulting in similar chemical properties among adjacent elements in the same group. This organization allows for efficient categorization and prediction of an element's behavior, facilitating research and discovery in chemistry and physics.;Meta
Neutralino;The neutralino is a hypothetical particle predicted by supersymmetric extensions of the Standard Model of particle physics, specifically in the Minimal Supersymmetric Standard Model. It is a fermion that could be the lightest supersymmetric particle and a potential candidate for dark matter. Neutralinos are Majorana particles, meaning they have identical antiparticles. They interact with normal matter through weak nuclear forces and gravity, but their primary interaction is via the electroweak force, making them extremely difficult to detect directly. The mass range of neutralinos is predicted to be within a few hundred GeV to several TeV, depending on the specific supersymmetric model employed.;Meta
Place cell;Place cells are a type of neuronal cell located in the hippocampus region of the brain that are responsible for encoding spatial information and navigating through environments. They were first discovered by John O'Keefe and his colleagues in 1971, who observed that these cells fired selectively when an animal was at specific locations within its environment. The firing pattern of place cells is unique to each location, allowing them to create a cognitive map of the surrounding space. This mechanism enables animals, including humans, to navigate and remember the spatial layout of their environment with remarkable accuracy. Place cells play a crucial role in memory formation and navigation.;Meta
Electrospinning;Electrospinning is a fabrication technique used to produce fibers with diameters in the nanoscale. This method involves applying a high voltage to a polymer solution, causing it to be drawn out into thin fibers through a process known as electrostatic repulsion. The fibers are then collected on a substrate, resulting in a non-woven mat or film. Electrospinning is used to produce materials with unique properties such as high surface area, porosity, and biocompatibility. This technique has applications in various fields including biomedical engineering, tissue engineering, and drug delivery systems. The electrospun fibers can be used to create scaffolds for cell growth, wound dressings, and implantable devices.;Meta
Anabolism;"Anabolism is a metabolic process in which molecules are synthesized from smaller units to form larger ones, resulting in the storage of energy. This process involves the breakdown and reorganization of molecules into more complex forms, such as the conversion of glucose into glycogen or proteins. Anabolism is often referred to as ""building up"" because it builds new molecules by combining simpler substances. It requires energy input, typically in the form of ATP, to drive the synthesis reaction forward. Anabolic processes are essential for growth, repair, and maintenance of tissues in living organisms.";Meta
Type 1 diabetes;Type 1 diabetes is an autoimmune disease characterized by the destruction of pancreatic beta cells responsible for insulin production. The immune system mistakenly attacks and destroys these cells, leading to a deficiency in insulin secretion. As a result, glucose builds up in the bloodstream, causing hyperglycemia and a range of symptoms including thirst, fatigue, and increased urine output. Type 1 diabetes is typically diagnosed in childhood or adolescence, but can occur at any age. There is currently no cure for the disease, although treatments such as insulin therapy and lifestyle modifications can help manage its symptoms and prevent long-term complications. Research suggests that genetic predisposition plays a significant role in the development of type 1 diabetes.;Meta
Stark effect;The Stark effect is a phenomenon in atomic physics where the energy levels of an atom change when it is exposed to an external electric field. This causes a splitting of spectral lines into multiple components, which can be observed in the spectrum of light emitted or absorbed by the atom. The effect was first discovered by Johannes Stark in 1913 and is a result of the interaction between the electric field and the electron's orbital angular momentum. The energy shift depends on the strength of the electric field and the quantum mechanical properties of the atom. It has important applications in atomic physics, spectroscopy, and laser technology.;Meta
RNA virus;RNA viruses are a diverse group of pathogens that utilize ribonucleic acid as their genetic material, lacking the ability to replicate on their own and relying on host cells for replication and transcription. They possess a wide range of characteristics, including different shapes, sizes, and mechanisms of transmission, but all share the common trait of causing disease in humans and animals. Examples of RNA viruses include influenza, HIV, and coronavirus, which are responsible for respiratory infections, acquired immunodeficiency syndrome, and respiratory distress syndrome, respectively. The study of RNA viruses has provided significant insights into their molecular biology, epidemiology, and pathogenesis, allowing for the development of diagnostic tools, vaccines, and antiviral therapies.;Meta
Attention;Attention is a cognitive process that enables individuals to selectively concentrate on specific stimuli while ignoring others. It involves allocating limited mental resources to relevant information and suppressing irrelevant sensory input. The attention system consists of several sub-processes, including alerting, orienting, and executive control. Alerting mechanisms prepare the individual for potential threats or demands, orienting focuses visual attention towards relevant stimuli, and executive control selectively filters and processes relevant information. Disruptions in attentional processing can result in decreased cognitive performance, reduced productivity, and increased risk of accidents and errors due to divided attention.;Meta
Lie group;A Lie group is a smooth manifold that is also a group, where the group operation and inversion map are smooth maps. This means that the group's algebraic structure can be smoothly embedded into its differential geometry structure. The Lie group concept was developed by Sophus Lie in the late 19th century as part of his work on differential equations and symmetry groups. In essence, a Lie group is a continuous version of a discrete group, with properties that unify both geometric and algebraic aspects of mathematics. This unification has far-reaching implications for areas like differential geometry, topology, and representation theory.;Meta
Corrole;Corroles are synthetic macrocyclic compounds that mimic the structure and properties of porphyrins, a class of organic molecules found in hemoglobin. They have been extensively studied for their potential applications in medicine, catalysis, and materials science. Corroles can be designed to bind metal ions with high affinity, allowing them to act as selective catalysts or carriers in biological systems. The incorporation of corrole-based compounds into devices has also shown promise for the detection of oxygen, carbon dioxide, and other gases. Research on corroles continues to advance our understanding of their unique properties and potential applications in various fields.;Meta
Nitrogen cycle;The nitrogen cycle is a series of processes by which nitrogen is converted between its various chemical forms in nature. It involves the transformation of nitrogen gas into nitrate and other nitrogen compounds that are essential for plant growth. The cycle begins with nitrogen fixation, where certain bacteria convert N2 into ammonia, which is then converted to nitrite and eventually to nitrate by nitrifying bacteria. Nitrogen is also removed from ecosystems through denitrification, a process in which bacteria convert nitrate back into N2. This cycle plays a crucial role in maintaining the fertility of soil and supporting plant growth.;Meta
Solubility;Solubility is a measure of the maximum amount of a substance that can dissolve in a given quantity of another substance, typically a solvent such as water, at a particular temperature and pressure. It is an equilibrium constant that represents the ratio of the concentrations of the dissolved species to the concentration of the undissolved solid. Solubility is influenced by various factors including temperature, pressure, and the chemical structure of the solute. An increase in temperature generally increases the solubility of solids and liquids, while a decrease can cause them to precipitate out of solution.;Meta
Euchromatin;Euchromatin is a region of chromatin that has been actively transcribed and is therefore more accessible to transcription factors and other regulatory proteins. It is characterized by its relaxed structure and high level of histone acetylation, which makes it easier for RNA polymerase to bind and initiate transcription. Euchromatin is typically found in the interband regions between chromomeres on metaphase chromosomes and is often associated with active genes that require frequent transcription. The formation of euchromatin involves the replacement of nucleosomes with linker histones, allowing for increased gene expression and a more open chromatin structure. This region plays a critical role in regulating gene expression.;Meta
Membrane potential;Membrane potential is the difference in electrical charge between the interior and exterior of a cell, resulting from selective permeability of its plasma membrane to certain ions. The movement of positively charged ions, such as sodium, into the cell and negatively charged ions, like potassium, out of the cell, creates an electric potential across the membrane. This potential is generated by ion pumps that actively transport ions against their concentration gradients, creating a resting potential of around -70 millivolts in animal cells. The balance between inward and outward ionic flows can be altered by various stimuli, leading to action potentials in excitable cells like neurons and muscle fibers.;Meta
Traction force microscopy;Traction force microscopy is a technique used to measure the mechanical forces exerted by cells on their surroundings. It involves microfabricating a substrate with embedded elastic materials that deform in response to applied forces, allowing for the quantification of traction stresses at the cellular level. By analyzing these deformations using fluorescence microscopy and computational modeling, researchers can gain insights into cell behavior, such as migration, adhesion, and tissue remodeling. Traction force microscopy has been applied to study various biological processes, including cancer progression, wound healing, and embryonic development, providing valuable information on the mechanical interactions between cells and their environment.;Meta
Kinesin;Kinesin is a class of motor proteins that play a crucial role in intracellular transport and organization. It is composed of two heavy chains and two light chains, which are connected by coiled-coil structures. Kinesins use ATP hydrolysis to produce force and movement along microtubules, often moving cargo such as vesicles or organelles from one part of the cell to another. There are several types of kinesin, each with specific functions and localizations within the cell. Kinesin has been implicated in various cellular processes including axonal transport, meiotic spindle formation, and cytokinesis. The regulation and coordination of kinesin activity is essential for maintaining proper cellular architecture and function.;Meta
Adaptive radiation;Adaptive radiation is a process in evolutionary biology where a single species diverges into multiple distinct species that occupy different ecological niches. This occurs when a founder population adapts to its environment through natural selection, leading to the development of new traits and characteristics. As these populations become reproductively isolated, they undergo further divergence and speciation. Adaptive radiation is often facilitated by geographical isolation or changes in climate, allowing for the colonization of new habitats and ecological niches. Examples include the Hawaiian honeycreepers and the Galapagos finches, where a single species has given rise to numerous endemic species.;Meta
Connexin;Connexins are a family of transmembrane proteins that form gap junctions, allowing direct communication between adjacent cells through electrical synapses. These channels enable the passage of ions and small molecules, including signaling molecules, nutrients, and waste products. Gap junctions play a crucial role in various physiological processes, such as coordinating muscle contractions, regulating blood pressure, and facilitating cell-to-cell signaling in the nervous system. Mutations or alterations in connexin expression have been linked to several diseases, including epilepsy, cardiac arrhythmias, and hearing loss. Connexins are also involved in the development and progression of various cancers by influencing tumor growth, invasion, and metastasis.;Meta
Translation;In molecular biology, translation is the process by which ribosomes translate messenger RNA into a polypeptide chain, which ultimately becomes a protein. This process occurs on ribosomes, complex cellular structures composed of RNA and proteins. Translation begins with the initiation of transcription, where genetic information from DNA is transcribed into mRNA. The ribosome then binds to the mRNA molecule and reads its sequence of nucleotides, which are grouped into codons that specify amino acid sequences. Transfer RNAs bring specific amino acids to the ribosome based on the codon sequences, and peptide bonds form between them, ultimately resulting in a polypeptide chain.;Meta
Elastomer;An elastomer is a type of polymer that exhibits elastic properties, meaning it can stretch and recover its original shape when the external force is removed. These materials have high elasticity and can be reversibly deformed without breaking. Elastomers are typically cross-linked polymers, which gives them their unique properties. The molecular structure of an elastomer allows it to absorb energy and return to its original state after deformation. Common examples of elastomers include natural rubber, polyisoprene, polybutadiene, and silicone. Elastomers have a wide range of applications in various industries, including automotive, medical, and construction.;Meta
Gravitational microlensing;Gravitational microlensing is a phenomenon predicted by Einstein's general theory of relativity, in which the light from a background star is bent and magnified by the gravitational field of an intervening object such as a star or a planet. This effect occurs when the mass of the foreground object is sufficient to create a significant curvature of spacetime around it, allowing it to act as a lens for distant stars. The effect can be used to detect exoplanets, dark matter, and other compact objects that are difficult to observe directly, by monitoring the brightness of stars in the direction of suspected lenses.;Meta
Ligand field theory;Ligand field theory is a theoretical model used to describe the bonding in coordination complexes and their spectroscopic properties. It proposes that the ligands surrounding a central metal ion interact with each other and the metal's d orbitals, resulting in a splitting of these orbitals into distinct energy levels. This interaction determines the magnetic and spectroscopic properties of the complex, as well as its reactivity. The theory is based on group theory and molecular orbital theory, providing a quantitative framework for understanding the electronic structure of coordination complexes. It has been widely applied to explain various phenomena in inorganic chemistry, including magnetism, optical spectra, and chemical reactivity.;Meta
Protein folding;Protein folding is the process by which polypeptide chains acquire their native three-dimensional structure. The sequence of amino acids in a protein determines its primary structure, and subsequent interactions between residues lead to secondary, tertiary, and quaternary structures. The stability of the folded state is influenced by hydrogen bonding, ionic bonds, hydrophobic interactions, and disulfide bridges. Misfolded proteins can be toxic or aggregative, contributing to various diseases such as Alzheimer's and Parkinson's. Folding occurs in a hierarchical manner, with initial secondary structure formation followed by tertiary and quaternary arrangements. Computational models and experimental techniques are used to study protein folding pathways and predict the structures of novel proteins.;Meta
NOD-like receptor;NOD-like receptors are a family of cytosolic pattern recognition receptors that play a crucial role in the activation of innate immunity against microbial infections. These receptors recognize pathogen-associated molecular patterns and activate downstream signaling pathways, leading to the production of pro-inflammatory cytokines and antimicrobial peptides. NLRs are composed of three main domains: the N-terminal oligomerization domain, the central caspase-activation and recruitment domain, and the C-terminal leucine-rich repeat domain. Upon activation, NLRs undergo oligomerization and recruitment of downstream signaling molecules, ultimately leading to the assembly of the inflammasome complex. This complex activates inflammatory responses and clears pathogens from infected tissues.;Meta
Evolution;Evolution is the scientifically supported theory that all species of life have developed from a common ancestor through the process of variation, mutation, genetic drift, and gene flow over geological timescales. This process results in the diversity of life on Earth, with different species adapting to their environments through natural selection. The mechanisms driving evolution include genetic variation within populations, heritability, and environmental pressures such as climate change, predation, and competition for resources. Evolutionary changes occur gradually, leading to new species forming over millions of years. Fossil records, comparative anatomy, and molecular biology provide evidence supporting the theory of evolution.;Meta
Hawking radiation;Hawking radiation is a theoretical prediction that black holes emit radiation due to quantum effects near the event horizon. This phenomenon was first proposed by Stephen Hawking in 1974 and is a result of the interplay between general relativity and quantum mechanics. The process involves virtual particles that are constantly appearing and disappearing in the vicinity of the event horizon, which marks the boundary beyond which nothing can escape the gravitational pull of the black hole. When one particle falls into the black hole while its antiparticle escapes, this energy is released as radiation, known as Hawking radiation.;Meta
Endoplasmic reticulum;The endoplasmic reticulum is a complex system of membranous tubules within eukaryotic cells that is involved in various cellular processes including protein synthesis, folding, and transport. It is composed of two main subtypes: the rough ER, which contains ribosomes for protein synthesis, and the smooth ER, which lacks ribosomes but is involved in lipid synthesis, detoxification, and calcium storage. The ER also plays a crucial role in regulating intracellular calcium levels through its interactions with the mitochondria and other organelles. Additionally, it facilitates the transport of lipids and proteins to various parts of the cell through its extensive network of tubules.;Meta
Pathway analysis;Pathway analysis is a computational method used to identify statistically significant associations between biological entities such as genes, proteins, and metabolites that are related through metabolic, signaling, or regulatory pathways. It involves analyzing high-throughput experimental data to predict potential interactions among these entities within known biochemical pathways. This approach can be applied to various fields including genomics, proteomics, and systems biology to study disease mechanisms and drug responses. Pathway analysis is often used in conjunction with other bioinformatics tools such as gene expression profiling and network analysis to provide a comprehensive understanding of biological processes at the molecular level.;Meta
Erythropoiesis;Erythropoiesis is the process by which red blood cells are produced in the bone marrow. It is a complex series of cellular events that involves the proliferation and differentiation of hematopoietic stem cells into erythrocytes. The process begins with the release of erythropoietin, a hormone produced by the kidneys, which stimulates the production of red blood cells. Erythroid progenitor cells then undergo multiple divisions and differentiate into mature erythrocytes through a series of distinct stages. This process is regulated by various factors, including oxygen levels, growth factors, and hormones. Dysregulation of erythropoiesis can lead to conditions such as anemia or polycythemia vera.;Meta
Invasive species;Invasive species refer to non-native organisms that have been introduced to a new environment through human activity, resulting in significant economic, ecological, and social impacts. These species can outcompete native species for resources, alter ecosystems, and disrupt native food chains, leading to biodiversity loss and ecosystem degradation. Invasive species can be plants, animals, or microorganisms, such as weeds, insects, fish, or diseases. The most common pathways of introduction include human migration, trade, travel, and the pet trade. Once established, invasive species can be difficult and costly to control, highlighting the need for preventative measures and management strategies to mitigate their impacts.;Meta
Graph theory;Graph theory is a branch of mathematics that studies graphs, which are collections of objects connected by edges or links. It emerged in the late 19th century and has since found applications in various fields, including computer science, biology, sociology, and physics. A graph consists of vertices or nodes, which can represent individuals, cities, or other entities, and edges, which represent relationships between them. Graph theory focuses on properties such as connectivity, paths, and cycles, as well as algorithms for searching, sorting, and traversing graphs. It has led to the development of important concepts like network analysis, graph partitioning, and spectral graph theory.;Meta
Heat capacity;Heat capacity is a measure of the amount of heat energy required to change the temperature of a substance by one degree Celsius or Kelvin. It is a thermodynamic property that describes how much an object resists changes in its temperature when heated or cooled. Heat capacity is typically denoted by the symbol C and is expressed in units of joules per kelvin. The heat capacity of a substance depends on its specific heat capacity, which varies depending on the type of material. Different materials have different specific heat capacities, ranging from about 0.01 J/g·K for diamond to 1.8 J/g·K for water.;Meta
Black hole;A black hole is a region in space where the gravitational pull is so strong that nothing, including light, can escape. It is formed when a massive star collapses in on itself and its gravity becomes so strong that it warps the fabric of spacetime around it. The point of no return, called the event horizon, marks the boundary beyond which anything that enters cannot escape. Black holes come in various sizes, from small stellar-mass black holes to supermassive ones found at the centers of galaxies. They have a significant impact on their surroundings and are often surrounded by accretion disks of hot gas.;Meta
Allopatric speciation;Allopatric speciation is a process of evolutionary divergence that occurs when two populations of the same species become geographically isolated from one another, leading to reproductive isolation and eventual formation of new species. This can happen due to various factors such as mountain building, sea level changes, or other geological events that create physical barriers between the populations. As the populations adapt to their respective environments, genetic differences accumulate over time, resulting in the emergence of distinct species. Allopatric speciation is an important mechanism of evolutionary change, accounting for a significant proportion of new species on Earth. It is often contrasted with sympatric speciation, where speciation occurs without geographical isolation.;Meta
Instrumental variable;The instrumental variable is a statistical concept used to identify causal relationships between variables in observational data when confounding factors are present. An instrument is a variable that affects the outcome variable only through its effect on the treatment variable, and it is unrelated to the error term of the outcome variable. The idea is to use this instrument to create a new variable that captures the causal effect of the treatment on the outcome. This approach allows researchers to control for confounding variables and estimate the causal effect of the treatment even when randomization is not possible.;Meta
Nutation;Nutation is a periodic wobbling motion of the Earth's rotational axis, caused by the gravitational pull of the Moon and Sun on the planet's equatorial bulge. The effect is most pronounced at the equator and decreases towards the poles. As a result, the position of the North Pole star, Polaris, appears to shift slightly over the course of a year. Nutation is a complex phenomenon that also affects the Earth's axis precession, leading to variations in the planet's rotational period. The motion is very slow, taking about 18.6 years for one complete cycle.;Meta
Food web;A food web is a model that depicts the feeding relationships between different organisms within an ecosystem. It illustrates how energy flows from one level to another in a community. The primary producers, such as plants and algae, form the base of the food web by converting sunlight into chemical energy through photosynthesis. Herbivores consume these producers, followed by carnivores which feed on herbivores, and so on. Decomposers break down dead organisms into simpler forms that can be reused by other living beings. Energy is transferred from one trophic level to another, often with a loss of energy at each transfer, illustrating the efficiency of food webs in ecosystems.;Meta
Toluene;Toluene is a clear, water-insoluble liquid with a sweet odor at room temperature, used as a solvent in paints, dyes, adhesives and other products. It is also a byproduct of coal tar and petroleum refining. Toluene's physical properties include a boiling point of 111°C and a melting point of -95°C. When ingested or inhaled, toluene can be toxic to humans, causing symptoms such as dizziness, nausea and headaches. Chronic exposure has been linked to neurological damage, kidney and liver problems, and reproductive issues. Toluene is also a known carcinogen and has been shown to cause birth defects in animal studies. Its use and handling are regulated by various national and international agencies.;Meta
Hydrogel;A hydrogel is a network-like polymer structure that can absorb and retain large amounts of water while maintaining its shape and elasticity. This characteristic makes hydrogels useful in various applications such as wound dressings, contact lenses, and drug delivery systems. They are typically composed of hydrophilic monomers or polymers that undergo cross-linking to form a three-dimensional network. The resulting gel-like material can swell significantly when exposed to water, allowing it to absorb up to several thousand times its dry weight in solvent. Hydrogels have been engineered to exhibit specific properties such as pH sensitivity and temperature responsiveness for controlled release of therapeutic agents or other substances.;Meta
Chemotherapy;Chemotherapy is a type of cancer treatment that uses chemical agents to kill or inhibit the growth of rapidly dividing cancer cells. These chemicals can be administered orally, intravenously, topically, or through other routes, and are designed to target specific molecular mechanisms involved in cell division. Chemotherapeutic agents often work by interfering with DNA replication, mitosis, or other cellular processes essential for tumor growth. Common examples include alkylating agents, antimetabolites, anthracyclines, and taxanes, which can induce cell death through various mechanisms such as apoptosis, necrosis, or autophagy. Chemotherapy is often used in combination with surgery and radiation therapy to improve treatment outcomes in cancer patients.;Meta
Conserved sequence;A conserved sequence is a segment of DNA or protein that remains unchanged across different species, indicating its functional significance in evolution. These sequences are often found in genes and regulatory regions involved in essential biological processes such as replication, transcription, and translation. The conservation of these sequences suggests that they have been under strong selective pressure to maintain their function throughout evolutionary time. Studies of conserved sequences have provided insights into the molecular mechanisms underlying various diseases and have facilitated the identification of potential therapeutic targets.;Meta
Synaptogenesis;Synaptogenesis is the process of synapse formation between neurons in the developing nervous system. This phenomenon occurs during critical periods of brain development and plays a pivotal role in establishing neural connectivity and circuitry. Synaptogenesis involves the growth, extension, and branching of axonal terminals as well as the maturation of dendritic spines, allowing for the exchange of chemical signals between neurons. As synapses form and strengthen, they become more efficient at transmitting information, ultimately influencing behavior, learning, and memory. Dysregulation of synaptogenesis has been implicated in various neurological disorders, including autism spectrum disorder, schizophrenia, and Alzheimer's disease.;Meta
Small molecule;A small molecule is a chemical compound that consists of only a few atoms, typically less than 50. Small molecules are characterized by their low molecular weight and simplicity in structure. They can be found naturally in living organisms or synthesized artificially. Examples include amino acids, sugars, and hormones. In biology, small molecules play crucial roles as signaling molecules, enzymes, and receptors. Their interactions with other biomolecules influence various cellular processes, including metabolism, gene expression, and disease development. Understanding the properties and behavior of small molecules is essential in fields like pharmacology, toxicology, and biomedical research.;Meta
Processivity;Processivity is a fundamental concept in molecular biology that refers to the ability of an enzyme or protein to traverse a long sequence of substrate molecules without dissociating from its active site. This property is essential for enzymes such as DNA and RNA polymerases, helicases, and translocases, which are responsible for unwinding DNA double helices, synthesizing nucleic acid strands, and translocating across DNA or RNA sequences. High processivity allows these enzymes to efficiently complete their reactions without frequent dissociation, thereby increasing the overall rate of reaction and accuracy of transcription and replication processes. Processivity is a critical factor in understanding various cellular mechanisms, including gene expression and genome stability.;Meta
CNO cycle;The CNO cycle is a process by which hydrogen nuclei are fused into helium in stars with core temperatures above approximately 15 million Kelvin. This process involves a series of nuclear reactions where carbon, nitrogen, and oxygen isotopes act as catalysts, facilitating the conversion of hydrogen into helium through a sequence of proton-proton chain reactions. The CNO cycle is significant because it dominates the fusion process in stars with masses at least 1.3 times that of the Sun, making it an essential component of stellar evolution theory. It also plays a crucial role in understanding the internal dynamics and nucleosynthesis within massive stars.;Meta
Metabolism;Metabolism is the set of life-sustaining chemical reactions in organisms that are necessary for energy production, growth, and maintenance. It involves the breakdown of complex molecules into simpler ones, known as catabolism, and the construction of new compounds from these broken-down products, called anabolism. Metabolic pathways involve a series of enzyme-catalyzed reactions that require energy in the form of ATP, NADH, or FADH2 to drive the process forward. The rate of metabolism can be influenced by factors such as diet, genetics, and environmental conditions, which can affect an organism's ability to maintain homeostasis and respond to its surroundings. Metabolism is a fundamental aspect of all living organisms, from simple bacteria to complex eukaryotic cells.;Meta
Bacteriophage;A bacteriophage, also known as a phage, is a type of virus that infects bacterial cells. It consists of a protein coat and a DNA or RNA genome enclosed within. Phages are highly specific in their host range, typically infecting one or a few closely related bacterial species. Upon infection, the phage injects its genetic material into the host cell, where it hijacks the cell's metabolic machinery to replicate itself. Eventually, the new phage particles assemble and burst out of the host cell, often killing it in the process. Phages play significant roles in regulating bacterial populations, facilitating horizontal gene transfer, and influencing the evolution of bacteria.;Meta
Fourier transform;The Fourier transform is a mathematical operation that decomposes a function or a signal into its constituent frequencies. It is used to analyze signals in terms of their frequency content and is widely employed in various fields such as engineering, physics, and mathematics. The Fourier transform converts time-domain signals into their frequency-domain representations, allowing for the extraction of information about the signal's frequency components. In essence, it transforms a signal from one domain to another, making it easier to analyze and interpret complex data. This transformation is reversible, meaning that the original signal can be recovered by applying an inverse Fourier transform.;Meta
String theory;String theory is a theoretical framework in physics that attempts to reconcile quantum mechanics and general relativity. It proposes that the fundamental building blocks of the universe are one-dimensional strings rather than point-like particles. These strings vibrate at different frequencies, giving rise to various particles with distinct properties. The theory requires ten dimensions: three dimensions of space and one of time, as well as six compactified dimensions. String theory has been used to describe phenomena such as black holes and cosmological inflation, but it remains a speculative framework in need of experimental verification. It is still being developed and refined by physicists.;Meta
Aneuploidy;Aneuploidy is a genetic condition characterized by having an abnormal number of chromosomes in cells, resulting from errors during cell division. This deviation from the typical diploid number can occur in somatic cells, where it is often associated with cancer and other diseases, or in reproductive cells, where it can lead to miscarriage or birth defects. Aneuploidy can be caused by mistakes during meiosis, errors in DNA replication, or exposure to mutagenic agents such as radiation or chemicals. Some aneuploidies are viable, while others result in embryonic lethality or severe developmental abnormalities. The study of aneuploidy has important implications for understanding human disease and developing new diagnostic tools.;Meta
Vulcanization;Vulcanization is a chemical process that transforms rubber into a more durable and flexible material by cross-linking its molecules through sulfur or other additives. This process was discovered in 1839 by Charles Goodyear, who accidentally dropped a mixture of rubber and sulfur on a hot stove, resulting in the creation of a hard, yet still elastic substance. Vulcanization prevents the deformation and breakdown of rubber under stress, making it suitable for use in various applications such as tires, belts, and other elastic products. The process has undergone numerous modifications since its discovery, but the basic principle remains unchanged, with sulfur or other vulcanizing agents facilitating the cross-linking reaction that enhances the material's properties.;Meta
Living fossil;A living fossil is an organism that has survived to the present day with minimal changes from its ancient ancestors, often retaining characteristics thought to be lost millions of years ago. These organisms are usually found in remote areas where evolution pressures have been reduced, allowing them to persist as relics of the past. Examples include the coelacanth fish and the tuatara lizard, which were previously believed to have gone extinct with the dinosaurs but were rediscovered in recent centuries. Living fossils often provide valuable insights into evolutionary history, serving as a window into the distant past and allowing scientists to reconstruct ancient ecosystems.;Meta
Geoengineering;Geoengineering refers to large-scale technological interventions in the Earth's climate system with the goal of mitigating the effects of global warming or reversing it. This concept involves manipulating the planet's atmospheric and terrestrial processes through deliberate human actions. Proposed geoengineering techniques include solar radiation management, which seeks to block a portion of incoming sunlight to reduce heat absorption, and carbon dioxide removal methods, such as large-scale afforestation or artificial updrafts. While some argue that geoengineering offers a potential solution to climate change, others raise concerns about unintended consequences, technological limitations, and the potential for unequal distribution of benefits and risks among nations.;Meta
Photocatalysis;Photocatalysis is a process in which light-induced chemical reactions occur on the surface of semiconducting materials, such as titanium dioxide and zinc oxide. When these materials absorb light energy, they excite electrons to higher energy states, creating holes that can react with nearby substances. This leads to redox reactions, where one substance is oxidized while another is reduced. Photocatalysis has been harnessed for various applications, including water splitting, air purification, and self-cleaning surfaces. It also has potential in organic synthesis and degradation of pollutants. The process relies on the material's ability to absorb light and generate reactive species at its surface.;Meta
Universal grammar;"Universal grammar is a theory in linguistics proposed by Noam Chomsky that suggests all humans are born with an innate capacity to acquire and understand language. This innate capacity is thought to be genetically determined and represents a universal set of rules, or ""grammar,"" that underlies all human languages. According to this theory, the ability to learn language is not solely acquired through experience or environmental factors, but rather is an inherent part of the human brain's structure. The universal grammar hypothesis posits that children are able to acquire language at an incredible rate and with remarkable accuracy due to their innate linguistic abilities. This idea has been influential in shaping modern linguistics and cognitive science research.";Meta
Tunnel magnetoresistance;Tunnel magnetoresistance is a phenomenon observed in magnetic tunnel junctions, where two ferromagnetic layers are separated by a thin insulating barrier. The resistance between these layers depends on the relative orientation of their magnetization. When the magnetizations are parallel, electrons can tunnel through the barrier with high probability, resulting in low resistance. Conversely, when they are antiparallel, electron tunneling is suppressed and resistance increases significantly. This property has been exploited to develop advanced spintronics devices, such as magnetic random access memory, which offers fast write times and low power consumption. Tunnel magnetoresistance effects have also been studied in various materials systems.;Meta
Gadolinium;Gadolinium is a chemical element with the symbol Gd and atomic number 64. It is a silvery-white, rare earth metal that belongs to the lanthanide series. Gadolinium was discovered in 1880 by Jean Charles Galissard de Marignac, who named it after Johan Gadolin, a Finnish chemist. The element has several isotopes, with gadolinium-157 being its most stable form. Gadolinium is highly paramagnetic and ferromagnetic, making it useful for applications such as magnetic resonance imaging technology. It is also used in nuclear reactors due to its ability to absorb neutrons.;Meta
Beta particle;Beta particles are high-energy electrons or positrons emitted from the nucleus of an atom during certain types of radioactive decay. They are a type of ionizing radiation and have a relatively short range in matter due to their high energy and low mass. Beta particles can be either negatively charged or positively charged, depending on the specific type of radioactive decay occurring within the nucleus. Beta particles are an essential aspect of nuclear physics, used in various applications such as dating rocks, monitoring radiation levels, and treating certain medical conditions through radiation therapy. The energy and range of beta particles can vary significantly depending on the specific isotope undergoing decay.;Meta
Interstellar medium;The interstellar medium is the material that fills the space between star systems, consisting of gas and dust particles ejected by stars and other astrophysical processes. It can be divided into two main components: the diffuse interstellar medium, which makes up about 90% of the total, and the denser interstellar clouds, which are sites of active star formation. The interstellar medium is composed primarily of hydrogen and helium, with smaller amounts of heavier elements such as carbon, nitrogen, and oxygen. This gas plays a crucial role in shaping the universe through processes like shock waves, radiation pressure, and supernovae explosions, which influence star formation and planetary evolution.;Meta
Mantle convection;Mantle convection refers to the movement of hot, viscous rock within the Earth's mantle, a layer between the crust and core that extends from about 35 kilometers to 2,900 kilometers in depth. This process is driven by heat generated by the decay of radioactive isotopes in the mantle and the cooling of the Earth since its formation. As the mantle material heats up, it expands and rises towards the surface, creating convective cells where hot material moves upwards and cooler material sinks downwards. The movement of the mantle affects plate tectonics, shaping the Earth's surface through geological processes such as seafloor spreading and subduction.;Meta
Gene expression;Gene expression is the process by which cells translate genetic information into functional products such as proteins and RNA molecules. It involves the transcription of DNA sequences into complementary RNA strands, followed by translation of these RNAs into amino acid chains that form proteins. Gene expression is a complex and tightly regulated process influenced by various factors including epigenetic modifications, environmental stimuli, and interactions with other genes. The regulation of gene expression plays a crucial role in determining cell type, development, and response to disease or stress. Disruptions in gene expression have been implicated in various diseases including cancer and genetic disorders.;Meta
Acid rain;Acid rain is a form of precipitation that contains high levels of hydrogen ions, typically resulting from the emission of sulfur dioxide and nitrogen oxides into the atmosphere, where they react with water, oxygen, and other chemicals to form acidic compounds such as sulfuric acid and nitric acid. This phenomenon occurs when pollutants from industrial activities, vehicle emissions, and fossil fuel combustion are released into the air and subsequently deposited on Earth's surface through rainfall or snowfall. Acid rain can have detrimental effects on ecosystems, infrastructure, and human health by damaging forests, lakes, and buildings, as well as causing respiratory problems in individuals exposed to high concentrations of acidic pollutants.;Meta
Quantum spin liquid;A quantum spin liquid is a state of matter in which magnetic moments, or spins, exhibit unique behavior in a certain class of materials. In these systems, the spins do not freeze into an ordered arrangement as they would in a magnet, nor do they behave independently like non-interacting particles. Instead, they remain disordered and interact with each other through quantum fluctuations. This phenomenon is distinct from traditional liquid states, where magnetic moments are absent or randomly arranged. Quantum spin liquids have garnered significant attention due to their potential applications in materials science and condensed matter physics research.;Meta
Survival analysis;Survival analysis is a branch of statistics used to model time-to-event data, where the event may be death, failure, or some other outcome that occurs over time. It involves analyzing the distribution and characteristics of lifetimes for individuals or objects subject to risk of experiencing an event. The primary goal of survival analysis is to estimate the probability of event occurrence as a function of time since exposure or initiation. Techniques include Kaplan-Meier estimation, Cox proportional hazards regression, and accelerated failure time modeling. Survival analysis is commonly applied in fields such as medicine, engineering, and social sciences to assess treatment effects, understand disease progression, and evaluate product reliability.;Meta
Limiting reagent;The limiting reagent is a chemical compound that determines the maximum amount of product that can be formed in a chemical reaction. It is the reactant that is consumed first and limits the extent of the reaction. The concept of limiting reagent is crucial in stoichiometry, as it helps to calculate the amount of product that will be obtained from a given amount of reactants. A limiting reagent can often be determined by comparing the mole ratio of the reactants to their balanced chemical equation. Once identified, the limiting reagent's quantity can be used to calculate the maximum yield of product in a chemical reaction.;Meta
Quantum mechanics;Quantum mechanics is a branch of physics that studies the behavior of matter and energy at the smallest scales. It describes the physical phenomena associated with wave-particle duality, where particles such as electrons exhibit both wave-like and particle-like properties. Quantum mechanics also introduces concepts like superposition, entanglement, and wave function collapse, which contradict classical notions of reality. The theory is based on mathematical formulations by Max Planck, Albert Einstein, Louis de Broglie, Erwin Schrödinger, and Werner Heisenberg. It has been experimentally verified numerous times and forms the foundation of modern physics, influencing fields like chemistry, materials science, and engineering.;Meta
Mental rotation;Mental rotation refers to the cognitive process by which individuals mentally manipulate and rotate visual objects in their mind's eye. This concept is a fundamental aspect of spatial reasoning and problem-solving skills. Research on mental rotation has its roots in Gestalt psychology, where it was first introduced as a perceptual process. The ability to mentally rotate objects is influenced by factors such as spatial awareness, visual-spatial working memory, and cognitive style. Studies have shown that individuals with expertise in specific domains, such as architecture or engineering, exhibit improved mental rotation abilities due to the extensive practice of spatial reasoning tasks.;Meta
Type Ia supernova;"A Type Ia supernova is a cataclysmic stellar explosion that occurs when a white dwarf in a binary system accumulates material from its companion star until it reaches a critical mass, triggering a thermonuclear detonation. This explosion results in a massive release of energy, causing the white dwarf to explode and become visible from vast distances. Type Ia supernovae are considered ""standard candles"" due to their consistent maximum brightness, making them useful for measuring cosmological distances and studying the expansion history of the universe. They are also important tools for understanding the physics of nuclear reactions and explosive astrophysical phenomena.";Meta
Optical tweezers;Optical tweezers are a scientific instrument that uses focused laser light to manipulate microscopic objects such as cells, nanoparticles, and other particles in three-dimensional space. By precisely controlling the beam's intensity and polarization, researchers can trap and move individual particles with nanoscale precision. The technique relies on the principles of radiation pressure and gradient forces, which allow for non-invasive manipulation of small objects. Optical tweezers have become a crucial tool in various fields, including biophysics, cell biology, and nanotechnology, enabling scientists to study biological processes at the molecular level and develop new technologies such as optical sorting and assembly of nanostructures.;Meta
Quantum wire;A quantum wire is a narrow conductor made from semiconductor material that exhibits unique properties due to its small size. When a semiconductor is confined to one dimension, electrons can no longer behave as free particles and begin to exhibit quantum behavior. This leads to discrete energy levels and quantized conductivity. Quantum wires are often created using techniques such as epitaxial growth or lithography. They have potential applications in the development of high-speed electronics and nano-scale devices. The study of quantum wires is an area of active research, with scientists seeking to understand and manipulate their properties for technological advancements. Quantum wires can be made from various semiconductor materials, including silicon and III-V compounds.;Meta
Partial differential equation;A partial differential equation is a mathematical equation that involves an unknown function and its partial derivatives with respect to various independent variables. PDEs are used to model a wide range of phenomena in physics, engineering, economics, and other fields. They can describe the behavior of systems that change over both space and time, such as wave propagation, heat transfer, fluid dynamics, and population growth. The solution of a PDE typically requires knowledge of the boundary conditions and initial conditions of the system being modeled. PDEs are often classified based on their type, including elliptic, parabolic, and hyperbolic equations, which have distinct properties and methods for solving them.;Meta
Nash equilibrium;The Nash equilibrium is a concept in game theory developed by John Nash that describes a stable state where no player can improve their outcome by unilaterally changing their strategy, assuming all other players keep their strategies unchanged. This equilibrium is achieved when each player has chosen their optimal strategy with respect to the strategies of others, resulting in a mutually consistent prediction of each player's actions. Nash proved that such equilibria exist for any finite game, and his work provides a framework for analyzing strategic decision-making in situations where multiple parties interact and make independent decisions. In practical terms, Nash equilibrium is often used to model scenarios like auctions, oligopolies, and political negotiations.;Meta
Flow battery;A flow battery is a type of rechargeable battery that stores energy in liquid electrolytes contained within external tanks. The electrolyte solution flows through the cell and participates in the electrochemical reaction during discharge and charge cycles. Flow batteries are characterized by their ability to scale up or down depending on energy requirements, making them suitable for large-scale energy storage applications such as grid-scale power plants and renewable energy integration. They offer long cycle life, low self-discharge rates, and high round-trip efficiency compared to traditional battery chemistries. The most common types of flow batteries are vanadium redox batteries and zinc-bromine batteries.;Meta
Spin Hall effect;The spin Hall effect is a phenomenon where a current flowing through a conductor generates a spin polarization of conduction electrons perpendicular to the direction of the current. This effect was first observed in 2005 by Japanese physicists Shun-Qing Shen and Kenji Edagawa, who reported that an electric current injected into a thin metal film produced a spin polarized electron gas parallel to the surface of the film. The spin Hall effect is a consequence of the spin-orbit interaction between the conduction electrons' motion and their magnetic moment, leading to a transfer of angular momentum from the orbital motion to the spin degree of freedom.;Meta
Supercapacitor;A supercapacitor is an electrical energy storage device that stores energy in electric double-layer capacitance and electrochemical pseudocapacitance. It acts as a capacitor with high power density and long cycle life, allowing for rapid charging and discharging. Supercapacitors have higher charge storage capabilities compared to traditional capacitors, but lower energy storage capacities than batteries. They are often used in applications requiring high power delivery over short periods, such as regenerative braking in electric vehicles and grid stabilization systems. The working principle of a supercapacitor involves the formation of an electrical double layer at the electrode-electrolyte interface, allowing for efficient charge separation and transfer.;Meta
Hsp90;Hsp90 is a family of highly conserved molecular chaperones found in eukaryotic cells that play a crucial role in protein folding and stability. Heat shock proteins are activated by environmental stresses, including heat shock, to protect cells from protein aggregation and denaturation. Hsp90 is specifically involved in the folding and maturation of client proteins, such as kinases, phospholipase C, and steroid hormone receptors. It is also essential for cell signaling pathways, particularly those regulating growth and differentiation. The chaperone activity of Hsp90 involves ATP binding and hydrolysis, allowing it to assist in the correct folding of client proteins and maintain their stability within the cell.;Meta
Galvanic corrosion;Galvanic corrosion is an electrochemical process where two dissimilar metals in contact with each other react with an electrolyte to produce a galvanic cell. This occurs when a more reactive metal comes into contact with a less reactive metal, causing electrons to flow from the anode to the cathode. The difference in electrochemical potential between the two metals drives the corrosion process, resulting in accelerated deterioration of one or both materials. Water and other substances can act as electrolytes, facilitating the transfer of ions and accelerating the reaction. This type of corrosion is often observed in marine environments where seawater acts as an electrolyte, causing damage to ships' hulls and other metal structures.;Meta
Language acquisition;Language acquisition is the process by which humans develop their ability to understand and communicate in one or more languages. This complex cognitive phenomenon involves the interaction between genetic predispositions, environmental influences, and individual experiences. Research suggests that infants as young as six months old exhibit a natural inclination towards linguistic patterns, indicating an innate capacity for language learning. As children are exposed to a language through social interactions, they begin to develop phonological awareness, vocabulary, grammar, and pragmatics skills. The acquisition of language is influenced by various factors including age, motivation, and cognitive ability, and its development is shaped by both universal and language-specific principles.;Meta
Molecular dynamics;Molecular dynamics is a computational method used to study the behavior of molecular systems over time by simulating the motions of atoms and molecules in response to external forces such as temperature and pressure. The simulation involves integrating Newton's equations of motion for each atom or molecule, taking into account interactions between neighboring particles and external potentials. This approach allows researchers to investigate complex phenomena such as protein folding, chemical reactions, and phase transitions at the atomic level. Molecular dynamics simulations are widely used in fields like chemistry, biology, and materials science to gain insights into molecular behavior under various conditions.;Meta
Protecting group;A protecting group is a temporary modification made to a functional group in a molecule to prevent it from undergoing unwanted chemical reactions during a synthesis process. These groups are used to mask sensitive functional groups such as hydroxyl, amino, and carboxylic acid while introducing new functional groups or performing chemical transformations. Protecting groups can be removed under specific conditions, allowing the original functional group to be restored. The choice of protecting group depends on its stability under various reaction conditions and its ease of removal without affecting other parts of the molecule.;Meta
Peristalsis;Peristalsis is a physiological process by which the digestive system propels food through the gastrointestinal tract for further digestion and absorption. It involves a series of muscular contractions that move in an alternating pattern, creating a wave-like motion along the walls of the digestive organs. This process begins in the esophagus and continues through to the small intestine, where nutrients are absorbed into the bloodstream. Peristalsis is controlled by the autonomic nervous system and is influenced by factors such as food intake, hydration levels, and overall health. Abnormal peristaltic patterns can lead to digestive disorders such as constipation, diarrhea, or irritable bowel syndrome.;Meta
Telomerase;Telomerase is a ribonucleoprotein enzyme that extends telomeres by adding nucleotides to their 3' ends, thus maintaining or increasing telomere length in somatic cells and stem cells. Telomeres are repetitive DNA sequences at chromosome ends that protect against chromosomal fusion and degradation during cell division. The enzyme consists of a catalytic protein subunit and an RNA template component, which provides the sequence specificity for telomerase activity. Telomerase is present in most eukaryotic organisms, with high levels found in embryonic cells, stem cells, and some cancer cells, where it may be involved in cellular immortality or proliferation. Its expression and activity are tightly regulated in normal somatic cells.;Meta
Zeeman effect;The Zeeman effect is a physical phenomenon in which the spectral lines of an atom split into multiple components when placed in an external magnetic field. This effect was first observed by Pieter Zeeman in 1896 and is a result of the interaction between the magnetic field and the spin angular momentum of the electron. The splitting of spectral lines occurs due to the quantization of energy levels, leading to a multiplet structure that can provide information about the atomic properties and electronic configurations of the atom. The Zeeman effect has important implications for various fields including spectroscopy, quantum mechanics, and atomic physics.;Meta
