Termo;Text;Label
Predation;The role of predation in shaping ecosystems is a pivotal force that has far-reaching consequences for populations and communities. When one species preys upon another, it establishes a delicate balance of power that can have profound effects on the prey's behavior, physiology, and population dynamics. The presence of predators triggers evolutionary pressures, driving the development of defense mechanisms, camouflage strategies, and altered feeding behaviors in prey species. Ultimately, predation plays a crucial role in maintaining ecosystem homeostasis, with consequences that resonate throughout the food chain.;Meta
Stem cell;A stem cell is a type of undifferentiated cell that has the potential to differentiate into various cell types. This multipotency allows stem cells to self-renew and replenish tissues, making them essential for development, growth, and repair. Stem cells are characterized by their ability to maintain the plasticity of their progeny, enabling them to adapt to changing environmental conditions. The unique properties of stem cells have been exploited in regenerative medicine, where they are being explored as a potential therapeutic tool for tissue engineering and organ transplantation.;Meta
Neuroprotection;The concept of neuroprotection refers to the mechanisms by which the brain protects itself from damage caused by various insults such as oxidative stress, inflammation, and excitotoxicity. Research has identified several key pathways involved in neuroprotection, including the activation of heat shock proteins and the production of antioxidants. For example, the discovery of curcumin's anti-inflammatory properties has led to its investigation as a potential therapeutic agent for neurodegenerative diseases such as Alzheimer's. The ultimate goal of neuroprotection is to prevent or mitigate brain damage and promote cognitive health, ultimately improving quality of life for individuals with neurological disorders.;Meta
Bone marrow;Bone marrow is a spongy tissue located within the cavities of bones, responsible for producing blood cells through hematopoiesis. In this process, bone marrow converts stem cells into red blood cells, white blood cells, and platelets, maintaining the body's blood supply and immune function. The balance between osteogenesis, or bone formation, and haematopoiesis ensures a steady supply of these essential cell types. Any disruption in this delicate balance can lead to hematological disorders, such as anemia or leukemia, highlighting the critical role of bone marrow in sustaining overall health and preventing various blood-related diseases.;Meta
Synaptic pruning;Synaptic pruning is a process that occurs in the brain during development and neural maturation. It involves the elimination of weak or redundant synaptic connections between neurons, resulting in the refinement of neural circuits. This process is crucial for shaping the structure and function of the nervous system, as it eliminates unnecessary connections and strengthens relevant ones. During synaptic pruning, the strength of synaptic connections can be reduced through a variety of mechanisms, including decreased neurotransmitter release or increased receptor degradation. As a result, the brain refines its neural pathways, leading to improved communication between neurons.;Meta
Mucosa-associated lymphoid tissue;Mucosa-associated lymphoid tissue refers to a network of immune cells and tissues that reside in mucosal linings, such as those found in the respiratory, gastrointestinal, and genitourinary tracts. This specialized immune system plays a crucial role in protecting against invading pathogens, including bacteria, viruses, and parasites, by recognizing and responding to their presence. The specific organization and function of MALT are influenced by factors such as environmental exposure and genetic predisposition, leading to variations in its structure and efficacy across different tissues and individuals, which can have significant implications for immune function and disease susceptibility.;Meta
Volcanism;Volcanic eruptions are a complex phenomenon where magma from the Earth's interior is released through fissures or volcanic conduits. The process involves the movement of tectonic plates, which can cause stress to build up in the Earth's crust. As this stress increases, it can lead to a partial melting of the surrounding rock, resulting in the formation of magma. The composition and pressure of the magma determine the type and intensity of the eruption, with varying levels of gas content and temperature affecting the explosive or effusive nature of the release. This interaction between mantle dynamics and surface processes shapes the volcano's morphology.;Meta
Pentose phosphate pathway;The pentose phosphate pathway is a metabolic route that generates NADPH and pentoses from glucose-6-phosphate. This pathway is essential for various cellular processes, including fatty acid synthesis, cholesterol biosynthesis, and antioxidant defenses. It consists of two main phases: the oxidative phase and the non-oxidative phase. In the oxidative phase, glucose-6-phosphate is converted into ribulose-5-phosphate, generating NADPH in the process. The non-oxidative phase involves a series of interconversions between pentoses and other sugars, ultimately producing pentoses that can be used for nucleotide synthesis or glycolysis.;Meta
Attenuated vaccine;An attenuated vaccine is a type of vaccine that contains weakened or modified forms of a pathogen, which elicit an immune response without causing disease. This approach leverages the body's natural defenses to recognize and fight off pathogens, reducing the risk of infection and severity of symptoms. Attenuated vaccines are typically derived from live but non-infectious strains of microorganisms, such as bacteria or viruses, which have been subjected to various processes that decrease their virulence while maintaining their immunogenicity, thereby providing a safer and more effective means of inducing immunity against specific diseases.;Meta
Carrying capacity;The carrying capacity of a population refers to the maximum number of individuals that an environment can sustain indefinitely without depleting its resources. This concept is based on the idea that the growth rate of a population will eventually be limited by the availability of food, water, and other essential resources. As the population size approaches this limit, the growth rate slows down and the population may even decline due to increased competition for resources. The carrying capacity of an environment can vary greatly depending on factors such as climate, geography, and species characteristics, and is a crucial factor in understanding population dynamics and ecosystem balance.;Meta
Quantum dot;Quantum dots are tiny particles composed of semiconductor material, typically made from cadmium sulfide or zinc oxide. When excited by light, these particles emit a specific wavelength of light due to quantum confinement effects, allowing for precise control over their optical properties. The unique size-dependent emission spectra enable the creation of tunable colors and spectral signatures, making them useful in various applications such as display technology, imaging, and optoelectronics. Quantum dots' small size also enables efficient energy transfer and reduced thermal noise, increasing their potential for high-performance devices.;Meta
Lock and key;"The lock and key model is a fundamental concept in chemistry that explains the interaction between a molecule and its binding partner. According to this model, a specific shape or configuration of the molecule serves as a ""key"" that fits into a corresponding ""lock"" on another molecule, allowing for chemical bonding and recognition. This precise fit enables the molecules to interact with each other in a highly specific manner, facilitating various biological processes such as protein-ligand binding and enzyme-substrate interactions. The lock and key model has been extensively applied in understanding the mechanisms of protein folding, DNA replication, and other molecular interactions.";Meta
Extracellular matrix;The extracellular matrix is a complex network of proteins and polysaccharides that provide structural and biochemical support to surrounding cells. It forms a three-dimensional framework in connective tissue, such as skin, bone, and cartilage, and plays a crucial role in maintaining tissue integrity and function. The composition and organization of the extracellular matrix are dynamically regulated by the interactions between matrix components, cells, and their environment. This intricate balance is essential for tissue homeostasis and the maintenance of tissue-specific properties, such as cell adhesion, migration, and differentiation.;Meta
Oceanography;Oceanography is a branch of science that studies the properties and behavior of the world's oceans. The main focus of oceanography lies in understanding the complex interactions between the atmosphere, hydrosphere, and lithosphere, which form the Earth's system. Oceanographers examine various aspects such as currents, tides, waves, and marine life to comprehend the dynamics of our planet's oceans. Additionally, the study of oceanography encompasses topics like ocean acidification, coral bleaching, and the impacts of human activities on marine ecosystems, highlighting the importance of this field in addressing global environmental challenges and promoting sustainable resource management.;Meta
Toughness;Toughness refers to a material's resistance to deformation, breakage, or fatigue under stress. It is a measure of a substance's ability to withstand external forces without failing or degrading. The level of toughness in materials can be influenced by factors such as molecular structure, crystalline arrangement, and surface properties. When a material exhibits high toughness, it can absorb significant amounts of energy before fracturing, reducing the likelihood of catastrophic failure. This characteristic is particularly important in engineering applications where durability and reliability are paramount, such as in aerospace and automotive industries.;Meta
Gamma-ray burst;Gamma-ray bursts are cataclysmic events that occur when massive stars collapse or when neutron stars and black holes merge. These bursts release enormous amounts of energy in the form of gamma rays, which can be detected from vast distances across the universe. The primary mechanism behind gamma-ray bursts is thought to involve the rapid expansion of a star's outer layers, potentially accompanied by the ejection of massive amounts of material into space. This explosive event can briefly outshine an entire galaxy, posing a significant threat to nearby planetary systems and potentially disrupting the delicate balance of interstellar matter;Meta
Embedding;The process of embedding refers to the technique of inserting data or a program into another system or medium without explicit permission. This often occurs through vulnerabilities in software or hardware, allowing unauthorized access to sensitive information or manipulation of the host system. As malicious actors exploit these openings, they can alter or hijack the embedded content, potentially disrupting the integrity and functionality of the original system. The act of embedding has significant implications for cybersecurity, as it enables targeted attacks on seemingly secure systems, compromising trust and stability.;Meta
Neuroinflammation;Neuroinflammation is a complex phenomenon where the brain responds to injury or infection with an exaggerated inflammatory response. This process involves the activation of microglia, resident immune cells in the brain, which release pro-inflammatory cytokines and chemokines, leading to the infiltration of leukocytes into the central nervous system. The resulting inflammation can disrupt normal brain function, contributing to neurodegenerative diseases such as Alzheimer's and Parkinson's. Filling the gaps between the neuroinflammation process is a matter of ongoing research, with scientists seeking to elucidate its role in these devastating conditions and develop effective therapeutic strategies.;Meta
Cache coherence;Cache coherence refers to the mechanism by which multiple processors share a common cache memory, ensuring that data is consistently accessed and updated across all processors in a multiprocessor system. As each processor accesses and modifies cache lines, the coherence protocol ensures that changes are propagated to other processors in real-time, maintaining consistency across the shared memory space. This self-organization enables efficient data sharing and reduces conflicts between processors, resulting in improved overall system performance and scalability, as the coherent cache allows for seamless communication between processing elements.;Meta
Single-cell analysis;The development of single-cell analysis techniques has revolutionized our understanding of cellular biology. This field focuses on examining individual cells to identify and quantify their molecular and genetic characteristics. By analyzing the expression levels of specific genes, researchers can determine the cell's stage of differentiation or its functional role within a tissue. The use of fluorescence-activated cell sorting and mass spectrometry has enabled scientists to study single cells in unprecedented detail, providing insights into cellular heterogeneity and allowing for the discovery of new cellular mechanisms.;Meta
Triple-alpha process;The Triple-alpha process is a nuclear reaction that occurs in stars with masses greater than approximately 8 solar masses. During this process, three alpha particles are fused together to form carbon-12, releasing an enormous amount of energy in the process. As the star runs out of hydrogen fuel, it begins to generate energy through the triple-alpha process, marking a transition from main-sequence to red giant phase. This reaction is crucial for understanding the evolution and eventual death of massive stars, as it determines the chemical composition of their remnants and the elements dispersed into space.;Meta
Leaving group;The concept of a leaving group in organic chemistry refers to an atom or group that departs from a molecule during a chemical reaction. This departure can occur through various mechanisms, such as substitution, elimination, or rearrangement. Leaving groups are typically electronegative atoms, such as oxygen, nitrogen, or sulfur, which form strong bonds with the central atom and release their electrons to participate in the reaction. The stability of a leaving group affects its ability to facilitate chemical transformations, with some groups being more effective than others due to their electron-withdrawing properties;Meta
Holographic principle;The holographic principle proposes that the information contained in a region of spacetime is encoded on its surface, much like a hologram encodes an image on a flat plate. This idea was first introduced by physicists Gerard 't Hooft and Leonard Susskind, who suggested that the fundamental laws of physics are the same everywhere in the universe, but appear different at different scales. According to this principle, the information contained within a region is mirrored on its surface, allowing for the possibility of quantum computation and information storage using only the surface area of a black hole or other compact spacetime object;Meta
Endospore;The Endospore is a highly resistant form of bacterial spores that can survive extreme conditions such as high temperatures, radiation, and dehydration. These spores are produced by certain bacteria, including Clostridium botulinum, as a survival mechanism to withstand harsh environments. The endospore has a unique structure, with a thick outer layer and a central core, allowing it to maintain cellular integrity despite severe stress. Researchers use the endospore as a model organism to study desiccation tolerance, heat shock resistance, and DNA repair mechanisms, providing insights into the evolution of life on Earth.;Meta
BCS theory;The Bardeen-Cooper-Schrieffer theory is a fundamental concept in superconductivity that explains how certain materials can conduct electricity with zero resistance. According to BCS theory, at very low temperatures, electrons pair up and form Cooper pairs, which are bosons that have a unique behavior. These Cooper pairs then condensate into a single macroscopic wave function, creating a state of matter known as superconductivity. The BCS theory predicts the existence of superconducting materials and has been widely used to explain the behavior of high-temperature superconductors, providing a cornerstone for the development of advanced technologies.;Meta
Cellular respiration;The process of cellular respiration is a complex series of chemical reactions that occur within cells to produce energy. It is believed that this process evolved from a common ancestor with photosynthesis, with early evidence suggesting that mitochondria were responsible for generating energy through cellular respiration. Over time, cells developed more efficient mechanisms, such as the citric acid cycle and oxidative phosphorylation, allowing them to harness energy from glucose and convert it into ATP. This process is essential for maintaining life, as it enables cells to produce the energy necessary for growth, repair, and maintenance of bodily functions.;Meta
Neural tissue engineering;The concept of neural tissue engineering involves the development of techniques to create functional artificial neurons that can integrate with natural brain tissue. This approach aims to repair damaged or degenerated neural networks by introducing healthy cells into affected areas. Researchers have been exploring various strategies, including the use of stem cells and biomaterials, to engineer artificial synapses and axons that mimic the behavior of their biological counterparts. Successful integration of these engineered neurons could potentially treat a range of neurological disorders, from Parkinson's disease to spinal cord injuries.;Meta
Principal component analysis;Principal component analysis is a statistical technique used to reduce the dimensionality of high-dimensional data by identifying and capturing the underlying patterns and structures. In this method, the correlations between variables are analyzed to determine which variables contribute most significantly to the variability in the dataset. The resulting principal components are orthogonal and uncorrelated, allowing for the representation of complex data in a lower-dimensional space. This facilitates visualization, feature extraction, and clustering of the data, enabling researchers to uncover hidden relationships and patterns within the original data set.;Meta
Cloning;The process of cloning involves creating a genetically identical copy of an organism through various methods. One common technique is somatic cell nuclear transfer, which involves transferring the nucleus from an adult cell into an egg cell that has had its own nucleus removed. This allows the adult cell's DNA to be replicated, resulting in a clone that has the same genetic material as the original organism. Cloning can also be achieved through reproductive cloning, where a fertilized egg is manipulated to form a duplicate embryo, and parthenogenesis, where an unfertilized egg develops into an identical offspring.;Meta
Game theory;Game theory is a branch of mathematics that studies the strategic interactions between rational decision-makers. This type of analysis assumes that individuals make choices based on their perceived payoffs and utility functions, which are mathematical representations of their preferences. Game theory explores how these strategic interactions lead to equilibrium outcomes, where no player can improve their payoff by unilaterally changing their strategy. It has numerous applications in economics, politics, biology, and social sciences, providing a framework for understanding the complexities of decision-making under uncertainty and conflict, ultimately informing policies and strategies in various fields.;Meta
Titration;The process of titration is a laboratory technique used to determine the concentration of an unknown solution by reacting it with a known solution until a predetermined endpoint is reached. This occurs when the chemical reaction between the two solutions reaches equilibrium, resulting in a color change or other detectable phenomenon. The ratio of the volumes of the two solutions added during this process can be used to calculate the concentration of the unknown substance, thereby providing a quantitative analysis of its composition.;Meta
Leukopoiesis;The process of leukopoiesis refers to the production of new white blood cells in the bone marrow. It involves a complex interplay between stem cells, cytokines, and other cellular factors that regulate the differentiation and maturation of leukocytes. Research suggests that leukopoiesis is tightly regulated by genetic and environmental signals, which can be influenced by various factors such as age, nutrition, and exposure to pathogens. Dysregulation of leukopoiesis has been implicated in various hematological disorders, including leukemia and lymphoma, highlighting the importance of this process in maintaining immune homeostasis and overall health;Meta
Molecular recognition;The concept of molecular recognition refers to the ability of molecules to selectively bind to specific targets, often through non-covalent interactions. This phenomenon is crucial in various biological processes, including protein-ligand binding, DNA hybridization, and receptor-mediated signaling. The process involves the formation of complementary shape and chemical properties between the molecule and its target, allowing for precise recognition and interaction. Understanding molecular recognition has significant implications for the development of therapeutic agents, diagnostic tools, and novel materials with tailored properties.;Meta
Asymptotic giant branch;An asymptotic giant branch is a short-lived stage in the evolution of massive stars. It occurs when the star's hydrogen fuel is depleted and it expands to become a red giant, but before shedding its outer layers into space. During this phase, the star undergoes thermal pulses that cause its size to fluctuate, leading to the ejection of material from its surface. The AGB stage typically lasts around 10 million years and ends with the loss of the star's outer atmosphere, marking a significant turning point in the life cycle of massive stars.;Meta
Pi bond;A pi bond is a type of covalent bond that arises from the overlap of two p-orbitals, typically involving phosphorus and nitrogen atoms. The pi bond exhibits a linear arrangement of electron density, resulting in a planar geometry. This bond is characterized by its intermediate bond order, between one and three, due to the delocalization of electrons along the bond axis. Pi bonds play a crucial role in understanding the structure and properties of molecules, particularly those containing phosphorus-nitrogen double bonds, such as nucleotides and heterocyclic compounds, which are fundamental constituents of biomolecules and pharmaceuticals.;Meta
Hemoglobin;The functioning of hemoglobin is a complex process in biology, where a protein within red blood cells binds to oxygen, facilitating its transport throughout the body. Hemoglobin's four polypeptide chains, two alpha and two beta, are composed of heme groups that contain iron, allowing for the binding and release of oxygen. As oxygen is transported to tissues, hemoglobin releases it, and then re-uptakes oxygen from carbon dioxide, perpetuating a continuous cycle. This process is essential for maintaining adequate oxygenation of organs and tissues, highlighting the critical role of hemoglobin in sustaining life;Meta
Computability;The concept of computability refers to the study of algorithms that can solve computational problems within a finite amount of time and resources. A computation is considered feasible if it can be performed using a Turing machine, a theoretical model of a computer. The limits of computability were first explored by Alan Turing in his 1936 paper, where he proposed the Turing test to determine whether a machine is capable of intelligent behavior. Computability is an essential area of research in computer science, as it helps understand the capabilities and limitations of computers, leading to advances in fields like artificial intelligence and cryptography.;Meta
Apical ectodermal ridge;The apical ectodermal ridge is a critical signaling center on embryonic limb buds that plays a crucial role in patterning and development. It forms at the distal end of the bud and gives rise to various limb structures through the coordinated action of growth factors, such as Wnt and Fgf signals. The AER also regulates cell proliferation, differentiation, and apoptosis, ultimately shaping the morphology and fate of the entire limb. Aberrant AER function has been implicated in various congenital disorders, highlighting its importance in limb development and patterning.;Meta
Spread spectrum;Spread spectrum is a communication technique that utilizes a wide range of frequencies to transmit data over different channels simultaneously. This method allows for more efficient use of bandwidth and increases resistance to interference and jamming. By dividing a frequency band into multiple narrow sub-bands, spread spectrum communication can accommodate multiple signals without collision. This technology is widely used in wireless local area networks, satellite communications, and military systems due to its ability to provide reliable data transmission in crowded environments.;Meta
Finite difference method;The finite difference method is a numerical technique used to approximate derivatives in partial differential equations. It involves discretizing the spatial and temporal domains into small grids, allowing for the approximation of derivatives using neighboring grid points. The method relies on the idea that local changes in the dependent variable can be approximated by linear combinations of the values at neighboring nodes. By applying this technique, the finite difference method enables the solution of complex PDEs with relative ease, making it a fundamental tool in computational physics and engineering;Meta
Hsp70;Heat shock protein 70 is a family of molecular chaperones that play a crucial role in maintaining cellular homeostasis. Hsp70s are induced by heat stress and other forms of cellular strain, such as oxidative stress or chemical exposure. These proteins assist in the proper folding of newly synthesized proteins, preventing protein misfolding and aggregation. They also facilitate the degradation of damaged or aberrant proteins through the ubiquitin-proteasome pathway. By regulating protein conformation and turnover, Hsp70s help to maintain cellular function and prevent the onset of stress-induced apoptosis.;Meta
Limb bud;The development of limbs in embryonic mammals is a complex process involving a series of coordinated cellular and tissue interactions. The formation of limb buds occurs around 3-4 weeks after fertilization, when a group of cells called the apical ectodermal ridge emerges from the lateral plate mesoderm. The AER triggers the outgrowth of epithelial cells, which eventually give rise to the various tissues and organs that comprise the limb, including muscle, bone, and skin. This process is essential for the development of limbs with proper shape, size, and function.;Meta
Biosignature;A biosignature is a characteristic or signature that scientists look for in the environment to determine if life exists elsewhere in the universe. It can be a chemical signal, a biological indicator, or even an anomalous astronomical event. The detection of biosignatures is crucial in the search for extraterrestrial life, as it provides evidence that can confirm or deny the presence of biological activity. By identifying biosignatures, researchers can gain insights into the origins and evolution of life, and potentially discover signs of past or present life on other planets or moons.;Meta
Hidden Markov model;A Hidden Markov model is a statistical framework used to identify and represent the unobserved states that contribute to a time series of random variables. This occurs when a single observation is generated from a mixture of multiple underlying distributions, each with its own probability of occurrence. The model uses an expected value to compute the probability of transitioning between these states, allowing for inference about the underlying structure of the data. Hidden Markov models are commonly used in applications such as speech recognition and bioinformatics;Meta
p-value;The p-value is a statistical measure used to determine the significance of the results obtained from hypothesis testing. It represents the probability of observing the given data under the null hypothesis, assuming it is true. A small p-value indicates that the observed effect is unlikely to occur by chance, and thus suggests that the alternative hypothesis is supported. The threshold for statistical significance is typically set at 0.05, meaning that if a p-value is below this level, the null hypothesis can be rejected with confidence;Meta
Ubiquitin;The ubiquitin system is a complex network of proteins that play a crucial role in regulating various cellular processes. Ubiquitin is a small protein molecule that can be attached to other proteins through a process called ubiquitination, marking them for degradation or alteration. This modification serves as a signal for the cell's quality control mechanisms, allowing for the elimination of damaged or misfolded proteins. The ubiquitin-proteasome system is essential for maintaining protein homeostasis and preventing the accumulation of toxic proteins that can lead to cellular dysfunction and disease, including neurodegenerative disorders such as Alzheimer's and Parkinson's.;Meta
Cell adhesion;Cell adhesion refers to the process by which cells interact with each other and their surroundings through specific molecular interactions. This phenomenon is crucial for maintaining tissue structure, regulating cellular migration, and facilitating communication between cells. The strength and specificity of cell adhesion are determined by the types and numbers of adhesion molecules present on the surface of adjacent cells. Alterations in adhesion molecule expression can lead to changes in cell behavior, such as increased or decreased migration, proliferation, and differentiation.;Meta
ABC transporter;An ABC transporter is a type of membrane-bound protein that facilitates the transport of specific molecules across cell membranes. These transporters are composed of two transmembrane domains and two cytoplasmic domains, with six transmembrane α-helices arranged in a characteristic fold. The binding site for the substrate molecule is located within one of the cytoplasmic domains, while the efflux domain is positioned on the exterior of the membrane. ABC transporters use energy from ATP hydrolysis to pump substrates across the membrane against their concentration gradient, playing critical roles in various cellular processes, including multidrug resistance and nutrient uptake.;Meta
Causal dynamical triangulation;Causal dynamical triangulation is a quantum gravity theory that proposes spacetime is made up of simple geometric building blocks called simplices. These simplices are then woven together to form a web-like structure that gives rise to the smooth fabric of spacetime. The theory posits that the fundamental laws of physics can be derived from a discrete, granular structure rather than a continuous one. This approach allows for the description of quantum gravity in a way that is both mathematically rigorous and computationally tractable, offering new insights into the nature of spacetime and its relationship with matter and energy;Meta
Calixarene;The structural diversity of calixarenes is attributed to their unique molecular architecture, characterized by a macrocyclic ring with multiple hydroxyl groups. This arrangement allows for the formation of intramolecular hydrogen bonds and π-π stacking interactions, enabling the molecule to adopt complex conformations and hostguest recognition properties. The incorporation of functional groups within the calixarene framework enables selective binding and recognition of specific ligands, making these molecules useful in applications such as molecular recognition, catalysis, and drug delivery. Their ability to form stable inclusion complexes with various guests renders them valuable tools in supramolecular chemistry.;Meta
Particulate matter;The formation of particulate matter in atmospheric environments refers to the process where tiny particles are generated through various natural and anthropogenic processes. These particles can arise from a variety of sources, including soil erosion, industrial emissions, and biological organisms. The interaction between these particles and surrounding air masses can lead to complex formations, such as aerosols and cloud condensation nuclei. As these particles interact with the atmosphere, they can exhibit unique properties, influencing local climate conditions and global air quality.;Meta
Peptidoglycan;Peptidoglycan is a critical component of bacterial cell walls, providing structural support and maintaining cellular shape. This polysaccharide layer consists of repeating units of N-acetylglucosamine and N-methylglucosamine molecules cross-linked by short peptides. Peptidoglycan plays a vital role in maintaining osmotic balance and protecting the bacteria from external stresses, such as environmental changes and antibiotics. The synthesis and degradation of peptidoglycan are tightly regulated processes, with dysregulation leading to bacterial cell wall instability and increased susceptibility to lysis. Effective peptidoglycan production is essential for bacterial survival and pathogenicity, making it a key target for the development of novel antibacterial therapies.;Meta
Antibody;The production of antibodies is a complex process by which the immune system generates proteins to recognize and neutralize specific pathogens. As foreign antigens enter the body, B cells undergo clonal expansion and differentiation, producing large quantities of identical antibody molecules. These antibodies bind to the antigen with high specificity, triggering an immune response that eliminates the pathogen from the body. The unique shape and chemical properties of each antibody molecule allow it to recognize and target specific pathogens, providing a crucial defense mechanism against infection and disease.;Meta
Genetic drift;Genetic drift is a random process that occurs in populations of living organisms, resulting in changes to their genetic makeup over time. This phenomenon arises due to the finite size of the population, leading to sampling errors and increased likelihood of deleterious mutations being retained. As a result, the frequency of alleles in a population can become fixed or lost, causing shifts in the population's gene pool. Genetic drift plays a significant role in evolution, particularly in small populations, where it can lead to the loss of genetic variation, ultimately affecting an organism's ability to adapt to changing environments.;Meta
RefSeq;The RefSeq is a comprehensive database that compiles reference sequences for various organisms, including viruses, bacteria, and eukaryotes. It provides a standardized framework for annotating and comparing genomic data, facilitating research in fields such as genetics and microbiology. The RefSeq system relies on automated annotation algorithms to assign functional information to the sequences, which are regularly updated to reflect new discoveries and advances in genomics. By integrating reference sequences into a single database, RefSeq enhances our understanding of the genetic diversity of life on Earth, enabling researchers to identify patterns and relationships that would be difficult to discern from isolated data sets.;Meta
Pseudogene;Pseudogenes are inactive copies of genes that have lost their functional coding potential due to mutations or other genetic changes. They often arise as a result of gene duplication followed by mutations that render them non-functional. Despite losing their original purpose, pseudogenes can still be present in the genome and may serve as evolutionary vestiges or contribute to genomic diversity. Some research suggests that pseudogenes may also play a role in regulating gene expression or influencing the evolution of nearby genes. Their presence has implications for understanding the mechanisms of gene regulation and genomic evolution.;Meta
Depth-first search;The depth-first search algorithm is a graph traversal technique used to explore nodes in a tree-like data structure. It involves visiting a node and then exploring as far as possible along each of its branches before backtracking. This approach allows for efficient exploration of the graph, particularly when the goal is to find a specific path or node. For example, in web crawlers, depth-first search can be used to traverse a webpage's links, following the chain of nodes until the desired target is reached. The algorithm has numerous applications in computer science and network analysis.;Meta
Topology;The study of topology is a branch of mathematics that deals with the properties of shapes and spaces that are preserved under continuous deformations. It is concerned with the relationships between these shapes and their topological features, such as holes and connectedness. In essence, topology asks what remains unchanged when a shape is stretched, shrunk, or deformed in different ways. The field has numerous applications in physics, engineering, and computer science, including understanding the properties of materials, simulating complex systems, and modeling data. Through its abstract and intuitive nature, topology provides new insights into the fundamental structure of our universe.;Meta
Optical flow;Optical flow is a phenomenon in computer vision where the movement of pixels between consecutive frames of an image sequence can be computed. This technique is used to estimate the displacement of each pixel over time, allowing for the creation of motion fields and 3D models from monocular video data. The Lucas-Kanade algorithm is commonly used for optical flow computation, which iteratively refines the solution using a combination of gradient descent and least-squares minimization. Optical flow has numerous applications in computer vision, including object tracking, visual odometry, and motion analysis, enabling robots to navigate complex environments and understand the dynamics of real-world scenes.;Meta
Folate;Folic acid is a synthetic form of folate, a naturally occurring B-complex vitamin essential for various bodily functions. Folate plays a crucial role in DNA synthesis and repair, as well as cell division and growth. Its primary function is to facilitate the metabolism of amino acids and nucleic acids, ultimately contributing to the maintenance of healthy red blood cells. Deficiencies in folate have been linked to anemia, neural tube defects, and other health issues, making it a vital nutrient for pregnant women, individuals with certain medical conditions, and those undergoing chemotherapy.;Meta
Sedimentary rock;The formation of sedimentary rocks refers to the process by which mineral and organic particles are deposited and compressed into new solid masses. This occurs through a variety of mechanisms, including water erosion, glacial movement, and biological activity. As sediments accumulate and compact, they undergo lithification, resulting in the creation of new rock types such as shale, limestone, and sandstone. The resulting rocks can preserve evidence of past environments, including ancient landscapes, fossils, and chemical signatures, providing valuable information for geological and paleontological research;Meta
Breadth-first search;Breadth-first search is a graph traversal algorithm that explores all nodes at a given depth level before moving on to the next level. As a search strategy, it starts with an arbitrary node and traverses its neighbors before exploring further away from the source. The algorithm utilizes a queue data structure to keep track of nodes to be visited, ensuring that the order of exploration is breadth-first. This approach allows for efficient traversal of unweighted graphs, making it particularly useful in applications such as network discovery and web crawlers.;Meta
Tubulin;The function of tubulin in microtubules is a crucial aspect of cellular structure and dynamics. Microtubules are composed of tubulin dimers, which assemble into a helical lattice that provides structural support to the cell. The polymerization process of tubulin is regulated by various factors, including microtubule-associated proteins and GTPase activity. This dynamic assembly and disassembly of microtubules enables the cytoskeleton to respond to changes in cellular signaling pathways, influencing processes such as cell division, transport, and cytokinesis. The precise regulation of tubulin polymerization is essential for maintaining the integrity and function of the cell's structural framework.;Meta
Thrust;The main cause of thrust is the application of a forward force, which can be achieved through various means such as propellers, jet engines, or rocket motors. The direction and magnitude of the thrust depend on the design and configuration of the propulsion system. Additionally, the production of thrust is also influenced by factors such as mass, velocity, and angular momentum. As a result, the amount of thrust generated can have significant effects on an object's motion, with increased thrust resulting in faster acceleration and greater kinetic energy.;Meta
Ozone depletion;The depletion of the ozone layer is a phenomenon that has significant implications for the Earth's climate and ecosystem. The primary cause of this depletion is the release of chlorofluorocarbons and other halogenated gases into the atmosphere through human activities such as the use of refrigerators, air conditioners, and aerosol sprays. As CFCs rise to the stratosphere, they react with ultraviolet radiation, leading to a breakdown in the ozone molecule and resulting in reduced ozone concentrations. This reduction allows more harmful UV radiation to reach the Earth's surface, posing serious threats to life on our planet;Meta
Anesthesia;The emergence of anesthesia is expected to have a profound impact on the field of medicine, particularly in surgical procedures. As medical professionals continue to refine techniques and improve understanding, anesthesia will play an increasingly vital role in ensuring patient safety and comfort during surgery. The rapid development of new anesthetic agents and technologies will enable healthcare providers to deliver more effective pain management, reducing recovery times and improving overall outcomes. Ultimately, the widespread adoption of anesthesia will revolutionize the surgical landscape, transforming it into a safer and more humane experience for patients.;Meta
L-function;The L-function is a complex mathematical object used in number theory to study the properties of certain functions, particularly those related to prime numbers. It is defined as an analytic continuation of the Dirichlet L-series, which is based on the distribution of prime numbers among arithmetic progressions. The L-function has applications in various areas of mathematics, including modular forms and elliptic curves, and is a fundamental tool for understanding the behavior of these objects. Its properties are closely related to those of the Riemann zeta function, making it a crucial component in many number theoretic results.;Meta
Lepton;The lepton is a type of subatomic particle that plays a crucial role in the universe's fundamental forces. It is one of the elementary particles that make up matter and energy, and its presence can be detected through various experimental methods. The lepton's electric charge is neutral, and it exhibits unique properties such as neutrino oscillations and interactions with other leptons. Leptons are further classified into three generations, each consisting of two types: charged and neutral. Their behavior has been extensively studied, providing valuable insights into the fundamental nature of matter and the universe, and their discovery has significantly advanced our understanding of particle physics;Meta
Mirror neuron;The mirror neuron system is a fascinating concept in neuroscience, where brain cells respond not only to an individual's actions but also to the same actions performed by others. This phenomenon was first discovered in the 1980s by neuroscientist Giacomo Rizzolatti and his colleagues. When observing someone perform an action, such as grasping or pointing, mirror neurons are activated in the observer's brain, allowing for empathy and understanding of others' emotions and intentions. The mirror neuron system is thought to be a key component of social cognition and plays a crucial role in our ability to connect with and understand other humans, highlighting its importance in interpersonal communication;Meta
Loop quantum gravity;Loop quantum gravity is a theoretical framework that attempts to merge quantum mechanics and general relativity. This theory posits that spacetime is composed of discrete, granular units of space and time, rather than being continuous. The gravitational field is then described as a network of loops that are woven together to form the fabric of spacetime. According to loop quantum gravity, the fundamental units of space and time are quantized, leading to a new understanding of the nature of spacetime and the behavior of matter and energy within it, which has significant implications for our understanding of the universe's origins and evolution;Meta
Diffusion;The process of diffusion is expected to have a profound impact on various fields of study, particularly chemistry and physics. As molecules interact with their surroundings, they will begin to disperse, spreading out evenly in all directions. This dispersal will ultimately lead to the establishment of a uniform concentration gradient, where the concentration of molecules decreases as distance from the source increases. The diffusion process is driven by thermal energy and can be influenced by factors such as surface area and molecular weight, rendering it a fundamental aspect of understanding various natural and industrial phenomena.;Meta
Prolactin;The role of prolactin in lactation has been extensively studied, revealing its critical function in milk production. Prolactin, a hormone produced by the pituitary gland, stimulates mammary glands to produce milk. In women, high levels of prolactin during pregnancy and lactation trigger the growth and differentiation of mammary tissue, ensuring adequate milk supply. Conversely, low prolactin levels can lead to reduced milk production. Research has also shown that prolactin plays a role in regulating body weight and appetite, highlighting its importance beyond lactation. Its dysregulation is implicated in various conditions, including polycystic ovary syndrome and certain types of cancer.;Meta
Inattentional blindness;The phenomenon of inattentional blindness is a pervasive cognitive bias where individuals are unaware of their own lack of attention to a particular stimulus. This occurs when the mind is preoccupied with another task or distraction, rendering it inaccessible to conscious awareness. The brain's divided attention can lead to the suppression of irrelevant information, making it difficult for individuals to recognize when they have failed to process certain information. Ultimately, inattentional blindness can result in the failure to detect and respond to important stimuli, leading to missed opportunities and potential errors.;Meta
Photon;A photon is a massless particle that represents a quantum of electromagnetic radiation, such as light or radio waves. Photons are created when an atom or molecule transitions from a higher-energy state to a lower-energy state, releasing energy in the process. The primary mode of interaction between photons and matter is through absorption, where the energy of the photon is transferred to the material, causing it to vibrate or heat up. In a vacuum, photons propagate at the speed of light, carrying energy across vast distances without loss or gain, making them fundamental carriers of electromagnetic waves and essential for many natural processes.;Meta
Aquaporin;Aquaporin is a type of membrane protein that facilitates the transport of water across cell membranes. It consists of six transmembrane helices, with a narrow pore allowing water molecules to pass through while excluding larger ions and solutes. Aquaporins play a crucial role in maintaining proper hydration levels within cells, regulating fluid balance, and modulating cellular osmotic pressure. The presence of aquaporins has been linked to various physiological processes, including kidney function, blood pressure regulation, and reproductive health. Dysfunction or altered expression of aquaporins has also been implicated in several diseases, including nephropathy and certain cancers, highlighting their significance as a potential therapeutic target.;Meta
Optical coherence tomography;The development of optical coherence tomography is a significant achievement in biomedical imaging. OCT technology relies on low-coherence interferometry to capture high-resolution images of tissue structures. It utilizes a broad-spectrum light source and a Michelson interferometer to generate a high-resolution image of the sample. This technique has revolutionized the field of dermatology, ophthalmology, and cardiology by providing detailed cross-sectional images of skin, retina, and coronary arteries without the need for ionizing radiation or invasive procedures. The non-invasive nature of OCT enables clinicians to monitor diseases in real-time, facilitating more accurate diagnoses and effective treatment strategies;Meta
Beta-lactamase;Beta-lactamase refers to a group of enzymes that hydrolyze beta-lactam antibiotics, rendering them ineffective. These enzymes are produced by certain bacteria and play a crucial role in bacterial resistance to antibiotic treatments. The diversity of beta-lactamases among bacterial species is influenced by factors such as mutation rate and selection pressure, leading to the development of resistance mechanisms. Understanding the structure and function of beta-lactamases is essential for developing effective strategies to combat antimicrobial resistance, including the design of new antibiotics that can target these enzymes. This knowledge has significant implications for public health;Meta
Checkpoint inhibitor;A checkpoint inhibitor is a type of biologic therapy that modulates the immune system's response to cancer. This type of treatment involves blocking the action of proteins called checkpoints, which normally prevent the immune system from attacking normal cells. By inhibiting these proteins, checkpoint inhibitors enable the immune system to recognize and target cancer cells more effectively, leading to an enhanced anti-tumor response. The most common checkpoint inhibitors are those targeting CTLA-4 and PD-1, which have shown significant promise in treating various types of cancers, including melanoma and non-small cell lung carcinoma, by enhancing the body's own immune defenses against tumors.;Meta
RIG-I;The RNA-induced silencing complex plays a crucial role in the regulation of gene expression through small interfering RNAs. RIG-I is a key component of the innate immune response pathway, responsible for recognizing viral RNA and triggering an antiviral response. This occurs when RIG-I binds to specific sequences on viral RNA, inducing the activation of downstream signaling pathways that ultimately lead to the production of type I interferons. The interaction between RIG-I and viral RNA triggers a cascade of events, resulting in the suppression of viral replication and the induction of an immune response.;Meta
Sedimentary basin;Sedimentary basins are vast, often ancient depressions in the Earth's crust where sediments have accumulated over millions of years. They form through tectonic subsidence, resulting in a basin that can be several kilometers deep and expansive. Sedimentary basins can harbor significant amounts of oil, natural gas, and mineral deposits, making them a crucial component of the global energy landscape. Over time, these basins also provide valuable insights into Earth's geological history, as they often contain well-preserved rock formations and fossils that offer clues about past environments and ecosystems.;Meta
Ductility;The material properties of metals are often characterized by their ductility, which refers to a metal's ability to undergo significant plastic deformation without fracturing. This property is a result of the metal's crystal structure and the arrangement of its atoms, allowing for slip and twinning mechanisms that enable the metal to stretch and bend without breaking. The ductility of metals is crucial in various engineering applications, such as construction, transportation, and manufacturing, where it can affect the lifespan and performance of components. As a result, understanding ductility is essential in developing new materials with improved mechanical properties.;Meta
Activation function;The activation function in neural networks refers to a mathematical operation that determines the output of a neuron based on its input. It is designed to introduce non-linearity into the model, allowing it to learn complex relationships between inputs and outputs. The specific choice of activation function can significantly impact the performance of the network, with some functions promoting faster convergence while others may facilitate exploration. Research has shown that different activation functions can be optimized for specific tasks, such as image classification or natural language processing, influencing overall model accuracy and efficiency;Meta
Kerr effect;The Kerr effect is a phenomenon where the refractive index of a medium changes in response to an applied electric field. This results in a rotation of the polarization state of light passing through the material, which can be either clockwise or counterclockwise, depending on the orientation of the electric field. The effect is named after John Douglas Kerr, who first described it in 1957. The Kerr effect is an important consideration in the design and operation of various optical devices, including lasers and spectroscopic instruments, where precise control over polarization state is crucial for accurate measurements and analysis.;Meta
Green chemistry;The principles of green chemistry propose that chemical reactions can be optimized to minimize waste and environmental impact. This approach emphasizes the design of products and processes that use renewable feedstocks and reduce hazardous byproducts. The concept of atom economy, for instance, encourages chemists to maximize the amount of atoms converted into the desired product while minimizing losses during the reaction. By adopting green chemistry principles, researchers aim to create more sustainable and environmentally friendly chemical practices, thereby reducing pollution and conserving natural resources;Meta
Naphthalene;Naphthalene is a polycyclic aromatic hydrocarbon consisting of two fused benzene rings. It is a colorless crystalline solid with a characteristic odor and is commonly used as an insecticide and rodenticide. The structure of naphthalene determines its reactivity, which allows it to form various compounds through substitution and addition reactions. Its boiling point is 218°C, and it has a melting point of 80-85°C. Naphthalene is found naturally in coal tar and is also produced industrially through the distillation of coal or petroleum products. It is highly flammable and toxic, requiring proper handling and storage to prevent environmental pollution.;Meta
Chondrocyte;Chondrocytes are specialized cells found in healthy cartilage tissue, playing a crucial role in maintaining its structure and function. These cells produce and deposit collagen, a key component of cartilage, as well as other extracellular matrix molecules. The primary mode of transmission for chondrocyte activity is through cell-to-cell contact, with surrounding cartilage cells influencing the behavior of individual cells. Abnormalities in chondrocyte function have been linked to various joint disorders, including osteoarthritis and chondromalacia patellae, where damaged or dysfunctional cells can lead to cartilage degradation and tissue damage.;Meta
Resonance;The concept of resonance is a fundamental principle in physics that describes the phenomenon where a system vibrates at a specific frequency, often resulting in an amplification of energy. This occurs when the natural frequency of the system matches the frequency of an external force or vibration. When this synchronization happens, the system can store and release energy more efficiently, leading to enhanced performance or destructive effects. Resonance is commonly observed in mechanical systems, sound waves, and even biological processes, where it plays a crucial role in maintaining oscillations, synchronization, and stability within complex systems.;Meta
Inner cell mass;The inner cell mass is a cluster of cells that forms during embryonic development in many animals. It arises from the epiblast layer of the embryo and serves as the precursor to the three primary germ layers: ectoderm, endoderm, and mesoderm. The inner cell mass undergoes gastrulation, a process where it differentiates into distinct layers, giving rise to various tissues and organs in the developing fetus. This complex developmental process is crucial for proper formation of the embryo's fundamental structures, ultimately leading to the development of a viable organism.;Meta
Dermal fibroblast;The dermal fibroblast is a type of skin cell responsible for producing collagen and elastin, two crucial components of the skin's extracellular matrix. These cells play a vital role in maintaining skin elasticity and strength, and their dysfunction can lead to various skin disorders, including wrinkles, scars, and age-related skin conditions. The dermal fibroblast's growth and differentiation are tightly regulated by various signaling pathways, which enable them to respond to changes in the skin environment. Understanding the biology of dermal fibroblasts is essential for developing effective treatments for skin-related diseases and improving wound healing processes.;Meta
Standard Model;The Standard Model is a theoretical framework in particle physics that describes the behavior of fundamental particles and forces. It posits that the universe is composed of quarks and leptons, which are held together by the electromagnetic force and the weak nuclear force. The strong nuclear force, mediated by gluons, binds quarks within protons and neutrons. The Standard Model's predictions have been extensively validated through experiments, but it does not account for dark matter or gravity, highlighting its limitations as a complete description of the universe.;Meta
Wax ester;Waxes are a class of organic compounds found in various plant and animal sources. Wax esters are a type of wax that contains an ester linkage between a fatty acid and a carboxylic acid. They are produced by certain microorganisms and plants, such as bees and cotton plants, where they serve as a defense mechanism against pathogens. As lipophilic compounds, waxes have been shown to exhibit antimicrobial properties, making them useful in various industrial applications, including the production of cosmetics and pharmaceuticals. The chemical structure of wax esters allows for their unique properties to be utilized in a range of technological uses.;Meta
Photon statistics;Photon statistics describe the probabilistic behavior of photons in a given environment. According to quantum mechanics, photons exhibit both wave-like and particle-like properties, resulting in a statistical distribution of photon numbers. The Poisson distribution is often used to model photon statistics, where the probability of detecting a photon at a given time is directly proportional to its intensity. The equipartition theorem states that the average number of photons in each mode is equal, leading to a fundamental limit on the number of photons that can occupy a single mode. This principle has important implications for the behavior of light in various optical systems.;Meta
Atopy;Atopy refers to a predisposition towards developing allergies or atopic diseases, characterized by an overactive immune response to harmless substances such as pollen, dust mites, or certain foods. This condition arises from a genetic predisposition and is often influenced by environmental factors, such as exposure to allergens during childhood. Atopy determines the likelihood of developing conditions like asthma, rhinitis, or eczema, which can have significant impacts on quality of life and overall health, manifesting through symptoms ranging from mild discomfort to severe respiratory distress.;Meta
Atomic force microscopy;The development of atomic force microscopy as a tool for studying surface topography and molecular interactions is a significant advancement in nanoscale imaging. AFM operates by using a sharp probe to scan surfaces at the atomic level, leveraging van der Waals forces between the probe and the sample material. This technique allows researchers to visualize and manipulate individual molecules, shedding light on complex biological systems, materials science, and surface chemistry. By mapping molecular structures with nanometer precision, AFM has become an indispensable instrument in fields ranging from biophysics to materials engineering.;Meta
Etiology;Etiology refers to the study of causality in human behavior and mental disorders. This field aims to identify the underlying factors that contribute to the development of psychological conditions, such as depression, anxiety, and personality disorders. Etiologists employ a multidisciplinary approach, incorporating insights from psychology, sociology, genetics, and neuroscience to understand the complex interactions between environmental, social, and biological influences. By elucidating the etiological mechanisms of mental health disorders, researchers can develop targeted interventions and improve treatment outcomes for individuals affected by these conditions.;Meta
Gel electrophoresis;Gel electrophoresis is a laboratory technique used to separate and analyze DNA, RNA, or protein molecules based on their size and charge. This process involves loading a mixture of molecules onto a gel matrix, which consists of a polymerized network of molecules suspended in a buffer solution. An electric field is applied across the gel, causing the negatively charged molecules to migrate towards the anode, while the positively charged molecules are attracted to the cathode. The separation of molecules is achieved through their unique migration rates, allowing for the identification and quantification of specific species.;Meta
Inhibitory control;Inhibitory control refers to a cognitive process that enables individuals to suppress or inhibit unwanted thoughts, feelings, or behaviors. This mechanism is crucial for maintaining emotional regulation and achieving goal-directed behavior. The prefrontal cortex plays a significant role in inhibitory control, as it integrates information from various sensory modalities to generate an inhibitory signal that counteracts the strength of the stimulus. Dysregulation of inhibitory control has been linked to various psychiatric disorders, including attention deficit hyperactivity disorder and impulse control disorders, underscoring its importance for optimal cognitive function.;Meta
Protein Data Bank;The Protein Data Bank is a comprehensive repository of three-dimensional structures of proteins and nucleic acids. It was established in 1971 to provide a standardized method for the deposition and dissemination of structural data, thereby facilitating research in the field of molecular biology. The PDB contains over 200,000 deposited entries, which are regularly updated and curated by the worldwide community of structural biologists. This centralized database enables researchers to access and analyze a vast array of protein structures, advancing our understanding of biological processes and providing valuable insights into the mechanisms of disease.;Meta
Transition state;The transition state is a temporary and unstable configuration of atoms in a chemical reaction, characterized by a high degree of bond strain and potential energy. This state is often depicted as an intermediate between the reactants and products, where the reactant molecules are converted into the product molecules through a series of concerted movements. The transition state plays a crucial role in determining the rate and direction of a chemical reaction, with enzymes facilitating its formation to enhance catalysis and specificity. Its unique properties make it an important area of study in organic chemistry and catalysis research.;Meta
Abrupt climate change;Abrupt climate change refers to a sudden and significant shift in global temperatures, often resulting from human-induced greenhouse gas emissions. This phenomenon is characterized by rapid warming rates, exceeding natural climate variability, and can have devastating consequences on ecosystems and societies. The rate of warming is accelerated when feedback loops are triggered, such as ice sheet collapse or methane release, leading to catastrophic effects on sea levels, weather patterns, and biodiversity. Understanding abrupt climate change is crucial for developing effective strategies to mitigate its impacts and adapt to a rapidly changing environment;Meta
Nuclear medicine;Nuclear medicine utilizes radioactive isotopes to diagnose and treat various diseases. Radioisotopes are atoms with excess neutrons that emit radiation when unstable, allowing them to be targeted towards specific tissues or organs in the body. This enables precise imaging and treatment of conditions such as cancer, thyroid disorders, and infectious diseases. The radiation emitted by radioisotopes interacts with cells and biomolecules, providing valuable information for medical professionals to diagnose and monitor patient progress. By harnessing the power of nuclear reactions, nuclear medicine has revolutionized the field of diagnostic and therapeutic medicine;Meta
Carbon footprint;A carbon footprint is a measure of the amount of greenhouse gases emitted into the atmosphere as a result of human activities. This type of emission is typically associated with energy consumption, transportation, and industrial processes. Carbon footprints are relevant in understanding the impact of human behavior on climate change, as they determine the contribution of individuals and organizations to global warming. The calculation of carbon footprints involves quantifying the emissions from various sources and expressing them as a unit, providing a standardized metric for comparison and reduction strategies;Meta
Non-coding RNA;Non-coding RNA molecules are a class of nucleic acids that do not encode proteins and instead regulate gene expression through various mechanisms. These regulatory elements can influence transcriptional initiation, termination, splicing, and translation. The primary function of non-coding RNAs is to modulate the expression of nearby genes, often by binding to specific messenger RNA sequences or interacting with proteins that regulate gene activity. As a result, non-coding RNAs play a crucial role in maintaining cellular homeostasis and responding to environmental cues, highlighting their importance as key regulators of gene function.;Meta
Negishi coupling;Negishi coupling is a type of cross-coupling reaction used in organic synthesis to form carbon-carbon bonds. This process involves the coordination of a palladium catalyst with two organoboron reagents, resulting in the transfer of an organoborane moiety from one reagent to another. The outcome is a new carbon-carbon bond, typically between two aryl or vinyl groups. Negishi coupling is favored by the use of a specific ligand system and controlled reaction conditions, yielding highly efficient and selective reactions for the formation of complex molecular structures.;Meta
Sagnac effect;The Sagnac effect is a phenomenon observed in rotating frames of reference, where the speed of light appears to be different depending on the direction of measurement. This occurs due to the curvature of spacetime caused by rotation, resulting in a difference in distance traveled by light beams in opposite directions. The effect was first predicted by French physicist Georges Sagnac in 1913 and has since been extensively studied in high-speed particle accelerators and gravitational wave experiments. The Sagnac effect provides a unique probe into the properties of spacetime and has implications for our understanding of gravity, relativity, and the nature of space itself;Meta
P-type ATPase;The P-type ATPase is a type of enzyme that plays a crucial role in maintaining cellular homeostasis. It is a transmembrane protein responsible for pumping ions across cell membranes, often against their concentration gradient, using energy from ATP hydrolysis. This process is essential for various cellular functions, including maintaining sodium and potassium ion balances, regulating calcium levels, and facilitating the reabsorption of nutrients. The unique mechanism of P-type ATPase involves a series of conformational changes during the pumping cycle, allowing it to efficiently transport ions across cell membranes and maintain cellular pH balance.;Meta
Laminar flow;Laminar flow is a type of fluid motion characterized by smooth, continuous layers of fluid flowing parallel to each other. This occurs when the fluid velocity is low and there are no eddies or turbulence-inducing obstacles within the flow field. As a result, the fluid layers move in tandem with one another, creating a uniform distribution of velocities throughout the flow. The laminar flow regime is typically observed in fluids moving through narrow pipes, between parallel surfaces, or along curved paths, where friction and viscosity dominate, leading to a stable and predictable pattern;Meta
Glacier mass balance;The glacier mass balance is a critical component of cryospheric research, describing the net change in mass between a glacier's accumulation and ablation periods. Glaciers can gain or lose mass through various processes, including snowfall, ice calving, and sublimation. The mass balance is typically calculated using data from glaciological surveys and satellite remote sensing. Positive mass balances indicate a net accumulation of mass, while negative balances suggest a net loss. Climate change has significantly altered glacier mass balances worldwide, with many glaciers now showing signs of rapid decline due to rising temperatures and changing precipitation patterns.;Meta
Taxonomy;The development of taxonomy as a scientific discipline dates back to ancient Greece, with philosophers such as Aristotle proposing early forms of classification. However, it wasn't until the 18th century that Carolus Linnaeus established the modern system of binomial nomenclature, where each organism is assigned a unique combination of genus and species name. This hierarchical structure has since become the foundation for understanding the diversity of life on Earth, with taxa being grouped into increasingly broader categories based on shared characteristics and evolutionary relationships. The application of taxonomy continues to evolve, informing fields such as conservation, ecology, and biomedical research.;Meta
Quantum Hall effect;The Quantum Hall Effect refers to a phenomenon observed in two-dimensional electron systems, where a strong magnetic field induces a fractional charge carriers on the surface of materials. This effect is characterized by the appearance of quantum Hall plateaus, where the carrier density exhibits quantized values at specific field strengths. Theoretical models propose that this occurs due to the formation of Landau levels and the emergence of topological phases. Experimental verification has confirmed the existence of these plateaus in various materials, enabling precise control over electronic properties and opening avenues for research in quantum computing and condensed matter physics;Meta
Boiling water reactor;A boiling water reactor, also known as a pressurized water reactor, is a type of nuclear power plant that uses enriched uranium as fuel. The reaction occurs when neutrons collide with uranium atoms, causing them to split and release more neutrons, which in turn initiate a chain reaction. In a boiling water reactor, the reaction takes place within a sealed vessel where water is heated to produce steam, driving a turbine to generate electricity. This design allows for efficient cooling and reduces the risk of accidents, making it a reliable and safe source of energy for widespread use.;Meta
Solid-state battery;A solid-state battery is a type of rechargeable battery that replaces the liquid electrolyte with a solid material, enhancing its safety and energy density. This design change allows for a more stable and consistent flow of ions during charging and discharging, resulting in improved overall performance. The use of solid-state materials also reduces the risk of thermal runaway and leakage, making it an attractive alternative to traditional lithium-ion batteries. As research continues to develop new solid-state battery technologies, they hold promise for widespread adoption in portable electronics and electric vehicles.;Meta
Solar cell;A photovoltaic solar cell is an electrical device that converts light into electrical energy through a process known as photoluminescence. The conversion occurs when photons from sunlight interact with semiconducting materials within the solar cell, exciting electrons and generating electrical current. The efficiency of a solar cell depends on various factors such as the material used, its purity, and the design of the cell. The overall performance of a solar cell is also influenced by environmental conditions, including temperature, humidity, and spectral characteristics of incident light.;Meta
Semidefinite programming;Semidefinite Programming is a type of mathematical optimization technique that finds solutions to problems involving quadratic forms. It proposes that a quadratic program can be solved if and only if its Gram matrix is positive semidefinite. This method is particularly useful for solving systems of linear inequalities and finding the minimum or maximum of a quadratic function subject to constraints. Semidefinite programming has applications in various fields, including signal processing, control theory, and machine learning, where it is used to solve problems involving matrices and tensors.;Meta
MicroRNA;A microRNA in a regulated state is a small RNA molecule that plays a crucial role in regulating gene expression by binding to specific messenger RNA molecules. This interaction typically leads to the degradation of the target mRNA or suppression of its translation into protein. The microRNA is not in a state of complete equilibrium, as its binding to the target mRNA is a dynamic process, but it maintains a stable regulatory balance, allowing for precise control over gene expression. This complex regulation allows cells to respond effectively to changes in their environment and maintain homeostasis within the organism.;Meta
Aphasia;Aphasia is a neurological disorder that affects an individual's ability to communicate effectively. It is characterized by difficulty in expressing thoughts, understanding language, and retrieving words. The primary causes of aphasia are damage to the brain, typically resulting from stroke, traumatic brain injury, or neurodegenerative diseases. Aphasia can manifest in various forms, including expressive aphasia, where individuals struggle to produce words, and receptive aphasia, where they have difficulty understanding spoken language. This condition highlights the complex relationships between brain function, language processing, and cognitive abilities, emphasizing the importance of early diagnosis and targeted interventions.;Meta
Endoscopy;The endoscopic procedure is a minimally invasive diagnostic and therapeutic technique used to visualize the interior of the body. A flexible tube equipped with a camera and light source is inserted through a natural orifice, such as the mouth, rectum, or vagina, allowing for direct visualization of internal organs and tissues. Endoscopy enables doctors to diagnose conditions ranging from gastrointestinal abnormalities to respiratory issues, facilitating early intervention and treatment. The procedure also allows for the removal of foreign objects, biopsies, and other interventions, expanding its applications in various medical specialties.;Meta
Gravity;The manifestation of gravitational force in celestial systems refers to the phenomenon where massive objects warp the fabric of spacetime, inducing a curvature that attracts other objects with mass. As celestial bodies interact and form complex systems, their mutual gravitational influences shape the motion of planets, stars, and galaxies, giving rise to the intricate dance of our cosmos. This self-imposed order results in the creation of stable orbits, planetary motions, and galactic structures that defy the predictions of classical mechanics alone, revealing a profound symmetry underlying the workings of the universe as a whole;Meta
Holography;Holography is a phenomenon where an object's three-dimensional image is recorded on a medium, allowing it to be reconstructed at a later time. This occurs when light waves from an object interact with a photographic plate or digital sensor, creating an interference pattern that captures the object's spatial information. The process involves shining light onto an object and recording its diffraction pattern, which can then be used to reconstruct the original image using lasers and photographic plates or digital technology. By analyzing the diffraction pattern, holographers can recreate images with incredible fidelity and depth, enabling a range of applications in fields such as entertainment and scientific research.;Meta
UniProt;The UniProt database is a comprehensive online repository that stores information on protein sequences and functions. It provides a standardized system for annotating proteins with functional domains, post-translational modifications, and gene ontology terms. This allows researchers to compare and analyze proteins across different species, facilitating the discovery of novel proteins and their interactions. The UniProt database relies on community contributions, utilizing automated annotation pipelines to validate and correct user-submitted data. As a result, it has become an essential resource for bioinformatics research, providing a reliable framework for protein analysis and interpretation.;Meta
Prokaryote;Prokaryotes are single-celled organisms that lack a true nucleus, instead having a nucleoid region where their DNA is stored. They possess a simple cell structure and are characterized by the absence of membrane-bound organelles. Prokaryotes play a crucial role in ecosystems as primary producers and decomposers, influencing nutrient cycles and energy flow. Their small size and rapid reproduction enable them to adapt quickly to changing environments. Many prokaryotes are pathogenic, causing diseases in humans and animals, while others form symbiotic relationships with hosts. Studying prokaryotes provides insights into microbial evolution, ecology, and the origins of life on Earth.;Meta
Hematopoietic stem cell;The hematopoietic stem cell is a complex and multifaceted population of cells responsible for generating all blood cells in the human body. It is believed to have evolved from a common ancestor with other somatic stem cells around 500 million years ago. Fossil records indicate that early hematopoietic stem cells were capable of producing both blood cells and bone marrow tissue, allowing them to play a crucial role in maintaining the immune system and facilitating wound healing. Over time, their functions have become more specialized, enabling the creation of diverse blood cell lineages that are essential for human health;Meta
Helicase;Helicase is an enzyme that unwinds double-stranded DNA into single strands, playing a crucial role in various cellular processes. The primary function of helicase is to break the hydrogen bonds between nucleotides, allowing for the unzipping of DNA strands. This process is essential for DNA replication, repair, and recombination. Helicases can be specific to certain types of DNA or exhibit broad specificity, and their activity can be regulated by various mechanisms, including allosteric binding and post-translational modifications. The accurate functioning of helicase is vital for maintaining genomic stability and ensuring proper cellular function;Meta
Quantum gravity;Quantum gravity is a theoretical framework that aims to merge quantum mechanics and general relativity, two fundamental theories in physics. It seeks to describe the behavior of matter and energy at extremely small distances and high energies, where both theories fail to explain phenomena accurately. Quantum gravity attempts to reconcile the wave-like nature of particles with the curvature of spacetime, enabling a more comprehensive understanding of the universe's fundamental forces and behaviors. This integration has far-reaching implications for our comprehension of space, time, and the underlying laws governing reality;Meta
Dark matter;Dark matter is a hypothetical form of matter that is thought to exist in the universe but has not been directly observed. This type of matter is believed to interact with normal matter only through gravity, as it does not emit, absorb, or reflect any electromagnetic radiation. The presence of dark matter can be inferred by its gravitational effects on visible matter and the large-scale structure of the universe. Dark matter is estimated to comprise approximately 27% of the universe's total mass-energy density, while visible matter makes up only about 5%.;Meta
Chiral pool;The chiral pool is a theoretical concept in statistical mechanics that describes the behavior of a system in a state of dynamic symmetry. It is thought to occur when a system exhibits two distinct phases with identical properties, but which are separated by an energy barrier. The chiral pool arises due to the inherent asymmetry in the system's interactions, leading to a spontaneous emergence of non-trivial topology. This phenomenon has implications for our understanding of phase transitions and the behavior of complex systems near critical points, highlighting the intricate dance between order and disorder in physical systems.;Meta
Escape velocity;Escape velocity is a fundamental concept in astrodynamics that describes the minimum speed required for an object to escape the gravitational pull of a celestial body. The escape velocity depends on the mass and radius of the celestial body, with more massive bodies having higher escape velocities. For instance, escaping Earth's gravity requires approximately 11.2 kilometers per second, whereas escaping Mars' gravity requires only about half that speed. As objects approach escape velocity, their kinetic energy increases, allowing them to break free from the gravitational constraints and achieve orbit or travel beyond the planet's atmosphere.;Meta
Surface plasmon polariton;The concept of surface plasmon polaritons refers to a collective oscillation of conduction electrons at the interface between two dielectric materials. This phenomenon arises when light is incident on the boundary, exciting the free electrons and creating a surface plasma. The resulting electromagnetic wave propagates along the interface, exhibiting unique properties such as enhanced absorption and emission of electromagnetic radiation. Surface plasmon polaritons have been extensively studied in various materials, including metal-dielectric interfaces, and have potential applications in fields like nanotechnology and optical communication systems, enabling efficient energy transfer and data transmission.;Meta
Cognitive load;Cognitive load refers to the mental effort required to process information, solve problems, and perform tasks. It is a measure of the amount of mental resources required to complete a task, and can be affected by factors such as complexity, novelty, and individual differences in cognitive abilities. Excessive cognitive load can lead to mental fatigue, decreased performance, and increased errors, while moderate levels of load are often necessary for optimal learning and retention. Understanding cognitive load is crucial for designing effective instructional materials and interventions that optimize student learning outcomes;Meta
Circulating tumor DNA;Circulating tumor DNA refers to the DNA fragments released into the bloodstream by cancer cells. These DNA molecules can originate from various sources within a tumor, including cancerous tissues, metastases, and even the surrounding stroma. The presence of circulating tumor DNA in bodily fluids has been linked to the development and progression of certain cancers, as it may serve as an indicator of genetic instability within the tumor. Furthermore, alterations in circulating tumor DNA have also been observed in response to therapeutic interventions, suggesting its potential utility as a biomarker for monitoring treatment efficacy;Meta
Divergent evolution;Divergent evolution refers to the process by which a single species splits into multiple distinct lineages, resulting in significant genetic and phenotypic differences. This phenomenon can occur through various mechanisms, including geographic isolation, ecological specialization, and adaptive radiation. For example, finches on different islands may evolve unique beak shapes and sizes as they adapt to their specific food sources. Over time, these populations become reproductively isolated, leading to the formation of new species with distinct characteristics, ultimately resulting in the diversification of life on Earth.;Meta
Polyploidy;Polyploidy is a type of cell division that results in cells having multiple sets of chromosomes, rather than the usual single set. This occurs when two or more nuclei fuse during meiosis, resulting in an increased number of chromosomes in the offspring. Polyploidy can be found in plants and animals, and it often occurs naturally through errors in the DNA replication process. In some species, polyploidy is a successful adaptation that allows individuals to thrive in challenging environments. For example, some plants have evolved to become polyploid, resulting in increased resistance to disease and environmental stress.;Meta
Electromagnetism;The electromagnetic force is a fundamental interaction between charged particles, and it plays a crucial role in shaping our understanding of the physical world. It proposes that the interaction between electrically charged particles is mediated by the exchange of virtual photons, which are massless particles with zero rest energy. As a result, the electromagnetic force is proportional to the product of the charges and inversely proportional to the square of the distance between them, describing the well-known inverse square law. This fundamental force has far-reaching implications for our understanding of electromagnetism;Meta
Particle accelerator;A particle accelerator is a complex device designed to accelerate charged particles to incredibly high energies, allowing physicists to study subatomic phenomena in unprecedented detail. This technology relies on electromagnetic fields to propel charged particles along a circular trajectory, increasing their kinetic energy through radiofrequency cavities and beam injection systems. By accelerating particles to nearly the speed of light, researchers can recreate conditions present in the early universe, enabling the discovery of new fundamental forces and matter properties, and advancing our understanding of the fundamental nature of reality;Meta
Synthetic lethality;Synthetic lethality is a phenomenon where two mutations in different genes interact to cause cell death when both are present, but not necessarily when either mutation alone occurs. This concept has been observed in various organisms, including bacteria and humans, and has significant implications for cancer research and treatment. The underlying mechanism involves the cooperative action of the two mutations, which can be exploited to selectively kill cancer cells that harbor specific genetic lesions. By understanding synthetic lethality, scientists aim to develop novel therapeutic strategies to target this pathway and improve treatment outcomes for various diseases.;Meta
MIMO;A Multiple Input Multiple Output system is a type of communication system that uses multiple antennas to transmit and receive signals simultaneously. This allows for increased data transmission rates and improved signal quality in wireless communication systems. In a MIMO system, each antenna can send and receive multiple signals at the same time, resulting in improved spatial diversity and resistance to interference. The use of MIMO has become increasingly widespread in modern communication systems, including Wi-Fi routers, cell phones, and satellite communications, enabling faster data transfer rates and more reliable connections.;Meta
Randomization;The concept of randomization has far-reaching implications in various fields, particularly in statistical analysis. In essence, randomization refers to the process of assigning outcomes randomly, often using a sampling frame or experimental design. This technique allows researchers to eliminate bias and ensure that each participant or treatment group is equally likely to be selected. By employing randomization, scientists can minimize confounding variables and increase the reliability of their findings, thereby enabling more accurate conclusions about complex phenomena. Ultimately, this method provides a framework for generating unbiased data sets.;Meta
Glass transition;The glass transition temperature is a critical phenomenon in polymer science that marks the transition from a rigid to a flexible state. It occurs when a polymer's molecular structure becomes disordered and its chains begin to vibrate more freely. As the temperature increases, the polymer's resistance to deformation decreases, allowing it to flow like a liquid. This sudden change in behavior is characterized by a sharp increase in thermal expansion and a decrease in glassy modulus. The glass transition temperature serves as a critical benchmark for understanding a polymer's mechanical properties and behavior under various thermal conditions;Meta
Alpha helix;The alpha helix is a type of secondary structure found in proteins that arises from the interactions between individual amino acids. As amino acids fold into specific conformations, they form a spiral-shaped molecule with a repeating pattern of hydrogen bonds. This arrangement creates a compact, three-dimensional structure that provides stability and allows for efficient protein function. The alpha helix is a fundamental component of many biomolecules, including enzymes, hormones, and structural proteins, and plays a crucial role in various biological processes, including protein-protein interactions;Meta
Optogenetics;The application of optogenetics refers to the utilization of light-induced ion channel modulation to manipulate cellular activity in various tissues. This innovative approach involves the genetic modification of specific cells to express photosensitive proteins, which respond to specific wavelengths of light by modulating ion channels. As a result, neural activity can be precisely controlled and manipulated, enabling researchers to investigate neural circuits and develop novel therapeutic strategies for neurological disorders. The technique has been shown to selectively activate or silence neural populations, providing unprecedented insight into the neural code.;Meta
Pulsar;Pulsars are rapidly rotating, highly magnetized neutron stars that emit electromagnetic radiation in a beam, scanning the surrounding space as they rotate. Their unique characteristics make them ideal astrophysical laboratories for studying strong-field gravity, magnetic fields, and relativistic effects. The rotation of pulsars can create intense beams of radiation, which can be observed from great distances, allowing scientists to study their properties and behavior. By analyzing the pulse profiles and timing variations of pulsars, researchers can gain insights into their internal structure, composition, and evolution, shedding light on some of the most fundamental questions in astrophysics.;Meta
Enthalpy;Enthalpy is a thermodynamic property that represents the total energy of a system, including both internal energy and the energy associated with the pressure-volume work done on or by the system. This concept allows for the calculation of the heat capacity of a system, which is essential in understanding its thermal behavior. The relationship between enthalpy and temperature is non-linear, making it distinct from other thermodynamic properties such as internal energy and entropy. Enthalpy change is often used to calculate the energy required for chemical reactions or phase transitions, providing valuable insights into a system's thermodynamic stability;Meta
Grignard reaction;The Grignard reaction is a widely used organic synthesis method that involves the formation of a magnesium alkyl halide, also known as a Grignard reagent. This reaction is named after Victor Grignard, who first described it in 1900. A Grignard reagent is formed when a metal magnesium reacts with an alkyl halide and an organometallic compound in the presence of a strong base. The resulting reagent is highly reactive and can be used to form a wide variety of organic compounds, including aldehydes, ketones, and esters, through a series of reactions that involve nucleophilic substitution and elimination. This reaction is a fundamental tool in modern organic synthesis.;Meta
Crystallization;Crystallization is a process by which a solid forms from a solution when the concentration of solute particles reaches a critical threshold. This occurs when the attractive forces between the solute particles overcome the repulsive forces between them, causing them to arrange themselves into a repeating pattern. The resulting crystal structure is characterized by its lattice arrangement and periodicity, and plays a crucial role in understanding the properties and behavior of materials, including their physical and chemical properties. Crystallization is also essential in various industrial applications, such as purification and catalysis.;Meta
Prophage;Prophage is a type of bacteriophage that integrates its genetic material into the host bacterial genome, forming a prophage. This process, known as lysogenic conversion, allows the phage to modulate the host's metabolic pathways and gene expression in response to environmental stimuli. The prophage can remain dormant for extended periods, only expressing genes that confer beneficial traits such as antibiotic resistance or virulence factors. In some cases, the prophage can also drive evolutionary changes in the host population, as it adapts to changing selective pressures and environments.;Meta
Quantum Fourier transform;The Quantum Fourier Transform is a quantum algorithm used for efficient computation of discrete Fourier transforms on a quantum computer. It relies on the principles of quantum entanglement and superposition to perform the transformation in a reduced number of operations compared to classical algorithms. The QFT exploits the properties of quantum systems, particularly those with periodic symmetries, to efficiently calculate the Fourier transform. By utilizing quantum parallelism and interference, the algorithm enables fast computation of complex transforms, making it an essential tool for various applications in quantum information processing and quantum computing research.;Meta
Post-translational modification;Phosphorylation is a post-translational modification where a phosphate group is added to a protein through the action of enzymes known as kinases. This process can alter the activity, localization, and stability of proteins, enabling them to regulate various cellular processes such as signal transduction, metabolism, and gene expression. The addition of a phosphate group can also activate or inhibit protein-protein interactions, thereby fine-tuning the complex regulatory networks within cells. Phosphorylation plays a crucial role in maintaining cellular homeostasis and responding to environmental stimuli, making it an essential mechanism for cellular adaptation and survival;Meta
Milankovitch cycles;The Milankovitch cycles refer to the periodic changes in Earth's orbital parameters that affect global climate patterns. These variations are caused by the elliptical shape of Earth's orbit around the sun and the tilt of its axis. As a result, the amount of solar energy received by the planet changes over an approximate 41,000-year cycle, influencing ice ages and glacial periods. The cycles also impact ocean currents, sea levels, and atmospheric circulation patterns, ultimately shaping the climate of the past and present. This natural phenomenon has significant implications for understanding Earth's history and predicting future climate shifts;Meta
Notochord;The notochord is a precursor to the spinal cord in vertebrates, serving as a flexible rod-like structure that provides support and stiffness to the body. Its main function is to transmit signals between the brain and the tail region of the animal, playing a crucial role in motor control and coordination. The notochord's role becomes less prominent in adult animals as the vertebral column develops, but it remains present in some species, such as lampreys and hagfish, which retain this characteristic throughout their lives. This vestigial structure highlights the remarkable plasticity of vertebrate development.;Meta
Germinal center;The germinal center is a critical component of the immune system, responsible for the development and maturation of B cells. It is a specialized region within lymphoid organs, such as lymph nodes and spleen, where B cells undergo a process called class switching, allowing them to produce antibodies with diverse specificities. The germinal center's unique microenvironment supports clonal expansion, selection, and affinity maturation, ultimately enabling the immune system to recognize and respond to pathogens efficiently. This intricate process is crucial for maintaining immunity against infections and diseases.;Meta
Endoderm;The endoderm is one of the primary germ layers that form during embryonic development in animals. It originates from the innermost layer of cells and eventually gives rise to various tissues and organs, including the lining of the digestive tract, liver, pancreas, and respiratory system. The endoderm's role is crucial for the establishment of homeostasis and nutrient exchange within the body. As it differentiates into distinct cell types, it also plays a key function in immune response and secretion processes, ultimately contributing to the formation of vital organs that maintain overall physiological balance;Meta
White dwarf;A white dwarf is a dense, hot stellar remnant that forms when a star exhausts its fuel and contracts to a tiny size. As the star cools, it undergoes a series of thermal pulses, causing its surface temperature to fluctuate wildly. Eventually, the star's core becomes so hot that nuclear reactions cease, marking the end of its life cycle. The resulting white dwarf is a small, extremely dense object with a mass similar to that of the Sun but a radius only about 10 kilometers in diameter. This tiny remnant will slowly cool over billions of years, eventually becoming a black dwarf, a cold and dark star that has ceased all nuclear activity.;Meta
Allergy;The manifestation of immune responses in allergic reactions refers to the phenomenon where the body's defense system mistakenly identifies harmless substances as threats, triggering an overreaction and releasing chemical mediators. As these mediators bind to specific receptors on immune cells, they initiate a cascade of events that lead to inflammation, tissue damage, and various symptoms such as itching, swelling, and respiratory issues. This aberrant response is thought to arise from genetic predispositions, environmental factors, and alterations in the gut microbiome, ultimately resulting in a state of allergic hypersensitivity.;Meta
Glycogenesis;Glycogenesis is a metabolic process by which cells convert glucose into glycogen, a complex carbohydrate stored in the liver and muscles. This occurs when a cell's insulin sensitivity increases, signaling it to store excess glucose for later use. As glucose enters the cell, enzymes break it down into simpler sugars, which are then linked together to form glycogen chains. The resulting glycogen is stored in granules within the cell's cytoplasm and can be broken down during periods of low energy availability, providing a readily accessible source of glucose for the cell.;Meta
Spatial transcriptomics;Spatial transcriptomics is a powerful tool that enables researchers to map the spatial distribution of gene expression within tissues and organs. By analyzing the RNA transcripts present in specific regions of cells, scientists can reconstruct the complex interactions between genes, proteins, and their environment. This approach has revolutionized our understanding of cellular heterogeneity, allowing for the discovery of novel cell types, disease mechanisms, and therapeutic targets. Spatial transcriptomics has far-reaching implications for fields such as cancer research, neurology, and developmental biology.;Meta
Spin foam;Spin foam is a type of polymeric material characterized by its unique three-dimensional structure, resembling a network of fibers. This material is created through the process of polymerization, where monomers are connected to form a complex network of molecular chains. The resulting spin foam exhibits exceptional mechanical properties, including high strength-to-weight ratio and compressive stiffness, making it suitable for various applications such as cushioning, insulation, and biomedical devices. Its unique microstructure also confers unusual thermal and electrical properties, rendering spin foam an attractive material for research in fields like materials science and engineering;Meta
Cyclic voltammetry;Cyclic voltammetry refers to a electroanalytical technique used to study the interfacial properties of electrodes in response to changing potential. It involves applying a periodic potential sweep across the electrode-solution interface, allowing for the observation of redox reactions and the collection of data on the electrode's behavior. This technique is influenced by factors such as electrode material, solution composition, and scanning rate, which affect the kinetics and thermodynamics of the electrochemical reactions being studied. The specific application of cyclic voltammetry can provide valuable insights into the mechanisms and properties of various electroactive materials and systems.;Meta
Plasmid;A plasmid is a small, circular DNA molecule that can exist independently within a cell. In a bacterium, for instance, a plasmid may be replicated and maintained alongside the main chromosomal DNA. The presence of a plasmid can confer advantageous traits, such as antibiotic resistance or increased nutritional capacity, to the host cell. This is achieved through the expression of foreign genes on the plasmid, which are inserted using techniques like transformation or transduction. Plasmids play a significant role in genetic engineering and biotechnology applications, allowing scientists to manipulate and transfer genetic information with greater precision.;Meta
DNA sequencing;The process of DNA sequencing is a groundbreaking technique in molecular biology, where the order of nucleotides in a genome is deciphered to reveal the genetic code. This is achieved through the use of high-throughput technologies, such as next-generation sequencing, which rapidly generate millions of short DNA fragments from a sample. The fragments are then assembled into a contiguous sequence using bioinformatics tools and algorithms, ultimately reconstructing the entire genome. The accuracy of this process relies on various factors, including primer design, library preparation, and quality control, to ensure that the resulting sequence is reliable and accurate;Meta
Exoplanet;Exoplanets are planets that orbit stars outside our solar system, offering a vast array of possibilities for life beyond Earth. Formed when a star accumulates gas and dust from its surroundings, exoplanets can be similar in size and composition to terrestrial planets or much larger and more massive than Jupiter. The discovery of exoplanets has revealed an astonishing number of worlds, with thousands confirmed to date, each potentially harboring unique conditions for life. Scientists continue to study these distant worlds, unraveling secrets about planetary formation and the possibility of extraterrestrial life.;Meta
Mannich reaction;The Mannich reaction is a well-established organic reaction where an imine is formed from an amine, an aldehyde, and an amide in the presence of a catalytic base. This reaction is a crucial step in the synthesis of various complex molecules, including pharmaceuticals and agrochemicals. The mechanism involves the condensation of the amide with the aldehyde to form an imine, which then reacts with the amine to produce the final product. The Mannich reaction has been extensively studied due to its applications in the synthesis of diverse compounds, demonstrating its significance in organic chemistry research and development processes.;Meta
Lupus;Systemic lupus erythematosus is a chronic autoimmune disease characterized by periods of flares and remission. It affects multiple organs, including the skin, joints, kidneys, and central nervous system, making it challenging to diagnose and manage. The exact cause of lupus remains unknown, but it is believed to result from a combination of genetic and environmental factors, which trigger an abnormal immune response. This response leads to the production of autoantibodies that attack healthy tissues, resulting in inflammation and tissue damage, ultimately affecting an estimated one million Americans, with women being disproportionately affected.;Meta
Keystone species;The concept of keystone species is a fundamental principle in ecology, where a single species plays a crucial role in maintaining the structure and function of an ecosystem. A keystone species is often the species that has the greatest impact on its environment, and its loss can have cascading effects on the entire ecosystem. This phenomenon is attributed to the unique characteristics and behaviors of the species, such as predation pressure or nutrient cycling, which create a self-reinforcing loop, enabling it to exert disproportionate influence over the surrounding community.;Meta
Gravitational wave;Gravitational waves are ripples in the fabric of spacetime, predicted by Albert Einstein's theory of general relativity. These waves are produced by massive cosmic events, such as black hole mergers and supernovae explosions, which distort spacetime around them. As the waves propagate through the universe, they carry information about their source, allowing scientists to study these events in ways previously impossible. The detection of gravitational waves has confirmed a key prediction of general relativity and opened up new avenues for astrophysical research, including the study of strong-field gravity and the properties of black holes.;Meta
Estrogen;The role of estrogen in the human body is multifaceted, with various effects on development, reproduction, and overall health. Estrogen is a primary female sex hormone produced by the ovaries and adipose tissue, playing a crucial role in regulating menstrual cycles, fertility, and bone density. Research has also linked estrogen to cardiovascular health, with some studies suggesting that moderate levels of estrogen may help protect against heart disease and stroke. Furthermore, estrogen's influence on brain function and behavior has led to its investigation as a potential treatment for mood disorders, such as depression and anxiety, although results are still inconclusive.;Meta
Chemical biology;The concept of chemical biology explores the intricate relationships between small molecules and biological systems. It proposes that biochemical reactions are governed by a set of fundamental principles, similar to physical laws, and can be quantitatively predicted using mathematical models. Chemical biologists employ computational techniques and machine learning algorithms to decipher the complex interactions between biomolecules, shedding light on the molecular mechanisms underlying various biological processes, such as metabolic pathways and protein folding, providing valuable insights into disease mechanisms and novel therapeutic strategies.;Meta
Gene duplication;Gene duplication refers to a process where an existing gene is copied and results in two identical copies of the DNA sequence. This event can occur through various mechanisms, including errors during DNA replication or gene conversion events. The duplicated genes often evolve independently, leading to functional diversification and adaptation to different environmental conditions. As a result, duplicate genes can become essential for survival, confer advantages to organisms, and even give rise to new gene functions. Understanding the role of gene duplication in evolution is crucial for understanding the diversity of life on Earth and its ongoing development.;Meta
Chirality;Chirality is a fundamental concept in chemistry that describes the asymmetry of molecules. It arises from the presence of chiral centers, where four different groups are attached to a central atom, resulting in non-superimposable mirror images. Chiral molecules can exist as enantiomers, which are non-superimposable versions of each other, often exhibiting different physical and chemical properties. This phenomenon is crucial in understanding the behavior of biomolecules, such as amino acids and sugars, where chirality plays a vital role in their biological functions and interactions. The study of chirality has far-reaching implications for fields like pharmacology and materials science.;Meta
DNA methylation;DNA methylation is a crucial epigenetic mechanism that regulates gene expression by adding a methyl group to specific DNA sequences. This process is mediated by enzymes called DNA methyltransferases and is influenced by various factors, including environmental conditions and cellular stress responses. DNA methylation plays a vital role in maintaining genomic stability and has been implicated in numerous biological processes, including development, cell differentiation, and disease progression. Aberrant DNA methylation patterns have been linked to various diseases, including cancer and neurological disorders, highlighting its importance as a regulatory mechanism.;Meta
Long-term potentiation;The discovery of long-term potentiation is a significant finding in neuroscience that sheds light on the underlying mechanisms of synaptic plasticity. LTP refers to a persistent strengthening of synapses between neurons, which can be induced by high-frequency stimulation or other forms of neuronal activation. This phenomenon was first identified in the 1970s and has since been extensively studied. It is thought that LTP plays a crucial role in learning and memory formation, as well as in the reorganization of neural circuits following injury or experience. The precise molecular mechanisms underlying LTP remain an active area of research, but its significance in understanding brain function and behavior is now widely acknowledged;Meta
Zero-shot learning;Zero-shot learning is a machine learning paradigm that enables models to perform tasks without prior training on labeled data. This phenomenon is achieved through the incorporation of additional information, such as textual descriptions or other forms of metadata, which allows the model to infer the correct output. The connection between the model and the task is not based on traditional supervised learning, but rather on a fundamental understanding of the underlying relationships and patterns in the data. This approach enables models to generalize more effectively and adapt to new, unseen tasks with greater ease, making it a promising area of research in artificial intelligence.;Meta
Mast cell;The mast cell plays a crucial role in the human body's immune system, particularly in the context of allergic reactions and inflammation. These cells are found throughout the body, but are most concentrated in the skin, mucous membranes, and other tissues that come into contact with allergens. The mast cell is responsible for releasing histamine and other chemical mediators in response to stimulation, which can lead to increased blood flow, swelling, and constriction of airways. This process, known as anaphylaxis, can be life-threatening if not properly treated, making the mast cell a vital component in maintaining immune system homeostasis;Meta
Population dynamics;The study of population dynamics is a branch of biology that focuses on the interactions between populations of organisms and their environment. It is concerned with understanding how populations change over time in response to various factors such as birth rates, death rates, migration patterns, and resource availability. The equilibrium principle states that when these factors are balanced, the population size remains constant. However, when any one factor deviates from its equilibrium value, the population undergoes fluctuations, leading to changes in population size. This complex interplay between populations and their environment is crucial for maintaining ecological balance.;Meta
Inflammasome;The discovery of the inflammasome dates back to the early 2000s, when scientists first identified this multiprotein complex in bacterial cells. It is believed to have evolved as a defense mechanism against invading pathogens, allowing the cell to activate an inflammatory response and eliminate the threat. Fossil records show that the inflammasome was present in ancient prokaryotes, suggesting its presence in early life forms. Recent studies have revealed that the inflammasome plays a critical role in human diseases, including autoimmune disorders and cancer, highlighting its significance as a key player in the immune system's response to infection.;Meta
Microprocessor;The development of microprocessors is a remarkable technological advancement that has revolutionized modern computing. It's believed that the first microprocessor emerged around 1971, when Gordon Moore and Bob Noyce introduced the Intel 4004, the world's first commercially available microprocessor. This tiny processor integrated all the components necessary for basic computation onto a single chip of silicon, significantly reducing production costs and increasing efficiency. The microprocessor's impact on computing has been profound, enabling the creation of personal computers, mobile devices, and other electronic gadgets that have transformed the way we live and work.;Meta
Giant magnetoresistance;Giant magnetoresistance is a phenomenon where a thin layer of magnetic material exhibits a significant increase in electrical resistance when exposed to a strong magnetic field. This occurs due to the alignment of magnetic domains within the material, resulting in increased scattering of electrons and reduced conductivity. The GMR effect is typically observed in ferromagnetic materials, such as permalloy or garnet, and has been harnessed for use in various spintronics applications, including magnetic sensors and data storage devices. The GMR effect enables the creation of highly sensitive and efficient magnetic detection systems, with potential applications in a wide range of fields.;Meta
Language model;A language model is a computer program designed to generate human-like text based on input from users. The connection between the user's input and the generated output is not physical but rather an intricate web of algorithms and statistical patterns. When a user provides input, the language model analyzes the context and generates a response that attempts to mimic the structure and semantics of natural language. The accuracy of the generated text depends on the complexity of the training data and the sophistication of the underlying algorithms, allowing for increasingly realistic and coherent outputs.;Meta
Anthracene;Anthracene is a polycyclic aromatic hydrocarbon, consisting of three fused benzene rings, and having two alternating double bonds. This planar structure confers high stability to anthracene, making it resistant to chemical degradation and allowing it to persist in the environment for extended periods. The compound exhibits distinct electronic properties, including a significant degree of delocalization of electrons among its π-system, which contributes to its relative inertness and aromaticity. Anthracene is also a potent skin irritant and can cause severe dermatological reactions upon exposure.;Meta
Millisecond pulsar;A millisecond pulsar is a type of neutron star that emits electromagnetic radiation in a beam, which can be observed from Earth. These pulses are typically measured in milliseconds and occur with a regular period, often ranging from 5 to 100 seconds. The intense magnetic field of the neutron star creates a lighthouse effect, where the beam sweeps through space, releasing a burst of energy that is detectable by telescopes. Millisecond pulsars are thought to be formed from the merger of two compact objects, such as white dwarfs or other neutron stars, and their extreme characteristics make them valuable tools for studying astrophysics, including tests of general relativity and constraints on dark matter theories;Meta
Pair production;In high-energy particle interactions, pair production is a phenomenon where two identical particles, such as electrons and positrons, are created from the energy of a photon. This process occurs when the energy of the photon exceeds a certain threshold, allowing it to create an electron-positron pair. The creation of these pairs involves the conversion of the photon's energy into mass-energy equivalence, resulting in the formation of two particles with opposite charges. As the pair is formed, they are emitted from opposite sides of the interaction point, exhibiting a characteristic asymmetry that allows for precise measurements and analysis.;Meta
Dimensionality reduction;Dimensionality reduction is a mathematical technique used to transform high-dimensional data into lower-dimensional representations, allowing for easier analysis and visualization. This process involves reducing the number of features or variables in a dataset while preserving the most important information. Techniques such as principal component analysis and t-distributed stochastic neighbor embedding are commonly employed for dimensionality reduction. By minimizing the loss of information, these methods enable faster data processing, improved model performance, and enhanced insights into complex systems, ultimately facilitating more efficient decision-making in various fields.;Meta
Paleontology;Paleontological excavation is the process by which fossils are uncovered and extracted from their geological context, providing valuable information about ancient life forms. This technique relies on the principle of superposition, where older layers of rock are deposited on top of younger ones, allowing researchers to reconstruct the sequence of events. By carefully collecting and preserving fossil remains, scientists can infer the evolution of extinct species, their habitats, and the environmental conditions that existed during different time periods. The meticulous process of paleontological excavation has greatly advanced our understanding of Earth's rich history.;Meta
Serology;Serological testing is a laboratory technique used to detect and identify specific antibodies or antigens in an individual's serum. This is achieved by reacting the serum with a known antigen or antibody, resulting in the formation of visible precipitates or clumps, which can be quantified and analyzed. The principle behind serology relies on the specificity of antigen-antibody interactions, allowing researchers to identify pathogens, monitor disease progression, and track responses to vaccination. By deciphering the complex patterns of antibody production, serological testing provides valuable insights into the immune system's functioning and helps inform diagnostic and therapeutic strategies.;Meta
Long-term depression;Long-term depression is a type of synaptic plasticity that occurs when neurons form persistent connections with each other over an extended period. This process can be induced by various stimuli, including repeated activation, neurotrophin withdrawal, and certain medications. Long-term depression results in reduced excitatory neurotransmitter release, leading to decreased neuronal activity and strength of synapses. Chronic stress, sleep deprivation, and genetic predisposition can also contribute to the development of long-term depression, making it a significant factor in various neurological disorders and psychiatric conditions, where it plays a key role in disease progression and symptom manifestation.;Meta
Metamorphic rock;Metamorphic rock is formed when existing rocks are subjected to high temperatures and pressures, causing changes in their mineral composition and structure. This process, known as metamorphism, can occur due to tectonic forces, mountain building, or contact with magma. As a result, the original minerals recrystallize into new minerals, creating a distinct texture and appearance. Metamorphic rocks can exhibit unique characteristics such as foliation, banding, or veins, making them valuable for geological studies and resource extraction. The transformation of metamorphic rock is often a complex process, resulting in a wide range of textures and compositions that provide insights into the Earth's tectonic history.;Meta
Linear algebra;Matrix equations are a fundamental concept in linear algebra, where two matrices are multiplied together to produce another matrix. This operation is based on the principles of vector addition and scalar multiplication. When two matrices are multiplied, each element of one matrix is multiplied by the corresponding elements of the other matrix and then summed. The resulting matrix represents a linear transformation that can be applied to vectors in n-dimensional space. Linear algebra provides a framework for solving systems of equations and representing transformations mathematically, making it an essential tool for modeling complex phenomena in various fields.;Meta
Viscosity;The viscosity of a fluid is defined as its resistance to flow, with higher viscosities indicating greater resistance. According to Newton's law of viscosity, the force required to maintain a given rate of shear strain on a fluid is proportional to its velocity gradient. For instance, honey has an extremely high viscosity due to its complex molecular structure, making it difficult to pour and spread. Conversely, water has a relatively low viscosity, allowing for smooth flow and facilitating various industrial applications such as hydraulic systems and pipe transport;Meta
Reaction mechanism;A reaction mechanism is a theoretical framework describing the sequence of chemical transformations that occur during a chemical reaction. It involves the breaking and forming of chemical bonds between reactant molecules, resulting in the formation of product molecules. The primary steps in a reaction mechanism include initiation, propagation, termination, and regeneration, each playing a crucial role in determining the overall yield and selectivity of the reaction. A detailed understanding of the reaction mechanism is essential for optimizing reaction conditions, predicting outcomes, and developing novel catalysts and reagents.;Meta
Lipid bilayer;The lipid bilayer is a fundamental component of cellular membranes, consisting of two interconnected phospholipid molecules. It is believed to have evolved around 3.5 billion years ago, during the emergence of life on Earth. The lipid bilayer provides structural support and compartmentalization for cells, while also facilitating various biological processes such as cell signaling and membrane transport. Fatty acid chains in the bilayer can be saturated or unsaturated, influencing its fluidity and permeability, which in turn affects cellular function and viability. Understanding the lipid bilayer is crucial for comprehending cellular biology and developing new therapeutic strategies for various diseases.;Meta
Rosetta;The discovery of Rosetta's tomb dates back to 1815 when Giovanni Belzoni, an Italian explorer, stumbled upon the step pyramid complex in Egypt. It is believed that the pharaoh Khufu built the Step Pyramid around 2580 BC, making it one of the oldest stone structures in the world. The tomb's significance lies in its well-preserved hieroglyphics and artifacts, which provided valuable insights into ancient Egyptian culture and funerary practices. Excavation efforts continued until 1939, resulting in a vast collection of relics that shed light on Egypt's rich history and the life of Khufu, allowing researchers to reconstruct the pharaoh's reign and cultural influences;Meta
Differential geometry;The development of differential geometry as a distinct mathematical discipline dates back to ancient Greece, with contributions from mathematicians such as Euclid and Archimedes. However, it wasn't until the 17th century that Sir Isaac Newton laid the foundations for modern differential geometry with his work on calculus and motion. The field continued to evolve with the development of Riemannian geometry by Bernhard Riemann in the mid-19th century. Finiteness, symmetry, and curvature are central concepts in differential geometry, providing a powerful framework for describing the properties of curved spaces and their relationships with matter.;Meta
Isothermal titration calorimetry;Isothermal titration calorimetry is a thermodynamic technique where a reactant, typically a ligand, is slowly added to a solution containing a macromolecule, such as a protein. The process generates heat, which is measured by a calorimeter, providing real-time information on the binding affinity and stoichiometry of the reaction. As the reactants interact, the release or absorption of energy reflects changes in the thermodynamic state of the system, allowing researchers to quantify the binding events with high accuracy. This technique has become an essential tool for understanding protein-ligand interactions and studying various biological processes.;Meta
Q-switching;The process of Q-switching is a nonlinear optical technique used to generate high-powered pulses of light. As the crystal cavity in a Q-switch oscillates at a resonant frequency, it begins to store energy through a process known as lasing. When the storage time exceeds a critical threshold, the stored energy bursts forth in a rapid pulse, releasing an enormous amount of power. This technique has been used in various applications, including laser technology and material processing. The Q-switching mechanism relies on the precise control of the crystal's resonance frequency to create stable and efficient pulsed output;Meta
Biosensor;A biosensor is a device that detects and measures the presence of specific biological molecules, such as proteins, DNA, or cells. Biosensors utilize biologically active components, known as sensors, which undergo a detectable change in response to the target molecule. This change can be measured using various detection methods, including optical, electrochemical, or thermodynamic techniques. The primary application of biosensors is in biomedical research and diagnostics, where they are used to detect diseases, monitor biomarker levels, and track the progression of infectious diseases such as COVID-19, offering a rapid and accurate diagnostic tool for healthcare professionals;Meta
Parkinson's disease;The pathogenesis of Parkinson's disease is a multifactorial process involving the degeneration of dopaminergic neurons in the substantia nigra, a region of the brain responsible for motor control. This degeneration leads to a deficiency in dopamine, a neurotransmitter essential for movement and coordination. The primary cause of Parkinson's disease is idiopathic, although genetic mutations, environmental toxins, and infections have been implicated as potential contributing factors. Furthermore, neuroinflammation and oxidative stress play a significant role in the progression of the disease, ultimately resulting in motor symptoms such as tremors, rigidity, and bradykinesia.;Meta
Progress zone;The concept of a progress zone refers to areas where socioeconomic development is significantly hindered by factors such as poverty, lack of education, and limited access to resources. These zones are often characterized by high rates of unemployment, crime, and social inequality. Research suggests that progress zones can be self-reinforcing, with lower levels of investment and economic activity perpetuating a cycle of poverty and stagnation. Interventions aimed at revitalizing progress zones, such as targeted infrastructure development and job training programs, may be necessary to break this cycle and promote broader socioeconomic growth.;Meta
Cerebrospinal fluid;Cerebrospinal fluid is a clear, colorless liquid that surrounds the brain and spinal cord, playing a vital role in maintaining the health of the central nervous system. It acts as a shock absorber, cushioning the brain from sudden movements and impacts. The fluid also helps to regulate temperature, remove waste products, and supply essential nutrients to the brain and spinal cord. Its composition is dynamic, with electrolytes and proteins constantly being exchanged, allowing it to adapt to changing conditions and maintain optimal function, ultimately ensuring the proper functioning of the central nervous system's intricate mechanisms.;Meta
Tenascin;Tenascin is a high-molecular-weight glycoprotein found in various tissues, including cartilage and muscle. It plays a crucial role in cell adhesion, migration, and differentiation, and has been implicated in several physiological processes. The presence of tenascin has been linked to tissue repair and regeneration, as well as inflammation and immune responses. Tenascin has also been shown to be involved in the pathogenesis of various diseases, including cancer and neurodegenerative disorders. Its unique properties make it an attractive candidate for therapeutic applications, with potential uses in wound healing, tissue engineering, and regenerative medicine;Meta
Organogenesis;Organogenesis refers to the process by which tissues and organs develop from a mass of cells, guided by complex signaling pathways and cellular interactions. This intricate process involves the coordinated expression of specific genes, as well as the precise regulation of cell growth, differentiation, and migration. The outcome of organogenesis is the formation of functional tissues and organs that can perform essential life-sustaining functions, such as circulation, respiration, and digestion. Aberrant organogenesis has been implicated in various congenital disorders and diseases, highlighting the importance of understanding this critical biological process.;Meta
Clinical trial;A clinical trial in a research setting is a controlled study where participants are randomly assigned to either an experimental treatment group or a control group. The rates of processes occurring within the trial are balanced, resulting in no net change over time. This means that the input and output of the trial, such as the administered treatments and measured outcomes, are equal, allowing for accurate comparisons between groups. The trial is not in equilibrium, as data collection and analysis are ongoing, but the forward and reverse rates of treatment effects are balanced, maintaining a stable state.;Meta
Mach number;The Mach number is a dimensionless quantity used to describe the speed of an object relative to the speed of sound in its surrounding medium. It is defined as the ratio of the object's velocity to the local speed of sound. When the Mach number exceeds 1, the flow becomes supersonic, meaning that the object is traveling faster than the speed of sound. This can lead to shock waves and sonic booms. The Mach number is a critical parameter in aerodynamics, as it determines the behavior of fluids and gases under different flow conditions, from subsonic to supersonic regimes.;Meta
Decellularization;Decellularization is a process in which cells are removed from tissues without damaging the underlying extracellular matrix. This technique has gained significant attention in recent years due to its potential applications in regenerative medicine and tissue engineering. By decellularizing tissues, researchers can create scaffolds that can support the growth of new cells, potentially leading to novel therapies for various diseases. The process involves enzymatic digestion followed by mechanical filtration, allowing for the separation of cells from the surrounding matrix, making it a promising approach for tissue reconstruction and repair.;Meta
Shock wave;A shock wave is a sudden release of energy that propagates through a medium, such as air or water, at supersonic speeds. This phenomenon occurs when an object or pressure gradient moves through a fluid, causing it to compress and expand rapidly, generating a series of pressure waves. The characteristics of a shock wave are influenced by factors such as density, velocity, and temperature, which determine the speed and shape of the wavefront. As a result, shock waves have significant impacts on surrounding fluids, including changes in pressure, velocity, and even fluid decomposition, making them critical components of various natural and industrial processes.;Meta
Coding theory;The development of coding theory has revolutionized our understanding of data transmission and storage. As digital information becomes increasingly vast, the need for efficient methods to encode and decode messages grows exponentially. The process involves assigning unique binary sequences to individual symbols, allowing for error detection and correction through cyclic redundancy checks and parity bits. This enables reliable communication over noisy channels, safeguarding against signal degradation and interference. Effective coding theory also facilitates data compression and encryption, ensuring secure transmission of sensitive information across vast distances;Meta
Forest plot;A forest plot is a graphical representation of data from multiple studies that are combined to provide a comprehensive overview of a research topic. The plot typically displays the results of each study as bars or lines, with the x-axis representing the study parameters and the y-axis representing the outcome variable. This visualization facilitates the comparison of results across studies and allows researchers to identify patterns, trends, and relationships between variables. By presenting multiple datasets in a single graph, forest plots enable more efficient analysis and facilitate the interpretation of complex data, leading to a deeper understanding of the research topic at hand;Meta
Gluconeogenesis;The metabolic pathway of gluconeogenesis is a complex process by which the body generates glucose from non-carbohydrate sources, such as amino acids and lactate. This process occurs in the liver and kidneys, where it plays a crucial role in maintaining blood sugar levels during fasting or when glucose is in short supply. As the body's energy demands increase, gluconeogenesis kicks into high gear, producing glucose through a series of enzyme-catalyzed reactions that ultimately yield a molecule of glucose. The resulting glucose can then be used to fuel the body's various metabolic processes.;Meta
Electrophysiology;Electrophysiology is the study of the electrical properties of living organisms, particularly the nervous system. It involves the measurement and analysis of the electrical activity generated by neurons and other cells. This field has become increasingly important in understanding neurological disorders, such as epilepsy and Parkinson's disease. Electrophysiological techniques, including electroencephalography and electromyography, allow researchers to map brain activity and monitor neural function. The study of electrophysiology has also led to the development of new treatments for various neurological conditions, offering hope for improved diagnosis and treatment options;Meta
Action potential;An action potential is a rapid change in membrane potential that occurs in excitable cells, such as neurons and muscle fibers. This electrical impulse is generated by a series of complex biochemical reactions involving ion channels and pumps. The movement of positively charged ions, primarily sodium ions, into the cell creates a depolarizing current, while the movement of negatively charged ions, primarily potassium ions, out of the cell contributes to repolarization. As the action potential propagates, it triggers a series of downstream events that ultimately result in muscle contraction or neuronal transmission, allowing cells to communicate and respond to stimuli.;Meta
Hygiene hypothesis;The hygiene hypothesis proposes that a lack of exposure to certain microorganisms in childhood may contribute to an increased risk of developing allergic and autoimmune diseases. This theory suggests that human immune systems evolved to be sensitive to a wide range of microorganisms, which were commonly present in environments before widespread use of antibiotics and improved hygiene practices. As a result, the absence of these microorganisms may lead to an imbalanced immune response, increasing susceptibility to certain diseases. Research supports this hypothesis by showing a correlation between reduced exposure to childhood infections and increased rates of allergies and autoimmune disorders.;Meta
Synaptic vesicle;The primary function of synaptic vesicles is to facilitate neurotransmitter release at the synapse, enabling neuronal communication. These small, membrane-bound sacs are responsible for storing and regulating neurotransmitters, such as acetylcholine and dopamine, within the neuron. During neurotransmission, synaptic vesicles fuse with the presynaptic plasma membrane, releasing their contents into the synaptic cleft. The release of neurotransmitters is influenced by various factors, including calcium influx and vesicle size, which can impact neurotransmitter efficacy and synaptic plasticity. Dysregulation of synaptic vesicle function has been implicated in various neurological disorders, including Parkinson's disease and depression.;Meta
Collagen;Collagen is a protein found throughout the human body, particularly in connective tissue, which provides structure and elasticity to various organs and joints. This type of collagen is rich in amino acids such as glycine, proline, and hydroxyproline, which contribute to its unique properties. Collagen serves as a framework for cells to adhere to, allowing for the exchange of nutrients and waste products. As we age, the production of collagen slows down, leading to wrinkles and skin sagging, while excessive collagen synthesis can lead to conditions such as osteoarthritis. Maintaining healthy collagen levels is essential for overall health and well-being.;Meta
Transfer learning;Transfer learning refers to the process of reusing a pre-trained model as a starting point for training on new data. This approach leverages the knowledge gained from the initial task and adapts it to the new domain, reducing the need for extensive retraining from scratch. The connection between the old and new models is not physical, but rather a shared representation of features learned during the initial phase. As a result, the model can generalize better to unseen data and achieve improved performance on tasks beyond its original scope, illustrating the power of knowledge transfer in deep learning applications.;Meta
Risk aversion;Risk aversion is a psychological phenomenon wherein individuals exhibit a pronounced tendency to avoid potential losses, often resulting in an underestimation of the likelihood of undesirable events. This behavior can manifest in various forms, such as avoiding investments with high potential returns due to perceived risks or hesitating to take bold action in pursuit of long-term goals. The cognitive bias underlying risk aversion is thought to stem from evolutionary pressures, where cautionary behaviors helped early humans avoid certain death. However, excessive risk aversion can hinder personal and professional growth, limiting opportunities for progress and success;Meta
Deep brain stimulation;Deep brain stimulation is a neurosurgical technique that involves implanting an electrical device in specific areas of the brain to treat various neurological disorders. The system consists of a pulse generator and electrodes, which are connected by wires. When activated, the device delivers electrical impulses to stimulate or inhibit neural activity in targeted regions. This approach has been shown to alleviate symptoms of conditions such as Parkinson's disease, dystonia, and obsessive-compulsive disorder. By modulating brain function, deep brain stimulation offers a promising therapeutic option for patients with severe and refractory neurological disorders, improving their quality of life and overall well-being.;Meta
Thermodynamics;The second law of thermodynamics refers to the principle that the total entropy of a closed system always increases over time. As energy is transferred and transformed within the system, it becomes less organized and more dispersed, leading to an increase in the disorder or randomness of the system. This fundamental concept governs the direction of spontaneous processes, such as heat transfer from hot bodies to cold bodies, and explains why it is impossible to build a machine that can convert all the energy put into it into useful work. The second law has far-reaching implications for our understanding of energy efficiency and environmental sustainability;Meta
Multilevel model;A multilevel model is a statistical technique used to analyze data from complex systems where there are multiple levels of nesting. The concept involves modeling relationships between variables at different levels, such as individuals and groups, and then aggregating the data to examine patterns and trends across higher-level categories. This approach allows researchers to account for variation between groups while controlling for individual-level covariates, resulting in more accurate estimates and inferences. By incorporating multilevel modeling, analysts can better understand the relationships between variables at multiple scales, leading to a more nuanced understanding of complex phenomena.;Meta
Power electronics;The increasing demand for renewable energy sources is driving the development of power electronics, a field that plays a critical role in optimizing the efficiency and reliability of electrical power systems. As electric vehicles and renewable energy systems become more widespread, power electronics will need to adapt to handle the changing loads and requirements. The integration of advanced switching devices, such as insulated gate bipolar transistors and gallium nitride semiconductors, is expected to further enhance the performance and efficiency of power electronics systems, enabling a more sustainable energy future that is both efficient and environmentally friendly;Meta
Configuration interaction;Configuration interaction is a fundamental concept in quantum chemistry that describes the interplay between different electronic states of a molecule. It arises from the fact that the electronic wavefunction of a system cannot be accurately represented by a single determinant without considering the effects of other excited states. By accounting for these interactions, configuration interaction provides a more accurate description of the molecular wavefunction, leading to improved predictions of properties such as binding energies and spectroscopic outcomes. This approach has become increasingly important in computational chemistry and has far-reaching implications for our understanding of molecular behavior.;Meta
Gibbs free energy;The Gibbs free energy is a thermodynamic quantity that quantifies the maximum amount of work that can be extracted from a system at constant temperature and pressure. It is defined as the change in enthalpy minus the product of the entropy and temperature, ΔG = ΔH - TΔS. This value provides insight into a system's spontaneity, with lower values indicating greater tendency to proceed. The Gibbs free energy equation is widely used in chemical reactions and engineering applications, allowing for predictions of reaction outcomes and optimization of processes.;Meta
Seismology;Seismology is the scientific study of earthquakes and the Earth's interior. It involves the analysis of seismic waves generated by earthquakes to understand the structure, composition, and evolution of the Earth's crust. Seismic waves can travel at speeds of up to 14 km/s, allowing seismologists to infer the distance and velocity of waves as they pass through different layers of the Earth's mantle. By analyzing these waves, scientists can reconstruct the Earth's history, track tectonic plate movement, and provide early warnings for earthquakes, ultimately improving our understanding of the complex processes that shape our planet.;Meta
Nucleolus;The nucleolus is a distinct region within the cell nucleus that plays a crucial role in ribosome biogenesis. It is characterized by the presence of specific proteins and RNA molecules involved in rRNA synthesis and processing. The nucleolus forms during interphase, prior to cell division, and is responsible for producing the majority of the cell's ribosomal RNA. Its unique structure and function allow it to separate from the rest of the nucleus during mitosis, ensuring the proper distribution of new ribosomes to the cytoplasm upon cell division. This specialized region highlights the intricate organization and regulation of cellular processes.;Meta
Surfactant;The surfactant molecule is a type of amphiphile that possesses both hydrophobic and hydrophilic regions. It is commonly found in biological systems, such as skin and lungs, where it plays a crucial role in reducing surface tension. The hydrophobic tail of the surfactant molecule interacts with non-polar substances, while the hydrophilic head interacts with water. This unique structure allows surfactants to reduce the surface energy of interfaces between two immiscible liquids, making it easier for them to wet and spread on surfaces. Surfactants are also essential in maintaining lung function and skin health by facilitating the removal of dirt and debris from these areas.;Meta
Cooper pair;A Cooper pair is a quantum mechanical phenomenon where two electrons in a superconductor form a bound state, resulting in a single macroscopic entity. This pairing occurs when the energy of the system becomes lower for an even number of electrons compared to an odd number. As a result, the electrons behave as if they are a single particle, exhibiting zero electrical resistance and perfect diamagnetism. The Cooper pair plays a crucial role in understanding the properties of high-temperature superconductors and is essential for explaining their unique behavior under various conditions, leading to advancements in materials science and technology.;Meta
Density functional theory;The foundation of density functional theory is based on Hohenberg-Kohn theorems, which establish a connection between the electronic structure and potential energy of a many-electron system. This approach allows for the derivation of an effective potential that describes the electron-ion interaction, facilitating the calculation of properties such as electron density and ionization energy. The development of exchange-correlation functionals has been crucial in extending the scope of density functional theory to include phenomena like molecular magnetism and chemical reactivity. This enables the description of a broad range of quantum systems.;Meta
Leptin;Leptin is a hormone produced by fat cells that plays a crucial role in regulating energy balance and body weight. Its release is triggered by changes in fat mass, with levels typically increasing as body fat content increases. The primary function of leptin is to suppress appetite and enhance metabolism, thereby reducing energy intake and promoting weight loss. Leptin receptors are present in the hypothalamus, a region of the brain involved in regulating hunger and satiety, where it acts to modulate food intake and energy expenditure.;Meta
Polymerase;The enzyme polymerase plays a crucial role in DNA replication and transcription by catalyzing the addition of nucleotides to a growing chain. As DNA polymerases interact with their substrates, they exhibit self-regulatory properties that allow them to amplify and correct errors. This process enables cells to maintain genome stability and transmit genetic information accurately from one generation to the next. Through its unique mechanism, polymerase drives the conversion of genetic information into functional products, such as proteins, and is essential for the maintenance of cellular homeostasis.;Meta
Eutrophication;"The phenomenon of eutrophication refers to the excessive enrichment of water bodies with nutrients, leading to an overgrowth of algae and a decrease in oxygen levels. As excess nutrients are introduced into a body of water through human activities such as agricultural runoff or sewage discharge, they stimulate the growth of microalgae, which can quickly form dense blooms. This rapid expansion of algal populations depletes the oxygen in the water, causing harm to aquatic life and potentially leading to the formation of ""dead zones"" where no life can survive.";Meta
Auction theory;Auction theory is a branch of microeconomics that studies the strategic interaction between buyers and sellers in a market setting. It provides a framework for analyzing the optimal bidding behavior and price determination in auctions, where bidders compete to acquire a good or service. The theory assumes rational bidders who have perfect information about the auction process and the properties of the goods being sold. By considering various types of auctions, such as first-price and second-price auctions, auction theory helps economists understand how markets allocate resources and make decisions in the presence of uncertainty and incomplete information;Meta
Plasmon;A plasmon is a collective excitation of conduction electrons in a metal, resulting from the interaction between light and the electrons. This phenomenon occurs when the energy of the incoming photon is transferred to the electrons, causing them to oscillate in phase with each other. Plasmons are characterized by their ability to resonate at specific frequencies, leading to enhanced absorption and scattering of electromagnetic radiation. The properties of plasmons, including their resonance frequency and intensity, can be tailored through the use of nanostructured materials, enabling applications in fields such as optics and electronics;Meta
Mutation rate;A mutation is a change in the DNA sequence that can occur spontaneously or as a result of environmental exposure. The mutation rate refers to the frequency at which these changes occur within an organism's genome. Mutation rates are influenced by factors such as age, exposure to mutagens, and genetic background. High mutation rates have been observed in organisms with high reproductive rates, such as bacteria, while lower rates are seen in more complex organisms like humans. The specific mutation rate of an organism can provide insights into its evolution, adaptation, and potential susceptibility to disease.;Meta
Catabolism;Catabolism is a metabolic process in which cells break down complex molecules into simpler ones, releasing energy and nutrients. This process is essential for cellular survival, as it allows organisms to maintain homeostasis and adapt to changing environments. Catabolic reactions involve enzymes that catalyze the hydrolysis or oxidation of larger molecules, such as proteins, carbohydrates, and fats, into smaller compounds like amino acids, sugars, and fatty acids. The energy released from catabolism is then utilized by the cell to perform various functions, including growth, repair, and reproduction, ultimately ensuring the organism's overall survival and well-being;Meta
Molality;The concept of molality refers to a measure of the concentration of dissolved substances in a solution, specifically the number of moles of solute per kilogram of solvent. It is an alternative to molarity, which measures the number of moles of solute per liter of solution. Moliality is particularly useful for solutions with low concentrations of solute, as it avoids the complexities introduced by volume changes in the solution. This definition allows for a precise calculation of molality, enabling scientists to accurately quantify the concentration of dissolved substances in various systems, from pharmaceuticals to food products and biological fluids.;Meta
Affinity maturation;Affinity maturation is a process by which B cells develop specificity for antigens through a series of somatic hypermutations and affinity maturation. During this process, B cells undergo rapid proliferation and expansion in response to antigen exposure, resulting in the selection of high-affinity B cell clones. The affinity maturation process involves the introduction of point mutations into the immunoglobulin gene locus, allowing for the exploration of a vast repertoire of potential antigen-binding configurations. As B cells interact with antigens, those with higher affinities undergo selection and survival, leading to the emergence of high-affinity antibodies.;Meta
Stratigraphy;The study of stratigraphy is a fundamental discipline in geology that aims to understand the history and evolution of the Earth's surface. The main goal of stratigraphy is to reconstruct the sequence of events that have shaped the planet over time, based on the layering of rocks and sediments. This is achieved by analyzing the characteristics of each geological unit, such as its composition, texture, and structure, which provide clues about the environmental conditions under which it formed. By combining multiple lines of evidence, stratigraphers can build a comprehensive picture of the Earth's past, shedding light on important questions about the planet's origins, climate change, and life forms.;Meta
Kolmogorov complexity;The concept of Kolmogorov complexity is a measure of the computational resources required to generate a string of bits. It was introduced by Andrey Kolmogorov in 1965 as a way to quantify the simplicity or complexity of a string. A string with low Kolmogorov complexity can be generated using a short program, whereas a string with high complexity requires a longer program. This concept has applications in fields such as data compression, coding theory, and artificial intelligence. The study of Kolmogorov complexity also reveals interesting relationships between complexity and computability, providing insights into the limits of algorithmic manipulation of information;Meta
Neurulation;Neurulation is a process in embryonic development where the neural tube forms, eventually giving rise to the central nervous system. As gastrulation progresses, the neural plate thickens and folds inward, driven by cellular tension and adhesion molecules. This folding process creates grooves along the midline of the embryo, which will eventually merge to form the neural tube. The closure of the neural tube is a critical event in embryonic development, as it allows for the formation of distinct brain regions and the integration of neurons into functional circuits, ultimately giving rise to the complex nervous system that coordinates various bodily functions.;Meta
Neutrino;A neutrino is a subatomic particle with negligible electrical charge that plays a crucial role in the Standard Model of particle physics. Its mass is extremely small, allowing it to traverse vast distances through matter with minimal interaction, making it an elusive entity for detection. Neutrinos are produced by nuclear reactions within stars and other high-energy processes, and they carry away energy and momentum, influencing the behavior of these events. The existence of neutrinos has been confirmed through numerous experiments, revealing their importance in understanding the fundamental nature of matter and its interactions with the universe.;Meta
Decomposer;A decomposer is an organism that breaks down dead organic matter into simpler compounds, playing a vital role in nutrient cycling and ecosystem health. These microorganisms, including bacteria and fungi, thrive in environments where they can feed on decaying plant material, releasing essential nutrients back into the soil. By decomposing complex organic molecules, decomposers facilitate the growth of other organisms, supporting the food chain and maintaining the balance of ecosystems. Their activity also contributes to the formation of humus, a rich, fertile soil amendment that supports plant growth and fertility.;Meta
Weak localization;"Weak localization is a phenomenon where electrical signals in a conductor exhibit an increased resistance to being disrupted by external noise. This occurs due to the presence of localized states within the material, which act as ""antennas"" for the noise field. As a result, the noise is amplified and then scattered, effectively canceling itself out. Weak localization has been observed in metals such as copper and silver at very low temperatures. The effect is believed to arise from the interaction between the electrons and the lattice vibrations of the material, resulting in an increased sensitivity to noise patterns.";Meta
Transcranial magnetic stimulation;Transcranial magnetic stimulation is a non-invasive brain stimulation technique that uses magnetic fields to stimulate nerve cells in the brain. It proposes that the response of neurons to magnetic stimulation is directly proportional to the frequency and intensity of the magnetic field applied, but only up to a certain point. As the magnetic field increases, the neural excitability reaches its maximum velocity. This model is often used to understand how transcranial magnetic stimulation works and how it can be used to modulate brain activity, treat neurological disorders such as depression and anxiety, and improve cognitive function in individuals with stroke or traumatic brain injury;Meta
Golgi apparatus;The Golgi apparatus is a complex organelle found in eukaryotic cells that plays a crucial role in protein modification and secretion. Comprised of stacks of flattened sacs, the Golgi apparatus receives proteins synthesized by the endoplasmic reticulum, modifies them through glycosylation and phosphatidylation, and packages them for transport to lysosomes or secretion from the cell. The Golgi apparatus also functions as a sorting platform, directing proteins to their respective destinations based on specific markers and receptors, thereby regulating cellular trafficking and maintaining cellular homeostasis, which is essential for proper cellular function and overall organism health;Meta
Pyroptosis;Pyroptosis is a form of programmed cell death that occurs through a process involving the activation of the inflammasome, a multiprotein complex that recognizes and responds to cellular stress. Upon activation, the inflammasome assembles and forms a pore in the cell membrane, leading to an influx of calcium ions and water, which causes the cell to swell and eventually rupture. This process results in the release of pro-inflammatory cytokines, such as IL-1β, into the surrounding tissue, promoting inflammation and contributing to various diseases, including cancer and neurodegenerative disorders. The activation of pyroptosis is tightly regulated by the host immune system.;Meta
Grid cell;The Grid Cell is a type of neuron found in the hippocampus, a region of the brain involved in spatial navigation and memory formation. The grid cell was first identified by John O'Keefe in 1979 and has since been found to play a crucial role in the creation and retrieval of cognitive maps. Its activity is characterized by a high-frequency firing pattern, with cells spaced at regular intervals to create a grid-like structure that underlies spatial navigation. This grid system allows for the precise coding of location and movement, enabling animals to navigate complex environments with remarkable accuracy.;Meta
Eukaryote;Eukaryotes are a domain of organisms characterized by the presence of a true nucleus and other membrane-bound organelles. This distinct feature allows for greater control over cellular processes, such as protein synthesis and DNA replication, and enables eukaryotes to adapt to diverse environments. The cell membrane is also compartmentalized into various structures, including mitochondria and chloroplasts, which are responsible for energy production and photosynthesis, respectively. Eukaryotes encompass a wide range of species, from simple protists to complex multicellular organisms, and their unique cellular organization has allowed them to dominate many ecosystems worldwide.;Meta
Dark energy;The enigmatic nature of dark energy refers to a hypothetical substance thought to permeate the universe, driving its accelerating expansion. As galaxies and galaxy clusters move away from one another at an ever-increasing velocity, this invisible force is believed to be responsible for the cosmos's rapid acceleration. The properties of dark energy remain poorly understood, with estimates suggesting it comprises approximately 68% of the universe's total mass-energy density. This elusive entity's influence on cosmic evolution continues to be a subject of intense scientific investigation and debate, as researchers strive to uncover its nature and role in shaping the universe's ultimate fate.;Meta
Plasma cell;The plasma cells are specialized immune cells that play a vital role in the body's defense against infection and disease. As part of the adaptive immune system, plasma cells produce large amounts of antibodies in response to foreign antigens, marking them for destruction by other immune cells. The intense production of antibodies by plasma cells can lead to a condition known as autoimmune hemolytic anemia, where the antibodies target and destroy red blood cells. This process ultimately leads to organ damage and potentially life-threatening complications if left unchecked, making plasma cell dysfunction a significant concern in immunological research and treatment.;Meta
Monoclonal antibody;A monoclonal antibody is a type of antibody that is produced by an identical clone of cells, resulting in a uniform product with consistent properties. This occurs when a single parent cell divides multiple times, creating an army of genetically identical cells that produce a specific antibody. Monoclonal antibodies are used to treat various diseases, including autoimmune disorders and cancer, due to their ability to target specific cells or proteins. They work by binding to antigens, marking them for destruction, thereby reducing inflammation and promoting healing. Their precise specificity makes them valuable tools in medical research and therapy.;Meta
Critical period;The concept of a critical period refers to a specific time frame during development when an organism is particularly sensitive to environmental stimuli and experiences significant changes in its behavior, physiology, or anatomy. This period is often characterized by rapid growth, neural plasticity, and increased vulnerability to injury or disruption. As the critical period comes to a close, these processes gradually slow down, and the individual becomes less responsive to external influences, allowing for more adult-like characteristics to emerge, but also making it more challenging to modify established patterns, structures,;Meta
Autoimmunity;A autoimmune response occurs when the body's immune system mistakenly targets its own tissues, leading to inflammation and damage. In this scenario, the immune cells, which are designed to recognize foreign substances, perceive the self-tissues as pathogens and mount an attack. The autoantigen, a molecule that triggers the immune response, can be present on the surface of healthy cells or within internal organs. This autoimmune reaction can lead to chronic conditions such as rheumatoid arthritis and lupus, where the immune system's misdirected attention causes widespread tissue damage and disrupts normal bodily functions.;Meta
Matrix decomposition;Matrix decomposition is a mathematical process where a square matrix can be expressed as the product of three matrices. This allows for the factorization of matrices into smaller components, facilitating various linear algebra operations and transforming the properties of the original matrix. The three decomposition matrices, often represented as U, V, and W, are used to break down complex matrix problems into manageable sub-problems. By applying matrix decomposition, researchers can leverage the unique properties of each individual matrix component, rendering it easier to solve system of linear equations, and efficiently analyze and manipulate large-scale data sets.;Meta
Nucleophile;The concept of a nucleophile is central to organic chemistry, referring to an atom, molecule, or ion that donates a pair of electrons to form a covalent bond with another species. Nucleophiles are typically derived from weak bases such as water, ammonia, and amines, which can release a proton to increase their reactivity. They play a crucial role in various chemical reactions, including substitution and elimination pathways, by facilitating the transfer of electrons. The ability of nucleophiles to participate in these processes makes them essential components in many industrial and pharmaceutical applications.;Meta
Martensite;Martensite is a metastable phase of iron-carbon alloy that forms when austenite undergoes strain-induced transformation during rapid cooling. This process involves the rearrangement of atomic structures, resulting in a unique crystallographic arrangement with a tetragonal shape. Martensite exhibits high hardness and strength due to its dense and compact structure, making it an ideal material for wear-resistant applications such as cutting tools and abrasives. Its formation is influenced by factors like strain rate and cooling rate, allowing engineers to control its properties and optimize its performance in various industrial contexts, particularly in high-performance steel production processes;Meta
Trophic level;A trophic level is a position within a food chain that describes an organism's role in transferring energy from one trophic level to another. The concept of trophic levels was first proposed by Canadian ecologist Gardiner Hill Munroe and American biologist George Evelyn Hutchinson. It is based on the idea that organisms are categorized into three main trophic levels: primary producers, herbivores, and carnivores. Primary producers, such as plants and algae, undergo photosynthesis to produce energy, which is then transferred through herbivorous and carnivorous organisms, resulting in a hierarchical structure of energy flow within ecosystems;Meta
Wave function;The wave function is a fundamental concept in quantum mechanics, describing the probability distribution of an electron within an atom. This mathematical representation encapsulates the potential energy states of a system, allowing for the calculation of probabilities of measurement outcomes. The square of the absolute value of the wave function provides the probability density of finding the particle at a given point. The wave function is a solution to the Schrödinger equation, which governs the time-evolution of quantum systems, and its properties are used to predict the behavior of particles in various experiments, providing valuable insights into the nature of reality at the atomic level.;Meta
Consciousness;The concept of consciousness refers to the subjective experience of being aware of one's surroundings, thoughts, and emotions. It is thought to be a fundamental aspect of biological systems, but its exact nature and mechanisms remain unclear. Research suggests that consciousness arises from complex interactions between neurons in the brain, particularly in regions involved in perception, attention, and memory. The hard problem of consciousness, formulated by philosopher David Chalmers, questions why we have subjective experiences at all, rather than just processing information. Some theories propose that consciousness is an emergent property of integrated information processing, while others suggest it may be fundamental to the universe itself.;Meta
Cardiac output;Cardiac output refers to the volume of blood that the heart pumps per unit time. It is a critical factor in maintaining adequate perfusion of vital organs and tissues. The cardiac output is determined by the stroke volume, which is the amount of blood ejected by the left ventricle with each heartbeat, multiplied by the heart rate. For example, if the stroke volume is 70 mL and the heart rate is 75 beats per minute, the cardiac output would be approximately 5250 mL/min. Maintaining optimal cardiac output is essential for ensuring adequate oxygenation and nutrient delivery to tissues.;Meta
Multiverse;The concept of a multiverse is widely accepted as a hypothetical framework that describes an infinite number of parallel universes, each with its own unique set of physical laws and constants. The idea posits that every time a decision or event occurs, the universe splits into multiple branches, resulting in an exponential proliferation of parallel realities. This theory suggests that our observable universe is just one tiny droplet in an vast ocean of multiverse universes, raising questions about the nature of reality and the potential for interaction between them;Meta
Fibrin;Fibrin is a glycoprotein complex that plays a crucial role in blood coagulation. It is synthesized from fibronectin and fibrinogen by the enzyme thrombin, which converts it into its active form. As a result of this process, fibrin forms a network of fibers that trap platelets and other cellular components, leading to the formation of a clot. The presence of fibrin has been linked to various health benefits, including reducing inflammation and improving cardiovascular health by facilitating wound healing and preventing excessive bleeding. Additionally, alterations in fibrin structure have been implicated in various diseases, including thrombotic disorders and cardiovascular disease.;Meta
Dye-sensitized solar cell;A dye-sensitized solar cell is a type of photovoltaic device that harnesses energy from sunlight to generate electricity. In this system, a thin layer of metal oxide serves as a semiconductor material, allowing it to absorb light and produce an electron-hole pair. A dye molecule is then inserted into the oxide matrix, which increases the material's ability to convert photons into electrical energy. The resulting photoelectric current can be collected and utilized to power electronic devices, making this technology a promising alternative to traditional solar cells and silicon-based systems.;Meta
Gene therapy;Gene therapy involves the use of genes to treat or prevent diseases. It typically involves introducing healthy copies of a gene into cells to replace faulty or missing ones. This can help restore normal function and alleviate symptoms. Gene editing technologies like CRISPR enable precise targeting and modification of specific genes, allowing for more efficient and effective treatment. However, the long-term effects and potential risks associated with gene therapy are still being studied and understood. Regulatory frameworks and guidelines have been established to ensure safe and responsible use of this therapeutic approach;Meta
Intron;The presence of introns within genes has been a subject of intense scrutiny in the field of molecular biology. Intron-rich genes are those that contain segments of non-coding DNA known as introns, which are spliced out during post-transcriptional processing. This process involves the removal of these non-functional sequences to reveal the mature mRNA transcript. The insertion of introns into mRNA can lead to aberrant translation and affect protein function. However, the inclusion or exclusion of introns may also confer specific functions to certain genes, such as regulating gene expression or enabling alternative splicing.;Meta
Representation theory;Representation theory is a branch of abstract algebra that studies how linear representations of groups can be decomposed into simpler components. This occurs when a representation is finite-dimensional and can be expressed as a direct sum of irreducible subrepresentations. The key concept in representation theory is the idea that each irreducible subrepresentation has a unique set of associated roots, which define its structure and properties. As representations interact, these roots combine to form new patterns and symmetries that underlie the underlying group's geometry, allowing for deeper insights into the algebraic structure of the group at hand;Meta
Q-learning;Q-learning is a type of reinforcement learning algorithm that enables an agent to learn optimal policies by trial and error. This type of learning involves associating actions with rewards or penalties through Q-values, which represent the expected value of taking a particular action in a given state. The agent updates its Q-values based on the received reward signal, allowing it to adapt to changing environments and optimize its behavior. By iteratively exploring its surroundings and adjusting its policy, the agent converges towards an optimal solution, demonstrating the efficacy of Q-learning in solving complex decision-making problems.;Meta
X-ray binary;An X-ray binary is a type of binary system in which one of the stars is a compact object, typically a neutron star or black hole, and the other star is a normal, main-sequence star. The compact object accretes material from the companion star, causing its surface to heat up and emit intense radiation, including X-rays. This process creates a dynamic interplay between the two stars, with the compact object's strong gravity warping the space-time around it and the companion star's luminosity affecting the binary's overall energy balance. The X-ray emission from these systems allows astronomers to study the physics of extreme gravitational environments and the processes governing stellar evolution.;Meta
Focal adhesion;Focal adhesions are dynamic structures that form on the surface of cells during attachment to extracellular matrices. These complex assemblies of proteins and lipids facilitate cell-extracellular matrix interactions, regulating cellular behavior such as migration, proliferation, and differentiation. The primary components of focal adhesions include integrins, talin, and paxillin, which interact with the cytoskeleton and extracellular ligands to modulate signaling pathways that control various cellular processes. Dysregulation of focal adhesion dynamics has been implicated in numerous pathologies, including cancer, fibrosis, and cardiovascular disease;Meta
Genome browser;A genome browser is a visual interface that allows users to navigate and analyze large genomic datasets. By representing DNA sequences as linear or three-dimensional maps, genome browsers provide a platform for exploring genomic structures and relationships. This enables researchers to identify patterns, detect genetic variations, and uncover functional elements within genomes. The most commonly used genome browsers are DAS, UCSC Genome Browser, and Ensembl, each with unique features and functionalities that facilitate cutting-edge research in the fields of genomics and molecular biology;Meta
CRISPR;CRISPR-Cas9 is a biotechnological tool that enables precise editing of genomes using a bacterial defense mechanism. This system leverages the CRISPR-associated protein 9 enzyme to locate and cut specific DNA sequences. By introducing small RNA guides that recognize targeted sequences, researchers can program the Cas9 enzyme to make precise cuts in genomic DNA, facilitating gene editing applications such as germline modification and disease treatment. The technology has far-reaching implications for basic research, synthetic biology, and future therapies, offering unprecedented control over genome editing processes.;Meta
Digital filter;A digital filter is a mathematical algorithm used to modify digital signals in various applications. It operates by transforming the input signal into a frequency domain representation, allowing for efficient processing and manipulation of the signal's components. The primary mode of operation involves applying a set of coefficients to the input signal, which effectively removes or modifies specific frequencies, resulting in an output signal with desired characteristics. Digital filters are widely used in audio processing, image analysis, and telecommunications, offering improved signal quality and noise reduction capabilities.;Meta
Raman spectroscopy;The Raman effect is a phenomenon in which light is scattered by molecules, resulting in the emission of characteristic spectral lines. This occurs when the incident radiation interacts with the molecular vibrations, causing a change in the polarization state of the scattered light. The spectroscopic technique of Raman scattering is used to analyze the molecular structure and composition of materials, as it provides information about the vibrational modes and functional groups present. By analyzing these spectral lines, researchers can identify the chemical properties and structures of various substances.;Meta
Tonsil;The tonsil, a small, oval-shaped mass of lymphoid tissue located in the throat, plays a vital role in the immune system. Composed of white blood cells and lymphoid vessels, the tonsils act as a filter for foreign particles and pathogens entering the body through the mouth or nose. If the tonsils become infected, they can swell and cause difficulty swallowing, sore throat, or fever. The presence of tonsillar lymphoma, a rare type of cancer, highlights the importance of regular health check-ups and prompt medical attention if symptoms persist, as this condition can be life-threatening if left untreated;Meta
Magnetar;The intense magnetic fields of magnetars are expected to have a profound impact on our understanding of these enigmatic objects. As highly magnetized neutron stars, magnetars possess some of the strongest known magnetic fields in the universe, reaching levels of up to 10^14 teslas. This extraordinary magnetism will likely lead to spectacular bursts of energy, potentially altering the surrounding interstellar medium and affecting nearby celestial bodies. The extreme magnetic field strength may also pose a significant threat to spacecraft and other sensitive equipment that venture too close, making it essential for scientists to study these phenomena from a safe distance;Meta
Prognosis;Prognosis refers to the predicted outcome or course of a disease based on its severity, stage, and response to treatment. It is often used in medical practice to guide patient care and inform family members about their loved one's expected outcome. The accuracy of prognosis depends on various factors, including the type of disease, overall health, and quality of care received. Researchers use statistical models and machine learning algorithms to improve prognosis predictions, taking into account multiple variables such as age, comorbidities, and treatment response.;Meta
ATP hydrolysis;The process of ATP hydrolysis refers to the conversion of adenosine triphosphate into adenosine diphosphate, releasing energy in the form of phosphate groups. This reaction is catalyzed by enzymes known as hydrolases, which facilitate the transfer of a phosphate group from one molecule to another. The release of energy during ATP hydrolysis enables various cellular processes, such as muscle contraction and protein synthesis, to occur. As a result, ATP hydrolysis plays a critical role in maintaining cellular homeostasis and supporting overall cellular function, with implications for numerous physiological and pathological states.;Meta
Herd immunity;A population in a state of herd immunity is a collective where a sufficient proportion of individuals possess immunity to a particular infectious disease, thereby protecting those who are susceptible from severe illness and death. This occurs when a sufficient percentage of the population has been vaccinated or recovered from an infection, creating a barrier that prevents the spread of the disease. As a result, the rate of transmission decreases, and the overall risk of infection among non-immune individuals is significantly reduced.;Meta
Anthropic principle;The anthropic principle posits that the fundamental physical constants in our universe are finely tuned to allow for the emergence and survival of intelligent life. As observers of this universe, we are inherently biased towards a reality that accommodates our existence, leading to the conclusion that the universe must have properties conducive to life. This self-referential principle highlights the paradoxical nature of cosmological determinism, where the very fact of our observation seems to necessitate the universe's ability to support life. The anthropic principle thus underscores the remarkable contingency of the universe's constants and our place within it.;Meta
Quantum computing;Quantum computing is a revolutionary technology that leverages the principles of quantum mechanics to perform calculations exponentially faster than classical computers. It relies on qubits, which can exist in multiple states simultaneously, allowing for parallel processing and increased computational power. Quantum computers have the potential to solve complex problems in fields such as cryptography and optimization, offering unprecedented insights into complex systems. As research continues to advance, quantum computing holds promise for breaking through seemingly insurmountable computational barriers and unlocking new frontiers in scientific discovery;Meta
Algebraic topology;The study of algebraic topology is a branch of mathematics that focuses on the topological properties of geometric shapes by using algebraic tools. By associating each topological space with an algebraic structure such as groups, rings, or vector spaces, researchers can analyze and classify spaces in terms of their algebraic invariants. This approach enables the identification of topological features such as holes and tunnels within a space, allowing for a more precise understanding of complex geometric structures. Algebraic topology has numerous applications in fields like physics, computer science, and materials science, providing a powerful framework for analyzing intricate systems.;Meta
Neurogenesis;Neurogenesis is the process by which new neurons are generated in the adult brain. This phenomenon has gained significant attention in recent years due to its potential implications for neurological disorders and regenerative medicine. In humans, neurogenesis occurs primarily in the hippocampus, a region involved in learning and memory. The process involves the proliferation of neural stem cells, differentiation into mature neurons, and integration into existing neural networks. Understanding neurogenesis has important implications for developing novel therapeutic strategies for neurodegenerative diseases and promoting brain plasticity throughout life.;Meta
Structural equation modeling;Structural equation modeling is a statistical technique used to test hypotheses about complex relationships between variables. It involves estimating mathematical models that describe the interactions and relationships between multiple variables, allowing researchers to examine the underlying mechanisms driving observed phenomena. By using structural equation modeling, scientists can identify key factors influencing outcomes, examine causal relationships, and develop predictive models of behavior. This approach has been widely applied in fields such as psychology, sociology, and medicine, providing valuable insights into human behavior and disease mechanisms.;Meta
Stellar nucleosynthesis;The process of stellar nucleosynthesis refers to the formation of elements heavier than hydrogen and helium within the cores of stars. As nuclear reactions occur in the star's core, lighter elements are fused into progressively heavier ones, such as carbon, nitrogen, and oxygen. This process is driven by the immense pressure and temperature conditions found in the star's core, which allow for the fusion of atomic nuclei to form more massive ones. The resulting elements are then dispersed throughout the universe via supernovae explosions, shaping the chemical composition of galaxies and planets.;Meta
Histology;Histology is the study of the microscopic structure and organization of tissues in organisms. It involves the examination of tissue samples under a microscope to observe their morphology, texture, and cellular composition. Histologists examine the arrangement of cells, extracellular matrix, and other components that comprise tissues, such as muscle, connective tissue, or epithelium. This field is essential for understanding normal physiological processes and for diagnosing diseases through histopathological examination. Accurate histological analysis can provide valuable information about the underlying cause of a disease, enabling informed treatment decisions and advancing medical knowledge.;Meta
Myosin;Myosin is a family of motor proteins responsible for muscle contraction and movement. They are a type of actin-binding protein that play a crucial role in various cellular processes, including cell division, vesicle transport, and signal transduction. Myosin's unique structure, consisting of two lobes with a hydrolytic site, enables it to bind and hydrolyze ATP, generating mechanical force that drives movement. The diverse range of myosin isoforms has been linked to various diseases, including muscular dystrophy and neurodegenerative disorders, highlighting the importance of understanding their function in maintaining cellular homeostasis.;Meta
Number needed to treat;The Number Needed to Treat is a statistical measure used in clinical trials to determine the efficacy of a treatment. It represents the number of patients who must be treated with a particular intervention before one additional patient experiences a beneficial outcome, such as improved survival or reduced symptoms. The NNT takes into account both the benefit and risk of the treatment, providing a more nuanced understanding of its overall value compared to other treatments. A low NNT indicates that the treatment is highly effective relative to its potential risks.;Meta
Peptide bond;A peptide bond is formed when two amino acids are linked together through a condensation reaction, resulting in the loss of a small molecule. This process occurs between the carboxyl group of one amino acid and the amino group of another, forming a new amide bond. The peptide bond is a key component of proteins, as it allows amino acids to be linked together in a specific sequence, determining the protein's structure and function. The formation of peptide bonds is crucial for the synthesis of proteins, which perform a vast array of functions within cells, including enzymatic activity, transport, and structural support.;Meta
Eosinophil;Eosinophils are a type of white blood cell that plays a crucial role in the body's immune response. They are produced in large numbers in response to parasitic infections, allergic reactions, and other inflammatory conditions. As eosinophils mature, they release granules that contain proteins and enzymes capable of destroying pathogens and foreign particles. In individuals with atopic diseases such as asthma or eczema, an overactive eosinophil response can contribute to chronic inflammation and tissue damage. The excessive production of eosinophils has also been linked to various types of cancer, including leukemia and lymphoma.;Meta
Meta-learning;Meta-learning refers to a type of machine learning that enables algorithms to adapt and improve their performance on new tasks with minimal training data. This is achieved through the development of meta-models, which can learn generalizable representations of task-related knowledge. The key challenge in meta-learning lies in capturing the underlying structure of the problem, allowing the model to generalize across diverse tasks. Recent advances in neural network architectures and optimization techniques have shown promising results in achieving state-of-the-art performance on a range of meta-learning benchmarks, with potential applications in areas such as robotics and natural language processing.;Meta
Aerogel;Aerogels are ultra-lightweight materials engineered to have extremely low air permeability and density. They consist of a network of nanoscale fibers that provide exceptional insulation properties. The unique structure of aerogels allows them to trap gas molecules, preventing thermal conduction and radiation transfer, resulting in an impressive ability to maintain extremely low temperatures. Aerogels are composed primarily of silica or alumina and have been used extensively in various applications, including aerospace, energy storage, and medical devices, where their exceptional thermal insulation properties can be leveraged to achieve optimal performance.;Meta
Inverse kinematics;Inverse kinematics is a mathematical technique used in computer graphics to calculate the positions and orientations of joints in a robotic arm or other articulated limb. By applying geometric constraints and iterative optimization algorithms, inverse kinematics can solve for the optimal configuration of a system that meets a given target position or velocity. This approach has numerous applications in animation, robotics, and video game development, enabling more realistic character movements and interactions with virtual environments. The method's versatility and accuracy have made it an essential tool in fields where precise motion planning is crucial.;Meta
Anderson localization;Anderson localization is a phenomenon where the motion of electrons in a disordered system becomes localized due to the presence of random impurities. This occurs when the disorder in the material scatters the electrons randomly, causing them to lose their ability to propagate freely. As a result, the electrons become confined to a small region around their starting point, exhibiting quantized energy levels and long-lived oscillations. The localization of electrons is a fundamental property of disordered systems and has been extensively studied in various fields, including condensed matter physics and materials science;Meta
Lytic cycle;The lytic cycle is a fundamental process in molecular biology where a bacterium undergoes a controlled breakdown of its own genetic material. This process occurs when the bacterial cell is infected with a virus, and it leads to the destruction of the host cell's DNA. The lytic cycle involves the expression of viral genes that encode enzymes capable of degrading the bacterial DNA, ultimately resulting in the release of new viral particles. As the cell dies, the lytic cycle releases infectious progeny into the environment, allowing the virus to spread and infect other cells, highlighting the intricate relationship between bacteria and viruses.;Meta
Balancing selection;The concept of balancing selection refers to a process where different evolutionary forces act simultaneously on a population, leading to the coexistence of multiple alleles at a given locus. This phenomenon arises when the selective pressures favoring one allele are countered by those favoring another, resulting in a stable polymorphism. As the frequencies of the different alleles fluctuate over time, balancing selection maintains genetic diversity and allows populations to adapt to changing environments through a nuanced interplay between competing forces. This intricate balance can have significant implications for population genetics and evolutionary theory.;Meta
Glycosylation;Glycosylation is a post-translational modification process in which carbohydrate molecules are covalently attached to proteins, lipids, or other biomolecules. This type of modification involves the transfer of sugar groups from a donor molecule to an acceptor molecule, resulting in a stable glycoconjugate. Glycosylation plays a crucial role in various biological processes, including protein-protein interactions, cell signaling, and immune response modulation. The precise structure and arrangement of glycosylation patterns can influence the function, stability, and recognition of biomolecules, making it an essential mechanism for maintaining cellular homeostasis and regulating physiological responses.;Meta
Alpha particle;The alpha particle is a high-energy radiation emitted by certain radioactive isotopes. It is composed of two protons and two neutrons, making it one of the most massive types of radiation. The alpha particle has a positive charge and a mass roughly four times that of a helium nucleus. As it travels through matter, the alpha particle interacts with atomic nuclei, causing ionization and excitation of surrounding atoms. Due to its large size and charge, the alpha particle can be stopped by a sheet of paper or a few centimeters of air, but in high-energy applications, it is often used as a source of radiation for medical treatment and industrial processes, posing significant health risks to those exposed;Meta
Majorana fermion;The Majorana fermion is a type of subatomic particle that was hypothesized by Ettore Majorana in 1937 and has since garnered significant attention in particle physics research. According to theory, a Majorana fermion would be its own antiparticle, possessing both positive and negative charge properties simultaneously. This unique characteristic makes it an intriguing subject for study, as it challenges our current understanding of fundamental particle interactions. The search for evidence supporting the existence of Majorana fermions continues to advance, with potential implications for our comprehension of matter's underlying structure;Meta
Crohn's disease;Crohn's disease is a type of inflammatory bowel disease characterized by chronic inflammation of the gastrointestinal tract. It affects the terminal ileum and can extend to other parts of the digestive system, leading to symptoms such as abdominal pain, diarrhea, fatigue, and weight loss. The specific pathogenesis of Crohn's disease involves an abnormal immune response to commensal bacteria in the gut, which triggers a cascade of inflammation and tissue damage. This complex process is influenced by factors such as genetic predisposition, environmental toxins, and dysregulation of the gut microbiome, ultimately contributing to its devastating effects on quality of life.;Meta
Kilonova;A kilonova is an extremely powerful explosion that occurs when two neutron stars collide, releasing a massive amount of energy in the form of electromagnetic radiation and high-energy particles. The merger process involves the cataclysmic disruption of both neutron star crusts, resulting in the ejection of heavy elements such as gold, uranium, and plutonium into space. This event is expected to be visible from Earth, producing a bright flash that can be detected by gamma-ray telescopes, providing scientists with valuable insights into the dynamics of compact binary systems and the properties of these extreme astrophysical objects.;Meta
Grover's algorithm;Grover's algorithm is a quantum computing protocol that enables efficient search in unsorted databases. It was first introduced by Lov Grover in 1996 and has since become a fundamental concept in quantum information processing. The algorithm leverages quantum parallelism to explore all possible solutions simultaneously, allowing for exponentially faster search times compared to classical algorithms. By employing a controlled phase flip of qubits, the algorithm can identify the target solution with high accuracy, making it an essential tool for various applications such as data compression and machine learning.;Meta
Extinction;The phenomenon of extinction refers to the permanent disappearance of a species from the Earth's biosphere. As populations decline and habitats are degraded, species become increasingly vulnerable to irreversible loss. This process is often triggered by human activities such as habitat destruction, climate change, and overexploitation. The loss of biodiversity can have far-reaching consequences, including disruptions to ecosystems and the degradation of ecosystem services. Extinction events can also cascade into larger ecological crises, highlighting the need for conservation efforts aimed at preserving species populations and habitats.;Meta
Federated learning;Federated learning is a distributed machine learning paradigm that enables multiple clients to collaboratively update a global model while maintaining their local data privacy. By sharing model updates and minimizing communication, federated learning reduces the need for centralized access to sensitive client data. This approach allows clients to retain control over their own data while leveraging the collective knowledge of the network to improve model accuracy. As a result, federated learning has gained popularity in applications requiring robust privacy guarantees, such as healthcare and finance.;Meta
Isotope;Isotopes are variants of a chemical element with the same number of protons in their atomic nuclei but different numbers of neutrons. This variation in neutron count affects the atom's mass, resulting in distinct physical and chemical properties among isotopic forms of an element. For instance, carbon-12 and carbon-13 are isotopes of carbon, differing by a single neutron, yet exhibiting divergent nuclear reactions and decay rates. The presence of stable isotopes can impact the structure and function of biological molecules, while radioactive isotopes pose significant environmental concerns.;Meta
Habitable zone;The habitable zone is a region around a star where temperatures are suitable for liquid water to exist, thereby supporting life as we know it. This zone marks the boundary beyond which a planet's surface temperature would be too cold to sustain liquid water, and within which it would be too hot to support any known form of life. Stars that reside in this zone must be similar in mass to the Sun or smaller, ensuring stable temperatures for potential habitable planets, thereby making Earth its most promising neighbor.;Meta
Netrin;The discovery of Netrin dates back to 1998 when scientists first identified it as a protein involved in axon guidance during neural development. It is thought that Netrin plays a crucial role in repelling growing axons away from certain areas, thereby influencing the precise arrangement of neuronal connections in the brain. The presence or absence of Netrin has been linked to various neurological disorders, including Charcot-Marie-Tooth disease and autism spectrum disorder. Research into Netrin's mechanisms and functions continues to unravel its significance in human development and disease, offering potential avenues for therapeutic intervention.;Meta
Lentivirus;Lentivirus is a type of retrovirus that has been engineered to produce therapeutic effects. The lentiviral vector, which is commonly used for gene therapy and vaccine development, has a high degree of stability and can infect cells with low multiplicity of infection. As it replicates, the lentivirus integrates its genetic material into the host genome, allowing for long-term expression of therapeutic proteins. However, the lentiviral vector's ability to integrate into the host genome also poses risks, including insertional mutagenesis, which can lead to unintended off-target effects and potential carcinogenesis, highlighting the need for careful regulation and monitoring in clinical applications.;Meta
Causal inference;Causal inference is a statistical technique used to determine cause-and-effect relationships between variables. It relies on identifying patterns and correlations in data that suggest one variable's presence or absence influences another. The main challenge in causal inference lies in distinguishing between correlation and causation, as the former does not necessarily imply the latter. By accounting for confounding variables and using probabilistic models, researchers can increase the confidence in their findings, ultimately shedding light on the underlying mechanisms driving observed phenomena. This enables more accurate predictions and informed decision-making.;Meta
Proton therapy;Proton therapy is a form of cancer treatment that uses high-energy protons to destroy cancer cells. It differs from traditional radiation therapy in its unique approach to delivering precise doses of energy to tumors. Proton beams are generated by accelerating charged particles, which are then focused onto the target area, allowing for a more targeted and minimally invasive treatment. This technique has shown great promise in treating various types of cancer, including brain tumors, sarcomas, and pediatric cancers, with fewer side effects compared to traditional radiation therapy methods.;Meta
Pyrolysis;The process of pyrolysis is a thermal decomposition of organic materials in the absence of oxygen. It's thought that pyrolysis occurred naturally on Earth around 300 million years ago during the Carboniferous period, when plant material was heated by natural fires and transformed into coal. Pyrolysis is now used as a waste treatment method to convert non-recyclable plastics and other organic materials into fuels such as bio-oil and syngas. This process can also produce charcoal and other valuable chemicals, making pyrolysis an attractive alternative to traditional methods of energy production and waste disposal;Meta
Total synthesis;Total synthesis is a chemically driven approach to create complex molecules from simpler starting materials. This method relies on careful planning and execution of multi-step reactions, often involving multiple catalysts and reagents. The main goal is to recreate existing natural products or design novel molecules with desired properties. However, total synthesis can be a time-consuming and resource-intensive process, requiring significant expertise in organic chemistry and synthetic methodology. Nevertheless, successful total syntheses have led to breakthroughs in our understanding of biological systems and the development of new pharmaceuticals.;Meta
Neuraminidase;Neuraminidase is an enzyme that plays a crucial role in the influenza virus life cycle. It is responsible for cleaving the sialic acid residues on the surface of infected cells, allowing the virus to bind and enter the host cell. The neuraminidase enzyme has a unique structure, consisting of two subunits that are held together by disulfide bonds. This specific arrangement enables the enzyme to undergo conformational changes in response to binding ligands, facilitating viral release from infected cells. The activity of neuraminidase is critical for the spread and transmission of influenza viruses among humans.;Meta
Schwarzschild radius;The Schwarzschild radius is a critical concept in general relativity that describes the boundary beyond which not even light can escape the gravitational pull of a black hole. It is named after its discoverer, Karl Schwarzschild, who first proposed it in 1916. The radius is calculated using the Schwarzschild metric and depends on the mass of the black hole, with more massive objects having larger radii. For a stellar-mass black hole, the Schwarzschild radius can be as small as 3 millimeters, while supermassive black holes can have radii millions of kilometers in diameter;Meta
Circular economy;A circular economy is a production and consumption system where materials are kept in use for as long as possible, extracting maximum value from them. This approach aims to reduce waste and pollution by promoting the reuse and recycling of products. The circular economy encourages design for recyclability, biodegradability, and reusability, as well as sharing, leasing, and product-as-a-service models. By adopting these practices, businesses can minimize their environmental footprint while creating new revenue streams and improving competitiveness. This system also fosters a culture of collaboration and innovation among stakeholders to achieve a more sustainable future.;Meta
Cosmic distance ladder;The cosmic distance ladder is a hierarchical system used to measure the vast distances between celestial objects in our universe. It consists of multiple methods, each providing increasingly more accurate measurements. The method begins with the parallax method, where nearby stars are measured against the background of more distant stars, revealing their angular distance from Earth. Subsequent methods include the main-sequence fitting method and the standard candle method, which utilize known distances to Cepheid variable stars, allowing astronomers to estimate the luminosity and distance of more distant galaxies.;Meta
Fracture mechanics;The study of fracture mechanics is an interdisciplinary field that seeks to understand the mechanisms governing the propagation of cracks in materials. It's believed that crack growth begins from microscopic flaws, such as notches or impurities, which can initiate a catastrophic failure under stress. The rate at which a crack grows depends on factors like material properties, applied load, and environmental conditions. Researchers have discovered that fracture mechanics can be described by the concept of stress intensity factor, which relates the applied stress to the crack length and material properties, allowing for predictions of safe design limits;Meta
Microbiome;The human microbiome is a complex ecosystem comprising trillions of microorganisms residing within and on the human body. These microbes play a crucial role in maintaining overall health, influencing various physiological processes such as digestion and immunity. The diversity of the microbiome is characterized by an abundance of different species, each contributing to the delicate balance of the ecosystem. Alterations to this balance can lead to dysbiosis, which has been linked to numerous diseases, including inflammatory bowel disease and mental health disorders;Meta
Category theory;Category theory is a branch of mathematics that studies the commonalities between different mathematical structures. It provides a framework for abstracting and generalizing concepts across various domains, enabling a more uniform understanding of relationships between objects. Category theorists seek to identify patterns and consistencies in diverse areas of study, from algebraic geometry to topology, by treating them as instances of a single, overarching language. This approach facilitates the development of new theories and models, allowing for a deeper comprehension of fundamental principles governing complex systems;Meta
Inflammation;The inflammatory response is a complex biological process in which the body's immune system reacts to tissue damage or infection. When an injury occurs, the body releases chemical signals, such as histamine and bradykinin, which trigger the activation of immune cells, including neutrophils and macrophages. These cells release reactive oxygen species and other inflammatory mediators that cause blood vessels to dilate, leading to increased blood flow and swelling in the affected area. This response can be both beneficial, clearing away damaged tissue, and detrimental, causing unnecessary damage to surrounding healthy tissues if left unchecked.;Meta
Luminosity;Luminosity refers to the measure of the amount of light emitted or reflected by an object or a source. It is typically expressed in units such as lumens or candelas and can vary greatly depending on the properties of the emitting material. The luminosity of an object is influenced by factors such as its surface area, temperature, and chemical composition, which affect the rate of light emission or absorption. As a result, luminosity plays a crucial role in various fields, including astronomy, optics, and materials science, where it is used to describe and analyze light sources and their properties.;Meta
Angular momentum;Angular momentum refers to the rotational motion of an object, resulting in a tendency to maintain its state of rotation. This occurs when an object has a non-zero angular velocity and is rotating around a central axis, creating a rotational kinetic energy. The conservation of angular momentum states that the total angular momentum of a closed system remains constant over time, governed by the principle of least action. As a result, objects in rotational motion tend to maintain their angular momentum, resisting changes in their state of rotation, and are often associated with stable rotations, such as spinning tops or rotating planets.;Meta
Inflation;Monetary inflation is a sustained increase in the general price level of goods and services in an economy. It is often caused by an excessive supply of money, leading to increased demand and reduced purchasing power. The expansionary monetary policy implemented by central banks can contribute to inflation, as it increases the amount of money circulating in the economy. As a result, businesses may raise prices to maintain profit margins, reducing the real value of consumers' money. The effects of inflation can be far-reaching, impacting savings, investment, and overall economic stability, making it a crucial consideration for policymakers.;Meta
Osmosis;Osmosis is a fundamental biological process by which particles move from an area of higher concentration to an area of lower concentration through a selectively permeable membrane. This movement is driven by the difference in solute concentrations on either side of the membrane, resulting in a net flow of molecules from the more concentrated solution to the less concentrated one. The rate and extent of osmosis are influenced by factors such as temperature, pressure, and the properties of the membrane, allowing cells to regulate their internal environment and maintain homeostasis.;Meta
T cell;T cells are a type of lymphocyte that plays a crucial role in the adaptive immune response. They are responsible for recognizing and eliminating infected cells or foreign substances, such as viruses and bacteria. T cells can be further divided into two main types: CD4+ helper T cells, which assist other immune cells, and CD8+ cytotoxic T cells, which directly attack infected cells. The presence of functional T cells has been linked to improved health outcomes in individuals with chronic infections and autoimmune diseases, as they help regulate the body's immune response and prevent excessive inflammation;Meta
Dynamic light scattering;The phenomenon of dynamic light scattering refers to the process by which the phase and amplitude of scattered light waves are modulated over time due to the motion of particles within a solution. As the particles interact with incident light, they generate fluctuations in the refractive index, resulting in oscillatory changes in the scattered intensity and phase. This modulation is governed by the viscoelastic properties of the particles and the solvent, leading to the extraction of information on particle size distribution, concentration, and dynamics. The dynamic nature of this technique allows for the characterization of complex systems with unprecedented temporal resolution.;Meta
Convolutional neural network;The convolutional neural network architecture is a type of deep learning model that utilizes spatial hierarchies to analyze data. It introduces a new layer called the convolutional layer, which applies filters to small regions of the input data, scanning the entire image simultaneously. This process enables the model to detect local patterns and features, such as edges and textures. The convolutional layers are followed by pooling layers that reduce the spatial dimensions of the feature maps, effectively downsampling the image.;Meta
Laser;The principle of a laser is based on stimulated emission, where an excited atom releases energy in the form of photons. When light is shone through a gas containing these atoms, it excites them and promotes electron transitions. The excited electrons then release photons in phase with the incident light, resulting in an amplified beam of coherent radiation. This process occurs when the energy density of the light beam matches the energy gap between the two energy levels of the atoms, creating a self-sustaining feedback loop that amplifies the laser output, demonstrating the striking consequences of stimulated emission on coherent light generation;Meta
Wear;The concept of wear is a fundamental aspect of materials science, referring to the gradual degradation or deterioration of an object's physical properties over time. This phenomenon can be attributed to various factors such as friction, chemical reactions, and environmental exposure. As materials interact with their surroundings, they undergo a series of complex transformations, leading to changes in their texture, strength, and overall performance. The rate of wear depends on the material's composition, surface roughness, and operational conditions, ultimately influencing its lifespan and suitability for specific applications.;Meta
Neutron star;The formation of neutron stars is still not fully understood, but scientists believe it occurs when a massive star undergoes a supernova explosion. The intense gravitational forces and energy released during this event cause the star's core to collapse into an incredibly dense object, with densities millions of times greater than normal matter. Neutron stars are thought to be composed primarily of neutrons, with electrons and protons present in small amounts. Their extreme gravity causes a strong curvature of spacetime, potentially leading to unusual astrophysical phenomena such as gravitational lensing and intense magnetic fields;Meta
Macrophage;A macrophage is a type of white blood cell that plays a crucial role in the innate immune response. This cell is characterized by its phagocytic activity, where it engulfs and digests foreign particles, bacteria, and dead cells. Macrophages are responsible for presenting antigens to T-cells, activating an adaptive immune response, and regulating inflammation. They also produce cytokines that recruit other immune cells to the site of infection, allowing for effective clearance of pathogens. The unique functions of macrophages enable them to maintain tissue homeostasis and prevent excessive inflammation, making them a vital component of the body's defense mechanism against infections and diseases.;Meta
Sentiment analysis;Sentiment analysis is a natural language processing technique that enables computers to determine the emotional tone or attitude conveyed by a piece of text. It involves machine learning algorithms that can identify patterns in language associated with positive, negative, or neutral sentiments. By analyzing vast amounts of text data, sentiment analysis can provide valuable insights into public opinion, consumer behavior, and market trends. The technique has numerous applications, including customer service chatbots, social media monitoring, and product review analysis, allowing businesses to make data-driven decisions and improve their overall brand reputation.;Meta
Electrolysis;The process of electrolysis dates back to ancient Greece, where it was used to extract metals from ore. It is a chemical reaction that occurs when an electric current is passed through an electrolyte, causing ions to move and react with other substances. Electrolysis can be used to produce a wide range of products, including pure metals, hydroxide salts, and hydrogen gas. The process involves applying a direct current or alternating current to the electrolyte, which separates the positively and negatively charged ions, allowing for their separation into different compounds. This method has numerous industrial applications;Meta
Beta sheet;A beta sheet is a structural motif commonly found in proteins, characterized by a compact, flat arrangement of alpha-helices. This type of secondary structure is stabilized by hydrogen bonds between the carbonyl oxygen and amino nitrogen atoms of adjacent helices. Beta sheets play a crucial role in protein function, often serving as binding surfaces for ligands or participating in enzymatic reactions. The arrangement of beta sheets within a protein's three-dimensional structure can significantly impact its biological activity, with some proteins relying entirely on beta sheet structures to mediate their functions;Meta
Covalent bond;The formation of a covalent bond involves the sharing of electron pairs between two atoms, typically as a result of their increased attraction to each other. This phenomenon occurs when the atoms involved have a low electronegativity difference and share one or more pairs of electrons in order to achieve stability. The electrostatic forces generated by these shared electrons create a strong chemical bond that is characteristic of covalent compounds, such as carbon dioxide and water. In this way, the sharing of electron pairs enables atoms to form stable and often rigid structures, fundamental to the properties of many biological and inorganic molecules.;Meta
Quantum memory;The development of quantum memory dates back to the 1960s when researchers began exploring ways to store and manipulate quantum information. Quantum memory refers to a type of data storage that utilizes the principles of quantum mechanics to encode and retrieve information. It is believed that early forms of quantum memory were inspired by the properties of superconducting materials, which can exist in a state of zero electrical resistance when cooled to extremely low temperatures. Over time, quantum memory has evolved into a range of technologies, including optical and magnetic memories, each with its unique characteristics and potential applications;Meta
Centrosome;The centrosome is a microtubule-organizing center that plays a crucial role in cell division and organization. It consists of two centrioles surrounded by a pericentriolar region containing various proteins and organelles. The centrosome regulates the formation of cilia, flagella, and other microtubular structures essential for cellular movement and signaling. Abnormalities in centrosome function have been linked to various diseases, including cancer, where it can lead to uncontrolled cell division and tumor growth. Proper centrosome regulation is vital for maintaining genome stability and ensuring accurate cell division, making it a key component of the cell's reproductive cycle;Meta
Alpha wave;The emergence of alpha wave activity in the brain refers to the phenomenon where a distinct pattern of electrical activity arises from the synchronized oscillations of neural networks. As the brain transitions from state of wakefulness to relaxation and decreased cortical activity, alpha waves begin to dominate the electroencephalogram signals. These waves have a frequency range of approximately 8-12 Hz and are thought to be associated with reduced sensory processing and increased focus on internal mental states. The self-regulation of alpha wave activity allows for introspection, daydreaming, and decreased cortical arousal, leading to enhanced creativity and problem-solving abilities in optimal relaxation states.;Meta
Organ-on-a-chip;An Organ-on-a-Chip is a microphysiological system designed to mimic the characteristics of an organ in vitro. This device consists of layers of cells and tissues embedded within a fluid-filled chamber, which allows for the exchange of nutrients and waste products. Researchers use Organ-on-a-Chips to study the behavior of human organs, such as the liver or kidneys, in response to various stimuli. For example, by exposing an Organ-on-a-Chip to a toxic substance, scientists can observe how the system responds and identify potential therapeutic targets. This technology has the potential to revolutionize personalized medicine and enable more accurate drug testing.;Meta
Coating;A coating is a layer of material applied to a surface to enhance its properties, such as corrosion resistance, durability, and aesthetic appeal. Coatings can be made from various materials, including metals, polymers, and ceramics, and are used in a wide range of applications, including construction, automotive, and electronics. The primary mode of application is through dipping, spraying, or electrostatic deposition. Inadequate coating can lead to premature wear and tear, while excessive coating can reduce the material's strength and flexibility, potentially causing widespread failures and costly repairs;Meta
Vitamin B12;Vitamin B12 is a water-soluble vitamin essential for maintaining various physiological processes in the human body. It plays a crucial role as a co-factor in several enzymatic reactions involved in energy production and DNA synthesis. As a heterocyclic organometallic compound, vitamin B12 binds to specific receptors on cell surfaces, facilitating its uptake and utilization by tissues. Deficiency in vitamin B12 can lead to impaired neurological function, megaloblastic anemia, and increased homocysteine levels, highlighting the importance of adequate dietary intake or supplementation to prevent these complications and maintain overall health and well-being.;Meta
Supramolecular polymer;The supramolecular polymer is a complex network of molecules that exhibits unique properties due to its non-covalent interactions. These interactions, such as hydrogen bonding and π-stacking, allow for precise control over the arrangement of the molecular building blocks. As a result, supramolecular polymers can be tailored to exhibit a wide range of characteristics, including enhanced solubility and stability. The ability to design and engineer these materials makes them highly attractive for applications in fields such as drug delivery and tissue engineering. Their potential to mimic biological systems has sparked significant interest among researchers and scientists.;Meta
Proteomics;The study of proteomics refers to the comprehensive analysis of the complete set of proteins expressed by an organism or a cell. As proteins play a central role in the regulation and execution of cellular processes, their identification and characterization is essential for understanding various biological phenomena. Through the use of advanced mass spectrometry techniques and bioinformatic tools, researchers can catalog and quantify the protein content of cells, tissues, or organisms, providing valuable insights into protein function, expression, and interaction networks. This knowledge can have significant implications for fields such as medicine, agriculture, and biotechnology.;Meta
Amphiphile;The concept of amphiphiles is rooted in chemistry, referring to a type of molecule that exhibits both hydrophilic and lipophilic properties. This unique characteristic allows amphiphiles to interact with both water and non-polar solvents, making them essential components of various biological systems. The amphiphile's ability to form micelles, where the hydrophobic tails are shielded from water by the hydrophilic headgroups, enables it to self-assemble and stabilize membranes in cells. This property is crucial for maintaining cellular structure and function, particularly in lipid bilayers that separate the cell's interior from its environment;Meta
Chronoamperometry;Chronoamperometry refers to a potentiometric technique used to measure the change in current over time in response to a specific chemical reaction. It involves the application of a known potential difference across an electrode immersed in a solution containing the analyte, allowing for the monitoring of the electrochemical reaction. The resulting current-time curve provides valuable information on the kinetics and mechanisms of the reaction, with chronoamperometric measurements offering insights into the rate constants and activation energies governing the process. This technique has been widely applied in various fields, including analytical chemistry and biomedicine;Meta
Symbiosis;Symbiosis is a complex biological relationship between different species that can be mutualistic, commensal, or parasitic in nature. In mutualistic symbiosis, both organisms benefit from each other's presence, such as the relationship between corals and zooxanthellae, where corals provide shelter and nutrients to the algae, while the algae produce organic compounds for the coral through photosynthesis. This mutually beneficial interaction can lead to increased fitness and survival rates in each organism involved, demonstrating the intricate web of relationships within ecosystems. The diversity of symbiotic relationships highlights the adaptability and resilience of life on Earth.;Meta
Reciprocal altruism;Reciprocal altruism is a phenomenon where individuals engage in behaviors that confer benefits to others, with the expectation of receiving similar benefits in return at a later time. This reciprocal relationship can be seen in various social contexts, such as cooperation between family members or friends, and has been observed in both human and animal societies. The key characteristic of reciprocal altruism is that it relies on trust and cooperation, allowing individuals to reap rewards without immediate reciprocation, creating an incentive for continued investment in the relationship. This complex dynamic can foster strong social bonds and promote group cohesion.;Meta
Poisson's ratio;Poisson's ratio is a fundamental concept in mechanics that describes the lateral strain of a material when subjected to longitudinal tensile loading. In essence, it quantifies the ratio of lateral contraction to longitudinal extension in an elastic material under tension. This ratio has significant implications for structural analysis and design, as it affects the material's overall stiffness and strength. Measuring Poisson's ratio is crucial for predicting material behavior under various stress conditions, ensuring the accuracy and reliability of engineering models and simulations, particularly;Meta
Keratinocyte;The keratinocytes, a type of skin cell, are responsible for the production of keratin, a protein that provides structure and rigidity to the skin. As these cells mature, they undergo significant changes, leading to the formation of a hard, outer layer that protects the body from external damage. This process is crucial for maintaining the integrity of the skin barrier, which separates the internal environment from the external world. The keratinocytes' ability to produce and maintain this protective layer makes them essential components of human skin function, playing a vital role in maintaining overall health and preventing disease.;Meta
Zeolite;Zeolites are naturally occurring aluminosilicate minerals formed through geological processes that involve the interaction of water and alkali metals. These porous, microporous materials exhibit unique properties due to their crystalline structure, which consists of a framework of aluminum and silicon atoms surrounded by oxygen atoms. This framework creates channels and cavities within the zeolite, allowing it to selectively adsorb and retain molecules based on their size and chemical composition. As a result, zeolites have been extensively used in various industrial applications, including catalysis, sorbents, and water purification, due to their exceptional ability to regulate molecular transport.;Meta
Two-dimensional electron gas;The two-dimensional electron gas refers to a material system where electrons are confined in two dimensions, often in a semiconductor or metal film. This confinement leads to unique electronic properties and behavior, as the electrons interact with each other and their surroundings in a manner distinct from three-dimensional systems. The resulting quantized Hall effect and unusual transport properties make the two-dimensional electron gas an important subject for study in condensed matter physics, offering insights into quantum effects and material properties.;Meta
Pauli exclusion principle;The Pauli exclusion principle refers to a fundamental concept in quantum mechanics that governs the behavior of electrons within atoms. It states that no two electrons in an atom can have the same set of quantum numbers, which describe the unique characteristics of each electron's energy level, spin, and orbital. This principle leads to a maximum capacity for electrons in any given energy state, resulting in discrete energy levels that correspond to specific electron configurations. As a consequence, the Pauli exclusion principle plays a crucial role in shaping the electronic structure of atoms and molecules, influencing their chemical properties and reactivity patterns.;Meta
Monomer;The concept of a monomer is a fundamental unit in organic chemistry, where a single molecule possesses the capacity to participate in chemical reactions and form new bonds with other molecules. This unique property allows monomers to serve as building blocks for the creation of polymers, which are essential components in various materials and products. The structure and properties of a monomer determine its reactivity, leading to diverse applications in fields such as medicine, textiles, and construction. Understanding the chemistry of monomers is crucial for developing new materials and technologies.;Meta
Prosthetic group;A prosthetic group is a non-protein chemical compound that covalently binds to an enzyme, significantly enhancing its activity. This type of cofactor typically consists of metal ions, vitamins, or organic molecules, which contribute to the enzyme's catalytic function by facilitating specific reactions. The binding of a prosthetic group enables the enzyme to assume a more stable conformation, thereby increasing its affinity for substrates and accelerating the reaction rate. The prosthetic group plays a crucial role in maintaining the enzyme's biological activity, making it essential for various biochemical processes. Its presence is often indicative of an enzyme's specificity and functional diversity.;Meta
Rotaxane;"The concept of Rotaxane was first proposed by Jean-Marie Lehn in 1983, who suggested that a ring-shaped molecule could be locked into a single-stranded arrangement. This idea is based on the concept of molecular recognition, where the molecule can form specific interactions with other molecules. The name ""Rotaxane"" comes from the Greek words ""rotas,"" meaning ""wheel,"" and ""xane,"" referring to the xanthate group. The Rotaxane structure has been found in various natural and synthetic compounds, including cyclodextrins and crown ethers, which exhibit unique properties such as selective binding and molecular recognition. This property makes Rotaxanes useful for applications in catalysis and separation processes.";Meta
Boundary layer;The boundary layer is a region near a surface where the velocity of air changes rapidly due to friction with the surrounding surface. This occurs when air moves over an object, such as a wing or a building, creating a thin layer of air that interacts with the surface. The boundary layer can be either laminar or turbulent, depending on the Reynolds number and flow characteristics. In turbulent flows, the boundary layer is prone to separation, leading to instability and drag increase. Understanding the behavior of the boundary layer is crucial in aerodynamics and fluid dynamics applications.;Meta
Contrast agent;A contrast agent is a substance used to enhance the visibility of structures or processes within the body during medical imaging procedures. This occurs when the contrast agent accumulates in specific areas, creating a marked difference in appearance between healthy and diseased tissues. Typically, a paramagnetic material is used as a contrast agent due to its ability to interact with magnetic fields, which allows for the creation of detailed images through techniques such as MRI or X-ray angiography. By highlighting disease sites, contrast agents provide valuable diagnostic information, facilitating accurate diagnoses and guiding treatment decisions in various medical specialties.;Meta
Quantum well;The concept of quantum wells emerged in the 1970s as a key component in the development of semiconductor devices. These structures involve the confinement of electrons within a narrow region, typically created by sandwiching a thin layer of material between two layers of a different semiconductor with a larger bandgap. As a result, the electrons experience a strong quantum confinement effect, allowing for the manipulation of their energy levels and optical properties. This phenomenon enables the creation of high-efficiency light-emitting diodes and solar cells, as well as more efficient transistors and lasers.;Meta
Biotin;Biotin is a water-soluble B-complex vitamin essential for various cellular processes. It plays a crucial role in energy production, fatty acid synthesis, and carbohydrate metabolism. As an enzyme cofactor, biotin helps facilitate reactions in the citric acid cycle, making it vital for maintaining optimal energy levels within cells. Deficiencies in biotin can lead to impaired growth and development, particularly in infants and pregnant women, while excessive intake is generally not toxic but may cause skin irritation or gastrointestinal issues. Adequate dietary intake of biotin-rich foods, such as eggs and nuts, ensures a stable cellular environment, supporting overall health and well-being.;Meta
Riemannian geometry;Riemannian geometry is a branch of mathematics that studies the properties of curved spaces. It was developed by Bernhard Riemann in the 19th century and is based on the concept of inner product spaces. This framework allows for the study of manifolds with non-Euclidean geometries, where the usual rules of Euclidean geometry do not apply. The metric tensor plays a crucial role in defining the curvature of a manifold, enabling researchers to analyze and model complex curved spaces that arise in physics, engineering, and computer science, providing valuable insights into their properties and behaviors;Meta
Immune system;The immune system is a complex network of defense mechanisms that protects the body against pathogens and foreign substances. It comprises various cells, tissues, and organs that work in concert to recognize and eliminate threats. The immune system's primary function is to distinguish between self and non-self, allowing it to mount a targeted response against invading microorganisms. Upon recognition, immune cells such as neutrophils and macrophages engage in phagocytosis, breaking down foreign particles for disposal. This intricate process ensures the maintenance of homeostasis and overall bodily health.;Meta
Electrochemistry;Electrochemistry is a branch of chemistry that studies the relationship between electricity and chemical reactions. It involves the transfer of electrons between two species, resulting in a flow of electric current. The primary mode of electrochemical reaction is through the electrolysis of ions, where an external electrical potential is applied to drive the transfer of charged particles. Electrochemistry plays a crucial role in various technological applications, including batteries, fuel cells, and electroplating, with significant implications for energy storage, conversion, and manipulation of chemical species;Meta
Metalloprotein;Metalloproteins are biological molecules that contain metal ions at their active sites, playing a crucial role in various enzymatic reactions and biochemical processes. The most well-known metalloprotein is hemoglobin, which transports oxygen in red blood cells. Other examples include enzymes such as catalase, which breaks down hydrogen peroxide, and urease, which decomposes urea in the kidneys. Metal ions like iron, zinc, and copper facilitate these reactions by forming stable complexes with substrates or intermediates. The precise binding of metal ions to protein surfaces enables metalloproteins to regulate their activity in response to changes in pH, temperature, or substrate availability;Meta
Efflux pump;The efflux pump is a type of protein that plays a crucial role in maintaining cellular homeostasis by expelling excess molecules from cells. These proteins are found in both prokaryotic and eukaryotic organisms and have evolved to counteract the effects of multidrug resistance. The efflux pump uses energy from ATP hydrolysis to transport its substrate out of the cell, often against a concentration gradient. This mechanism enables cells to eliminate toxic compounds and maintain a stable internal environment, ultimately ensuring their survival in environments with high levels of stress or antibiotics.;Meta
Synthetic biology;The field of synthetic biology is an emerging discipline that involves the design and construction of new biological systems, such as microbes, using genetic engineering techniques. It's thought to have originated around two decades ago, with scientists aiming to create novel microorganisms for applications like biofuel production, bioremediation, and medical research. Through the use of advanced DNA sequencing technologies and genome editing tools, synthetic biologists can reprogram an organism's genetic code to produce specific functions or traits, allowing for unprecedented control over biological systems.;Meta
Signal processing;The development of signal processing techniques dates back to the early 20th century, with the work of pioneers such as Claude Shannon. It is believed that they evolved from a common heritage with communication systems, where signals were used to transmit information through various mediums. Fossil records show that early signal processing methods involved analog circuits and mechanical devices, which gradually gave way to digital signal processing techniques, allowing for faster data rates and improved accuracy. Over time, the field of signal processing diversified, incorporating machine learning algorithms and other advanced methods, enabling the efficient extraction of valuable information from signals;Meta
Anti-inflammatory;Aspirin is a commonly used anti-inflammatory compound that has been employed for centuries to alleviate symptoms associated with inflammation. Its mechanism of action involves the inhibition of cyclooxygenase enzymes, which play a crucial role in the production of pro-inflammatory prostaglandins. By blocking these enzymes, aspirin reduces pain, swelling, and fever, making it an effective treatment for conditions such as arthritis, headaches, and menstrual cramps. Research has also explored its potential therapeutic applications in preventing cardiovascular disease and cancer, demonstrating its versatility as a potent anti-inflammatory agent.;Meta
Prospect theory;The Prospect Theory is a psychological framework that proposes how individuals perceive and make decisions under uncertainty. It suggests that people tend to overvalue certain outcomes, such as gains, and undervalue others, like losses. This leads to risk aversion when faced with potential losses and risk-seeking behavior when potential gains are at stake. The theory posits that people tend to adjust their expectations of an outcome in a way that makes losses seem more severe than equivalent gains. This skewed perception can result in irrational decision-making under uncertainty, influencing financial choices and risk assessment, ultimately affecting one's overall well-being;Meta
Paxos;Paxos is a Greek island located in the Ionian Sea, off the northwest coast of Greece. The island's strategic location has made it an attractive destination for various cultures throughout history. In ancient times, Paxos was home to a thriving agricultural community, with its fertile soil supporting olive groves and grapevines. Today, Paxos is known for its natural beauty, with picturesque villages, secluded beaches, and lush forests. The island's unique blend of traditional architecture and modern amenities has made it a popular destination for tourists seeking relaxation and cultural immersion in the Aegean region;Meta
Steel;The alloying process that transforms iron into steel refers to the specific combination of elements added to iron to alter its physical and mechanical properties. The addition of carbon, usually in the form of a carbide, is critical in creating steel's characteristic strength and durability. Other elements, such as manganese and vanadium, can also be added to refine steel's microstructure, resulting in increased resistance to corrosion and fatigue. The choice of alloying elements influences the type of steel produced, with different combinations yielding varying levels of hardness, toughness, and weldability.;Meta
Epidemic;An epidemic is a widespread outbreak of disease that affects a large number of people within a specific geographic area. It can be caused by a variety of factors, including viral infections, bacterial outbreaks, and chemical exposure. The rapid spread of an epidemic often leads to shortages of medical supplies, increased stress on healthcare systems, and significant economic burdens. Epidemics have been recorded throughout history, with some being mild and others having devastating consequences for public health, such as the Spanish Flu pandemic of 1918-1919 which resulted in millions of deaths worldwide;Meta
Stainless steel;Stainless steel is a corrosion-resistant alloy composed primarily of iron, chromium, and nickel. Its unique properties are attributed to the formation of a thin layer of chromium oxide on its surface, which protects it from oxidation and environmental degradation. The addition of nickel enhances the alloy's resistance to sulfide embrittlement, while molybdenum contributes to improved high-temperature strength. Stainless steel is widely used in various industries, including construction, medical equipment, and food processing, due to its durability, low maintenance requirements, and ability to withstand extreme temperatures. Its applications continue to expand as new technologies and innovations emerge.;Meta
Pepsin;Pepsin is a digestive enzyme that plays a crucial role in protein breakdown in the stomach. It is produced by the chief cells in the stomach lining and secreted into the gastric juice. Pepsin works optimally at acidic pH levels, typically between 1.5 and 3.5. The presence of hydrochloric acid activates pepsinogen to its active form, pepsin, which then cleaves peptide bonds in proteins. This process is essential for protein digestion, allowing the body to absorb essential amino acids. The optimal functioning of pepsin highlights the importance of maintaining a balanced digestive system and adequate stomach acidity for proper nutrient absorption and overall health.;Meta
Hemagglutinin;The discovery of hemagglutinin, a protein responsible for cell agglutination, dates back to the early 20th century. It is believed that this protein was first isolated from chicken eggs by Karl Landsteiner in 1901. Hemagglutinin works by binding to specific receptors on red blood cells, causing them to clump together and form visible aggregates. The structure of hemagglutinin consists of two subunits: H1 and H2, which are held together by a disulfide bond. Research has shown that certain strains of the influenza virus contain hemagglutinin proteins, which play a crucial role in the virus's ability to infect host cells and evade the immune system;Meta
Redshift;The observation of redshift is a fundamental concept in astrophysics, where light emitted by celestial objects appears shifted towards the red end of the spectrum. This phenomenon occurs when light travels through space and is affected by the expansion of the universe, causing it to stretch and lose energy. The rate of redshift is directly related to the velocity of the object, with more rapid movements resulting in greater shifts. As a result, astronomers use redshift as a diagnostic tool to determine the distance and motion of celestial bodies, shedding light on the dynamic evolution of the cosmos;Meta
Thin film;The fabrication of thin films involves the deposition of a material with a thickness measured in nanometers onto a substrate. This technique allows for the creation of films with unique optical, electrical, and mechanical properties. The thickness of the film determines its optical transparency, allowing for applications in displays and solar cells. In contrast, thicker films exhibit enhanced mechanical strength, rendering them suitable for wear-resistant coatings on surfaces. The thin film's surface topology is also sensitive to environmental factors, affecting its performance in various technological applications.;Meta
Binary search;Binary search is a fast and efficient algorithm used to find an element in a sorted list. It works by dividing the list in half at each step, reducing the number of elements to search through by half. This process continues until the target element is found or it is determined that the element does not exist in the list. The binary search algorithm takes advantage of the fact that many lists can be easily rearranged and compared. By repeatedly dividing the list into smaller sections, it can narrow down the potential locations of the target element with each step, resulting in a significant reduction in the number of comparisons needed to find what is being sought.;Meta
Dopamine;The role of dopamine in reward processing is a crucial concept in neuroscience, where it plays a pivotal part in motivating behavior. Dopamine release occurs in response to stimuli that are perceived as pleasurable or rewarding, such as eating delicious food or engaging in recreational activities. According to the dopamine hypothesis, this neurotransmitter acts as a key mediator between the brain's reward system and motor control. The precise mechanisms of dopamine signaling remain somewhat enigmatic, but research has shown that fluctuations in dopamine levels significantly impact mood regulation and motivation.;Meta
Elimination reaction;The elimination reaction is a type of chemical transformation where an unwanted group or functional group is removed from a molecule, resulting in a more stable and often more reactive compound. This process occurs when an electrophile attacks and reacts with the substrate, leading to the removal of the unwanted group through a fragmentation reaction. The product of the elimination reaction is typically a alkene or an aromatic compound, which can then undergo further transformations to form more complex molecules. Ultimately, the elimination reaction plays a crucial role in various industrial processes, including the synthesis of pharmaceuticals and fuels.;Meta
Connectome;The concept of connectome refers to the intricate network of neural connections within the brain, comprising billions of synapses that facilitate information processing and transmission. This complex system is a fundamental aspect of the nervous system, allowing for the coordination of cognitive functions, emotions, and motor responses. Research into the connectome has revealed its dynamic nature, with connections forming and breaking over time, influencing an individual's behavior, learning capacity, and overall brain function. The study of connectomes continues to provide insights into the intricate workings of the human brain.;Meta
Regulatory T cell;A regulatory T cell is a type of immune system cell that plays a crucial role in maintaining tolerance and preventing autoimmune disease. This type of T cell is characterized by its expression of specific surface proteins, which enable it to suppress the activation and proliferation of effector T cells. Regulatory T cells are essential for preventing excessive immune responses, allowing the body to distinguish between self and non-self antigens. They are also involved in maintaining immune homeostasis and preventing tissue damage caused by excessive inflammation, making them a vital component of the adaptive immune system.;Meta
Liquid biopsy;A liquid biopsy is a non-invasive diagnostic tool that involves analyzing a patient's blood or other bodily fluids to detect biomarkers of disease. This technique has emerged as a promising method for early cancer detection and monitoring treatment response. The process involves collecting a small sample of blood or other fluid, which is then subjected to molecular analysis techniques such as PCR, sequencing, or ELISA. The resulting data provides insight into the genetic and molecular characteristics of the disease, allowing clinicians to identify potential biomarkers and develop targeted therapies.;Meta
X-ray;The development of X-ray technology has revolutionized medical imaging, allowing for non-invasive visualizations of internal structures. When high-energy electrons collide with a target material, they produce X-rays, which are then emitted in all directions. As these X-rays pass through the body, they can be detected by sensitive instruments, revealing images of bones and soft tissues. The use of X-rays has enabled doctors to diagnose a range of conditions, including fractures and tumors, with unprecedented accuracy, saving countless lives and improving patient outcomes through targeted treatment. This pioneering technology continues to shape modern medicine.;Meta
Porphyrin;Porphyrins are a class of naturally occurring compounds found in living organisms, with four distinct forms: protoporphyrin IX, uroporphyrin, coproporphyrin, and ferrochelatase. Porphyrins play a crucial role in various biological processes, including the synthesis of hemoglobin, the transport of oxygen, and the regulation of gene expression. The unique structure of porphyrins allows them to bind and store iron ions, which is essential for many biological functions. Porphyrin derivatives have also been used as pigments, antibiotics, and anticancer agents, highlighting their diverse potential applications in medicine and biotechnology, where further research aims to harness their therapeutic properties;Meta
Horizontal gene transfer;Horizontal gene transfer refers to the process by which genes are transferred from one organism to another through mechanisms other than vertical inheritance, where genetic material is passed from parent to offspring. This type of genetic exchange occurs between prokaryotic cells and sometimes eukaryotic cells, often involving mobile genetic elements such as plasmids or transposons. The transfer of genes through horizontal gene transfer can confer new traits or characteristics on the recipient organism, allowing it to adapt to changing environments, evade predators, or gain competitive advantages in its ecosystem.;Meta
Default mode network;The default mode network is a set of interconnected brain regions that becomes active when an individual is not focused on the outside world and is engaged in internal mentation. The DMN includes areas such as the medial prefrontal cortex, posterior cingulate cortex, and temporoparietal junction. Research suggests that the DMN is responsible for self-referential processing, mind-wandering, and recalling past events. Dysregulation of the DMN has been linked to various neurological and psychiatric disorders, including Alzheimer's disease, depression, and schizophrenia. Abnormal activity patterns in the DMN may contribute to the development and maintenance of these conditions, highlighting the importance of understanding its neural mechanisms.;Meta
Enzyme;The discovery of enzymes dates back to the late 19th century, when Louis Pasteur identified them as biological catalysts. Enzymes are proteins that speed up chemical reactions in living organisms, with approximately 4,000 different types found in humans and other species. Fossil records suggest that enzymes evolved over 3 billion years ago, during a time when life on Earth was still simple and single-celled. Over time, these biological catalysts diversified and adapted to various environments, leading to the development of complex metabolic pathways that are essential for life;Meta
Wind turbine;A wind turbine is a mechanical device that converts the kinetic energy of air moving through it into electrical energy. This type of device is typically composed of three main components: a rotor, a gearbox, and a generator. As the wind flows through the rotor blades, it causes them to rotate, driving the connected gearbox to increase the speed of rotation. The increased speed then drives the generator to produce electricity, which is collected and transmitted to a power grid or distribution system, ultimately providing renewable energy to households and industries.;Meta
Younger Dryas;The Younger Dryas event is a period of significant cooling that occurred approximately 12,800 years ago during the Late Pleistocene epoch. It was characterized by a sudden and dramatic drop in global temperatures, with evidence suggesting a reduction of up to 20°C in some regions. The primary cause of this event remains unclear, but it is believed to have been triggered by changes in ocean circulation patterns or variations in solar radiation. This period of cooling had a profound impact on human populations, potentially affecting the spread and survival of early human societies;Meta
Partial correlation;The concept of partial correlation is a statistical technique used to measure the relationship between two variables while controlling for the effect of one or more additional variables. In other words, it assesses the linear association between two continuous variables, while adjusting for the influence of third variables that may be correlated with both. This method provides a more nuanced understanding of complex relationships and is often employed in fields such as psychology, sociology, and economics to analyze the interplay between multiple factors.;Meta
Chromatic aberration;Chromatic aberration is a phenomenon that occurs in optical systems, particularly in lenses and mirrors, where different wavelengths of light are focused at slightly different locations. This type of aberration arises from the varying refractive indices of the lens material for different colors of light, causing chromatic dispersion. As a result, the focal point of each color becomes displaced, leading to a distorted image with fringes of color, rather than a sharp and uniform focus. Understanding chromatic aberration is crucial in designing and optimizing optical systems, such as cameras, microscopes, and telescopes, where accurate imaging is paramount.;Meta
Subunit vaccine;Subunit vaccines are a type of vaccine that uses only specific proteins or antigens from a pathogen to stimulate an immune response in the recipient. The primary advantage of subunit vaccines is their ability to elicit a targeted and highly specific immune response without exposing the individual to the entire pathogen, thereby reducing the risk of infection or adverse effects. Subunit vaccines are often used to protect against infectious diseases such as tuberculosis and Lyme disease, and have shown promise in preventing severe illnesses in individuals with weakened immune systems.;Meta
Epigenetics;Epigenetics refers to the study of heritable changes in gene function that occur without a resulting change in the underlying DNA sequence. These modifications, known as epigenetic marks, can be influenced by environmental factors, such as diet and exposure to toxins, and are passed on to subsequent generations through epigenetic inheritance. The process involves complex interactions between genes, environment, and cellular machinery, leading to changes in gene expression that can impact development, disease susceptibility, and response to treatment. Understanding epigenetics has significant implications for our understanding of human health and disease.;Meta
Basophil;A basophil is a type of white blood cell that plays a crucial role in the immune system's response to inflammation and allergic reactions. This granulocyte type is characterized by the presence of specific receptors on its surface that bind to histamine, which is released during an allergic response. Basophils are involved in mediating the symptoms associated with allergies, such as itching, swelling, and increased mucus production. Their role in immune responses is also linked to the development of conditions like asthma and atopic dermatitis, making them a key component in understanding these complex diseases.;Meta
X-ray crystallography;X-ray crystallography is a crucial technique used to determine the atomic and molecular structure of a crystal. By harnessing the power of X-rays, researchers can obtain detailed information about the arrangement of atoms within a molecule, allowing for a deeper understanding of their properties and behavior. The process involves scattering X-rays off the crystal lattice, which produces diffraction patterns that can be analyzed to reconstruct the three-dimensional structure of the molecule. This technique has revolutionized fields such as chemistry, biology, and medicine, enabling scientists to develop new treatments and therapies for various diseases.;Meta
Sharpless epoxidation;The Sharpless epoxidation reaction is a catalyst-mediated process in organic synthesis that forms an α-epoxide from an alkene and an oxoacid. Developed by George E. Sharpless, this method enables the efficient conversion of olefins into epoxides with high regioselectivity. In this reaction, the Sharpless catalyst, typically a chiral metal complex, facilitates the transfer of oxygen from the oxoacid to the alkene substrate, resulting in the formation of an α-epoxide product. This reaction has been widely applied in the synthesis of natural products and pharmaceuticals, showcasing its potential as a valuable tool in modern organic chemistry.;Meta
Computational fluid dynamics;Computational fluid dynamics is a field that applies mathematical models to simulate the behavior of fluids in various engineering and scientific applications. By solving complex equations, such as Navier-Stokes equations, computers can predict how fluids flow through different geometries, heat transfer occurs, and mass transport takes place. This allows researchers to design more efficient systems, optimize performance, and understand natural phenomena like ocean currents or weather patterns. The results of these simulations are essential for fields like aerospace engineering, chemical processing, and environmental modeling, providing valuable insights into complex fluid dynamics;Meta
Coronal mass ejection;Coronal mass ejections are massive releases of plasma and magnetic field from the sun's corona, a phenomenon that has been observed to impact Earth's magnetic field and upper atmosphere. Scientists believe CMEs originated around 10 million years ago during the Maunder Minimum, when solar activity was significantly reduced. These events are thought to occur when changes in the sun's magnetic field lead to reconnection with the solar wind, causing a sudden release of energy and particles. The resulting CME can affect Earth's magnetic field, causing geomagnetic storms that can impact communication systems and satellite operations;Meta
Optical rotation;Optical rotation refers to the phenomenon where light waves rotate in a plane perpendicular to its direction, creating a characteristic circular polarization. This occurs when linearly polarized light passes through a material with a non-centrosymmetric structure, such as a chiral molecule or crystal lattice. The extent of optical rotation depends on the orientation and concentration of the rotating molecules, influencing the intensity and plane of polarization of the transmitted light. The underlying principle is related to the asymmetry of matter, giving rise to a characteristic handedness in the rotation of light waves.;Meta
Group theory;The main concept in group theory is that a set of elements with binary operations can be represented as a mathematical structure. The main property of this structure is closure under the operation, meaning that the result of combining any two elements from the set also belongs to the set. Furthermore, the existence of an identity element and inverse elements allows for the application of certain laws and axioms. Group theory provides a framework for understanding symmetries in various fields, including physics and geometry, by analyzing these abstract structures.;Meta
Mass spectrometry;Mass spectrometry is a powerful analytical technique used to identify and quantify the chemical composition of molecules. It relies on the principle that ions with different masses will have distinct flight times through an electromagnetic field. By fragmenting a sample into its constituent ions and analyzing their mass-to-charge ratios, researchers can create a molecular fingerprint, revealing structural information about the analyte. This technique is widely employed in fields such as chemistry, biology, and pharmaceuticals to detect biomolecules, analyze compounds, and elucidate complex chemical reactions.;Meta
Contact mechanics;Contact mechanics refers to the study of the interaction between two surfaces in physical contact, resulting in a transfer of forces and energies. This occurs when the surfaces are subjected to external loads, such as weights or stresses, causing them to deform and adapt to each other. As the surfaces slide against each other, frictional forces arise, resisting motion and governing the behavior of the contacting system. The resulting dynamics involve complex interactions between surface roughness, material properties, and loading conditions, ultimately determining the stability and performance of the system in various engineering applications.;Meta
Isostasy;The concept of isostasy is a fundamental principle in geology that describes the equilibrium between the Earth's crust and its underlying mantle. It is thought to have originated around 4 billion years ago, when the planet began to take shape through a process of accretion and tectonic activity. As the crust thickened, it would eventually reach a state of balance with the buoyancy of the surrounding mantle, resulting in a stable and static landscape. Over time, this equilibrium allowed for the formation of mountains and volcanoes through plate tectonics, shaping the Earth's surface into its current form;Meta
Singular value decomposition;Singular value decomposition is a mathematical technique used to decompose matrices into three matrices: U, Σ, and V. According to linear algebra principles, SVD represents a set of orthogonal transformations that can be applied to any matrix, revealing underlying patterns and structures. In the context of data analysis, SVD is employed to reduce dimensionality while preserving essential features, making it an effective tool for image compression, recommender systems, and clustering algorithms. By applying SVD, researchers can gain insights into the underlying relationships between variables, ultimately leading to improved model performance;Meta
Gasification;The process of gasification is a thermal treatment that involves the partial oxidation of solid materials, typically waste biomass, into a synthesis gas, also known as syngas. It's believed to have originated in the early 20th century as a means to convert organic materials into energy-rich fuels. Gasification works by heating the feedstock to extremely high temperatures, typically above 1200°C, causing it to vaporize and react with oxygen. This reaction produces a mixture of carbon monoxide, hydrogen, and methane, which can be used as a fuel source or further processed for other applications, offering a potential solution to energy security;Meta
Chain reaction;A chain reaction is a process where a sudden event triggers a series of reactions that release more energy, often leading to an exponential increase in power. This occurs when a catalyst, such as a neutron or an electron, interacts with a reactant, causing it to split into multiple particles. The released particles then collide with other molecules, initiating a chain of reactions that amplify the initial event. Chain reactions can be found in various fields, including nuclear physics and chemical engineering, where they are harnessed to generate energy and power industrial processes.;Meta
DNA virus;The existence of DNA viruses refers to the phenomenon where viruses composed of genetic material enclosed in a protein coat replicate and transmit their genetic material within host cells. These viruses are characterized by their ability to integrate into the host genome and express genes that can alter cellular functions and evade the immune system. As DNA viruses infect and manipulate host cells, they can lead to various diseases, including cancers and neurological disorders. The study of DNA viruses provides valuable insights into viral evolution, pathogenesis, and potential therapeutic strategies for treating infectious and genetic disorders.;Meta
Coevolution;The phenomenon of coevolution refers to the reciprocal adaptation of two or more species that interact with each other in a complex and dynamic manner. As species evolve together, they exert selective pressures on one another, leading to the development of new traits and characteristics. This process can result in the creation of mutually beneficial relationships, such as symbiotic partnerships between fungi and plant roots, where both organisms derive benefits from their interaction. Coevolutionary dynamics can also lead to the evolution of defense mechanisms, as species adapt to counteract the impacts of their co-evolving partners, ultimately resulting in a more complex and interconnected ecosystem.;Meta
Gastric acid;Gastric acid is a gastric juice produced by the parietal cells in the stomach lining, playing a crucial role in breaking down ingested food. The acidity of gastric acid ranges from pH 1.5 to 3.5, making it one of the most acidic substances found in the human body. This acidic environment facilitates the denaturation and digestion of proteins, as well as the activation of digestive enzymes such as pepsin. Furthermore, gastric acid helps to neutralize bases present in food, thereby maintaining a stable pH environment necessary for optimal protein digestion, and its role has been extensively studied;Meta
Pathogen;The term pathogen refers to any microorganism that can cause disease in humans or other organisms. Pathogens are typically classified into two categories: free-living and obligate parasites. Free-living pathogens, such as bacteria and viruses, can infect hosts without being dependent on them for survival. Obligate parasites, such as protozoa, require a host to survive and reproduce. The presence of pathogens in the environment and human bodies poses significant risks, including the transmission of diseases that can range from mild to life-threatening. Understanding pathogen biology is crucial for developing effective diagnostic and therapeutic strategies against infectious diseases.;Meta
Magnetohydrodynamics;Magnetohydrodynamics is a subfield of fluid dynamics that studies the interaction between magnetic fields and electrically conducting fluids. The main focus is on the generation of electrical currents in conductive materials, such as plasma and liquid metals, when they are exposed to magnetic fields. This phenomenon, known as electromagnetic induction, plays a crucial role in various industrial applications, including power generation and transmission. Understanding magnetohydrodynamics is essential for designing efficient systems, predicting complex fluid dynamics, and optimizing energy production in various technological settings, from fusion reactors to electrical motors.;Meta
Structural genomics;The rapid advancement of structural genomics is expected to revolutionize our understanding of protein function and its role in various biological processes. As high-throughput sequencing technologies improve, the number of protein structures being deposited into public databases increases exponentially. This will lead to a significant expansion of the Protein Data Bank, allowing researchers to analyze and predict protein functions with unprecedented accuracy. The resulting insights will have far-reaching implications for fields such as medicine, agriculture, and biotechnology, ultimately transforming our understanding of life's complex mechanisms;Meta
Cluster analysis;The development of cluster analysis as a mathematical technique dates back to the early 20th century. It is based on the principle that similar objects can be grouped together to form clusters, allowing for the identification of patterns and structures within a dataset. The technique involves assigning each data point to one or more clusters based on its similarity to other points. Over time, cluster analysis has evolved to include various algorithms and methods, such as hierarchical clustering and k-means, which enable researchers to identify meaningful patterns in complex datasets and gain insights into underlying relationships.;Meta
Critical mass;Critical mass is a state reached by a subcritical mass of a fissile material when it becomes self-sustaining in a nuclear reaction. This phenomenon occurs when the rate of neutron-induced fission exceeds the rate of neutron absorption and decay. The resulting exponential growth leads to a chain reaction that can escalate rapidly, producing an uncontrollable burst of energy. The critical mass is typically around 18 kilograms for uranium-235 or 50 kilograms for plutonium-239, and the precise value depends on various factors, including the shape and material composition of the fuel;Meta
Convex optimization;Convex optimization is a branch of mathematics that deals with finding the optimal solution among a set of feasible solutions by minimizing or maximizing a convex function. This type of optimization problem is characterized by its unique property: the objective function is convex, meaning it lies entirely above or to the left of the line connecting any two points within its domain. Convex optimization has numerous applications in fields such as linear programming, machine learning, and signal processing, where it is used to find the optimal solution subject to constraints and bounds.;Meta
Chemical vapor deposition;Chemical vapor deposition is a process used to create thin films on various substrates. In CVD, a gas containing the desired material is exposed to a substrate, where it reacts with the surface, forming a new layer of atoms. This reaction occurs at elevated temperatures, allowing the gas molecules to deposit onto the substrate as they react. The resulting film can have uniform thickness and composition, making CVD an ideal method for fabricating semiconductor devices and other electronic components. By controlling the reaction conditions, it is possible to create films with tailored properties;Meta
Limnology;The study of limnology is a branch of ecology that focuses on the examination of freshwater ecosystems. Limnologists investigate the physical and biological processes that occur in these environments, including the interactions between water quality, temperature, and aquatic life. Freshwater lakes, rivers, and wetlands serve as crucial habitats for numerous plant and animal species, providing essential food sources and breeding grounds. Understanding limnology is vital for managing and conserving freshwater resources, mitigating pollution impacts, and preserving biodiversity in these critical ecosystems, which support human health and economic well-being.;Meta
Calorimeter;A calorimeter is a laboratory instrument used to measure the heat capacity of a substance by tracking the temperature change caused by adding or removing a known amount of heat energy. This occurs when a precise quantity of a heat transfer fluid is introduced into the sample, causing a gradual increase in temperature over time. The resulting temperature-time curve allows researchers to calculate the specific heat capacity of the material, providing valuable insights into its thermodynamic properties and potential applications in various fields such as physics and engineering.;Meta
Differential privacy;Differential privacy is a mathematical concept that enables the protection of individual data in distributed systems. It involves adding noise to private data in order to obscure its identity and prevent it from being linked to an individual. The primary goal of differential privacy is to balance the need for accurate analysis against the risk of compromising individual data privacy. By applying differential privacy techniques, organizations can ensure that sensitive information remains confidential while still allowing for statistical analysis and insights, thereby protecting users' rights and maintaining trust in data-driven applications.;Meta
Pleiotropy;The phenomenon of pleiotropy refers to the occurrence of multiple phenotypic traits in an organism that are influenced by a single gene. This concept is fundamental to genetics and has significant implications for understanding the complex relationships between genetic variation and observable characteristics. In humans, pleiotropic genes can influence everything from eye color to disease susceptibility, highlighting the intricate web of interactions between genes and environmental factors. By studying pleiotropy, researchers aim to unravel the mysteries of genetic inheritance and develop more effective treatments for multifaceted diseases.;Meta
Probiotic;Probiotics are live microorganisms that confer health benefits when administered in adequate amounts. The primary mode of action is through the modulation of the host's immune system, where probiotics stimulate the production of anti-inflammatory cytokines and enhance the barrier function of epithelial cells. Probiotics can also produce antimicrobial peptides and short-chain fatty acids, which contribute to their beneficial effects on gut health and overall well-being. The most commonly used probiotic strains include Lactobacillus acidophilus and Bifidobacterium bifidum, with research suggesting they may have therapeutic potential for various gastrointestinal disorders and immune-related conditions.;Meta
Radioactive decay;Radioactive decay is a process by which unstable atoms lose energy through radiation. It's thought that atomic nuclei have an excess of energy due to the number of neutrons they contain, and this energy is released as radiation when the nucleus undergoes radioactive decay. There are three main types: alpha, beta, and gamma decay, each releasing different types of radiation. The rate of decay varies depending on the isotope, with some decaying quickly and others more slowly. Scientists use half-life measurements to calculate the time it takes for an isotope to decay by half, helping them understand the natural world's radioactive processes.;Meta
Orbital forcing;The phenomenon of orbital forcing refers to the influence of variations in the Earth's orbit on climate patterns and global temperature records. As the planet orbits the sun, subtle changes in solar radiation and atmospheric circulation are triggered by shifts in orbital parameters, such as eccentricity and tilt. These variations can impact seasonal patterns, precipitation distribution, and regional climate variability, ultimately shaping the trajectory of past glacial cycles and modern climate trends. By analyzing past climates, scientists reconstruct orbital forcing to understand its role in modulating Earth's climatic history.;Meta
ITER;The International Thermonuclear Experimental Reactor is a collaborative project aiming to demonstrate the scientific and technological feasibility of fusion power. Development began in 2001, with construction starting in 2010 at Cadarache, France. The tokamak design, used in ITER, involves magnetic confinement to contain plasma, heated by high-powered lasers or particle beams, which then fuses hydrogen isotopes to produce energy. ITER's goal is to achieve controlled nuclear fusion and demonstrate its potential as a clean, sustainable source of electricity, paving the way for widespread adoption and mitigating greenhouse gas emissions.;Meta
Hippocampus;The hippocampus is a complex neural structure situated within the temporal lobe of the brain, playing a crucial role in memory formation and spatial navigation. Its unique anatomy consists of three main subfields: the dentate gyrus, the septal area, and the subiculum. The hippocampus processes sensory information from the environment, integrating it with prior knowledge to create new memories. Damage to this region can result in anterograde amnesia, impairing the ability to form new memories, while retrograde amnesia affects the retrieval of existing ones. The hippocampus's role in memory consolidation highlights its significance in cognitive function and neurological disorders.;Meta
Molecular cloud;A molecular cloud is a vast region of space filled with gas and dust particles that serve as the birthplace for new stars. The clouds are formed when solar winds disperse hydrogen and helium from nearby stars, allowing these elements to coalesce into denser regions. As more material accumulates, the density increases, triggering gravitational collapse and the formation of molecular cores. These cores can eventually give rise to protostellar disks, where planetary bodies form through a process known as accretion, ultimately leading to the emergence of new stars.;Meta
Quantum key distribution;Quantum key distribution relies on the principles of quantum mechanics to secure communication between two parties. By using photons in a specific polarization state, the system exploits the phenomenon of entanglement to encode and decode messages. When a photon is measured, its polarization state changes instantaneously, allowing for the creation of an unbreakable encryption key. This process relies on the no-cloning theorem, which states that it is impossible to create a perfect copy of an arbitrary quantum state. As a result, any attempt to eavesdrop on the communication will introduce errors, ensuring the security and integrity of the transmitted data;Meta
Rashba effect;The Rashba effect refers to a phenomenon in physics where the spin-orbit interaction between electrons and the magnetic field of a material gives rise to a splitting of energy levels. This effect is named after Ilya Yulii Rachmaninoff, who first described it in 1930. The Rashba effect arises from the mixing of spin and orbital angular momenta due to the asymmetry of the crystal lattice or the external magnetic field. As a result, the material exhibits unique optical and electrical properties, including enhanced spin polarization and tunneling conductivity. This effect has been experimentally observed in various materials, including semiconductors and rare-earth compounds.;Meta
Machine translation;Machine translation is a process that uses algorithms to translate text from one language into another. The primary mode of machine translation involves comparing the input text with a vast database of pre-translated words and phrases, allowing the algorithm to identify potential matches and generate a translated output. However, this method can be prone to errors and relies heavily on high-quality training data, which may not always accurately capture nuances in language and context. Furthermore, there is a risk that machine translation algorithms could adapt and become increasingly effective at disguising subtle differences in meaning;Meta
Memory hierarchy;The memory hierarchy is a conceptual framework that categorizes memory organization into three levels: sensory, short-term, and long-term. Sensory memory refers to the initial encoding of information from our environment, where data is temporarily stored in the brain's primary sensory cortex. Short-term memory is characterized by a limited capacity for temporary storage and recall of information, often measured using the Miller-Leninier model. Long-term memory encompasses the permanent storage and retrieval of information, which can be influenced by factors such as emotional significance and repetition.;Meta
Drag coefficient;The drag coefficient is a dimensionless quantity that characterizes the resistance an object encounters as it moves through a fluid, such as air or water. It is defined as the ratio of the force exerted on an object by the fluid to the dynamic pressure of the fluid. A lower drag coefficient indicates less resistance and improved aerodynamic performance. The drag coefficient varies depending on the shape and size of the object, as well as the velocity and density of the fluid. For objects with smooth surfaces and symmetrical shapes, the drag coefficient is typically in the range of 0.1 to 1.0, while those with complex or irregular shapes can have coefficients exceeding 2.0, resulting in significantly increased resistance.;Meta
Pyrimidine;Pyrimidine is a heterocyclic aromatic organic compound that plays a crucial role in the structure and function of nucleic acids. It consists of three nitrogen atoms attached to two carbon rings, forming a planar ring structure. Pyrimidine bases are found in both DNA and RNA, with cytosine and thymine being pyrimidine derivatives. The unique chemical properties of pyrimidine enable it to form hydrogen bonds with adenine, a purine base, facilitating the pairing of nucleotides during DNA replication and transcription. This fundamental aspect of molecular biology has far-reaching implications for our understanding of genetic information and its encoding in the structure of nucleic acids.;Meta
Permafrost;Permafrost refers to soil and rock that remains frozen for two consecutive years, typically in high-latitude regions. The formation of permafrost occurs when the ground temperature is consistently below freezing, causing the water content to freeze and become locked in place. As a result, the organic matter and minerals within the soil are preserved, creating a unique environment that supports specific microbial communities. When thawed, the permafrost releases large amounts of methane, a potent greenhouse gas, contributing to climate change and altering ecosystems, making it a critical area of study for understanding global climate patterns and their impacts on the environment;Meta
Prime number theorem;The Prime Number Theorem is a mathematical principle that describes the distribution of prime numbers among the integers. It states that the number of prime numbers less than or equal to x, denoted by π, grows approximately like x / ln as x approaches infinity. This theorem was first proposed by de Morgan in 1837 and later developed by Hadamard and Fejér in the early 20th century. The Prime Number Theorem is a fundamental result in number theory, having important implications for many areas of mathematics, including cryptography, coding theory, and computational complexity theory, where prime numbers play a crucial role.;Meta
Trajectory inference;Trajectory inference is a statistical technique used to estimate the most likely path that an object or system will follow based on observed data. This method assumes that the underlying process governing the motion of the object is governed by a set of rules and parameters that can be learned from the data. By analyzing the patterns in the data, trajectory inference aims to identify the optimal sequence of states that maximizes a certain objective function, such as energy or fitness. The technique has applications in fields such as robotics, signal processing, and biology, where understanding the behavior of complex systems is crucial for prediction and control.;Meta
Quantum optics;"The phenomenon of quantum entanglement is expected to have a profound impact on our understanding of light and its behavior. As particles interact with each other at the quantum level, they can become ""entangled,"" causing their properties to become linked in a way that transcends space and time. This connection allows for instantaneous communication between entangled particles, regardless of distance, and has far-reaching implications for the development of secure communication systems and quantum computing technologies. The manipulation of entanglement is crucial for unlocking the secrets of quantum optics and harnessing its potential applications";Meta
Astrocyte;The role of astrocytes in the central nervous system is multifaceted, involving not only structural support but also biochemical regulation. Astrocytes are a type of glial cell that forms a network of processes surrounding blood vessels, participating in the maintenance of the blood-brain barrier. They also release neurotransmitters and modulate synaptic transmission, making them integral to neuronal communication. Furthermore, astrocytes are involved in maintaining the homeostasis of the extracellular environment, participating in waste removal and ion regulation, ultimately contributing to overall brain health and function.;Meta
Axon guidance;Axon guidance refers to the process by which neurons navigate and establish their spatial relationships within the nervous system. This complex phenomenon involves the interplay of molecular cues, such as chemokines and adhesion molecules, that regulate axonal growth and branching. The precise guidance of axons is crucial for the formation of functional neural circuits, allowing neurons to communicate effectively with one another. Dysregulation of axon guidance has been implicated in a range of neurological disorders, including autism spectrum disorder and spinal cord injuries, highlighting its importance in maintaining normal nervous system function;Meta
Lipid metabolism;Lipid metabolism refers to the biochemical processes that regulate the synthesis, storage, and breakdown of lipids in cells. This complex network involves the coordinated action of enzymes, hormones, and other signaling molecules to maintain lipid homeostasis. Lipid metabolism is crucial for energy storage, cell membrane structure, and the transport of fat-soluble vitamins. Dysregulation of lipid metabolism has been implicated in various diseases, including obesity, atherosclerosis, and certain types of cancer. The liver plays a central role in lipid metabolism, regulating the levels of cholesterol, triglycerides, and phospholipids in the bloodstream.;Meta
Plate tectonics;The theory of plate tectonics proposes that the Earth's lithosphere is composed of several large plates that move relative to each other. These plates are in constant motion, sliding over the more fluid asthenosphere below, and interact at their boundaries. The interactions can result in subduction, where one plate is forced beneath another, or continental rifting, where two plates pull apart and create new crust. This model was developed through a combination of geological observations, seismology, and paleomagnetism, revolutionizing our understanding of the Earth's surface processes and providing insights into the planet's evolution;Meta
Nucleation;Nucleation is a process where a new solid forms around a central nucleus, often in a liquid or supersaturated solution. This phenomenon occurs when a seed particle, typically an impurity or ion, acts as a template for the formation of a crystal lattice. The nucleus then attracts surrounding molecules, which arrange themselves into a repeating pattern, ultimately forming a crystalline structure. Nucleation is crucial in various industrial processes, such as crystal growth and cloud condensation, allowing for the creation of materials with specific properties, like high-strength fibers or uniform particles.;Meta
Computer vision;Object recognition refers to the ability of computer systems to identify and categorize objects within digital images. This task is crucial in applications such as facial recognition, self-driving cars, and surveillance systems. The accuracy of object recognition is influenced by factors such as image quality, lighting conditions, and object size. Machine learning algorithms, specifically deep learning techniques, have been instrumental in improving the performance of object recognition systems. These algorithms enable computers to learn from large datasets and adapt to new environments, thereby enhancing the overall effectiveness of object recognition;Meta
Bile acid;Bile acids are a type of lipid produced by the liver that plays a crucial role in digestion and absorption of fats. They are synthesized from cholesterol through a complex biochemical process involving multiple enzymes and cofactors. Bile acids have hydrophobic tails that allow them to solubilize fats in the small intestine, facilitating their emulsification and subsequent breakdown by pancreatic lipase. The bile acids also regulate lipid metabolism, modulating the activity of genes involved in cholesterol synthesis and transport. This complex biochemical mechanism allows bile acids to effectively contribute to maintaining a healthy balance of fatty acids in the body;Meta
Natural selection;Natural selection is a fundamental mechanism driving the adaptation and evolution of organisms. It arises from the variation in traits among individuals within a population, which creates differences in their ability to survive and reproduce. When individuals with advantageous traits are more likely to pass on their genes to their offspring, natural selection favors these characteristics. This process acts over generations, leading to changes in the frequency of traits within the population. As a result, populations adapt to their environments, exhibiting distinct evolutionary paths.;Meta
Bile;Bile is a digestive fluid produced by the liver and stored in the gallbladder, playing a crucial role in the digestion of fats. This viscous liquid contains bile salts, which emulsify triglycerides into smaller particles, allowing enzymes to break them down into fatty acids. The presence of bile also aids in the absorption of fat-soluble vitamins, such as vitamins A, D, E, and K. As bile flows through the small intestine, it facilitates the breakdown of lipids, enabling the body to utilize essential nutrients. Its optimal concentration is crucial for efficient nutrient uptake and maintaining overall digestive health.;Meta
Photoelectric effect;The photoelectric effect is a phenomenon where light hitting a metal surface can cause electrons to be emitted from the material. As photons strike the metal, they transfer their energy to the atoms, ejecting them from the surface and creating a flow of electrons. The intensity and frequency of the light have a direct impact on the number of electrons emitted, with higher frequencies resulting in more energetic and fast-moving electrons. This effect has significant implications for various technological applications, including solar cells, lasers, and electron microscopes, where it is utilized to manipulate and control the flow of charged particles.;Meta
Depolarization;Depolarization is a phenomenon that occurs in biological systems where the polarity of cells is disrupted, leading to changes in their behavior and function. This process can be triggered by various factors, including environmental stressors, genetic mutations, or exposure to certain chemicals. As a result, the cell membrane loses its selective permeability, allowing ions and molecules to flow freely across the surface. This disruption can have far-reaching consequences, affecting cellular signaling pathways, gene expression, and ultimately, the organism's overall health and survival, making depolarization a critical area of study in fields such as biology and medicine.;Meta
Synchrotron;A synchrotron is a type of radiation source that uses electromagnetic waves to accelerate charged particles, typically electrons or protons, to high energies. This acceleration creates intense beams of light and matter, which can be used for various applications such as materials science research, medical imaging, and spectroscopy. The primary mode of operation involves using powerful magnetic fields to steer and focus the accelerated particles, generating a coherent beam that can produce X-rays or other forms of electromagnetic radiation. As the electrons or protons circulate around the ring, they emit photons with specific energies, allowing researchers to analyze the properties of materials at the atomic scale;Meta
Curvature;Curvature refers to the measure of how much a shape deviates from being flat or straight. This concept is fundamental in mathematics and physics, describing the way an object curves around a central axis. The curvature of a surface can be understood using the Gaussian curvature metric, which combines two components: the principal curvatures, representing local bending, and the geodesic curvature, indicating how much a curve on the surface deviates from being straight. Curvature plays a crucial role in understanding various phenomena, including the behavior of physical systems, optical properties of materials, and the shape of celestial bodies like planets and galaxies.;Meta
Smart grid;The smart grid is a modern electrical power delivery system that integrates advanced technologies to manage energy distribution and consumption efficiently. It proposes that the grid's performance is directly proportional to the level of automation and control exerted over it, but only up to a certain point. As more devices are added to the grid, the complexity increases, and the potential for errors and disruptions grows. The smart grid model suggests that by using advanced sensors, communication networks, and algorithms, energy distribution can be optimized in real-time, reducing energy waste and improving overall efficiency.;Meta
Diastereomer;A diastereomer is a type of stereoisomer that arises from the presence of one or more chiral centers within a molecule. This phenomenon occurs when two molecules with the same molecular formula and sequence of bonded atoms have different three-dimensional arrangements, resulting in distinct physical properties and chemical reactivity. The relationship between diastereomers can be influenced by factors such as solvent effects, temperature, and reaction conditions. Understanding diastereomerism is crucial in organic chemistry, as it has significant implications for the design and synthesis of pharmaceuticals, agrochemicals, and other complex molecules.;Meta
Synapse;A synapse is a complex communication unit that enables neurons to transmit signals across neuronal networks. It consists of specialized structures such as dendrites, axons, and synaptic vesicles. The connection between two neurons, one sending and the other receiving a signal, forms a synapse where chemical messengers are released and bind to receptors on the receiving neuron's surface. This binding triggers a change in electrical properties of the neuron, allowing the signal to propagate. The strength and efficiency of synaptic transmission can be modulated by various factors, including neurotransmitters and synaptic plasticity, which underlie learning and memory processes.;Meta
Peroxisome;Peroxisomes are small organelles found in cells that play a crucial role in detoxifying fatty acids and amino acids. They contain enzymes called peroxisomal enzymes, which facilitate the breakdown of these molecules into simpler compounds. The primary function of peroxisomes is to remove toxic substances from cells, thereby maintaining cellular homeostasis. Peroxisomes are particularly relevant in liver cells, where they help metabolize fatty acids and amino acids, and in muscle cells, where they aid in the degradation of branched-chain amino acids. Dysregulation of peroxisome function has been implicated in various diseases, including neurodegenerative disorders and metabolic disorders.;Meta
Cosmic inflation;The cosmic inflationary epoch is expected to have a profound impact on the early universe, particularly in the first fraction of a second after the Big Bang. As the universe expands at an exponential rate, it will begin to smooth out any irregularities in the density and temperature of matter. This rapid expansion will also lead to a homogenization of the cosmic microwave background radiation, creating a uniform seed for future galaxy formation. Ultimately, the inflationary period will set the stage for the emergence of structure within the universe, shaping the large-scale architecture of the cosmos;Meta
Batch normalization;Batch normalization is a technique in deep learning that stabilizes the training process by normalizing the activations of each layer. This approach ensures that the input data for each layer has zero mean and unit variance, which allows the neural network to learn more efficiently. By normalizing the batch statistics, the gradients of the loss function are reduced, making it easier for the model to converge. Batch normalization achieves this by dividing the input data by a factor calculated from the batch mean and standard deviation. This technique has become widely used in deep learning models as it enhances their ability to generalize and perform well on unseen data;Meta
Immunological synapse;The immunological synapse is a specialized region where an immune cell, typically a T-cell, comes into close proximity with an antigen-presenting cell. This unique interaction allows for the exchange of molecules and signals that facilitate the activation of immune responses. As the T-cell engages with the antigen-presenting cell, it forms a complex network of molecular interactions, including the exchange of co-stimulatory molecules and cytokines. The resulting signal transduction cascade triggers the T-cell to undergo clonal expansion, differentiation, and effector function, ultimately leading to the elimination of pathogens from the body. This intricate process is crucial for effective immune function.;Meta
Fermi level;The Fermi level is a concept in solid-state physics that represents the energy at which the probability of finding an electron in a material is 50%. It is named after Enrico Fermi, who introduced the concept in the 1920s. The Fermi level arises from the interplay between electrons and holes in a semiconductor material. As electrons are added or removed from the material, their energy levels shift relative to the Fermi level, influencing the conductivity of the material. The Fermi level plays a crucial role in determining the electronic properties of semiconductors, such as their ability to conduct electricity.;Meta
Tribology;Friction is a complex phenomenon that arises from the interaction between two surfaces in contact, resulting in resistance to relative motion. Tribology, the study of friction, wear, and lubrication, aims to understand and mitigate these effects. In dry environments, static friction holds an object in place, while kinetic friction reduces its velocity, whereas rolling friction slows down a rotating object. The use of lubricants, such as oils and greases, can significantly reduce friction and wear rates, improving the efficiency and longevity of mechanical systems, including engines, gears, and bearings.;Meta
Central tolerance;Central tolerance refers to the phenomenon where the immune system becomes less responsive to antigens that are introduced in large quantities. This occurs when the immune system is repeatedly exposed to high levels of a specific antigen, causing it to desensitize and reduce its immune response. As a result, the immune system is able to tolerate the presence of the antigen without triggering an immune reaction. This concept is crucial in understanding how the immune system adapts to chronic infections or autoimmune diseases, where central tolerance plays a key role in maintaining tissue homeostasis and preventing excessive inflammation;Meta
Species evenness;The concept of species evenness refers to the idea that all species are equally likely to evolve and adapt in response to environmental pressures. This theory suggests that there is no inherent bias towards certain species being more or less successful than others. Rather, species evenness proposes that every species has an equal opportunity to thrive and dominate its ecosystem. The notion of species evenness has been supported by various studies, which have shown that the likelihood of a species' extinction is not strongly correlated with its characteristics, such as size or behavior.;Meta
Anthropocene;The Anthropocene is a proposed geological epoch characterized by the dominant impact of human activity on the Earth's ecosystems and climate. It is marked by the significant alteration of the planet's natural processes through human-induced environmental changes such as deforestation, pollution, and climate change. The Anthropocene has led to profound effects on biodiversity, ocean chemistry, and atmospheric composition. As a result, scientists have begun to recognize human activity as a key driver of geological and climatic change, marking a new era in the Earth's history where humans are no longer a passive observer but an active agent shaping the planet's evolution;Meta
Michelson interferometer;The Michelson interferometer is an optical instrument that measures tiny changes in distance between mirrors, allowing for precise calculations of lengths and velocities. Developed by Albert Michelson in 1891, this device combines light beams to create a path with multiple reflections. By splitting a light beam into two perpendicular paths, the interferometer creates an interference pattern on a screen, revealing any shifts in the distance between mirrors. This technique has applications in spectroscopy, astronomy, and interferometric imaging, enabling scientists to study phenomena such as gravitational waves and celestial objects with unprecedented precision and accuracy;Meta
Mineral;The formation of minerals within the Earth's crust is a complex process that involves various geological factors. It proposes that mineral deposits are created through the cooling and solidification of magma, often in areas with high temperatures and pressures. As the magma cools, elements such as silicon, oxygen, and iron crystallize into stable compounds, forming minerals that can be extracted and utilized by humans. The type of mineral formed depends on factors like temperature, pressure, and chemical composition, making each deposit unique and valuable for various industrial applications.;Meta
Finite element method;The finite element method is a numerical technique used to analyze complex systems by dividing them into smaller elements. As the number of elements increases, the accuracy and detail of the solution also increase. This approach allows engineers to model intricate structures, such as bridges or buildings, without having to construct a full-scale replica. The method involves approximating the system's behavior using simple mathematical equations, which can then be solved computationally. By combining these simplified models with detailed data, engineers can gain valuable insights into the overall performance and structural integrity of their designs;Meta
Histone;A histone is a type of protein that plays a crucial role in the packaging and regulation of genetic material within the nucleus of eukaryotic cells. Histones form a complex with DNA to create chromatin, which serves as the primary material for gene expression. The presence of histones influences the accessibility of DNA to transcriptional machinery, thereby controlling the rate at which genes are transcribed into RNA. The histone code, comprising various epigenetic modifications, provides a dynamic and flexible framework for regulating gene expression, enabling cells to respond to environmental cues and adapt to changing conditions. This intricate interplay underlies many cellular processes, including development, growth, and disease.;Meta
Pyridoxal phosphate;The role of pyridoxal phosphate in cellular processes is a crucial aspect of nutritional biology. Pyridoxal phosphate, the active form of vitamin B6, serves as a coenzyme for numerous enzymes involved in amino acid metabolism and neurotransmitter synthesis. Fossil records indicate that pyridoxal phosphate has been present in living organisms since ancient times, with early evidence found in fossils dating back to around 100 million years ago. Its widespread presence is thought to be linked to the evolution of complex nervous systems and brain functions, highlighting its essential role as a catalyst for various biochemical reactions.;Meta
Differential equation;A differential equation is a mathematical statement that describes the rate of change of a quantity with respect to time or space. This type of equation involves an unknown function and its derivatives, which are used to model real-world phenomena such as population growth, electrical circuits, and mechanical systems. The solution to a differential equation can be found using various methods, including separation of variables and integration, illustrating the power of mathematical modeling in understanding complex systems and predicting their behavior over time or space.;Meta
Thalamus;The thalamus is a critical relay station in the brain, responsible for processing and relaying sensory information to the cerebral cortex. In steady-state operation, the thalamus maintains a delicate balance between the input and output of sensory data, ensuring that the neural networks receive an optimal signal-to-noise ratio. The forward and reverse flow of signals within the thalamus are finely tuned, allowing for precise modulation of sensory perception. This intricate system enables the brain to filter out irrelevant information and focus on relevant stimuli, making the thalamus a vital component in maintaining our sense of awareness;Meta
Working memory;Working memory is a cognitive system responsible for temporarily holding and manipulating information. It is thought to be essential for learning, problem-solving, and decision-making. The primary function of working memory is to retain information in consciousness for a short period, typically seconds or minutes, allowing individuals to reason with the information and make further decisions. Damage to the parietal lobe or prefrontal cortex can lead to deficits in working memory capacity and impair cognitive functions such as attention and executive control. The efficiency of working memory is influenced by factors like age, stress levels, and prior knowledge.;Meta
Question answering;Question answering is a complex cognitive process that involves identifying relevant information from a given context. The primary goal of question answering is to retrieve accurate and relevant information in response to a query. This process can be facilitated by various techniques, including natural language processing and machine learning algorithms. The effectiveness of these methods depends on the quality and relevance of the training data, as well as the complexity of the questions being asked. Inadequate training data or poorly designed question answering systems can lead to suboptimal performance, while advanced approaches utilizing large-scale datasets can significantly improve accuracy;Meta
Bonferroni correction;The Bonferroni correction is a statistical method used to adjust the significance level of a hypothesis test in order to prevent multiple testing errors. When conducting multiple tests simultaneously, the probability of obtaining a false positive result increases. The Bonferroni correction addresses this issue by multiplying the desired significance level by the number of tests being conducted, effectively reducing the overall significance level. This adjustment ensures that the error rate remains below the predetermined threshold, thereby maintaining the integrity of the research findings and preventing false positives from being reported, a critical consideration in scientific investigations;Meta
Young's modulus;The concept of Young's modulus is a fundamental principle in mechanics, describing the relationship between stress and strain within a material. According to Hooke's law, the young's modulus of a material is the ratio of its stress to its strain within the proportional limit. This value represents the stiffness of a material, with higher values indicating greater resistance to deformation. The measurement of Young's modulus is crucial in engineering applications, such as designing springs and beams, where precise calculations are required to ensure structural integrity and stability.;Meta
Allosteric regulation;Allosteric regulation is a critical mechanism by which cells control enzyme activity in response to changes in their environment. The main problem with allosteric regulation is its sensitivity to subtle fluctuations in concentration, as even small changes can trigger significant responses. This leads to oscillations and variability in metabolic pathways, potentially causing health issues such as uncontrolled growth or energy deficits. Exposure to allosteric modulators has become a significant concern, as inappropriate modulation can disrupt cellular homeostasis and lead to disease states, including diabetes and cancer.;Meta
Super-resolution microscopy;The primary application of super-resolution microscopy is to improve the resolution of fluorescence imaging techniques. It achieves this by exploiting various mechanisms, including stimulated emission depletion and photoactivated localization microscopy. By manipulating the excitation and detection processes, these methods enable the visualization of structures at nanoscale resolutions, previously inaccessible with conventional fluorescence microscopy. This has significant implications for understanding cellular structures, dynamics, and behavior, as well as developing new treatments for diseases such as cancer, by allowing researchers to visualize individual proteins and molecules in unprecedented detail.;Meta
Complement system;The complement system is a complex network of proteins that work in conjunction with the immune system to eliminate pathogens from the body. Complement proteins, such as C3 and C5, are produced by the liver and activate various cell surface receptors on immune cells, triggering a cascade of reactions that lead to the destruction of infected cells or foreign particles. This process is crucial for protecting against bacterial infections, but dysregulation can contribute to autoimmune diseases, such as systemic lupus erythematosus, where the complement system attacks healthy tissues instead of pathogens.;Meta
Targeted therapy;Targeted therapy refers to a type of cancer treatment that utilizes specific molecular markers or genetic mutations present in tumor cells to deliver chemotherapy drugs directly to the affected areas. This approach allows for more precise targeting of cancerous tissue while minimizing harm to healthy cells, reducing side effects and improving overall patient outcomes. By leveraging advances in genomics and molecular biology, targeted therapies have become increasingly effective in treating various types of cancer, including those previously resistant to conventional treatments, and are revolutionizing the field of oncology research;Meta
Glycolysis;Glycolysis is a metabolic pathway that involves the breakdown of glucose molecules to produce energy in the form of ATP and NADH. This process occurs in the cytosol of cells and is a crucial step in cellular respiration. Glycolysis requires no oxygen and can occur in both aerobic and anaerobic conditions, making it an essential pathway for energy production in both aerobic and anaerobic environments. The conversion of glucose to pyruvate releases a net gain of two ATP molecules and one NADH molecule, ultimately contributing to the production of energy in the form of ATP during cellular respiration.;Meta
Hydrogen bond;A hydrogen bond is a type of intermolecular force that arises from the electrostatic attraction between partially positively charged regions on adjacent molecules. This attractive force is typically seen between molecules with a hydrogen atom bonded to a highly electronegative atom such as oxygen, nitrogen, or fluorine. Hydrogen bonds play a crucial role in determining the physical and chemical properties of substances, including solubility, melting point, and boiling point. The specific strength and orientation of hydrogen bonds can vary significantly between different molecules, leading to diverse interactions and behaviors in various biological and chemical systems;Meta
Biogeochemistry;Biogeochemical cycles refer to the processes by which elements and nutrients are exchanged between living organisms and the environment. These cycles involve the movement of carbon, nitrogen, phosphorus, and other essential elements through ecosystems, often involving complex interactions with microorganisms and atmospheric gases. Biogeochemical cycles play a crucial role in regulating the Earth's climate, influencing nutrient availability for plants, and supporting life on our planet. The intricate balance of these cycles has a profound impact on the health of ecosystems, ultimately affecting human societies that rely on them.;Meta
Wernicke's area;Wernicke's area is a region in the brain responsible for processing complex language and syntax. Located in the posterior superior temporal gyrus, it plays a crucial role in understanding spoken language, including grammar and semantics. Damage to Wernicke's area can result in Wernicke's aphasia, characterized by difficulty understanding spoken language and producing coherent speech. The connection between Wernicke's area and other brain regions is complex, involving both direct neural pathways and indirect networks of communication. Research has shed light on the functional organization of this region, revealing its importance in the cognitive processes of language comprehension and production.;Meta
Pearlite;The formation of pearlite dates back to ancient times, specifically during the iron-carbon phase transformation that occurs in steel production. It is believed to have originated as a result of the interaction between carbon atoms and ferrite grains, resulting in the creation of layers with alternating layers of cementite and ferrite. Fossil records show that early pearlite was characterized by its high hardness and brittleness, which gradually improved over time through the addition of alloying elements such as manganese and chromium. The development of pearlite allowed for the production of stronger and more durable steel alloys, revolutionizing the construction and manufacturing industries.;Meta
pH;The pH scale is a fundamental concept in chemistry that describes the acidity or basicity of a solution. It measures the concentration of hydrogen ions in a solution, with lower pH values indicating higher concentrations of hydrogen ions and therefore more acidic conditions. The pH scale ranges from 0 to 14, with a neutral pH of 7. Solutions with a pH below 7 are considered acidic, while those above 7 are basic. Understanding the pH scale is crucial in various fields, including biology, medicine, and environmental science, as it allows for the assessment and manipulation of chemical reactions and processes.;Meta
Somite;A somite is a precursory structure in embryonic development that eventually gives rise to various tissues and organs. In vertebrate embryos, somites form along the neural tube and are composed of a layer of mesenchymal cells surrounded by a epithelial sheath. The somites undergo segmentation, resulting in distinct groups of cells that differentiate into muscle, bone, and cartilage tissue. This process occurs in a hierarchical manner, with each segment giving rise to specific types of cells and tissues. The precise function and fate of somites remain under investigation, but their role in shaping the complex body plan of vertebrates is well established.;Meta
Adaptation;Adaptation refers to the process by which living organisms adjust to changing environmental conditions. In response to these changes, adaptation enables species to survive and reproduce in new circumstances. This can occur through genetic mutations, natural selection, or other mechanisms that allow populations to adapt over time. As environments become increasingly complex, adaptation has played a crucial role in shaping the diversity of life on Earth. The ability of organisms to adapt is essential for their survival, allowing them to thrive in a wide range of ecosystems and habitats, from polar tundras to tropical rainforests.;Meta
Differential scanning calorimetry;The precise measurement of thermal transitions is made possible by differential scanning calorimetry, a technique used to study the physical properties of materials. As a sample undergoes a phase change, it absorbs or releases heat energy, causing a change in its resistance to the electrical current passing through it. This subtle shift is measured and compared to a reference material, allowing researchers to pinpoint the exact temperature at which the transition occurs. The resulting data provides valuable insights into the material's thermodynamic properties, making differential scanning calorimetry an essential tool for materials scientists and researchers.;Meta
Energy-based model;The energy-based model proposes that the fundamental nature of reality is comprised of vibrational frequencies of energy, which give rise to the physical world. This model suggests that every particle and field in the universe is imbued with a unique energetic signature, which determines its behavior and interactions with other entities. The energy-based model posits that consciousness and intelligence arise from the intricate web of energetic relationships between particles and fields, ultimately giving rise to the complexity and diversity of life as we know it;Meta
Beamforming;Beamforming is a technique used in wireless communication systems to improve signal quality by manipulating the phase and amplitude of radio waves. By adjusting the phase difference between signals received from multiple antennas, beamforming allows for the creation of a concentrated radiation pattern, enhancing signal-to-noise ratio and increasing data transmission rates. This process involves complex mathematical calculations to determine optimal antenna configurations, taking into account factors such as multipath interference and fading, enabling more efficient and reliable wireless communication in environments with high levels of noise or interference;Meta
Austenite;Austenite is a type of metallic alloy that exhibits a high degree of ductility and formability. It is formed through the transformation of ferrite in steel during heating, resulting in a microstructure characterized by a face-centered cubic crystal structure. The austenitic phase has a unique set of properties that distinguish it from other types of steel alloys, including a high level of resistance to corrosion and a low degree of hardening. Austenite is commonly used in applications requiring high strength-to-weight ratios, such as stainless steel tubes and fasteners. Its formation is an essential step in the processing of steel alloys for various industrial purposes.;Meta
Flow chemistry;Flow chemistry is a continuous chemical process that utilizes a fluid stream to perform reactions, offering numerous advantages over traditional batch processing. This method enables rapid experimentation and scale-up of laboratory-scale compounds, making it an attractive alternative for industrial production. By manipulating flow rates, temperatures, and pressures, chemists can optimize reaction conditions, reduce waste generation, and improve product yields. Flow chemistry also allows for real-time analysis and optimization, facilitating the discovery of novel reactions and catalysts, ultimately driving innovation in the field of chemical synthesis.;Meta
Word embedding;Word embedding is a technique used in natural language processing to represent words as vectors in a high-dimensional space. This approach allows for the capture of semantic relationships between words, enabling computers to understand the nuances of human language. By analyzing large corpora of text data, word embeddings can be trained to learn the patterns and structures of language, effectively mapping words onto a multidimensional representation. The resulting vector representations can facilitate tasks such as sentiment analysis, language translation, and text classification.;Meta
ALS;Amyotrophic lateral sclerosis is a progressive neurological disorder that affects motor neurons, leading to muscle weakness and paralysis. As ALS progresses, the nerve cells responsible for transmitting signals from the brain to the muscles degenerate, resulting in a loss of motor function. The disease typically begins with symptoms such as tremors, cramps, and muscle stiffness, progressing to full-body paralysis within five years. Currently, there is no cure for ALS, but research continues to explore potential treatments, including gene therapy and small molecule therapies, offering hope for patients struggling with this devastating condition.;Meta
Ionizing radiation;Ionizing radiation is a form of electromagnetic radiation that has sufficient energy to break chemical bonds and interact with living organisms. It is emitted by high-energy particles and is typically associated with nuclear reactions, such as those occurring in atomic nuclei during radioactive decay. Ionizing radiation can cause damage to DNA and other biomolecules, leading to mutations and potentially cancerous changes in cells. Exposure to ionizing radiation can be hazardous to human health, and levels of exposure are often measured in units such as the sievert or the rem, indicating the potential risk to biological systems;Meta
Vadose zone;The vadose zone is a transitional region between the groundwater table and the atmosphere, characterized by the presence of air and limited vegetation. It occurs when the water table drops or becomes unstable, allowing air to penetrate and mix with the pore water. In this zone, water movement is driven primarily by atmospheric pressure and gravity, leading to lateral flow and downward seepage. The vadose zone plays a crucial role in controlling groundwater quality and quantity, as well as influencing soil formation and erosion patterns, highlighting its significance in understanding hydrological cycles and environmental processes.;Meta
Repolarization;Repolarization is a physiological process that occurs in the heart, where the electrical activity of the ventricles reverts to its original state after being temporarily altered. This phenomenon is essential for maintaining normal cardiac function and rhythm. Repolarization occurs when the heart muscle cells recover from depolarization, allowing them to repel further electrical stimulation. The process involves a complex interplay between ion channels, membrane potential, and cellular excitability, ultimately restoring the heart's natural ability to contract and pump blood efficiently, ensuring optimal cardiovascular performance;Meta
Subduction;The process of subduction is a fundamental concept in plate tectonics, where one tectonic plate is forced beneath another, typically resulting in volcanic activity and earthquake generation. As the overlying plate sinks into the mantle, it encounters increasing heat and pressure, causing the rocks to melt and produce magma. This magma eventually rises to the surface, producing volcanoes and releasing gases, such as water vapor and carbon dioxide, into the atmosphere. The subduction zone is also a zone of intense seismic activity, with frequent earthquakes occurring as the plates interact and deform, highlighting the dynamic nature of the Earth's lithosphere;Meta
Glycolipid;A glycolipid is a type of lipid molecule that contains a carbohydrate moiety covalently attached to a hydrophobic tail. This unique combination allows glycolipids to play a crucial role in cell signaling and recognition processes. The carbohydrate component can serve as an antigen or ligand, interacting with specific receptors on the surface of cells, thereby modulating various cellular responses. Glycolipids have been implicated in numerous biological processes, including immune system function, neuronal development, and cancer progression. Their complex structure and multifunctional properties make them an important area of research in cell biology and biochemistry.;Meta
Data acquisition;The process of data acquisition is a critical step in the development of various scientific disciplines. The main goal of data acquisition is to collect and record relevant information from a specific environment or system. This can be achieved through various methods such as manual observation, experimentation, or the use of specialized equipment. Data acquisition can also involve the collection of sensory data, including audio, visual, and tactile information. Furthermore, advances in technology have enabled the development of automated systems that can collect and store large amounts of data with greater accuracy and efficiency.;Meta
Hubbard model;The Hubbard model is a theoretical framework used to describe the behavior of electrons in solids, particularly in transition metal compounds. It was developed by John Hubbard in the 1960s as an extension of the Mott-Hubbard model. The model postulates that electrons interact with each other through electron-electron repulsions, leading to the formation of a Fermi sea and the emergence of high-temperature superconductivity. The Hubbard model has been successfully applied to explain various physical properties, including magnetism, conductivity, and thermodynamic behavior, in materials such as cuprates and pnictides. Its predictions have been experimentally verified, providing valuable insights into the mechanisms underlying superconductivity and other exotic phenomena.;Meta
Ion channel;Ion channels are a crucial component of cellular biology, regulating the flow of ions across cell membranes. They consist of transmembrane proteins that form pores, allowing specific ions to pass through while maintaining an electrical gradient. The opening and closing of these channels can alter the membrane potential, influencing various cellular processes such as neurotransmission, muscle contraction, and cell signaling. Ion channel dysfunction has been implicated in numerous diseases, including hypertension, cardiac arrhythmias, and neurological disorders, highlighting the importance of understanding their mechanisms of action and regulation.;Meta
Dislocation;The phenomenon of dislocation in various fields is a complex and multifaceted concept. In anatomy, dislocation refers to the displacement of a bone from its normal position, often resulting from trauma or injury. This can occur in any joint, leading to pain, swelling, and limited mobility. Similarly, in geology, dislocation refers to the movement of the Earth's crust, resulting from tectonic forces that cause rocks to slide past each other. Additionally, in social sciences, dislocation can describe the displacement of individuals or communities due to economic, environmental, or political factors, leading to significant cultural and psychological impacts.;Meta
Dysbiosis;The concept of dysbiosis refers to an imbalance in the composition and function of the human microbiome. It is thought that a healthy balance between beneficial microorganisms and their competitors is crucial for maintaining optimal health, with disruptions leading to various disorders. The exact mechanisms underlying dysbiosis are still not fully understood, but research suggests that factors such as antibiotics, diet, and environmental toxins may contribute to its development. As a result, the microbiome shifts towards an overgrowth of pathogenic microorganisms, compromising immune function and overall well-being;Meta
Fractional quantum Hall effect;The fractional quantum Hall effect is a phenomenon observed in two-dimensional electron systems at high magnetic fields. In these systems, the electrons exhibit a complex behavior characterized by the formation of quantized states at specific energies, leading to a periodic pattern in their conductivity. The presence of Landau levels and edge states plays a crucial role in this effect, as the electrons interact with each other through Coulomb forces, giving rise to the fractional charge and spin states. This effect has been extensively studied in semiconductors and graphene, providing insights into the behavior of electrons at the quantum level and potential applications in electronics and optoelectronics.;Meta
Homeostasis;The concept of homeostasis refers to the ability of living organisms to maintain a stable internal environment despite changes in external conditions. This delicate balance is achieved through a network of regulatory mechanisms that ensure the concentration of essential ions and molecules remains constant. The hypothalamus, a region in the brain, acts as the primary regulator of homeostasis, monitoring factors such as temperature, pH, and blood glucose levels to maintain an optimal range. When external conditions deviate from this range, the hypothalamus triggers responses to restore balance, ensuring the organism's overall well-being.;Meta
MHC class II;Major Histocompatibility Complex Class II molecules are a type of protein expressed on the surface of antigen-presenting cells such as dendritic cells and macrophages. These molecules play a crucial role in initiating immune responses by presenting peptide fragments from pathogens to T-helper cells. The primary function of MHC class II is to facilitate the recognition of antigens by CD4+ T-cells, which then activate an immune response against the invading organism. Abnormalities in MHC class II expression have been linked to various autoimmune diseases and immunodeficiency disorders, highlighting its critical role in maintaining immune homeostasis;Meta
Lithography;The process of lithography involves transferring an image onto a surface using light. This technique relies on the photoplastic properties of certain materials, such as tin and zinc sulfide, which are applied to a plate and exposed to ultraviolet light through a negative image. The light-sensitive material is then etched away, revealing the image. Lithography was pioneered in the 19th century and has since become a widely used method for mass-producing images on various media, including paper and glass. Its accuracy and resolution have made it an essential tool for graphic design, printing, and advertising, allowing for precise reproduction of intricate details.;Meta
