Termo;Text;Label
Predation;Predation is a fundamental biological interaction where one organism, known as the predator, hunts, kills, and consumes another organism, referred to as the prey. This process is a vital component of trophic dynamics, facilitating the transfer of energy through various food webs. Predators have evolved diverse strategies for capturing sustenance, including pursuit, ambush, and specialized anatomical adaptations. Conversely, prey species often develop defensive mechanisms such as camouflage, mimicry, or chemical deterrents to avoid detection. By regulating population densities of various species, predation maintains ecological balance and drives natural selection, significantly influencing the evolutionary trajectories of both participating organisms within their shared environment.;Google
Stem cell;Stem cells are unique biological cells capable of differentiating into specialized cell types and dividing to produce more stem cells through self-renewal. Found in multicellular organisms, they serve as a critical internal repair system by replenishing other cells as long as the organism is alive. There are two primary categories: embryonic stem cells, isolated from the inner cell mass of blastocysts, and adult stem cells, found in various tissues. While embryonic cells are pluripotent, meaning they can become any cell type, adult stem cells are generally multipotent. Modern biotechnology also allows for induced pluripotent stem cells, which are adult cells reprogrammed to an embryonic-like state for medical research and regenerative therapies.;Google
Neuroprotection;Neuroprotection refers to the mechanisms and strategies used to protect the central nervous system from injury or degeneration. This biological process aims to preserve neuronal structure and function after insults like stroke, traumatic brain injury, or chronic conditions like Alzheimer's and Parkinson's diseases. These strategies typically target the biochemical cascades that lead to cell death, including oxidative stress, excitotoxicity, and inflammation. Common therapeutic approaches involve pharmacological agents that modulate neurotransmitters, stabilize mitochondrial function, or inhibit apoptosis. While many neuroprotective agents have shown efficacy in laboratory settings, translating these findings into clinical practice remains a significant challenge in modern neuroscience due to the complexity of human brain pathologies.;Google
Bone marrow;Bone marrow is the semi-solid tissue found within the spongy or cancellous portions of bones. In humans, it serves as the primary site of hematopoiesis, which is the process of generating new blood cells. There are two distinct types: red marrow and yellow marrow. Red marrow is responsible for producing red blood cells, white blood cells, and platelets via hematopoietic stem cells. Yellow marrow consists primarily of fat cells and serves as a vital energy reservoir. Although infants possess almost exclusively red marrow, significant portions are replaced by yellow marrow during maturation. This specialized tissue remains critical for maintaining immune function and oxygen transportation.;Google
Synaptic pruning;Synaptic pruning is a natural neurological process where the brain eliminates extra synapses to increase the efficiency of neuronal transmissions. This biological mechanism primarily occurs between early childhood and adulthood, reaching its peak during adolescence. During initial development, the brain creates an overabundance of neural connections. Pruning selectively removes weaker or less frequently used pathways while strengthening active ones, a principle often described as use it or lose it. This refinement process is essential for learning and cognitive maturation, as it allows the nervous system to adapt to specific environmental stimuli and optimize the overall functional architecture of the human brain.;Google
Mucosa-associated lymphoid tissue;Mucosa-associated lymphoid tissue, abbreviated as MALT, represents a diffuse system of lymphoid tissue found within various submucosal membranes throughout the body. It is strategically positioned at mucosal surfaces, including the gastrointestinal tract, respiratory system, and urogenital tract, which serve as primary entry points for pathogens. MALT contains high concentrations of lymphocytes, such as B cells and T cells, alongside plasma cells and macrophages. These components work together to identify and neutralize antigens that cross the epithelial barrier. Subdivisions like gut-associated lymphoid tissue and bronchus-associated lymphoid tissue play vital roles in systemic immunity. By providing a specialized immune response, MALT protects the body from infections while maintaining mucosal integrity.;Google
Volcanism;Volcanism refers to the discharge of molten rock, pyroclastic fragments, and gases from Earth's crust or mantle onto its surface. This geological phenomenon occurs primarily along tectonic plate boundaries, such as subduction zones and mid-ocean ridges, or over mantle hotspots. As magma rises due to buoyancy and internal pressure, it may erupt through volcanic vents or fissures. These eruptions shape the planetary landscape by forming mountains, plateaus, and volcanic islands. Beyond Earth, volcanism is a critical process on other rocky celestial bodies, including Mars and Jupiter's moon Io. It plays a significant role in atmospheric composition and global climate regulation through the release of subterranean gases.;Google
Pentose phosphate pathway;The pentose phosphate pathway is a fundamental metabolic process that branches from glycolysis within the cytosol of cells. It consists of two distinct phases: the irreversible oxidative phase and the reversible non-oxidative phase. In the oxidative phase, glucose-6-phosphate is converted into ribulose-5-phosphate, generating NADPH. This cofactor is crucial for reductive biosynthesis and protecting cells against oxidative stress. The non-oxidative phase involves the interconversion of sugars to produce ribose-5-phosphate, a necessary precursor for nucleotide and nucleic acid synthesis. This pathway is particularly active in tissues like the liver, adipose tissue, and rapidly dividing cells where biosynthetic demands are high.;Google
Attenuated vaccine;An attenuated vaccine utilizes a weakened version of a pathogen that remains viable but cannot cause disease in healthy individuals. Scientists typically produce these vaccines by repeatedly passing the virus or bacteria through foreign hosts, such as cell cultures or embryos, until it loses its virulence. Because the vaccine strain still replicates within the body, it stimulates a comprehensive immune response involving both antibodies and cellular memory. This process often provides lifelong immunity with fewer doses compared to inactivated vaccines. Common examples include the measles, mumps, and rubella vaccine. However, they are generally avoided for individuals with weakened immune systems due to potential safety risks.;Google
Carrying capacity;Carrying capacity refers to the maximum population size of a biological species that a specific environment can sustain indefinitely, given the available food, habitat, water, and other essential resources. In population ecology, this limit is typically represented by the variable K within the logistic growth model. When a population exceeds its carrying capacity, it experiences overshoot, often resulting in resource depletion and a subsequent decline through increased mortality or reduced birth rates. Environmental factors such as predation, disease, and climatic shifts can dynamically alter these limits over time. This concept remains fundamental for wildlife management, conservation biology, and understanding the ecological impact of human consumption patterns.;Google
Quantum dot;Quantum dots are man-made nanoscale crystals of semiconductor material that possess unique electronic and optical properties. These properties result from quantum mechanics, specifically the confinement of electrons and holes in three spatial dimensions. Because of their tiny size, typically between two and ten nanometers, their energy levels are discrete rather than continuous. When excited by light or electricity, quantum dots emit specific frequencies of light that can be precisely tuned by changing the particle's size. Larger dots emit longer wavelengths, like red, while smaller dots emit shorter wavelengths, such as blue. These versatile materials are widely utilized in medical imaging, solar cells, and high-definition television displays.;Google
Lock and key;The lock and key model is a fundamental concept in biochemistry proposed by Emil Fischer in 1894. It describes the specific interaction between an enzyme and its substrate. In this analogy, the enzyme acts as a lock and the substrate represents a unique key. The active site of the enzyme possesses a rigid, predefined geometric shape that perfectly complements the structure of the specific substrate molecule. When the two components bind, they form an enzyme-substrate complex, allowing a chemical reaction to occur efficiently. This model explains the high level of specificity exhibited by biological catalysts, ensuring that only the correct molecules undergo metabolic transformations within living organisms.;Google
Extracellular matrix;The extracellular matrix is a three-dimensional network of extracellular macromolecules, including collagen, enzymes, and glycoproteins, that provide structural and biochemical support to surrounding cells. This non-cellular component is present within all tissues and organs, serving as a critical scaffold for cellular attachment. Beyond its structural role, the matrix regulates vital biological processes such as cell adhesion, intercellular communication, and differentiation. Its composition varies significantly between different tissue types, allowing it to meet specific physiological needs. In animals, it encompasses both the interstitial matrix and the basement membrane. These components function together to facilitate tissue integrity and direct cellular behavior through complex signaling pathways.;Google
Oceanography;Oceanography is the multidisciplinary study of the physical, chemical, and biological features of the ocean. It encompasses four main branches: biological, chemical, geological, and physical oceanography. Biological oceanographers examine marine life and ecosystems, while chemical oceanographers analyze the seawater composition. Geological oceanographers study the ocean floor's topography and tectonics. Physical oceanography investigates movements like currents, waves, and tides. This field is essential for understanding global climate patterns, as the oceans regulate atmospheric temperature and carbon cycles. Modern research utilizes satellite technology and deep-sea submersibles to explore deep-water environments, providing insights into biodiversity and resource management critical for environmental sustainability on Earth.;Google
Toughness;"Toughness is a fundamental mechanical property representing the ability of a material to absorb energy and undergo plastic deformation without fracturing. It is defined as the amount of energy per unit volume that a material can withstand before failing. In materials science, toughness is quantified by calculating the area under the stress-strain curve during a tensile test. This property depends on a combination of strength and ductility; a material must be both strong and capable of elongating to be considered tough. High toughness is critical in engineering applications to prevent catastrophic brittle failure. Common methods for measuring this characteristic include the Charpy and Izod impact tests, which evaluate resistance to sudden loads.";Google
Gamma-ray burst;Gamma-ray bursts are the most powerful electromagnetic explosions in the universe, releasing intense bursts of high-energy radiation from distant galaxies. These phenomena typically last from a few milliseconds to several hours and represent the brightest events known to science. They are categorized into short and long bursts based on their duration. Short bursts often result from the collision of two neutron stars, while long bursts typically originate from the gravitational collapse of massive stars into black holes. The initial flash of gamma rays is usually followed by a fading afterglow across the electromagnetic spectrum, providing critical data for astrophysicists studying the evolution of the early universe.;Google
Embedding;In mathematics, an embedding is a mapping of one mathematical structure into another such that the original structure is preserved within the target. Specifically, it involves an injective function that maintains certain relationships like topology or algebraic properties. In computer science and machine learning, an embedding refers to a dense representation of discrete variables as continuous vectors in a lower-dimensional space. Word embeddings are a common application where words are converted into numerical vectors to capture semantic similarities. These vectors allow algorithms to perform operations on high-dimensional data efficiently by representing items in a latent space where distance often correlates with similarity between the original objects.;Google
Neuroinflammation;Neuroinflammation refers to the inflammatory response within the central nervous system, including the brain and spinal cord. This biological process is primarily mediated by glial cells, specifically microglia and astrocytes, which serve as the primary immune effectors. While acute neuroinflammation provides a protective defense against pathogens or physical injury, chronic activation can cause progressive neuronal damage. Common triggers include infections, traumatic brain injury, and the accumulation of toxic protein aggregates. Persistent neuroinflammation is a key driver in neurodegenerative conditions such as Alzheimer's and multiple sclerosis. Researchers study these inflammatory signaling pathways to develop targeted therapies aimed at maintaining neurological integrity and reducing long-term cognitive decline.;Google
Cache coherence;Cache coherence is a fundamental concept in computer architecture, specifically within multiprocessor systems where each processor possesses its own local cache. It ensures that multiple caches storing copies of the same data from a shared main memory remain consistent across the entire system. When one processor modifies a data entry, the hardware must either update or invalidate the corresponding copies held by other processors to prevent the use of stale data. Common protocols, such as MESI, facilitate this state management. This uniformity is essential for program correctness in parallel computing, as it prevents data corruption and ensures that all processing units observe a consistent view of memory.;Google
Single-cell analysis;Single-cell analysis is a branch of biology that examines the molecular state and characteristics of individual cells within a population. While traditional bulk sequencing methods provide an average signal from millions of cells, single-cell techniques allow researchers to identify cellular heterogeneity and rare cell types. This field encompasses various approaches, including single-cell RNA sequencing, proteomics, and epigenomics. By isolating individual cells using microfluidics or droplet-based systems, scientists can map developmental trajectories and understand complex diseases like cancer. This granular perspective is essential for uncovering how individual cellular behaviors contribute to the overall function and health of multicellular organisms and complex biological tissues.;Google
Triple-alpha process;The triple-alpha process is a nuclear fusion reaction by which three helium-4 nuclei are transformed into carbon-12. This process occurs in the cores of stars that have exhausted their hydrogen supply and entered the red giant phase. Initially, two alpha particles fuse to form unstable beryllium-8, which exists for a very brief moment before decaying. If a third alpha particle strikes the beryllium nucleus before it decays, a stable carbon atom is produced. This nucleosynthesis reaction requires extremely high temperatures and pressures to overcome electrostatic repulsion. It is crucial for the formation of heavy elements in the universe.;Google
Leaving group;A leaving group is an atom or molecular fragment that departs with a pair of electrons in heterolytic bond cleavage. This process is fundamental to substitution and elimination reactions in organic chemistry. Generally, the best leaving groups are weak bases, as they are stable after accepting the electron pair. Common examples include halide ions such as iodide and bromide, as well as sulfonate esters like tosylates. The ability of a group to leave is influenced by the strength of the bond being broken and the stability of the resulting species. Strong acids typically produce conjugate bases that function as excellent leaving groups because of their low basicity and high stability.;Google
Holographic principle;The holographic principle is a cornerstone of string theory and quantum gravity, suggesting that the entire description of a volume of space is encoded on a lower-dimensional boundary surrounding it. This concept originated from black hole thermodynamics, where physicists observed that the entropy of a black hole is proportional to its surface area rather than its volume. Leading theorists Gerard 't Hooft and Leonard Susskind proposed that this principle applies universally to any region of space. It implies that the three-dimensional universe we perceive may actually be a two-dimensional information structure projected onto a cosmic horizon, fundamentally changing our understanding of physical reality.;Google
Endospore;An endospore is a dormant, tough, and non-reproductive structure produced by certain bacteria from the phylum Firmicutes. The primary function of most endospores is to ensure the survival of a bacterium through periods of environmental stress. They are therefore resistant to ultraviolet radiation, desiccation, high temperature, extreme freezing, and chemical disinfectants. Endospores are commonly found in soil and water, where they may survive for long periods. When conditions improve, the endospore can undergo germination to return to a vegetative state. This process allows species like Bacillus and Clostridium to persist in harsh conditions that would kill other organisms.;Google
BCS theory;BCS theory, named for physicists John Bardeen, Leon Cooper, and Robert Schrieffer, provides a microscopic explanation of superconductivity in metallic solids. The theory posits that at extremely low temperatures, electrons overcome their mutual electrostatic repulsion through interactions with lattice vibrations known as phonons. This subtle attraction causes electrons to form stable configurations called Cooper pairs. These pairs act as bosons rather than fermions, allowing them to condense into a single coherent quantum state. Within this ground state, the electron pairs move through the atomic lattice without encountering electrical resistance. The energy gap separating this superconducting state from higher energy levels prevents individual electrons from scattering, thereby facilitating perfect conductivity.;Google
Cellular respiration;Cellular respiration is a fundamental metabolic process through which cells convert biochemical energy from nutrients into adenosine triphosphate. This complex series of chemical reactions primarily occurs within the mitochondria of eukaryotic cells. The process typically involves three main stages: glycolysis, the citric acid cycle, and oxidative phosphorylation. During aerobic respiration, oxygen serves as the final electron acceptor, leading to the production of carbon dioxide and water as byproducts. This essential pathway provides the necessary energy for various cellular activities, including muscle contraction, nerve impulse propagation, and chemical synthesis. While glucose is the primary fuel source, fats and proteins can also be metabolized to sustain life.;Google
Neural tissue engineering;Neural tissue engineering is a multidisciplinary field that combines biology, engineering, and material science to repair or replace damaged nervous system components. It primarily focuses on treating conditions like spinal cord injuries, strokes, and neurodegenerative diseases. Researchers utilize biocompatible scaffolds, stem cells, and biochemical signals to encourage neuronal growth and functional recovery. Scaffolds provide structural support, mimicking the extracellular matrix, while growth factors guide axonal regeneration. Advances in biomaterials, such as conductive polymers and hydrogels, enhance electrical signaling between cells. This field aims to restore sensory and motor functions by bridging gaps in neural pathways, ultimately improving the quality of life for patients with neurological impairments.;Google
Principal component analysis;Principal component analysis is a statistical procedure that uses an orthogonal transformation to convert a set of observations of possibly correlated variables into a set of values of linearly uncorrelated variables called principal components. This method is primarily used for dimensionality reduction while preserving as much statistical variance as possible. The first principal component accounts for the largest possible variance, and each succeeding component is orthogonal to the preceding ones. PCA is widely applied in bioinformatics, image processing, and finance to simplify complex high-dimensional datasets and reveal hidden structures within the information. This mathematical technique facilitates easier data visualization and analysis by highlighting dominant patterns.;Google
Cloning;Cloning is a biological process used to create genetically identical copies of a cell or an organism. In biotechnology, this typically refers to somatic cell nuclear transfer, where the nucleus of a donor somatic cell is inserted into an enucleated egg cell. This manipulated cell then develops into an embryo, sharing the exact genetic profile of the donor. Cloning occurs naturally in some species through asexual reproduction, such as binary fission in bacteria or vegetative propagation in plants. While laboratory cloning has significant applications in medicine and agriculture, it also raises ethical concerns regarding potential human applications and the welfare of cloned animals.;Google
Game theory;Game theory is the study of mathematical models of strategic interaction among rational decision-makers. It has applications in all fields of social science, as well as in logic, systems science and computer science. Originally, it addressed zero-sum games, in which one person's gains result in losses for the other participants. Today, game theory applies to a wide range of behavioral relations, and is now an umbrella term for the science of logical decision making in humans, animals, and computers. The key concept is the Nash equilibrium, where no player can benefit by changing strategies if the others remain unchanged. This framework helps analyze competitive and cooperative behaviors in economics and politics.;Google
Titration;Titration is a fundamental laboratory technique used in quantitative chemical analysis to determine the unknown concentration of an identified analyte. During the procedure, a reagent known as the titrant, which has a precisely measured concentration and volume, is slowly added to the sample. The reaction continues until the equivalence point is reached, signifying that the amount of titrant added is chemically proportional to the analyte present. Often, a chemical indicator or a pH meter is utilized to detect the endpoint, marked by a physical change such as a color shift. This versatile method includes various types like acid-base, redox, and precipitation titrations.;Google
Leukopoiesis;Leukopoiesis refers to the complex physiological process responsible for the formation and development of white blood cells. This sequence predominantly takes place in the bone marrow, originating from multipotent hematopoietic stem cells. Through distinct maturation pathways, these precursor cells differentiate into various functional lineages, including granulocytes, monocytes, and lymphocytes. The progression is tightly regulated by signaling molecules such as colony-stimulating factors and interleukins. Granulopoiesis produces neutrophils, eosinophils, and basophils, while lymphopoiesis generates B cells, T cells, and natural killer cells. Each leukocyte type plays a specific role in the immune response. Maintaining balanced leukopoiesis is critical for protecting the body against infectious diseases, foreign invaders, and cellular abnormalities.;Google
Molecular recognition;Molecular recognition refers to the specific interaction between two or more molecules through non-covalent bonding. This phenomenon typically involves a host molecule and a guest molecule forming a stable complex. The specificity of these interactions is determined by complementary geometric shapes and chemical properties, often illustrated by the lock-and-key model. Crucial forces involved include hydrogen bonding, van der Waals forces, hydrophobic effects, and electrostatic interactions. It is fundamental to biological processes such as enzyme-substrate binding, DNA replication, and signal transduction. Beyond biology, it is central to supramolecular chemistry, enabling the design of synthetic sensors and molecular machines. Understanding these selective associations allows scientists to manipulate molecular systems for drug development and diagnostic applications.;Google
Asymptotic giant branch;The asymptotic giant branch is a period of stellar evolution undertaken by all low- to intermediate-mass stars late in their lives. This phase occurs after the red giant branch and the horizontal branch. During the AGB phase, a star features a carbon-oxygen core surrounded by shells of helium and hydrogen undergoing nuclear fusion. The star expands significantly, becoming a luminous red giant with a very cool surface temperature. Periodically, thermal pulses occur within the helium-burning shell, leading to significant mass loss through intense stellar winds. This process eventually ejects the outer layers, forming a planetary nebula and leaving behind a white dwarf remnant.;Google
Pi bond;A pi bond is a type of covalent chemical bond where two lobes of an atomic orbital overlap two lobes of another atomic orbital laterally. This side-to-side overlap typically involves p orbitals and occurs outside the direct internuclear axis. Pi bonds are generally weaker than sigma bonds because the electron density is more diffuse, being concentrated in regions above and below the bonded nuclei. They are characteristically found in multiple bond structures, such as double or triple bonds, always accompanying a primary sigma bond. These bonds play a crucial role in molecular geometry and the chemical reactivity of unsaturated hydrocarbons like alkenes and alkynes.;Google
Hemoglobin;Hemoglobin is a complex iron-containing metalloprotein found within the red blood cells of almost all vertebrates. Its primary physiological function is the transport of oxygen from the respiratory organs, such as lungs or gills, to the rest of the body's tissues. Once there, it releases oxygen to permit aerobic respiration and subsequently binds carbon dioxide to transport it back to the respiratory surface for excretion. Structurally, a single hemoglobin molecule consists of four globular protein subunits. Each subunit surrounds a central heme group, which contains an iron atom capable of binding one oxygen molecule. Any abnormalities in hemoglobin structure or production can lead to significant clinical conditions, including anemia and sickle cell disease.;Google
Computability;Computability is a branch of mathematical logic and computer science that focuses on identifying which problems can be solved using an algorithm. It originated from the work of Alan Turing and Alonzo Church, who formulated the Church-Turing thesis. This principle suggests that any function that can be computed by a person following a fixed set of rules can also be computed by a Turing machine. Central to this field is the distinction between decidable problems, which have a definite solution, and undecidable ones, like the halting problem. By classifying problems based on their inherent solvability, researchers establish the fundamental limits of automated calculation and theoretical hardware capabilities.;Google
Apical ectodermal ridge;The apical ectodermal ridge is a specialized structure at the distal tip of the developing vertebrate limb bud. It consists of a thickened layer of ectoderm that functions as a critical signaling center. The AER primarily secretes fibroblast growth factors, which maintain the underlying undifferentiated mesenchyme in a highly proliferative state known as the progress zone. This interaction is essential for the outgrowth and proximal-to-distal patterning of the limb. If the ridge is removed during development, further outgrowth ceases. The AER also plays a role in establishing the dorsal-ventral axis, ensuring the correct spatial organization of tissues during embryonic morphogenesis.;Google
Spread spectrum;Spread spectrum is a communication technique where a signal is intentionally spread over a wider frequency band than the minimum bandwidth necessary for data transmission. This method enhances resistance to interference, noise, and jamming while improving signal security. The two primary methods are frequency-hopping spread spectrum, which shifts carriers across different frequencies, and direct-sequence spread spectrum, which multiplies data by a high-rate bit sequence. Historically developed for secure military applications, spread spectrum now underpins modern wireless technologies including Wi-Fi, Bluetooth, and GPS. By distributing power over a broad spectrum, the signal becomes difficult to intercept or disrupt without the correct synchronization sequence.;Google
Finite difference method;The finite difference method is a numerical technique used to solve differential equations by approximating derivatives with finite differences. It discretizes a continuous domain into a grid of discrete points. Derivatives at these points are replaced by algebraic expressions involving neighboring values, typically derived from Taylor series expansions. This transformation converts complex differential equations into a system of linear or nonlinear algebraic equations that can be solved computationally. The method is widely applied in various fields, such as fluid dynamics, heat transfer, and electromagnetics, due to its conceptual simplicity and ease of implementation for regular geometries. It remains a foundational tool in computational mathematics and engineering simulation.;Google
Hsp70;Hsp70 proteins are a family of highly conserved molecular chaperones found in almost all living organisms. They play a critical role in cellular proteostasis by assisting in the folding of nascent polypeptides and the refolding of misfolded or denatured proteins. These proteins function through an ATP-dependent cycle, binding to exposed hydrophobic patches on substrate proteins to prevent harmful aggregation. Beyond their role in protein folding, Hsp70 chaperones facilitate the transport of proteins across organelle membranes and participate in the degradation of damaged proteins. Their expression often increases under physiological stress, such as elevated temperatures, to protect the proteome from thermal damage and ensure overall cell survival.;Google
Limb bud;A limb bud is an embryonic precursor to a vertebrate limb, such as a wing, leg, or fin. It originates from the lateral plate mesoderm and overlying ectoderm during early development. The process begins when mesenchymal cells proliferate, forming a protrusion on the embryo's body wall. Key signaling centers like the apical ectodermal ridge and the zone of polarizing activity coordinate growth and patterning along the proximodistal, anteroposterior, and dorsoventral axes. These structures ensure the correct placement of bones, muscles, and skin. As the bud elongates, programmed cell death eventually carves out digits, transforming the simple protrusion into a complex, functional limb structure.;Google
Biosignature;A biosignature is any substance, object, or phenomenon that provides scientific evidence of past or present life. In the context of astrobiology, these indicators are essential for detecting life on other planetary bodies. Biosignatures can range from chemical compositions, such as atmospheric oxygen and methane, to physical structures like fossils or microbial mats. Isotopic signatures and complex organic molecules also serve as critical markers. The identification of a biosignature requires rigorous validation to rule out non-biological, abiotic processes that might mimic biological activity. As researchers explore Mars and icy moons, the search for definitive biosignatures remains a primary objective in understanding our universe.;Google
Hidden Markov model;A Hidden Markov Model is a statistical model used to describe systems with unobserved or hidden states. It is based on the Markov process, which assumes that the future state depends only on the current state. In this framework, while the internal states are hidden, they produce observable outputs that provide information about the underlying sequence. Each state has a probability distribution over possible outcomes, and transitions are governed by specific probabilities. These models are widely applied in fields such as speech recognition, bioinformatics, and financial analysis. They effectively handle sequential data where the generating mechanism is not directly visible to the observer, allowing for the estimation of hidden parameters.;Google
p-value;The p-value is a statistical measure used in hypothesis testing to determine the significance of observed results. It represents the probability of obtaining test results at least as extreme as the results actually observed, under the assumption that the null hypothesis is correct. A smaller p-value suggests that the observed data are unlikely to have occurred by chance alone, leading researchers to reject the null hypothesis in favor of an alternative hypothesis. Typically, a threshold of 0.05 is used as a benchmark for statistical significance. However, the p-value does not measure the magnitude of an effect, but rather the strength of the evidence against the null hypothesis.;Google
Ubiquitin;Ubiquitin is a small regulatory protein found in nearly all eukaryotic organisms. It functions as a molecular tag through a process called ubiquitination, where it covalently bonds to target proteins. This modification typically signals for the destruction of damaged or short-lived proteins via the 26S proteasome, a specialized degradation complex. Beyond proteolysis, ubiquitin plays critical roles in cell signaling, DNA repair, and intracellular trafficking. The attachment mechanism requires a cascade of three enzymes: E1 activating enzymes, E2 conjugating enzymes, and E3 ligases. Due to its vital role in protein homeostasis, ubiquitin is remarkably conserved across species, ensuring the precision and efficiency of cellular metabolism and gene expression.;Google
Cell adhesion;Cell adhesion is the process by which cells interact and attach to neighboring cells or the surrounding extracellular matrix through specialized molecules on the cell surface. This fundamental biological mechanism is mediated by cell adhesion molecules, such as integrins, cadherins, and selectins. These proteins facilitate communication, maintain tissue integrity, and regulate cellular functions like migration and signal transduction. Adhesion is crucial for the formation of tissues and organs during embryonic development and plays a vital role in immune responses and wound healing. Dysregulation of cell adhesion can lead to various diseases, including cancer metastasis and inflammatory disorders. Understanding these interactions is essential for studying complex multicellular systems.;Google
ABC transporter;ATP-binding cassette transporters, or ABC transporters, represent a large and diverse superfamily of integral membrane proteins found in all living organisms. These transporters utilize the energy derived from ATP hydrolysis to move substrates, such as ions, lipids, and drugs, across cellular membranes against their concentration gradients. Structurally, most ABC transporters consist of two hydrophobic transmembrane domains that form the translocation pathway and two cytosolic nucleotide-binding domains that bind and hydrolyze ATP. They play critical roles in various physiological processes and are medically significant due to their involvement in bacterial multidrug resistance and several human genetic diseases, including cystic fibrosis and various lipid metabolism disorders.;Google
Causal dynamical triangulation;Causal dynamical triangulation is a non-perturbative approach to quantum gravity that seeks to describe the large-scale structure of spacetime. It approximates the four-dimensional manifold using simplicial complexes, specifically four-dimensional simplices or triangles. Unlike previous models, it enforces causality by distinguishing between space-like and time-like edges, ensuring that the temporal evolution follows a logical order. This method applies path integrals over these discrete geometries to find a macroscopic continuum limit. Research suggests that this approach successfully reproduces the observed four-dimensional nature of our universe at large scales while revealing a fractal structure at the Planck scale, offering a potential path toward a unified theory.;Google
Calixarene;Calixarenes are a class of macrocyclic compounds formed through the condensation of phenols and aldehydes, typically formaldehyde. The name derives from the Greek word calix, meaning chalice, due to the characteristic basket-like conformation of these molecules. They possess a hydrophobic internal cavity and a hydrophilic rim, making them versatile hosts in supramolecular chemistry. By varying the number of phenolic units, researchers can control the cavity size and binding properties. These molecules are extensively utilized as molecular scaffolds for designing sensors, catalysts, and ion-selective membranes. Their ability to form stable host-guest complexes allows for the selective recognition of various cations, anions, and neutral organic molecules.;Google
Particulate matter;Particulate matter, also known as atmospheric aerosol particles, consists of microscopic solid or liquid matter suspended in the atmosphere of Earth. These particles originate from both natural sources, such as volcanic eruptions and sea spray, and anthropogenic activities, including fossil fuel combustion and industrial processes. Scientists categorize these substances by their aerodynamic diameter. PM10 refers to particles with a diameter of 10 micrometers or less, while PM2.5 describes finer particles under 2.5 micrometers. Due to their small size, these pollutants can penetrate deep into the human respiratory system and enter the bloodstream, posing significant risks to cardiovascular and pulmonary health while also impacting global climate patterns.;Google
Peptidoglycan;Peptidoglycan, also known as murein, is a vital polymer that forms a mesh-like layer outside the plasma membrane of most bacteria, establishing the cell wall. It is composed of alternating residues of N-acetylglucosamine and N-acetylmuramic acid, which are cross-linked by short peptide chains. This structural lattice provides essential mechanical strength, allowing bacteria to withstand significant internal osmotic pressure and maintain their shape. Peptidoglycan is a primary target for many antibiotics, such as penicillin, which inhibit its synthesis to cause bacterial lysis. The thickness and accessibility of this layer are key factors in differentiating bacteria through Gram staining techniques.;Google
Antibody;An antibody, also known as an immunoglobulin, is a large, Y-shaped protein produced by plasma cells that is used by the immune system to neutralize pathogens such as bacteria and viruses. The antibody recognizes a unique molecule of the harmful agent, called an antigen, via the variable regions located at the tips of its structure. Each antibody is specific to a particular antigen, allowing the immune system to precisely target diverse invaders. Once bound, antibodies can directly disable the pathogen or tag it for destruction by other immune cells. They are essential components of the adaptive immune system, providing long-term protection through immunological memory.;Google
Genetic drift;Genetic drift is a mechanism of evolution that involves random changes in allele frequencies within a population over time. Unlike natural selection, which is driven by fitness and reproductive success, genetic drift occurs due to chance events in sampling gametes. This phenomenon is particularly significant in small populations where random fluctuations can lead to the fixation or total loss of specific alleles. Common manifestations of genetic drift include the bottleneck effect, resulting from a sudden population reduction, and the founder effect, which occurs when a small group establishes a new colony. Over generations, these stochastic processes reduce genetic variation and can lead to divergence between isolated populations.;Google
RefSeq;The Reference Sequence database, maintained by the National Center for Biotechnology Information, provides an open-access collection of curated, non-redundant, and stably identified nucleotide and protein sequences. Unlike archival repositories like GenBank, RefSeq provides a representative sequence for each biological molecule, including genomic DNA, transcripts, and proteins, across a broad taxonomic range. These records are synthesized from available data and undergo various levels of manual and automated curation to ensure high quality and consistency. RefSeq serves as a fundamental standard for genome annotation, comparative genomics, and clinical reporting, facilitating reliable identification of genetic variations and functional elements within biological research.;Google
Pseudogene;A pseudogene is a segment of DNA that structurally resembles a functional gene but has lost its ability to code for proteins or be expressed within a cell. These genomic components are often referred to as genomic fossils because they provide a historical record of past gene duplications or viral integrations. Pseudogenes typically arise through two primary mechanisms: the accumulation of deleterious mutations in a duplicated gene or the reverse transcription of messenger RNA back into the genome. Although once dismissed as junk DNA, recent research suggests that some pseudogenes may play regulatory roles in gene expression or serve as precursors for new genetic functions through evolutionary processes.;Google
Depth-first search;Depth-first search is a fundamental algorithm used for traversing or searching tree or graph data structures. The method begins at the root node and explores as far as possible along each branch before backtracking. This systematic approach utilizes a stack data structure, either explicitly or through recursion, to keep track of the path taken. DFS is particularly useful in solving puzzles, identifying connected components, and performing topological sorts. While efficient in terms of memory compared to breadth-first search, it can become trapped in infinite loops within cyclic graphs unless visited nodes are marked. Consequently, it is a cornerstone of computational graph theory.;Google
Topology;Topology is a branch of mathematics concerned with the properties of geometric objects that remain preserved under continuous deformations, such as stretching, twisting, and bending, but not tearing or gluing. Often described as rubber sheet geometry, it focuses on fundamental spatial characteristics like connectedness, continuity, and boundary. A famous example illustrates that a coffee mug and a donut are topologically equivalent because one can be reshaped into the other without breaking the surface. Unlike Euclidean geometry, topology disregards specific measurements like lengths or angles, instead categorizing shapes based on their global structure and the arrangement of their points in space.;Google
Optical flow;Optical flow refers to the pattern of apparent motion of objects, surfaces, and edges in a visual scene caused by the relative motion between an observer and the scene. In computer vision, it is represented as a vector field where each vector indicates the displacement of points between consecutive image frames. This technique relies on the assumption of brightness constancy, suggesting that the intensity of a moving point remains relatively stable over time. Applications of optical flow include motion detection, object tracking, video compression, and autonomous vehicle navigation. By calculating these velocity vectors, systems can interpret three-dimensional structures and movement within a dynamic environment.;Google
Folate;Folate, also known as vitamin B9, is a water-soluble vitamin essential for numerous physiological functions in the human body. It acts as a coenzyme in the synthesis of nucleic acids, including DNA and RNA, and is critical for amino acid metabolism. This nutrient plays a vital role in rapid cell division and growth, making it particularly important during pregnancy and infancy. A deficiency in folate can lead to megaloblastic anemia and is strongly associated with neural tube defects in developing fetuses. While naturally occurring in leafy green vegetables, legumes, and liver, its synthetic form, folic acid, is frequently used in supplements and fortified foods to ensure adequate intake across populations.;Google
Sedimentary rock;Sedimentary rocks are one of the three main rock groups, along with igneous and metamorphic rocks. They form through the accumulation of mineral or organic particles at Earth's surface, followed by cementation. This process, known as lithification, typically occurs in bodies of water where sediment settles over time. These rocks are often characterized by distinct layers called strata, which reflect changes in depositional environments. Common examples include sandstone, limestone, and shale. Sedimentary rocks are vital for geological study as they often contain fossils and preserve records of Earth's past climates and biological history. They cover approximately seventy-five percent of the planet's land surface.;Google
Breadth-first search;Breadth-first search is a fundamental algorithm used in computer science for traversing or searching tree or graph data structures. It starts at a specific node, often called the root, and explores all of its immediate neighbors before moving to the next level of nodes. This level-by-level approach ensures that the algorithm visits all nodes at a given depth before descending further. BFS typically utilizes a queue to manage the order of node visits, which guarantees that the shortest path is found in unweighted graphs. This algorithm is essential for solving problems involving connectivity, shortest paths, and network flow across various technical domains.;Google
Tubulin;Tubulin is a globular protein that serves as the fundamental building block of microtubules, which are essential components of the eukaryotic cytoskeleton. It typically exists as a heterodimer composed of alpha and beta subunits. These dimers polymerize head-to-tail to form protofilaments, thirteen of which usually arrange into a hollow cylindrical tube. Tubulin plays a critical role in various cellular processes, including maintaining cell shape, enabling intracellular transport, and facilitating chromosome segregation during mitosis. Because it is vital for cell division, tubulin is a major target for several anti-cancer drugs that inhibit microtubule assembly or disassembly. Gamma-tubulin also exists, primarily functioning in the nucleation and polar orientation of microtubules within centrosomes.;Google
Thrust;Thrust is a fundamental mechanical force used to move a physical object through a medium or vacuum. Defined by Newton's third law of motion, thrust is the reaction force produced when a system expels or accelerates mass in one direction. In aerospace engineering, engines generate thrust by accelerating gases rearward, which pushes the vehicle forward. The magnitude of this force is proportional to the mass flow rate and the velocity of the exhaust. This principle applies to jet engines, rocket motors, and propellers. Understanding thrust is essential for calculating the acceleration, lift, and overall performance of aircraft and spacecraft during transit.;Google
Ozone depletion;Ozone depletion refers to the gradual thinning of Earth's ozone layer in the upper atmosphere. This phenomenon is primarily caused by the release of chemical compounds containing gaseous chlorine or bromine from industry and other human activities. The most significant contributors are chlorofluorocarbons, commonly known as CFCs. When these substances reach the stratosphere, solar radiation breaks them down, releasing atoms that destroy ozone molecules. The depletion is most prominent over Antarctica, forming what is known as the ozone hole. Reduced ozone levels allow more ultraviolet radiation to reach Earth, increasing risks of skin cancer, cataracts, and environmental damage. International efforts, like the Montreal Protocol, have successfully limited the production of these harmful chemicals.;Google
Anesthesia;Anesthesia is a controlled medical intervention that induces a temporary state of sensory loss or unconsciousness for clinical procedures. It works by pharmacologically interrupting nerve impulse transmission between the peripheral nervous system and the brain. Practitioners categorize anesthesia into three primary modalities: local, regional, and general. Local anesthesia targets a specific site, while regional techniques desensitize larger body segments. General anesthesia achieves a reversible loss of consciousness, incorporating amnesia, analgesia, and muscle relaxation. Throughout administration, specialized clinicians monitor vital physiological parameters to ensure patient safety and hemodynamic stability. This scientific advancement remains fundamental to modern surgery, allowing for invasive procedures without pain.;Google
L-function;An L-function is a complex-valued function that encodes arithmetic data about various mathematical objects, such as number fields, elliptic curves, or modular forms. These functions originate from the Riemann zeta function, which relates the distribution of prime numbers to the zeros of the function. General L-functions are defined using Dirichlet series and often satisfy a functional equation and have an analytic continuation to the entire complex plane. The Langlands program suggests that every L-function arises from an automorphic representation. Central conjectures, such as the Generalized Riemann Hypothesis and the Birch and Swinnerton-Dyer conjecture, focus on the zeros and values of these functions, linking them to fundamental problems in modern number theory.;Google
Lepton;A lepton is an elementary particle of half-integer spin that does not undergo strong interactions. Leptons are classified into two main groups: charged leptons and neutral leptons, known as neutrinos. There are six types of leptons organized into three generations. The first generation consists of the electron and the electron neutrino. The second generation includes the muon and the muon neutrino. The third generation contains the tau and the tau neutrino. Charged leptons possess an electric charge of negative one and interact via electromagnetism and the weak force. In contrast, neutrinos are electrically neutral and interact only through the weak force and gravity. Leptons are fundamental components of the Standard Model of particle physics.;Google
Mirror neuron;Mirror neurons are a specialized class of visuomotor neurons that discharge both when an individual performs a specific motor act and when they observe another individual performing the same or a similar action. First discovered in the premotor cortex of macaque monkeys during the 1990s, these cells are primarily located in the inferior frontal gyrus and the inferior parietal lobe. Scientists believe mirror neurons play a crucial role in cognitive functions such as imitation, motor learning, and understanding the intentions of others. They are also hypothesized to be fundamental to the development of empathy and language acquisition by bridging the gap between personal experience and social perception.;Google
Loop quantum gravity;Loop quantum gravity is a theoretical framework in physics that seeks to reconcile general relativity with quantum mechanics. Unlike traditional approaches that view spacetime as a smooth, continuous fabric, this theory proposes that space is composed of discrete, fundamental units. These units are conceptualized as nodes and links in a structure called a spin network. As these networks evolve over time, they form what researchers call spin foams. A key feature of the theory is background independence, meaning it does not rely on a fixed coordinate system. This implies that geometry itself is quantized at the extremely small Planck scale.;Google
Diffusion;Diffusion is the net movement of particles from an area of higher concentration to an area of lower concentration. This process occurs due to the random thermal motion of molecules, often referred to as Brownian motion. It is a passive transport mechanism, meaning it requires no external energy input. Diffusion continues until the concentration gradient is eliminated and a state of dynamic equilibrium is reached. In biological systems, it is essential for the exchange of gases like oxygen and carbon dioxide across cell membranes. Various factors influence the rate of diffusion, including temperature, particle size, and the medium's viscosity. This fundamental physical process is observed in gases, liquids, and solids.;Google
Prolactin;Prolactin is a peptide hormone produced by the lactotroph cells in the anterior pituitary gland. While primarily recognized for its role in stimulating milk production, known as lactation, in mammals, it possesses over 300 different biological functions across various vertebrate species. Regulation of prolactin secretion is unique because it is predominantly under inhibitory control by dopamine from the hypothalamus. Beyond reproduction, prolactin influences immune function, metabolism, and osmoregulation. In humans, elevated levels, or hyperprolactinemia, can lead to reproductive dysfunction, such as infertility or galactorrhea. The hormone exerts its effects by binding to specific prolactin receptors located throughout the body, triggering intracellular signaling pathways that modulate gene expression.;Google
Inattentional blindness;Inattentional blindness is a psychological phenomenon where an individual fails to perceive an unexpected stimulus that is in plain sight. This occurs because the observer is heavily focused on a specific task or another object, causing the brain to filter out irrelevant visual information. It is not caused by visual defects but rather by a lack of psychological attention. Famous experiments, such as the invisible gorilla study, demonstrate how people can miss significant events when their cognitive resources are occupied. This concept highlights the limitations of human perception and emphasizes that seeing involves both optical input and active mental processing to recognize environmental changes.;Google
Photon;A photon is an elementary particle, the quantum of the electromagnetic field including electromagnetic radiation such as light and radio waves, and the force carrier for the electromagnetic force. Photons are massless, so they always move at the speed of light in vacuum, 299,792,458 m/s. Like all quanta, photons exhibit both wave and particle properties, a phenomenon known as wave-particle duality. The modern concept of the photon was developed gradually by Albert Einstein to explain experimental observations that did not fit the classical wave model of light. The energy of a single photon depends on its frequency and is given by the product of Planck's constant and that frequency.;Google
Aquaporin;Aquaporins are specialized integral membrane proteins that form pores in the cell membranes of biological organisms. These channels primarily facilitate the rapid transport of water molecules across the lipid bilayer while preventing the passage of ions and other solutes. Discovered by Peter Agre, who received the Nobel Prize for this finding, aquaporins are essential for maintaining osmotic balance and cellular homeostasis. They are found across all kingdoms of life, including bacteria, plants, and animals. In humans, they play a critical role in physiological processes such as kidney filtration and tear production. Structurally, aquaporins exist as tetramers where each individual subunit functions as an independent water channel.;Google
Optical coherence tomography;Optical coherence tomography, commonly known as OCT, is a non-invasive medical imaging technique that utilizes low-coherence light to capture high-resolution, three-dimensional images from within biological tissues. By employing the principles of low-coherence interferometry, usually with near-infrared light, OCT measures the time delay and intensity of backscattered light. This process allows for the visualization of microscopic structures with micrometer-scale precision. While it is most extensively utilized in ophthalmology to produce detailed cross-sectional maps of the retina, its applications extend to cardiology and oncology. This imaging modality bridges the gap between ultrasound and confocal microscopy, offering deep penetration into scattering media without the need for ionizing radiation.;Google
Beta-lactamase;Beta-lactamases are enzymes produced by bacteria that provide multi-drug resistance to beta-lactam antibiotics such as penicillins, cephalosporins, cephamycins, and carbapenems. These enzymes work by breaking the antibiotic's chemical structure. Specifically, they hydrolyze the four-atom beta-lactam ring, deactivating the molecule's antibacterial properties before it can reach its target. Through this defensive mechanism, bacteria survive exposure to clinical treatments, posing a significant challenge in modern medicine and public health. Beta-lactamases are categorized into distinct classes based on their amino acid sequences and substrate profiles. The rapid evolution of these enzymes has led to the emergence of resistant strains, necessitating the development of specific inhibitors to restore antibiotic efficacy.;Google
Checkpoint inhibitor;Checkpoint inhibitors are a revolutionary class of cancer immunotherapy drugs that function by unmasking malignant cells to the immune system. These agents target specific proteins, known as immune checkpoints, which normally act as brakes on the body's immune response to prevent autoimmunity. Cancer cells often exploit these pathways, such as PD-1 or CTLA-4, to evade detection by T cells. By blocking these inhibitory signals, the medication restores the capacity of the immune system to recognize and eliminate tumors. Since their introduction, these inhibitors have significantly improved survival rates for various cancers, including melanoma and non-small cell lung carcinoma, marking a major shift in modern clinical oncology and patient outcomes.;Google
RIG-I;Retinoic acid-inducible gene I, or RIG-I, is a cytosolic pattern recognition receptor critical for the innate immune system's detection of RNA viruses. As a member of the RIG-I-like receptor family, it identifies specific viral signatures, such as short double-stranded RNA and 5'-triphosphorylated single-stranded RNA. When RIG-I binds to these ligands, it undergoes a structural shift enabling interaction with the mitochondrial antiviral-signaling protein. This process triggers intracellular signaling pathways that activate transcription factors, inducing the production of type I interferons and proinflammatory cytokines. These mediators are essential for establishing an antiviral state within host cells and orchestrating an effective immune response against diverse viral pathogens.;Google
Sedimentary basin;A sedimentary basin is a low-lying area on the Earth's crust, formed by tectonic activity, where thick layers of sediment accumulate over millions of years. These basins are primarily created through lithospheric stretching, cooling, or crustal loading, which causes the surface to subside. As water carries eroded materials like sand, silt, and clay into these depressions, the weight of the layers leads to further sinking. Over time, heat and pressure transform these sediments into sedimentary rock. These geological features are of immense economic importance because they often host significant reserves of fossil fuels, including petroleum, natural gas, and coal, as well as essential groundwater resources.;Google
Ductility;Ductility is a mechanical property describing a material's ability to undergo significant plastic deformation under tensile stress before fracturing. It is commonly characterized by the capacity of a substance, such as a metal, to be drawn into thin wires without breaking. In materials science, ductility is quantitatively measured by the percentage of elongation or the reduction in cross-sectional area during a tensile test. This property depends on the atomic structure and temperature of the material. Metals like gold and copper are highly ductile because their metallic bonds allow layers of atoms to slide past one another. Conversely, materials that break with minimal deformation are termed brittle.;Google
Activation function;An activation function is a mathematical operation applied to the output of a neuron within an artificial neural network. It determines whether a specific neuron should be activated by calculating the weighted sum of its inputs and adding a bias term. These functions introduce non-linear properties to the system, enabling the network to learn complex patterns and represent non-linear relationships in data. Without them, a multi-layer network would behave like a single-layer linear regression model regardless of its depth. Common types include the sigmoid, the hyperbolic tangent, and the rectified linear unit. Each function possesses unique characteristics influencing gradient descent and the overall computational efficiency during the training process.;Google
Kerr effect;The Kerr effect, or the quadratic electro-optic effect, describes the change in the refractive index of a material when subjected to an electric field. Discovered by Scottish physicist John Kerr in 1875, this phenomenon induces birefringence in substances that are typically isotropic. Unlike the Pockels effect, which varies linearly, the refractive index change in the Kerr effect is proportional to the square of the applied electric field. It is categorized into the DC Kerr effect and the optical Kerr effect. The latter occurs when the intensity of light itself modifies the refractive index of the medium. Applications include high-speed optical shutters and laser mode-locking.;Google
Green chemistry;Green chemistry, also known as sustainable chemistry, is a scientific area focused on the design of products and processes that minimize or eliminate the use and generation of hazardous substances. It seeks to reduce the environmental impact of chemical manufacturing by prioritizing efficiency and safety. The field is guided by twelve principles, which include waste prevention, atom economy, and the use of renewable feedstocks. Unlike remediation, which cleans up pollution after it occurs, green chemistry aims to prevent pollution at the molecular level. By utilizing catalysts and safer solvents, researchers develop sustainable alternatives that protect human health and the ecosystem while maintaining economic viability in industrial applications.;Google
Naphthalene;Naphthalene is an organic compound with the chemical formula C10H8, representing the simplest polycyclic aromatic hydrocarbon. Structurally, it consists of two fused benzene rings sharing two adjacent carbon atoms. This white crystalline solid is well known for its pungent odor and its ability to undergo sublimation, transitioning directly from solid to vapor at room temperature. Primarily sourced from coal tar, naphthalene serves as a vital industrial precursor for synthesizing phthalic anhydride, which is used in manufacturing plastics and dyes. While historically utilized in mothballs, its use is increasingly regulated due to health risks and environmental concerns.;Google
Chondrocyte;Chondrocytes are the only cells found in healthy cartilage and are responsible for producing and maintaining the cartilaginous matrix. They originate from mesenchymal stem cells via a process known as chondrogenesis. These cells reside within small cavities called lacunae, situated within the dense extracellular matrix they secrete. This matrix primarily consists of collagen fibers and proteoglycans, providing structural support and flexibility to various anatomical structures, including joints and the respiratory system. Because cartilage is avascular, chondrocytes rely on diffusion for nutrients and oxygen, resulting in a low metabolic rate. Their specialized function ensures the integrity and repair of connective tissues throughout the human skeletal system.;Google
Resonance;Resonance is a physical phenomenon where a system oscillates with greater amplitude at specific frequencies, known as its resonant frequencies. This occurs when an external periodic force is applied at a frequency that matches the system's natural frequency of vibration. At these frequencies, the system stores vibrational energy with minimal dissipation. Resonance is observed across various fields, including acoustics, mechanics, electromagnetism, and quantum physics. In musical instruments, resonance amplifies sound, while in structural engineering, it can cause catastrophic failures if buildings or bridges vibrate excessively. Understanding resonance is crucial for designing stable structures and developing advanced technologies like magnetic resonance imaging.;Google
Inner cell mass;The inner cell mass is a cluster of cells located within the blastocyst during early mammalian embryonic development. It represents the pluripotency stage where cells have the potential to differentiate into all three germ layers: the ectoderm, mesoderm, and endoderm. Positioned at one pole of the blastocoel, the inner cell mass is distinct from the surrounding trophoblast layer, which eventually forms the placenta. As development progresses, these cells give rise to the entire body of the fetus and certain extraembryonic membranes. Because these cells can become any cell type in the adult body, they are the primary source for deriving embryonic stem cells in laboratory research settings.;Google
Dermal fibroblast;Dermal fibroblasts are specialized cells located within the dermis layer of the skin, primarily responsible for the synthesis and maintenance of the extracellular matrix. These cells originate from the mesoderm and play a critical role in providing structural integrity to the integumentary system. They produce essential proteins such as collagen, elastin, and fibronectin, which dictate skin elasticity and strength. Beyond structural support, dermal fibroblasts are vital during wound healing, where they proliferate and migrate to the site of injury to facilitate tissue repair through myofibroblast differentiation. Emerging research highlights their functional heterogeneity, with distinct subpopulations existing in the papillary and reticular layers of the dermis.;Google
Standard Model;The Standard Model is the theoretical framework in particle physics that describes the fundamental particles and three of the four known fundamental forces in the universe. It classifies elementary particles into two main groups: fermions, which constitute matter, and bosons, which mediate interactions. Fermions are further divided into quarks and leptons, while gauge bosons include the photon, gluon, and W and Z bosons. These particles interact via the electromagnetic, weak, and strong nuclear forces. The Higgs boson, discovered in 2012, explains how other particles acquire mass through the Higgs field. While remarkably successful, the model excludes gravity and does not account for dark matter or dark energy.;Google
Wax ester;Wax esters are a class of organic compounds formed by the esterification of a long-chain fatty acid with a long-chain fatty alcohol. Unlike triglycerides, which contain three fatty acids bonded to glycerol, wax esters possess a simpler structure characterized by a single ester linkage connecting two long aliphatic chains. These molecules are highly hydrophobic and serve various biological functions across different taxa. In plants, they constitute a primary component of the cuticle, preventing desiccation. In animals, wax esters are found in skin sebum and serve as critical energy reserves for marine organisms like copepods and deep-sea fish. They also have significant industrial applications in cosmetics and lubricants.;Google
Photon statistics;Photon statistics describes the statistical properties and distribution of light quanta, or photons, in a given electromagnetic field. It characterizes how photons are distributed in time and space, primarily categorized by their second-order coherence properties. There are three fundamental types of photon statistics: Poissonian, super-Poissonian, and sub-Poissonian. Coherent light, like that from a laser, follows Poissonian statistics where photon arrivals are independent. Thermal light exhibits super-Poissonian statistics, often referred to as photon bunching. Conversely, non-classical light sources, such as single-photon emitters, display sub-Poissonian statistics or anti-bunching. These statistical variations are essential for understanding quantum optics and developing technologies like quantum cryptography and high-precision sensing.;Google
Atopy;Atopy is a genetic predisposition to develop allergic diseases characterized by an exaggerated immune response to common environmental allergens. This condition involves the production of specific immunoglobulin E antibodies against substances such as pollen, house dust mites, and certain foods. Clinically, atopy frequently manifests as a triad of conditions known as the atopic march, which includes atopic dermatitis, allergic rhinitis, and bronchial asthma. These hypersensitivity reactions typically result from a complex interplay between hereditary factors and environmental triggers. The physiological basis of atopy is often linked to the activation of T helper 2 cells, which drive the inflammatory processes underlying these chronic allergic symptoms.;Google
Atomic force microscopy;Atomic Force Microscopy is a high-resolution type of scanning probe microscopy used to image surfaces at the atomic scale. It works by scanning a sharp tip attached to a cantilever across a sample surface. As the tip approaches the surface, forces between the tip and the sample cause the cantilever to deflect according to Hooke's Law. These deflections are measured using a laser beam reflected off the back of the cantilever onto a position-sensitive photodiode. AFM can operate in various modes, including contact and non-contact, allowing researchers to study physical topography, electrical properties, and mechanical strength. This versatile technique is essential in nanotechnology, biology, and materials science research.;Google
Etiology;Etiology refers to the study of causation or origination, primarily utilized within the fields of medicine, biology, and psychology to determine the underlying factors responsible for a particular condition or phenomenon. In a medical context, it involves identifying the specific pathogens, genetic predispositions, or environmental triggers that lead to the development of a disease. Understanding etiology is crucial for effective diagnosis, prevention, and treatment, as it distinguishes between the symptoms and the root causes of an illness. Beyond medicine, the term is applied in philosophy and physics to explore the chain of events leading to specific results, providing a framework for analyzing how various influences interact to produce observed outcomes.;Google
Gel electrophoresis;Gel electrophoresis is a laboratory technique used to separate mixtures of DNA, RNA, or proteins based on their molecular size and charge. During this process, biological molecules are pushed through a porous gel matrix by an electric field. The gel, typically made of agarose or polyacrylamide, acts as a sieve. Smaller molecules migrate faster and further through the pores than larger ones. As the current flows, the samples move toward the electrode with the opposite charge. Once separated, the molecules appear as distinct bands, which can be visualized using specific dyes or ultraviolet light to determine their relative concentrations and lengths.;Google
Inhibitory control;Inhibitory control, also known as response inhibition, is a cognitive process that permits an individual to inhibit their impulses and natural, habitual, or dominant behavioral responses to stimuli in order to select a more appropriate behavior that is consistent with completing a goal. This executive function is primarily mediated by the prefrontal cortex, particularly the right inferior frontal gyrus and the subthalamic nucleus. It allows people to resist temptations, ignore distractions, and pause before acting. Deficits in inhibitory control are often associated with various neuropsychological conditions, including attention deficit hyperactivity disorder, substance use disorders, and obsessive-compulsive disorder. Assessing this ability typically involves standardized tests like the Stroop task or the go/no-go paradigm.;Google
Protein Data Bank;The Protein Data Bank is a fundamental global repository for the three-dimensional structural data of large biological molecules, including proteins and nucleic acids. Established in 1971, it serves as a central archive for structural biology research worldwide. Data deposited within the PDB typically result from experimental methods like X-ray crystallography, nuclear magnetic resonance spectroscopy, and cryo-electron microscopy. Managed by the Worldwide Protein Data Bank organization, it provides open access to scientists and educators. This resource is indispensable for drug discovery, bioinformatics, and understanding molecular mechanisms. By centralizing structural information, the PDB facilitates advancements in medicine and biotechnology through collaborative data sharing and standardized formatting.;Google
Transition state;In chemistry, the transition state represents a specific configuration along a reaction coordinate where the system possesses the highest potential energy. This fleeting state occurs during the conversion of reactants into products as chemical bonds are simultaneously broken and formed. Defined by transition state theory, it corresponds to the peak of the activation energy barrier. Unlike intermediates, transition states cannot be isolated because they exist only momentarily at a mathematical saddle point on the potential energy surface. Understanding this state is crucial for predicting reaction rates and mechanisms, as catalysts function primarily by stabilizing the transition state to lower the required energy for a chemical transformation.;Google
Abrupt climate change;Abrupt climate change refers to a sudden shift in the climate system occurring over a timescale faster than the responsible forcing. Unlike gradual shifts, these events occur within decades or even years, often crossing critical thresholds or tipping points. Such changes frequently stem from positive feedback loops or reorganizations of atmospheric and oceanic circulation patterns, such as the Atlantic Meridional Overturning Circulation. Paleoclimate data, derived from ice cores and sediment layers, provide evidence of past abrupt events like the Younger Dryas. Modern concerns focus on how anthropogenic global warming might trigger similar rapid transitions, potentially leading to irreversible impacts on global ecosystems and human societies.;Google
Nuclear medicine;Nuclear medicine is a medical specialty that uses radioactive substances to diagnose and treat various diseases. It differs from traditional radiology because it focuses on organ function and physiology rather than just anatomy. Small amounts of radionuclides, called radiopharmaceuticals, are introduced into the body via injection, inhalation, or ingestion. These substances emit gamma rays detected by specialized cameras to create detailed images of internal processes. Common applications include identifying cancer stages, evaluating heart conditions, and assessing renal function. Furthermore, nuclear medicine provides targeted therapy by using specific isotopes to destroy diseased cells, such as thyroid tissue or tumors, while minimizing damage to healthy surrounding tissue.;Google
Carbon footprint;A carbon footprint represents the total amount of greenhouse gases, primarily carbon dioxide and methane, emitted into the atmosphere by a particular human activity, individual, organization, or product. These emissions contribute significantly to the greenhouse effect and subsequent global climate change. Quantification usually occurs in units of mass, specifically carbon dioxide equivalents, to standardize the varying warming potentials of different gases. Calculations typically encompass direct emissions from fuel combustion and indirect emissions related to the production and transport of consumed goods. Reducing these footprints involves implementing energy-efficient technologies, transitioning to renewable power sources, and adopting sustainable lifestyle choices to mitigate long-term environmental degradation.;Google
Non-coding RNA;Non-coding RNA is a functional RNA molecule that is transcribed from DNA but is not translated into a protein. While messenger RNA serves as a template for protein synthesis, ncRNAs perform diverse regulatory and structural roles within the cell. Common types include transfer RNA and ribosomal RNA, which are essential for translation. Other classes, such as microRNA and long non-coding RNA, regulate gene expression by targeting specific messenger RNAs or modifying chromatin structure. These molecules are crucial for maintaining cellular homeostasis and are implicated in various biological processes, including development, immunity, and the progression of complex diseases like cancer.;Google
Negishi coupling;The Negishi coupling is a critical cross-coupling reaction in organic chemistry used to form carbon-carbon bonds. Developed by Ei-ichi Negishi, the process involves a palladium or nickel catalyst that facilitates the reaction between an organozinc compound and various organic halides or triflates. This method is particularly versatile due to its compatibility with numerous functional groups and its ability to couple alkyl, aryl, and vinyl groups with high efficiency. The catalytic cycle proceeds through three primary steps: oxidative addition of the organic halide, transmetalation with the organozinc reagent, and reductive elimination to yield the final product. Negishi shared the 2010 Nobel Prize in Chemistry for this discovery.;Google
Sagnac effect;The Sagnac effect is a phenomenon of interference encountered in rotating frames of reference. It occurs when a beam of light is split and sent in opposite directions around a closed path on a rotating platform. Upon returning to the detection point, the two beams exhibit a phase shift proportional to the rotation rate of the apparatus. This happens because the light traveling in the same direction as the rotation must cover a slightly longer distance than the light moving against it. This principle forms the operational basis for modern inertial navigation systems, including ring laser gyroscopes and fiber optic gyroscopes used in aviation and maritime technology.;Google
P-type ATPase;P-type ATPases constitute a diverse superfamily of primary active transporters found across all domains of life. These integral membrane proteins utilize energy derived from adenosine triphosphate hydrolysis to pump various ions and lipids across biological membranes against their concentration gradients. The name originates from the characteristic autophosphorylation of a conserved aspartate residue, forming a high energy covalent intermediate during the catalytic cycle. Functionally, these enzymes alternate between two principal conformational states known as E1 and E2. Essential examples include the sodium potassium pump and the calcium pump, which maintain vital cellular electrochemical gradients necessary for signal transduction and muscle contraction.;Google
Laminar flow;Laminar flow, often referred to as streamline flow, occurs when a fluid flows in parallel layers with no disruption between those layers. In this regime, fluid particles follow smooth paths or streamlines, and there is no lateral mixing or cross-currents. It is characterized by low momentum convection and high momentum diffusion. This type of flow typically occurs at low velocities and in narrow pipes where viscous forces dominate over inertial forces. The transition from laminar to turbulent flow is determined by the dimensionless Reynolds number. When this value is low, the flow remains orderly and predictable, contrasting with the chaotic nature of turbulent motion.;Google
Glacier mass balance;Glacier mass balance represents the difference between the accumulation of snow and ice and the loss through ablation over a specific period, typically a hydrological year. Accumulation primarily occurs through snowfall, avalanching, and wind deposition in the upper reaches of a glacier. Conversely, ablation involves melting, sublimation, and calving, predominantly occurring at lower elevations. A positive mass balance indicates a net gain in ice, causing the glacier to expand or advance, while a negative balance signifies a net loss, leading to retreat. This metric serves as a critical indicator of climate change, reflecting shifts in temperature and precipitation patterns globally.;Google
Taxonomy;Taxonomy is the branch of science concerned with the classification, description, identification, and naming of living organisms. It provides a systematic framework for understanding biological diversity by grouping organisms based on shared characteristics and evolutionary relationships. The modern system originates from the work of Carl Linnaeus, who introduced binomial nomenclature, giving each species a unique two-part Latin name. Taxonomists organize life into a hierarchical structure ranging from broad domains to specific species. This classification system allows scientists worldwide to communicate precisely about organisms. By analyzing morphological, genetic, and behavioral traits, taxonomy helps reconstruct the tree of life and clarifies the complex evolutionary history of all living things on Earth.;Google
Quantum Hall effect;The quantum Hall effect is a quantum-mechanical version of the Hall effect, observed in two-dimensional electron systems subjected to low temperatures and strong magnetic fields. It involves the quantization of the Hall resistance, which takes on discrete values that are integer or fractional multiples of the ratio of Planck's constant to the square of the elementary charge. Discovered by Klaus von Klitzing in 1980, the integer variant demonstrates that conductance remains constant over specific ranges of magnetic field strength. This phenomenon allows for extremely precise measurements of electrical resistance and has redefined metrological standards globally. It reveals complex topological properties of electron wavefunctions in condensed matter physics.;Google
Boiling water reactor;A boiling water reactor is a type of light water nuclear reactor used for generating electrical power. It represents the second most common design globally after the pressurized water reactor. In this system, the reactor core heats water, which turns directly into steam to drive a steam turbine. Unlike pressurized designs, the boiling water reactor operates at lower pressures, allowing the coolant to boil within the vessel itself. This simplified configuration eliminates the need for separate steam generators and secondary cooling loops. The resulting steam is typically passed through moisture separators before reaching the turbine. Control rods are usually inserted from the bottom to manage the fission process.;Google
Solid-state battery;A solid-state battery is a type of battery technology that utilizes solid electrodes and a solid electrolyte instead of the liquid or polymer gel electrolytes found in conventional lithium-ion systems. This fundamental structural change offers significant improvements in safety and performance. Because solid electrolytes are non-flammable, they mitigate the risk of thermal runaway and leakage associated with liquid counterparts. Furthermore, these batteries provide higher energy density, enabling more compact designs and longer operational lifespans for electric vehicles and electronic devices. Despite these benefits, widespread adoption faces hurdles including high manufacturing costs and challenges in maintaining consistent contact between solid components during repeated charge cycles.;Google
Solar cell;A solar cell, also known as a photovoltaic cell, is an electronic device that converts the energy of light directly into electricity through the photovoltaic effect. Most solar cells are made from semiconducting materials, primarily silicon, which absorb photons from sunlight to release electrons. When light strikes the cell, it creates electron-hole pairs, generating an electric current as these charges move through an internal junction. Multiple cells are often connected to form solar panels, serving as a renewable energy source for various applications. This technology plays a critical role in sustainable energy by providing a clean alternative to fossil fuels.;Google
Semidefinite programming;Semidefinite programming is a prominent subfield of convex optimization that focuses on optimizing a linear objective function over the intersection of the cone of positive semidefinite matrices and an affine subspace. This framework generalizes linear programming by replacing standard vector variables with symmetric matrices and substituting element-wise non-negativity constraints with positive semidefiniteness requirements. SDP has gained significant importance in various scientific domains, including control theory, signal processing, and combinatorial optimization, where it provides tight relaxations for complex NP-hard problems. Most semidefinite programs are computationally tractable and can be solved efficiently using interior-point methods. Its mathematical versatility makes it an essential tool for modern engineering and theoretical computer science.;Google
MicroRNA;MicroRNAs are small, non-coding RNA molecules, typically twenty-two nucleotides in length, that function as critical regulators of gene expression. They operate post-transcriptionally by binding to complementary sequences within target messenger RNA transcripts. This interaction generally results in gene silencing through either mRNA degradation or the inhibition of protein translation. Encoded within the genome, microRNAs are initially transcribed as long precursors before being processed by enzymes such as Drosha and Dicer. These molecules play vital roles in diverse biological processes, including cellular development, differentiation, and metabolism. Dysregulation of microRNA activity is frequently associated with various human diseases, including cancer and cardiovascular disorders.;Google
Aphasia;Aphasia is a neurological disorder characterized by an impairment of language formulation or comprehension. It typically results from damage to specific brain regions, most commonly the left hemisphere, which is dominant for linguistic processing in most individuals. Common causes include stroke, head trauma, brain tumors, or neurodegenerative diseases. There are several subtypes, including Broca's aphasia, characterized by labored speech, and Wernicke's aphasia, marked by fluid but nonsensical verbalization. These conditions affect various aspects of communication, such as speaking, listening, reading, and writing, while often leaving cognitive functions intact. Management usually involves speech-language pathology interventions to improve communication abilities and functional quality of life for affected patients.;Google
Endoscopy;Endoscopy is a minimally invasive medical procedure used to examine the interior of a hollow organ or body cavity through an endoscope. This specialized instrument consists of a rigid or flexible tube equipped with a light source and a camera system that transmits high-resolution images to a monitor. Physicians utilize endoscopy for diagnostic purposes, such as detecting inflammation or tumors, and for therapeutic interventions, including biopsies or the removal of foreign objects. Common applications include gastroscopy, colonoscopy, and bronchoscopy. By providing direct visualization without the need for major surgery, endoscopy significantly reduces recovery times and procedural risks, making it a fundamental tool in modern clinical diagnostics and surgical practice.;Google
Gravity;Gravity is a fundamental interaction that causes mutual attraction between all things with mass or energy. On Earth, gravity gives weight to physical objects and retains the atmosphere that sustains life. It is responsible for the formation of celestial bodies, including planets, stars, and galaxies. While its strength decreases with distance, gravity has an infinite range and governs the motion of planets in the solar system. In modern physics, Albert Einstein described gravity through general relativity as a result of the curvature of spacetime. This force remains the weakest of the four fundamental interactions yet dominates on large astronomical scales.;Google
Holography;Holography is a sophisticated technique used to record and reconstruct light fields, creating three-dimensional images known as holograms. Unlike conventional photography, which captures only light intensity, holography records both the intensity and the phase of light waves. This process typically involves a laser beam split into two paths: an object beam and a reference beam. When these beams intersect on a recording medium, they create an interference pattern. When later illuminated by a coherent light source, this pattern diffracts the light to recreate the original wavefront, allowing viewers to perceive depth and parallax from multiple angles. It has applications in data storage, microscopy, and security.;Google
UniProt;The Universal Protein Resource, known as UniProt, is a comprehensive global database providing detailed information on protein sequences and biological functions. Maintained by a consortium of international organizations, it serves as a central hub for proteomic research. The resource is primarily divided into the UniProt Knowledgebase, which consists of Swiss-Prot for manually curated entries and TrEMBL for computationally analyzed data. By integrating diverse datasets, UniProt assists scientists in understanding protein interactions, post-translational modifications, and evolutionary relationships. This centralized repository is essential for modern biology, supporting advancements in drug discovery, genomics, and disease research through high-quality, accessible molecular data.;Google
Prokaryote;Prokaryotes are single-celled organisms characterized by the absence of a membrane-bound nucleus and specialized organelles. They are categorized into two distinct domains: Bacteria and Archaea. Unlike eukaryotes, their genetic material consists of a single circular chromosome located in an irregular region called the nucleoid. Prokaryotic cells are typically much smaller than eukaryotic cells and possess a rigid cell wall for structural support. They reproduce primarily through binary fission, an asexual process of cell division. These organisms are highly diverse and inhabit nearly every environment on Earth, playing crucial roles in nutrient cycling and decomposition. Their simple structural design highlights their evolutionary history as some of Earth's earliest life forms.;Google
Hematopoietic stem cell;Hematopoietic stem cells are multipotent cells that give rise to all types of blood cells, including red blood cells, white blood cells, and platelets. They are primarily found in the red bone marrow of adults and the liver of fetuses. These cells possess the unique ability to self-renew, ensuring a lifelong supply of blood components, and to differentiate into specialized lineages through a process called hematopoiesis. HSCs are categorized into long-term and short-term types based on their regenerative potential. Clinically, they are crucial for treating various blood disorders and cancers, such as leukemia, through stem cell transplantation. Proper regulation of HSC function is vital for maintaining homeostasis and responding to immune challenges.;Google
Helicase;Helicases are essential motor proteins found in all living organisms. These enzymes specialize in unwinding double-stranded nucleic acids, such as DNA and RNA, into single strands. This process is powered by energy derived from the hydrolysis of adenosine triphosphate. By breaking the hydrogen bonds between complementary base pairs, helicases create the necessary templates for critical cellular functions. These functions include DNA replication, genetic recombination, and damage repair. In eukaryotes, various types of helicases operate within different cellular compartments to ensure genomic stability. Without these enzymes, the genetic information stored within chromosomes could not be accessed or copied effectively for cell division.;Google
Quantum gravity;Quantum gravity is a fundamental field of theoretical physics that seeks to describe gravity according to the principles of quantum mechanics. It aims to reconcile general relativity, which describes gravity at a macroscopic scale, with quantum mechanics, which handles the other three fundamental forces at microscopic scales. Currently, these two pillars of modern physics are mathematically incompatible in extreme environments. Leading candidates for a formal solution include string theory, loop quantum gravity, and causal dynamical triangulations. A successful theory would provide a unified framework for all fundamental interactions, potentially explaining complex phenomena like black hole singularities and the initial state of the universe during the Big Bang.;Google
Dark matter;Dark matter is a hypothetical form of matter that is thought to account for approximately 85 percent of the matter in the universe. It is called dark because it does not appear to interact with the electromagnetic field, meaning it does not absorb, reflect, or emit light. Scientists infer its existence based on its gravitational effects on visible matter, such as the rotational speeds of galaxies and the bending of light through gravitational lensing. Although it has never been directly observed, its presence is a cornerstone of the Lambda-CDM model of cosmology. Research continues through particle detectors and astronomical observations to determine its composition, which remains one of physics' greatest mysteries.;Google
Chiral pool;The chiral pool refers to a collection of readily available, enantiomerically pure natural products used as starting materials in organic synthesis. These compounds are typically derived from biological sources and include common substances such as amino acids, sugars, and terpenes. In synthetic chemistry, the chiral pool strategy allows researchers to incorporate pre-existing stereocenters into complex molecules, thereby bypassing the need for difficult asymmetric induction steps. By utilizing these nature-derived building blocks, chemists can efficiently produce specific stereoisomers of pharmaceuticals and agrochemicals. This approach remains a fundamental pillar of total synthesis and drug development due to its cost-effectiveness and high stereochemical reliability.;Google
Escape velocity;Escape velocity is the minimum speed an object must attain to break free from the gravitational field of a celestial body without further propulsion. At this speed, the object's kinetic energy perfectly balances its gravitational potential energy. The required velocity depends solely on the mass and radius of the massive body, rather than the mass of the escaping object. For instance, an object must travel at approximately 11.2 kilometers per second to escape Earth's gravity. If the speed is lower, the object will either fall back or remain in orbit. Conversely, exceeding this threshold allows a spacecraft to enter interplanetary space. This fundamental concept is crucial for orbital mechanics and space exploration.;Google
Surface plasmon polariton;Surface plasmon polaritons are electromagnetic waves that travel along a metal-dielectric interface. They result from the coupling between electromagnetic fields and the collective oscillations of free electrons in a conductor, typically a metal like gold or silver. These waves are evanescently confined in the direction perpendicular to the surface, allowing for light manipulation at scales below the diffraction limit. SPPs play a critical role in nanophotonics and sensing due to their high sensitivity to local refractive index changes. They are excited through specific techniques like prism or grating coupling to match momentum requirements. This phenomenon effectively bridges electronics and optics.;Google
Cognitive load;Cognitive load refers to the total amount of mental effort being used in the working memory. Developed by John Sweller in the late 1980s, cognitive load theory suggests that since working memory has a limited capacity, instructional design should avoid overloading it to maximize learning. The theory identifies three types of cognitive load: intrinsic, extraneous, and germane. Intrinsic load is the inherent difficulty of the material, while extraneous load is caused by the way information is presented. Germane load refers to the processing, construction, and automation of schemas. Balancing these loads is essential for effective educational outcomes and complex problem-solving tasks.;Google
Circulating tumor DNA;Circulating tumor DNA, or ctDNA, refers to small fragments of DNA released into the bloodstream by cancerous cells as they undergo apoptosis or necrosis. These fragments carry specific genetic mutations, such as point mutations or chromosomal rearrangements, that reflect the unique genomic profile of the primary tumor and its metastases. Because it can be collected through a non-invasive blood draw, ctDNA serves as a vital component of liquid biopsies. This allows clinicians to monitor tumor progression, assess treatment efficacy, and detect minimal residual disease or early recurrence. Recent advancements in genomic sequencing have significantly improved the sensitivity of ctDNA detection in clinical settings.;Google
Divergent evolution;Divergent evolution is a biological process where two or more related species become increasingly dissimilar over time. This phenomenon occurs when populations of a single ancestral species are separated by geographic barriers or colonize diverse environments with distinct selective pressures. As these groups adapt to their specific ecological niches, they accumulate genetic mutations and morphological changes. A classic example of this process is the pentadactyl limb found in vertebrates, where the same underlying bone structure has been modified for flying, swimming, or running. Ultimately, divergent evolution results in the formation of homologous structures and can lead to speciation, increasing biodiversity within an ecosystem.;Google
Polyploidy;Polyploidy is a biological condition in which an organism possesses more than two complete sets of chromosomes within its somatic cells. While most animals are diploid, meaning they inherit one set from each parent, polyploidy is remarkably common in the plant kingdom and occurs in some amphibians and fish. It typically arises from accidents during cell division, such as the failure of chromosomes to separate properly during meiosis. This condition can be categorized as autopolyploidy, involving sets from a single species, or allopolyploidy, resulting from hybridization. Polyploidy serves as a significant mechanism for evolution and speciation, contributing to the development of diverse agricultural crops like wheat and potatoes.;Google
Electromagnetism;Electromagnetism is a fundamental branch of physics that describes the interactions between electrically charged particles through electromagnetic fields. It unifies electricity and magnetism, two phenomena once thought to be distinct. This force is mediated by photons and governs a vast range of physical processes, including chemical reactions, the behavior of light, and the structure of atoms. Fundamental laws like Maxwell’s equations and the Lorentz force law provide the mathematical framework for understanding how moving charges produce magnetic fields and how changing magnetic fields induce electric currents. Electromagnetism is essential for modern technology, enabling the development of electric motors, power generators, telecommunications, and advanced electronic devices.;Google
Particle accelerator;A particle accelerator is a machine that uses electromagnetic fields to propel charged particles to very high speeds and energies. These devices contain particles within beams and direct them toward targets or other particles to study subatomic structures. Accelerators are categorized into two main types: linear and circular. Linear accelerators propel particles along a straight path, while circular designs, like cyclotrons or synchrotrons, use magnetic fields to guide particles in loops. This allows particles to gain energy over many revolutions. These machines are essential in high-energy physics for discovering fundamental particles and are also used in medicine for cancer treatment and industrial applications.;Google
Synthetic lethality;Synthetic lethality occurs when the simultaneous deficiency in the expression of two or more genes leads to cell death, while a deficiency in only one of these genes does not. This concept is central to modern precision medicine and oncology. In cancer cells, a specific gene mutation often provides a survival advantage but also creates a unique vulnerability. By pharmacologically inhibiting a second gene that is synthetic lethal with the mutated one, researchers can selectively kill malignant cells without harming normal tissue. A prominent example involves using PARP inhibitors to treat cancers harboring BRCA mutations, effectively exploiting the cell's compromised DNA repair pathways to induce apoptosis.;Google
MIMO;Multiple-input multiple-output, commonly known as MIMO, is a method used in wireless communications for multiplying the capacity of a radio link using multiple transmission and receiving antennas to exploit multipath propagation. MIMO has become an essential element of modern wireless communication standards including IEEE 802.11n, IEEE 802.11ac, HSPA+, WiMAX, and LTE. By utilizing spatially separated antennas, the technology can transmit several data streams simultaneously over the same frequency channel. This process, known as spatial multiplexing, significantly increases data throughput without requiring additional power or bandwidth. Furthermore, MIMO enhances link reliability through diversity techniques, which mitigate the effects of fading and interference in complex signal environments.;Google
Randomization;Randomization is a process used in experimental design to assign subjects to different groups using chance. This method ensures that each participant has an equal probability of being placed in any specific treatment or control group. By eliminating selection bias, researchers can distribute both known and unknown confounding variables evenly across study arms. This strengthens the internal validity of an experiment, allowing for more reliable causal inferences. In clinical trials, randomization is often combined with blinding to prevent psychological biases from influencing the outcomes. Ultimately, it serves as a foundational principle in the scientific method for establishing objective results.;Google
Glass transition;The glass transition is the gradual and reversible transition in amorphous materials from a hard and relatively brittle glassy state into a viscous or rubbery state as the temperature is increased. This phenomenon occurs at the glass transition temperature, often denoted as Tg. Unlike melting, which is a first-order phase transition characterized by a sharp change in properties and latent heat, the glass transition is a kinetic process depending on the cooling rate. Below this temperature, molecular motion is restricted primarily to vibrations, while above it, increased thermal energy allows for structural relaxation and flow. This transition is crucial in materials science for determining the functional temperature ranges of polymers and inorganic glasses.;Google
Alpha helix;The alpha helix is a common motif in the secondary structure of proteins, characterized by a right-handed coiled conformation. This stable arrangement is primarily maintained by hydrogen bonds forming between the backbone carbonyl oxygen of one amino acid and the amide hydrogen of another located four residues earlier. Each turn of the helix typically consists of approximately 3.6 amino acids. Side chains extend outward from the central axis, influencing the physical properties of the protein segment. Discovered by Linus Pauling, this structure is essential for the folding and stability of numerous globular and fibrous proteins, playing a critical role in various biological functions across organisms.;Google
Optogenetics;Optogenetics is a biological technique that involves the use of light to control cells in living tissue, typically neurons, that have been genetically modified to express light-sensitive ion channels. This method combines discoveries from genetics and optics to achieve high temporal and spatial precision in manipulating cellular activity. By introducing genes for light-responsive proteins like channelrhodopsin into specific cell types, researchers can trigger or inhibit electrical signals using targeted pulses of light. This breakthrough has revolutionized neuroscience, allowing scientists to map neural circuits and understand the biological basis of behaviors, movements, and neurological disorders with unprecedented accuracy in vivo.;Google
Pulsar;A pulsar is a highly magnetized, rotating neutron star that emits beams of electromagnetic radiation out of its magnetic poles. This radiation can be observed only when a beam of emission is pointing toward Earth, much like the way a lighthouse can be seen only when the light is pointed in the direction of an observer. Neutron stars are very dense and have short, regular rotational periods. This produces a very precise interval between pulses that ranges from milliseconds to seconds for individual pulsars. They were first discovered in 1967 by Jocelyn Bell Burnell and Antony Hewish. Pulsars are incredible tools for studying extreme states of matter and testing general relativity.;Google
Enthalpy;Enthalpy is a fundamental property of a thermodynamic system, defined as the sum of its internal energy and the product of its pressure and volume. Represented by the symbol H, it serves as a measure of the total heat content within a system. During processes occurring at constant pressure, the change in enthalpy directly corresponds to the heat exchanged with the surroundings. This characteristic makes enthalpy particularly valuable for analyzing chemical reactions, phase transitions, and engineering cycles like refrigeration. As an extensive property, its magnitude scales with the system's size. Standardized enthalpy values allow scientists to predict energy requirements and thermal efficiency in diverse physical processes.;Google
Grignard reaction;The Grignard reaction is a fundamental organometallic chemical reaction in which alkyl, vinyl, or aryl magnesium halides, known as Grignard reagents, add to a carbonyl group in an aldehyde or ketone. Discovered by Victor Grignard in 1900, this reaction is a powerful tool for forming carbon-carbon bonds. Grignard reagents are typically prepared by reacting an organic halide with magnesium metal in an anhydrous ether solvent. When these reagents react with carbonyl compounds, they produce primary, secondary, or tertiary alcohols after acidic workup. This versatility makes the Grignard reaction essential in synthetic organic chemistry for constructing complex molecular frameworks from simpler precursors.;Google
Crystallization;Crystallization is the natural or artificial process by which a solid forms, where the atoms or molecules are highly organized into a structure known as a crystal. Some ways by which crystals form are precipitating from a solution, freezing, or more rarely direct deposition from a gas. The resulting crystal structure depends on factors such as temperature and pressure. Crystallization occurs in two major steps. The first is nucleation, the appearance of a crystalline phase from a supercooled liquid or a supersaturated solvent. The second step is known as crystal growth, which is the increase in the size of particles that leads to a stable crystalline state. This technique is widely used in chemical engineering to purify substances.;Google
Prophage;A prophage is a bacteriophage genome integrated into the circular bacterial chromosome or existing as an extrachromosomal plasmid within a host cell. This latent state represents a key stage in the lysogenic cycle, where viral genetic material remains dormant without harming the bacterium. As the host cell undergoes binary fission, the prophage is replicated along with the bacterial DNA, ensuring its transmission to daughter cells. This condition can persist for numerous generations until environmental triggers, such as ultraviolet radiation or chemical stress, induce prophage excision. Once activated, the virus enters the lytic cycle, resulting in host cell lysis and the release of new virions.;Google
Quantum Fourier transform;The Quantum Fourier Transform is a linear transformation on quantum bits, serving as the quantum analogue of the discrete Fourier transform. It is a fundamental component of numerous quantum algorithms, most significantly Shor's algorithm for integer factorization and quantum phase estimation. The transformation maps a quantum state to another representation using a specific unitary matrix. While the classical fast Fourier transform requires many operations, the quantum version achieves an exponential speedup in terms of gate complexity. This efficiency allows quantum computers to perform complex periodicity calculations far more effectively than any known classical method. Such capabilities are vital for advanced computational tasks in modern physics and cryptography.;Google
Post-translational modification;Post-translational modification refers to the covalent and enzymatic alteration of proteins following their biosynthesis. After translation, proteins often undergo specific chemical changes that dictate their final structure and biological function. These modifications occur at the side chains or termini of amino acids and can involve the addition of chemical groups, such as phosphate, acetate, or carbohydrates. Common examples include phosphorylation, ubiquitination, and glycosylation. PTMs significantly increase the functional diversity of the proteome by regulating enzyme activity, protein localization, and interactions with other cellular molecules. This dynamic process allows cells to respond rapidly to environmental stimuli and maintain homeostasis by fine-tuning protein stability and activity levels within the complex cellular environment.;Google
Milankovitch cycles;Milankovitch cycles refer to the collective effects of changes in the Earth's movements on its climate over thousands of years. Serbian geophysicist and astronomer Milutin Milankovitch theorized that variations in eccentricity, axial tilt, and precession of the Earth's orbit determined climatic patterns on Earth through orbital forcing. Eccentricity describes the shape of Earth's orbit around the Sun, while axial tilt represents the angle of its rotation axis. Precession involves the change in the orientation of this axis. These long-term changes influence the amount and distribution of solar radiation received by Earth, primarily driving the timing of glacial and interglacial periods during the Quaternary ice age.;Google
Notochord;The notochord is a flexible, rod-like structure found in all chordate embryos and some adult chordates. Composed of cells derived from the mesoderm, it provides primary longitudinal support along the dorsal axis of the body. In lower chordates, such as cephalochordates and tunicates, it persists throughout life to aid in locomotion. However, in vertebrates, the notochord is largely replaced during embryonic development by the vertebral column, which forms around it. In adult humans, remnants of the notochord persist as the nucleus pulposus within the intervertebral discs. This evolutionary landmark defines the phylum Chordata and serves as a signaling center for neighboring tissue differentiation.;Google
Germinal center;Germinal centers are specialized microenvironments within secondary lymphoid organs, such as lymph nodes and the spleen. They form during an active immune response when B cells encounter specific antigens. Within these structures, B cells undergo intense proliferation, somatic hypermutation, and class-switch recombination. This process is critical for affinity maturation, where B cells with the highest affinity for the antigen are selected to become long-lived plasma cells or memory B cells. Follicular dendritic cells and T follicular helper cells play essential roles in guiding this development. Ultimately, germinal centers are vital for the generation of high-affinity antibodies and long-term immunological memory.;Google
Endoderm;The endoderm is the innermost of the three primary germ layers formed during the early stages of embryonic development in triploblastic animals. It arises during gastrulation when cells migrate inward from the blastula. This vital cellular layer primarily develops into the epithelial linings of the digestive and respiratory systems. Additionally, the endoderm gives rise to several essential internal organs, including the liver, pancreas, thyroid, and thymus, as well as the lining of the urinary bladder and urethra. By providing the structural foundation for metabolic and respiratory functions, the endoderm plays a crucial role in the physiological organization of the mature organism.;Google
White dwarf;A white dwarf is a stellar core remnant composed mostly of electron-degenerate matter. It is formed when a low-to-medium mass star exhausts its nuclear fuel and expels its outer layers, creating a planetary nebula. These objects are incredibly dense, typically having a mass comparable to the Sun while maintaining a volume similar to Earth. Since white dwarfs no longer undergo fusion, they gradually cool over billions of years, eventually becoming theoretical black dwarfs. They are supported against gravitational collapse by electron degeneracy pressure rather than thermal pressure. White dwarfs represent the final evolutionary state of stars like our Sun.;Google
Allergy;An allergy is a hypersensitivity disorder of the immune system. It occurs when a person's immune system reacts to normally harmless substances in the environment. These substances are known as allergens and can include pollen, dust mites, mold spores, pet dander, or specific foods. Upon exposure, the immune system produces Immunoglobulin E antibodies, which trigger the release of chemicals like histamine from mast cells. This process results in various symptoms such as sneezing, itching, swelling, or in severe cases, anaphylaxis. Allergies are common chronic conditions worldwide, influenced by genetic factors and environmental exposures, and are managed through avoidance, medications, or immunotherapy.;Google
Glycogenesis;Glycogenesis is the biochemical process of synthesizing glycogen from glucose. It primarily occurs in the liver and skeletal muscle cells during periods of rest or following meals when blood glucose levels are elevated. The process begins with the phosphorylation of glucose into glucose-6-phosphate by hexokinase or glucokinase. This is followed by isomerization and activation into UDP-glucose. Finally, glycogen synthase catalyzes the addition of glucose molecules to a growing chain, while the branching enzyme creates the complex structure necessary for efficient storage. This anabolic pathway is regulated by insulin to ensure proper blood sugar homeostasis and energy availability for future metabolic demands.;Google
Spatial transcriptomics;Spatial transcriptomics is a molecular profiling method used to map gene expression within a tissue sample while preserving its spatial context. Traditional bulk RNA sequencing provides an average expression level for a tissue, and single-cell sequencing captures individual cell profiles but loses their original physical locations. In contrast, spatial transcriptomics enables researchers to visualize which genes are active at specific coordinates. This is achieved through techniques like in situ hybridization or spatially barcoded capture probes. By linking genetic activity to morphological structures, scientists can better understand cellular interactions, microenvironments, and developmental processes in health and disease. This field represents a significant advancement in biological imaging and genomic analysis.;Google
Spin foam;In loop quantum gravity, a spin foam represents a two-dimensional topological structure that describes the quantum evolution of space over time. It serves as a sum-over-histories or path integral formulation for the gravitational field. A spin foam consists of vertices, edges, and faces, where the edges are labeled by quantum numbers called spins. This framework allows researchers to calculate the transition amplitudes between different spatial states, represented by spin networks. Essentially, if a spin network provides a static snapshot of quantum geometry, the spin foam provides the four-dimensional spacetime history connecting these snapshots, facilitating a non-perturbative approach to quantum gravity.;Google
Cyclic voltammetry;Cyclic voltammetry is a potentiodynamic electrochemical measurement technique used to study the redox properties of chemical species. In this method, the potential of a working electrode is ramped linearly versus time in a triangular waveform. Once it reaches a set potential, the scan direction is reversed to return to the initial value. This cycle is often repeated multiple times. During the process, the resulting current is measured, producing a voltammogram that displays current as a function of applied potential. This technique provides critical information regarding formal redox potentials, reaction kinetics, and electron transfer mechanisms. It is widely applied in fields like inorganic chemistry, biochemistry, and materials science to characterize catalysts, sensors, and energy storage systems.;Google
Plasmid;"A plasmid is a small, extrachromosomal DNA molecule within a cell that is physically separated from chromosomal DNA and can replicate independently. They are most commonly found as small circular, double-stranded DNA molecules in bacteria; however, plasmids are sometimes present in archaea and eukaryotic organisms. In nature, plasmids often carry genes that benefit the survival of the organism and confer selective advantages such as antibiotic resistance. While chromosomes contain all essential genetic information, plasmids are usually small and contain only a few genes. Scientists frequently use plasmids as vectors in molecular cloning to drive the replication of recombinant DNA sequences within host organisms.";Google
DNA sequencing;DNA sequencing is the laboratory process of determining the exact order of the four nucleotide bases within a DNA molecule: adenine, guanine, cytosine, and thymine. Identifying these sequences is fundamental for biological research, medical diagnostics, biotechnology, and forensic science. Early methods, such as Sanger sequencing, relied on chemical chain-termination, whereas modern next-generation sequencing enables the massive parallel processing of millions of DNA fragments simultaneously. This technological leap has drastically reduced the cost and time required to map entire genomes. By deciphering the genetic code, scientists can better identify mutations, trace evolutionary lineages, and develop personalized medical treatments tailored to an individual's unique genetic profile.;Google
Exoplanet;An exoplanet, or extrasolar planet, is a planet located outside our solar system that orbits a star other than the Sun. While the first confirmed detections occurred in the early 1990s, thousands have since been identified using various astronomical methods. The most common discovery techniques include the transit method, which measures a star's dimming as a planet passes in front, and the radial velocity method, which detects gravitational wobbles. These distant worlds range from gas giants larger than Jupiter to rocky terrestrial planets similar in size to Earth. Studying exoplanets helps scientists understand planetary formation and the potential for life elsewhere in the universe.;Google
Mannich reaction;The Mannich reaction is a multicomponent organic chemical reaction. It involves the amino-alkylation of an acidic proton placed next to a carbonyl functional group by formaldehyde and a primary or secondary amine or ammonia. The final product is a beta-amino-carbonyl compound, often referred to as a Mannich base. This reaction is fundamentally a nucleophilic addition of an amine to a carbonyl group followed by dehydration to an iminium ion. The iminium ion then acts as an electrophile that reacts with an enol or enolate derived from the carbonyl compound. It is a powerful method for carbon-carbon bond formation in organic synthesis, frequently employed in the production of pharmaceuticals and complex nitrogenous molecules.;Google
Lupus;Systemic lupus erythematosus, commonly known as lupus, is a chronic autoimmune disease characterized by the immune system attacking the body's own healthy tissues and organs. This systemic inflammation can affect diverse physiological systems, including the joints, skin, kidneys, blood cells, brain, heart, and lungs. While the precise etiology remains unknown, it is generally attributed to a combination of genetic, hormonal, and environmental triggers. Diagnosis is often complex because its symptoms frequently mimic those of other ailments. Common manifestations include a distinctive butterfly-shaped facial rash, fatigue, and joint pain. Although no cure currently exists, modern medical treatments focus on managing symptoms, reducing inflammation, and preventing organ damage.;Google
Keystone species;A keystone species is an organism that helps define an entire ecosystem. Without its presence, the ecosystem would be dramatically different or cease to exist altogether. The concept was introduced in 1969 by ecologist Robert T. Paine. These species have a disproportionately large effect on their natural environment relative to their abundance. For example, sea otters prevent sea urchins from overgrazing kelp forests. If the keystone species disappears, no other species can fill its ecological niche. This leads to a trophic cascade where the structure of the community changes significantly. These organisms are vital for maintaining biodiversity and the health of their respective habitats.;Google
Gravitational wave;Gravitational waves are ripples in the fabric of spacetime caused by the acceleration of massive astronomical objects. Predicted by Albert Einstein in 1916 through his general theory of relativity, these waves propagate outward from their source at the speed of light. They represent fluctuations in curvature that carry energy as gravitational radiation. Common sources include binary star systems, merging black holes, and supernova explosions. Unlike electromagnetic waves, gravitational waves pass through matter almost unimpeded, providing unique insights into the most violent events in the universe. The first direct observation occurred in 2015 when researchers detected signals from a distant black hole collision.;Google
Estrogen;Estrogen represents a group of steroid hormones primarily responsible for the development and regulation of the female reproductive system and secondary sexual characteristics. While found in all vertebrates, it is most prominent in females, synthesized mainly in the ovaries, though the adrenal glands and adipose tissue also contribute. The three major endogenous estrogens are estrone, estradiol, and estriol, with estradiol being the most potent during reproductive years. These hormones function by binding to estrogen receptors, influencing gene expression across various tissues. Beyond reproduction, estrogens play critical roles in bone density maintenance, cardiovascular health, and brain function, highlighting their systemic physiological importance in both males and females.;Google
Chemical biology;Chemical biology is an interdisciplinary field that applies chemical techniques and tools to the study and manipulation of biological systems. Unlike biochemistry, which focuses on the chemical processes within living organisms, chemical biology often uses synthetic molecules to probe or alter biological functions. Researchers in this field develop small molecules, probes, and chemical reactions to investigate protein functions, metabolic pathways, and cellular signaling. These tools allow for precise control over biological components in real-time. By bridging chemistry and biology, the discipline facilitates drug discovery and the development of novel therapeutic strategies. It provides a molecular-level understanding of complex life processes, often utilizing proteomics and imaging techniques to visualize cellular events.;Google
Gene duplication;Gene duplication is a major mechanism through which new genetic material is generated during molecular evolution. It can be defined as any duplication of a region of DNA that contains a gene. This process typically occurs as an error in homologous recombination, a retrotransposition event, or duplication of an entire chromosome. Once a gene is duplicated, one copy usually maintains the original function while the other is free to accumulate mutations. This often leads to neofunctionalization, where a copy acquires a new function, or subfunctionalization, where the copies divide original duties. Consequently, gene duplication provides the essential raw material for evolutionary innovation and biological complexity across various species.;Google
Chirality;Chirality is a fundamental geometric property of an object that cannot be superimposed on its mirror image. In chemistry, a molecule is considered chiral if it lacks an internal plane of symmetry, resulting in two distinct forms known as enantiomers. This phenomenon is often illustrated by comparing human hands, which are mirror reflections yet cannot be aligned perfectly. While enantiomers typically share identical physical properties such as melting points, they behave differently when interacting with plane-polarized light or other chiral substances. This concept is vital in biochemistry and pharmacology because many life-essential molecules, including amino acids and sugars, occur naturally in only one specific chiral orientation.;Google
DNA methylation;DNA methylation is a primary epigenetic mechanism involving the addition of a methyl group to the DNA molecule, typically occurring at the carbon-5 position of cytosine residues. This modification predominantly takes place at CpG sites, where a cytosine is followed by a guanine nucleotide. While the underlying genetic sequence remains unchanged, methylation patterns significantly influence gene expression, often resulting in transcriptional silencing when localized in promoter regions. This process is crucial for normal biological development, regulating genomic imprinting, X-chromosome inactivation, and cellular differentiation. Conversely, aberrant DNA methylation patterns are frequently associated with various human diseases, including several types of cancer and complex neurological disorders, by disrupting normal gene regulation.;Google
Long-term potentiation;Long-term potentiation is a persistent strengthening of synapses based on recent patterns of activity. These patterns of synaptic activity produce a long-lasting increase in signal transmission between two neurons. It represents one of several phenomena underlying synaptic plasticity, which is the ability of chemical synapses to change their strength over time. Because memories are thought to be encoded by these modifications, LTP is widely considered a major cellular mechanism that underlies learning and memory. This process frequently involves glutamate receptors, specifically NMDA and AMPA receptors, which facilitate calcium ion influx to enhance synaptic efficacy. This mechanism allows neural circuits to adapt and store information effectively.;Google
Zero-shot learning;Zero-shot learning is a machine learning paradigm where a pre-trained model identifies objects or concepts that were not present in the initial training dataset. Unlike traditional supervised learning, which requires labeled examples for every category, zero-shot learning leverages auxiliary information to bridge the gap between seen and unseen classes. This auxiliary data often consists of semantic attributes, text descriptions, or high-dimensional word embeddings that represent the relationships between different categories. By mapping visual features and semantic descriptors into a shared latent space, the model can infer the identity of novel inputs based on their shared characteristics with known entities. This approach significantly enhances the scalability and flexibility of artificial intelligence systems.;Google
Mast cell;Mast cells are a type of white blood cell derived from myeloid stem cells. They are part of the immune and neuroimmune systems and contain many granules rich in histamine and heparin. Mast cells play a central role in inflammatory and allergic reactions, particularly anaphylaxis. They are typically found in connective tissues, such as the skin, the lining of the stomach and intestine, and other sites that interface with the external environment. When activated, these cells release chemical mediators that influence vascular permeability and recruit other immune cells. Beyond allergies, they contribute to wound healing, angiogenesis, and defense against pathogens like parasites and bacteria.;Google
Population dynamics;Population dynamics is a branch of life sciences that studies the size and age composition of populations as dynamic systems, and the biological and environmental processes driving them. It examines how populations fluctuate over time due to births, deaths, immigration, and emigration. Researchers analyze these changes to understand the factors affecting population stability, growth, or decline. Key concepts include carrying capacity, which is the maximum population size an environment can sustain, and various mathematical models like exponential and logistic growth. This field is essential for conservation biology, resource management, and understanding ecological interactions within diverse biological communities.;Google
Inflammasome;The inflammasome is a multiprotein intracellular complex that plays a critical role in the innate immune system by initiating inflammatory responses. These complexes are typically composed of a sensor protein, an adapter protein known as ASC, and pro-caspase-1. Upon detecting pathogen-associated molecular patterns or endogenous danger signals, the inflammasome assembles and activates caspase-1. This enzyme subsequently facilitates the proteolytic maturation and secretion of proinflammatory cytokines, specifically interleukin-1 beta and interleukin-18. Furthermore, inflammasome activation can trigger pyroptosis, a form of programmed cell death designed to eliminate infected cells. Malfunction of these pathways is often linked to various autoimmune and inflammatory diseases.;Google
Microprocessor;A microprocessor is an integrated circuit that contains the functions of a central processing unit of a computer. It is a multipurpose, clock-driven, register-based, digital integrated circuit that accepts binary data as input, processes it according to instructions stored in its memory, and provides results as output. Microprocessors contain both combinational logic and sequential digital logic. They operate on numbers and symbols represented in the binary number system. The development of microprocessors led to the advent of the microcomputer. These components are essential in modern electronics, found in everything from personal computers to embedded systems in appliances and vehicles.;Google
Giant magnetoresistance;Giant magnetoresistance is a quantum mechanical effect observed in thin-film structures composed of alternating ferromagnetic and non-magnetic conductive layers. The phenomenon manifests as a significant change in electrical resistance depending on whether the magnetization of adjacent ferromagnetic layers is parallel or antiparallel. When an external magnetic field aligns these layers, the resistance drops considerably. Albert Fert and Peter Grünberg independently discovered GMR in 1988, earning the Nobel Prize in Physics in 2007. This technology revolutionized data storage by enabling the development of highly sensitive sensors for hard disk drives, significantly increasing storage density. Today, GMR remains foundational in spintronics and magnetic sensor applications.;Google
Language model;A language model is a probabilistic model trained to predict the next word or character in a sequence of text. In computational linguistics, these models assign probabilities to sequences of words, allowing them to determine the likelihood of a sentence occurring within a specific language. Early versions used n-grams to estimate these frequencies based on local context. Modern developments have shifted toward neural networks, specifically transformer architectures, which utilize attention mechanisms to capture long-range dependencies across large datasets. These large-scale models enable advanced natural language processing tasks, including translation, summarization, and human-like text generation, by learning complex patterns and semantic relationships from diverse linguistic corpora.;Google
Anthracene;Anthracene is a polycyclic aromatic hydrocarbon composed of three fused benzene rings, represented by the chemical formula C14H10. This solid, colorless compound is primarily sourced from coal tar during distillation processes. Anthracene is chemically notable for its blue fluorescence when exposed to ultraviolet radiation, a property utilized in scintillation counters for detecting ionizing radiation. It serves as a vital precursor in the industrial synthesis of alizarin and various other dyes. In organic synthesis, anthracene readily undergoes Diels-Alder reactions at its central ring. Although it is relatively non-carcinogenic compared to other hydrocarbons, it is categorized as an environmental pollutant that persists in the ecosystem.;Google
Millisecond pulsar;A millisecond pulsar is a highly magnetized, rapidly rotating neutron star with a rotational period in the range of about 1 to 10 milliseconds. These celestial objects are characterized by their extreme regularity, often rivaling atomic clocks in precision. Astronomers believe that millisecond pulsars originate in binary systems where an aging neutron star accretes matter from a companion star. This process, known as recycling, transfers angular momentum, causing the neutron star to spin up to incredible speeds. These objects are crucial for studying gravitational waves, extreme matter states, and testing general relativity. Their radio pulses provide a reliable cosmic laboratory for measuring astronomical phenomena across vast distances within our galaxy.;Google
Pair production;Pair production is a fundamental phenomenon in quantum mechanics and particle physics where a high-energy photon interacts with the electric field of a nucleus to create a particle-antiparticle pair. Usually, this involves the creation of an electron and a positron. For this to occur, the photon's energy must exceed the combined rest mass energy of the two particles, which is approximately 1.022 megaelectronvolts for an electron-positron pair. Conservation laws for energy, momentum, and electric charge must be satisfied during the process. Because momentum cannot be conserved by the photon and the resulting pair alone, the presence of a nearby atomic nucleus is necessary to absorb the recoil momentum, allowing the transformation of energy into matter.;Google
Dimensionality reduction;Dimensionality reduction is a process used in statistics, machine learning, and information theory to reduce the number of random variables under consideration by obtaining a set of principal variables. It simplifies complex datasets by projecting high-dimensional data into a lower-dimensional space while retaining essential information. This technique is crucial for mitigating the curse of dimensionality, improving computational efficiency, and facilitating data visualization. Common methods include linear approaches like Principal Component Analysis, which identifies orthogonal axes of maximal variance, and non-linear techniques such as t-distributed Stochastic Neighbor Embedding. By removing noise and redundant features, dimensionality reduction enhances model performance and aids in identifying latent patterns within structured information.;Google
Paleontology;Paleontology is the scientific study of life that existed prior to, and sometimes including, the start of the Holocene epoch. It includes the study of fossils to classify organisms and study their interactions with each other and their environments. As a specialized field of biology and geology, it utilizes techniques from a wide range of sciences, including biochemistry, mathematics, and engineering. Paleontologists seek to understand the history of life on Earth, the evolutionary processes that have shaped biodiversity, and the environmental changes that have occurred over millions of years. This discipline provides crucial insights into mass extinction events and the long-term effects of climate change on various species.;Google
Serology;Serology is the scientific study of blood serum and other bodily fluids. It primarily focuses on the diagnostic identification of antibodies formed in response to infections, foreign proteins, or the body's own tissues. When an antigen enters the body, the immune system produces specific antibodies to neutralize it. Serological tests utilize these antigen-antibody reactions to confirm the presence of pathogens like viruses and bacteria. Beyond infectious diseases, serology is essential for blood typing, forensic investigations, and diagnosing autoimmune conditions. Modern techniques such as ELISA and agglutination assays allow clinicians to monitor immune responses and determine past exposure or current immunity levels within populations.;Google
Long-term depression;Long-term depression is an activity-dependent reduction in the efficacy of neuronal synapses lasting hours or longer. It serves as a fundamental mechanism for synaptic plasticity, representing the functional opposite of long-term potentiation. LTD occurs throughout the central nervous system, particularly within the hippocampus and cerebellum. This process typically results from low-frequency electrical stimulation, which triggers a decrease in postsynaptic receptor density. Specifically, the internalization of AMPA receptors from the postsynaptic membrane weakens the synaptic connection. By facilitating the weakening of specific pathways, LTD plays a critical role in learning, memory storage, and the maintenance of neural circuit homeostasis through synaptic pruning.;Google
Metamorphic rock;"Metamorphic rocks arise from the transformation of existing rock types through a process called metamorphism. The original rock, known as the protolith, can be sedimentary, igneous, or older metamorphic rock. This transformation occurs due to intense heat, high pressure, or chemically active fluids, typically deep within the Earth's crust. Unlike igneous rocks, metamorphic rocks do not melt during this process; instead, they remain in a solid state while their mineral composition and texture reorganize. Common examples include marble, formed from limestone, and slate, derived from shale. Metamorphism often results in foliation, where minerals align in layers or bands, revealing the tectonic history of the region.";Google
Linear algebra;Linear algebra is a fundamental branch of mathematics concerning linear equations, linear functions, and their representations through matrices and vector spaces. It serves as a cornerstone for modern mathematics, providing the framework for various scientific and engineering disciplines. Central to the field is the study of vectors and the linear transformations between them. Key concepts include solving systems of equations, determining eigenvalues, and exploring multidimensional spaces. Through the use of matrices, complex data can be organized and manipulated efficiently. This subject is essential for applications in computer graphics, quantum mechanics, and artificial intelligence, allowing for the modeling of physical systems and the optimization of computational algorithms across diverse technical landscapes.;Google
Viscosity;Viscosity represents the measure of a fluid's resistance to gradual deformation by shear stress or tensile stress. In common terms, it corresponds to the informal concept of thickness. For example, honey has a higher viscosity than water because it resists flow more effectively. Viscosity arises from the internal friction between neighboring particles in a fluid that are moving at different velocities. When a fluid is forced through a tube, the particles move more quickly near the axis and more slowly near the walls. Consequently, some stress is required to overcome the friction between particle layers to keep the fluid moving. Temperature also significantly influences this property in most substances.;Google
Reaction mechanism;A reaction mechanism is the step-by-step sequence of elementary reactions by which overall chemical change occurs. Although only the net chemical change is usually observable, a mechanism describes the individual stages, including the formation of intermediate species and the breaking or forming of chemical bonds. Each elementary step involves a transition state, representing the highest energy point along the reaction coordinate. Understanding mechanisms allows chemists to predict product distribution and control reaction rates through kinetic analysis. Detailed mechanisms often involve catalysts, which lower activation energy, or solvent effects that stabilize specific intermediates. This fundamental framework is essential for designing industrial processes and understanding complex biological pathways.;Google
Lipid bilayer;The lipid bilayer is a fundamental biological structure composed of two layers of amphipathic phospholipid molecules. These molecules feature a hydrophilic phosphate head and two hydrophobic fatty acid tails. In an aqueous environment, the tails spontaneously align inward to avoid water, while the heads face the exterior and interior fluids. This arrangement creates a semi-permeable barrier that regulates the passage of ions and polar molecules. Integral proteins and cholesterol are often embedded within this matrix, facilitating transport and providing structural stability. Consequently, the bilayer serves as the primary component of all cellular membranes, defining the boundary between the living cell and its surroundings.;Google
Rosetta;The Rosetta mission was a landmark space exploration project led by the European Space Agency. Launched in 2004, the spacecraft traveled across the solar system for a decade to reach its target, Comet 67P/Churyumov-Gerasimenko. This mission represented the first time a probe successfully orbited a comet and deployed a robotic lander, named Philae, onto its surface. Scientific instruments onboard analyzed the comet's chemical composition and structure, providing critical insights into the early history of our solar system. Researchers sought to determine if comets delivered water and organic molecules to Earth, fundamentally shaping modern understanding of planetary evolution and the origin of life.;Google
Differential geometry;Differential geometry is a mathematical discipline that utilizes the techniques of differential and integral calculus to study problems in geometry. It primarily focuses on the geometric properties of curves, surfaces, and manifolds. Central to the field is the concept of curvature, which quantifies how a shape deviates from a flat plane or line. By defining metrics, mathematicians can measure distances and angles within these spaces. This field is foundational to Einstein's general relativity, which characterizes gravity as the curvature of four-dimensional spacetime. Beyond physics, differential geometry informs various areas such as computer graphics, engineering, and topology, providing essential tools for analyzing the intrinsic and extrinsic structures of complex multidimensional objects.;Google
Isothermal titration calorimetry;Isothermal titration calorimetry is a sensitive analytical technique used to determine the thermodynamic parameters of molecular interactions in solution. It is most frequently employed to investigate the binding of small molecules, such as ligands, to larger macromolecules like proteins or nucleic acids. During the process, a titration is performed at a constant temperature while measuring the minute amounts of heat released or absorbed. These measurements allow researchers to directly quantify the binding affinity, enthalpy, and stoichiometry of the interaction. Consequently, the Gibbs free energy and entropy can be calculated. This method is highly valued in drug discovery because it requires no labeling or immobilization of samples.;Google
Q-switching;Q-switching is a technique in laser physics used to generate energetic light pulses with extremely high peak power. This method functions by manipulating the optical cavity's quality factor, or Q-factor, which represents the energy storage capability. Initially, the Q-factor is kept low to prevent lasing, allowing the gain medium to accumulate a massive population inversion. When the Q-factor is suddenly increased, the stored energy is released in a single high-intensity giant pulse. This rapid discharge results in pulse durations typically in the nanosecond range. Q-switching can be achieved through active mechanisms like electro-optic modulators or passive devices such as saturable absorbers, making it vital for precision machining and surgery.;Google
Biosensor;A biosensor is an analytical device that combines a biological component with a physicochemical detector to identify a chemical substance. It consists of three main parts: a bioreceptor, a transducer, and an electronic system. The bioreceptor, which can be an enzyme, antibody, or nucleic acid, interacts specifically with the target analyte. This interaction produces a signal, such as a change in pH, heat, or electron transfer. The transducer converts this biological response into a measurable electrical signal. Biosensors are widely used in medical diagnostics, environmental monitoring, and food safety testing due to their high sensitivity and specificity. They provide rapid results and are essential in glucose monitoring for diabetic patients.;Google
Parkinson's disease;Parkinson's disease is a progressive neurodegenerative disorder that primarily affects the motor system. It is characterized by the loss of dopamine-producing neurons in the substantia nigra, a region of the midbrain. This deficiency leads to hallmark symptoms such as tremors, bradykinesia, muscle rigidity, and postural instability. The underlying pathology often involves the accumulation of alpha-synuclein proteins into clumps called Lewy bodies. While the exact cause remains unknown, it is believed to result from a complex interaction of genetic and environmental factors. As the disease advances, non-motor symptoms like cognitive impairment and sleep disturbances may also emerge. Management typically involves medications to increase dopamine levels and specialized physical therapy.;Google
Progress zone;The progress zone is a critical region of undifferentiated mesenchyme located at the distal tip of a developing vertebrate limb bud, directly beneath the apical ectodermal ridge. This zone plays a vital role in limb outgrowth and patterning along the proximodistal axis. According to the progress zone model, the positional identity of cells is determined by the duration of time they spend within this highly proliferative area. Cells that leave the zone early differentiate into proximal structures, such as the humerus, whereas those remaining longer eventually form distal elements like digits. Molecular signals, primarily fibroblast growth factors from the overlying ridge, maintain the cells in an undifferentiated, proliferative state until they exit.;Google
Cerebrospinal fluid;Cerebrospinal fluid is a clear, colorless liquid found within the brain and spinal cord. It occupies the subarachnoid space and the ventricular system, acting as a vital component of the central nervous system. Primarily produced by the choroid plexus, this fluid provides mechanical protection by cushioning the brain against physical trauma. Additionally, it offers buoyancy, significantly reducing the effective weight of the brain. Beyond physical support, cerebrospinal fluid facilitates the removal of metabolic waste products and maintains a stable chemical environment necessary for proper neurological function. Continuous circulation and reabsorption ensure that the fluid remains fresh and effective in its multifaceted physiological roles.;Google
Tenascin;Tenascin refers to a family of large extracellular matrix glycoproteins found in vertebrates. These proteins, including tenascin-C, R, X, and W, play critical roles in regulating cell adhesion, migration, and proliferation during embryonic development and tissue remodeling. Tenascin-C is the most extensively studied member, often appearing in areas of high morphogenetic activity, such as developing nervous systems and limbs. It is frequently upregulated during wound healing and in various pathological conditions like cancer and chronic inflammation. Structurally, tenascins typically form multimeric complexes, often hexameric, characterized by multiple epidermal growth factor-like repeats and fibronectin type III domains. These proteins modulate tissue elasticity and influence cell signaling pathways by interacting with integrins and other cell surface receptors.;Google
Organogenesis;Organogenesis is the process by which the internal organs of an animal are formed from the three germ layers of the embryo. These layers, known as the ectoderm, endoderm, and mesoderm, undergo differentiation and integration through complex genetic and cellular interactions. In vertebrates, this phase follows gastrulation and involves the development of specialized tissues into functional organs. For example, the ectoderm gives rise to the nervous system and skin, while the mesoderm forms muscles and circulatory systems. Precise spatial and temporal signaling pathways, such as the Notch and Wnt pathways, regulate these transformations. Successful organogenesis is vital for the survival and proper physiological functioning of the developing organism.;Google
Clinical trial;A clinical trial is a type of research study that evaluates the effects of health-related interventions on human participants. These studies are designed to answer specific questions about new treatments, such as vaccines, drugs, or medical devices. Clinical trials proceed through various phases to ensure safety and efficacy before general public use. Phase one focuses on safety in small groups, while phases two and three expand to larger populations to monitor side effects and compare results against standard treatments or placebos. This rigorous scientific process provides the evidence required for regulatory agencies like the FDA to approve new medical protocols, ensuring that healthcare practices are evidence-based and effective for patients worldwide.;Google
Mach number;Mach number is a dimensionless quantity representing the ratio of flow velocity past a boundary to the local speed of sound. Named after physicist Ernst Mach, it is a key parameter in fluid dynamics and aerodynamics. It determines the compressibility effects of a medium on an object moving through it. Values less than one indicate subsonic speed, while one represents the sonic barrier. Supersonic speeds occur above Mach one, and hypersonic speeds generally exceed Mach five. As an object nears the sound barrier, pressure waves merge to form shock waves, which significantly alter the drag and lift characteristics of the vehicle or projectile.;Google
Decellularization;Decellularization is a tissue engineering process used to isolate the extracellular matrix of a tissue from its inhabiting cells. This technique leaves behind an intact biochemical and structural scaffold that mimics the natural microenvironment. Common methods involve physical, chemical, or enzymatic treatments to lyse cell membranes and wash away genetic material while preserving the matrix's integrity. These scaffolds are increasingly utilized in regenerative medicine because they provide a biocompatible template for subsequent recellularization with a patient's own cells, minimizing immune rejection and promoting tissue integration. By retaining essential proteins, decellularized tissues facilitate cell adhesion and differentiation for organ repair.;Google
Shock wave;A shock wave is a type of propagating disturbance that moves faster than the local speed of sound in a medium. Like an ordinary wave, it carries energy and can propagate through a solid, liquid, or gas. Shock waves are characterized by an abrupt, nearly discontinuous change in pressure, temperature, and density. This physical phenomenon occurs when a wave source travels faster than the speed of the waves it creates. The frontal region where these rapid transitions take place is called the shock front. Common examples include sonic booms from supersonic aircraft and the pressure waves resulting from explosions or lightning strikes within the atmosphere.;Google
Coding theory;Coding theory is a branch of mathematics and computer science that focuses on the properties of codes and their practical applications. It primarily deals with transmitting information accurately across noisy communication channels. There are four main areas within the field: source coding, channel coding, cryptography, and network coding. Source coding aims to compress data for efficient storage, while channel coding introduces redundancy to detect and correct errors during transmission. This scientific discipline relies heavily on advanced mathematical concepts, including probability, information theory, and abstract algebra. By ensuring data integrity, coding theory underpins modern digital communications, satellite transmissions, and data storage technologies like hard disks and solid-state drives.;Google
Forest plot;"A forest plot, or blobbogram, is a graphical display used primarily in meta-analyses to illustrate the relative strength of treatment effects across multiple scientific studies. Each study is represented by a horizontal line; a central square denotes the point estimate, while the line's width represents the confidence interval. The square size typically reflects the weighting of the study within the overall analysis. A vertical line indicates the point of no effect, allowing for rapid assessment of statistical significance. Finally, a diamond shape at the base summarizes the pooled result, providing a clear visual synthesis of the collective evidence from various independent research sources.";Google
Gluconeogenesis;Gluconeogenesis is a metabolic pathway that results in the generation of glucose from certain non-carbohydrate carbon substrates. It is a crucial process occurring primarily in the liver and, to a lesser extent, in the cortex of the kidneys. This pathway becomes particularly active during periods of fasting, starvation, or intense exercise when blood glucose levels are low. Key precursors include lactate, glycerol, and glucogenic amino acids such as alanine. While many reactions in gluconeogenesis are the reverse of glycolysis, it utilizes specific enzymes to bypass irreversible steps. This ensures that the body maintains adequate blood sugar levels to provide essential energy for the brain and red blood cells.;Google
Electrophysiology;Electrophysiology is a branch of physiology that studies the electrical properties of biological cells and tissues. It involves measurements of voltage change or electric current on a wide variety of scales from single ion channel proteins to whole organs like the heart. In neuroscience, it includes measurements of the electrical activity of neurons, and particularly action potential activity. Electrophysiologists use various techniques, such as intracellular recording or patch clamping, to monitor these signals. These measurements are crucial for understanding how cells communicate, how the nervous system functions, and how muscle contraction is initiated through electrochemical signaling processes across cellular membranes.;Google
Action potential;An action potential is a rapid change in the electrical membrane potential of a cell, typically a neuron or muscle fiber. This phenomenon occurs when the cell membrane undergoes depolarization after reaching a specific threshold voltage. Voltage-gated ion channels open, allowing sodium ions to influx rapidly, followed by an efflux of potassium ions during repolarization. These transient shifts travel along the axon as an all-or-nothing signal, enabling communication within the nervous system. Once completed, the sodium-potassium pump restores the resting state. This critical biological process ensures that information is transmitted efficiently over long distances in the body through chemical and electrical signaling pathways.;Google
Hygiene hypothesis;The hygiene hypothesis proposes that a lack of early childhood exposure to infectious agents, symbiotic microorganisms, and parasites increases susceptibility to allergic and autoimmune diseases. By limiting contact with diverse environmental microbes through improved sanitation and smaller family sizes, the human immune system may fail to develop proper regulatory mechanisms. Consequently, the immune system becomes hypersensitive, reacting to harmless substances such as pollen or dust mites. Originally formulated to explain the rising prevalence of hay fever and eczema in industrialized nations, the theory now encompasses various chronic inflammatory conditions. This underscores the essential role of microbial diversity in establishing a balanced immune response during early life stages.;Google
Synaptic vesicle;Synaptic vesicles are small, membrane-bound structures located within the presynaptic terminals of neurons. They function as storage compartments for various neurotransmitters, which are chemical messengers essential for communication between nerve cells. When an action potential reaches the axon terminal, voltage-gated calcium channels open, allowing calcium ions to enter the cell. This influx triggers the vesicles to fuse with the presynaptic membrane through a process called exocytosis, releasing their contents into the synaptic cleft. Once released, neurotransmitters bind to specific receptors on the postsynaptic membrane, propagating the signal. Following exocytosis, vesicle membranes are recycled through endocytosis to maintain a continuous supply for future signaling events.;Google
Collagen;Collagen is the primary structural protein found in the extracellular matrix of various connective tissues in animals. As the most abundant protein in mammals, it accounts for approximately one-quarter to one-third of the total protein content in the body. The molecular structure typically consists of three polypeptide chains intertwined in a distinctive triple helix, forming elongated fibrils that provide tensile strength. This fibrous protein is essential for the integrity of skin, tendons, ligaments, and bones. Furthermore, collagen plays a critical role in cellular processes, including tissue repair and immune responses. Different types of collagen exist, each specialized for specific physiological functions across diverse anatomical structures throughout the organism.;Google
Transfer learning;Transfer learning is a research problem in machine learning that focuses on storing knowledge gained while solving one problem and applying it to a different but related problem. For example, knowledge gained while learning to recognize cars could apply when trying to recognize trucks. This approach contrasts with traditional machine learning, which historically focused on isolated tasks. Transfer learning is particularly useful when the target domain lacks sufficient labeled data to train a model from scratch. By leveraging pre-trained models from large datasets, researchers can achieve higher accuracy with significantly less computational cost and time. It remains a fundamental technique for developing high-performance deep learning models across various domains.;Google
Risk aversion;Risk aversion is a fundamental concept in economics and psychology describing the preference for certainty over uncertainty. It characterizes individuals who choose a guaranteed payoff over a gamble with a potentially higher but uncertain expected return. In decision theory, risk aversion is typically modeled using concave utility functions, where the marginal utility of wealth decreases as wealth increases. This behavior explains various economic phenomena, such as the demand for insurance and the diversification of investment portfolios. When faced with two options with equal expected values, a risk-averse person will consistently select the one with the lower variance, prioritizing stability and the avoidance of potential losses.;Google
Deep brain stimulation;Deep brain stimulation is a neurosurgical procedure involving the placement of a medical device called a neurostimulator, which sends electrical impulses through implanted electrodes to specific targets in the brain. It is primarily used to treat movement disorders such as Parkinson's disease, essential tremor, and dystonia. The device consists of electrodes connected to a pulse generator positioned under the skin near the collarbone. By modulating abnormal neural activity, this technique helps alleviate symptoms like tremors, rigidity, and bradykinesia when medications are no longer effective. While the exact biological mechanisms remain a subject of ongoing research, the procedure has proven effective in improving the quality of life for patients with chronic neurological conditions.;Google
Thermodynamics;Thermodynamics is a branch of physics that deals with heat, work, and temperature, and their relation to energy, radiation, and physical properties of matter. The behavior of these quantities is governed by the four laws of thermodynamics which convey a quantitative description using measurable macroscopic physical quantities. Historically, thermodynamics developed out of a desire to increase the efficiency of early steam engines. The field explores how thermal energy is converted to or from other forms of energy and how it affects matter. Key concepts include entropy, internal energy, and enthalpy, which describe the state and transformations of thermodynamic systems in equilibrium.;Google
Multilevel model;A multilevel model, also known as a hierarchical linear model or mixed-effects model, is a statistical framework used to analyze data that are organized at more than one level. These models are particularly effective for nested data structures, such as students within classrooms or patients within hospitals. By accounting for the dependencies inherent in grouped data, multilevel modeling allows researchers to partition variance across different levels of the hierarchy. This approach overcomes the limitations of traditional regression analysis, which assumes independence among observations. Consequently, it provides more accurate estimates of standard errors and enables the investigation of how variables at one level influence relationships at another.;Google
Power electronics;Power electronics is the branch of electrical engineering that deals with the conversion and control of electric power. It primarily involves the use of solid-state electronics to control and convert electrical energy from one form to another. Common devices include rectifiers, inverters, and DC-to-DC converters. Unlike traditional electronic circuits that process signals and data, power electronics handle high voltages and currents. Key components are semiconductor switches like diodes, thyristors, and transistors, such as the MOSFET or IGBT. These systems are essential in modern applications like renewable energy systems, electric vehicles, and industrial motor drives, where efficiency and power density are critical for performance.;Google
Configuration interaction;Configuration interaction is a post-Hartree-Fock linear variational method used to solve the non-relativistic Schrodinger equation for multi-electron systems. It accounts for electron correlation by expressing the total wavefunction as a linear combination of Slater determinants. These determinants correspond to different electronic configurations, including the ground state and various excited states generated by promoting electrons from occupied to virtual orbitals. Although conceptually simple, configuration interaction is computationally demanding due to the rapid growth of the determinant space. Full configuration interaction provides an exact result within a specific basis set, but practical applications typically use truncated methods, such as singles and doubles, to maintain computational efficiency for complex molecules.;Google
Gibbs free energy;Gibbs free energy is a thermodynamic potential used to calculate the maximum reversible work performed by a system at constant temperature and pressure. Defined as enthalpy minus the product of absolute temperature and entropy, it serves as a critical indicator of chemical spontaneity. A process occurs spontaneously if the change in Gibbs free energy is negative, indicating a release of free energy. Conversely, a positive value denotes a non-spontaneous reaction requiring energy input, while a value of zero signifies chemical equilibrium. This concept is fundamental in thermodynamics, chemistry, and biochemistry for predicting the direction of reactions and understanding phase transitions within various physical systems.;Google
Seismology;Seismology is the scientific study of earthquakes and the propagation of elastic waves through the Earth or other planet-like bodies. It involves observing and interpreting recordings of ground motion, known as seismograms, produced by natural or artificial sources. Seismologists use these data to map the internal structure of the Earth, identifying layers like the crust, mantle, and core. Beyond hazard assessment, seismology provides critical insights into plate tectonics and volcanic activity. By analyzing the velocity and direction of seismic waves, researchers can locate epicenters and determine earthquake magnitudes. This field is essential for civil engineering and global disaster risk reduction.;Google
Nucleolus;The nucleolus is a prominent, non-membrane-bound structure located within the nucleus of eukaryotic cells. It serves as the primary site for ribosome biogenesis, where ribosomal RNA is transcribed and assembled with proteins. This dense region forms around specific chromosomal loci known as nucleolar organizer regions. Beyond its role in ribosome production, the nucleolus participates in regulating the cell cycle, responding to cellular stress, and processing various small RNA molecules. Its size and number can vary depending on the metabolic activity of the cell, often becoming more pronounced in cells with high protein synthesis requirements. This dynamic organelle is essential for maintaining protein production and overall cellular health.;Google
Surfactant;Surfactants, or surface active agents, are compounds that lower the surface tension between two liquids, a gas and a liquid, or a liquid and a solid. These molecules are amphiphilic, containing both a hydrophilic head and a hydrophobic tail. When added to a system, they migrate to interfaces where their dual nature allows them to stabilize mixtures that would otherwise remain separate. In aqueous solutions, surfactants form micelles once a critical concentration is reached. They serve essential roles as detergents, emulsifiers, and foaming agents in industrial processes. Biologically, pulmonary surfactants are crucial for reducing alveolar surface tension, preventing lung collapse during respiration.;Google
Cooper pair;A Cooper pair consists of two electrons that are bound together at extremely low temperatures, a phenomenon central to the theory of superconductivity. Named after physicist Leon Cooper, who proposed the concept in 1956, these pairs form due to an indirect attraction mediated by lattice vibrations known as phonons. Normally, electrons repel each other due to their negative charge. However, in a superconducting material, the passage of one electron slightly displaces nearby positive ions, creating a region of increased positive charge density that attracts a second electron. Together, these paired electrons behave as bosons, allowing them to condense into a single quantum state. This collective behavior enables the flow of electrical current without resistance.;Google
Density functional theory;Density functional theory is a computational quantum mechanical modeling method used in physics, chemistry, and materials science to investigate the electronic structure of many-body systems. Instead of dealing with the complex many-electron wavefunction, this theory focuses on the electron density as the primary variable. This approach is based on the Hohenberg-Kohn theorems, which state that the ground-state properties of a system are uniquely determined by its electron density. By solving the Kohn-Sham equations, researchers can approximate the energy and properties of atoms, molecules, and crystals efficiently. This method has become a vital tool for predicting chemical reactions and material properties across various scientific disciplines.;Google
Leptin;Leptin is a hormone predominantly made by adipose tissue that helps regulate energy balance by inhibiting hunger, which in turn diminishes fat storage in adipocytes. Leptin is secreted into the circulatory system, where it travels to the hypothalamus. There, it binds to specific receptors to signal satiety. This mechanism creates a negative feedback loop crucial for long-term weight regulation. In individuals with obesity, a phenomenon known as leptin resistance may occur, where the brain fails to respond to high levels of the hormone. Beyond appetite, leptin influences reproduction, immune function, and bone metabolism, serving as a critical link between metabolic status and physiological processes.;Google
Polymerase;A polymerase is an essential enzyme that synthesizes long chains of polymers or nucleic acids. The primary types include DNA polymerase and RNA polymerase, which are crucial for the fundamental biological processes of replication and transcription. DNA polymerase functions by assembling nucleotides to create DNA molecules, ensuring that genetic information is accurately copied during cell division. RNA polymerase facilitates the synthesis of RNA from a DNA template, a key step in protein production. These enzymes operate by reading a pre-existing strand and assembling a complementary sequence. Their catalytic activity is vital for the maintenance and expression of genetic material across all living organisms.;Google
Eutrophication;Eutrophication is the process by which a body of water becomes overly enriched with minerals and nutrients, primarily nitrogen and phosphorus. This condition frequently results from agricultural runoff, industrial waste, or sewage discharge. The abundance of nutrients induces excessive growth of algae and phytoplankton, often referred to as algal blooms. These blooms block sunlight from reaching deeper aquatic plants and consume dissolved oxygen during decomposition. As oxygen levels deplete, a state known as hypoxia occurs, which can lead to mass mortality of fish and other marine organisms. Consequently, affected ecosystems experience reduced biodiversity and the formation of dead zones where life cannot be sustained.;Google
Auction theory;Auction theory is an applied branch of economics that focuses on the design and analysis of auctions. As a subfield of game theory, it examines how individuals interact within various market rules and how information impacts strategic behavior. Researchers classify auctions into four primary types: English, Dutch, first-price sealed-bid, and second-price sealed-bid. Key concepts include the revenue equivalence theorem and the winner's curse, which describes the tendency for the winning bidder to overpay. Economists use these theoretical frameworks to optimize the allocation of scarce resources, such as telecommunications spectrum licenses and digital advertising space, ensuring market efficiency and maximizing revenue for sellers.;Google
Plasmon;A plasmon is a quasiparticle representing the quantization of collective oscillations of free electrons within a conducting medium, such as a metal. These oscillations occur when external electromagnetic fields interact with the electron gas, causing a displacement relative to the fixed positive ions. Plasmons play a vital role in the optical properties of metals and semiconductors. Surface plasmons occur at the interface between a conductor and a dielectric, where they can be used to confine light to subwavelength dimensions. This phenomenon is essential in fields like nanophotonics, chemical sensing, and medical imaging. By manipulating plasmonic resonances, scientists can create highly sensitive devices for detecting single molecules or improving solar cell efficiency.;Google
Mutation rate;Mutation rate is the frequency at which new mutations occur in a single gene or organism over time. It is measured per base pair, per gene, or per genome per generation. These rates vary significantly across different species and genomic regions. Factors influencing the rate include DNA replication fidelity, the efficiency of DNA repair mechanisms, and exposure to environmental mutagens. In humans, the germline mutation rate is roughly one in one hundred million per site per generation. While most mutations are neutral or deleterious, they provide the essential genetic variation necessary for evolution and natural selection. Understanding these rates is crucial for molecular clocks and studying disease progression.;Google
Catabolism;Catabolism is the set of metabolic pathways that break down complex molecules into smaller units to release energy or for use in other metabolic reactions. It represents the destructive phase of metabolism, directly contrasting with the constructive process of anabolism. Large molecules such as polysaccharides, lipids, and proteins are enzymatically degraded into simpler components like monosaccharides, fatty acids, and amino acids. This degradation releases chemical energy, which cells primarily capture and store in the form of adenosine triphosphate. These catabolic reactions provide the essential fuel required for cellular maintenance, growth, and repair, ultimately allowing organisms to sustain life and maintain internal homeostasis within their environments.;Google
Molality;Molality is a measure of the concentration of a solute in a solution in terms of the amount of substance in a specified mass of the solvent. It is defined as the number of moles of solute per kilogram of solvent. Unlike molarity, which depends on the volume of the solution, molality remains independent of temperature and pressure because mass does not change with these variables. This property makes it particularly useful in thermodynamics and for calculating colligative properties, such as boiling point elevation or freezing point depression. The standard unit for molality is moles per kilogram, often denoted by the lowercase letter m or the term molal.;Google
Affinity maturation;Affinity maturation is an essential immunological process where B cells produce antibodies with increased binding strength for a specific antigen during an ongoing immune response. This phenomenon primarily occurs within the germinal centers of secondary lymphoid organs, such as the lymph nodes or spleen. The mechanism relies on somatic hypermutation, which introduces point mutations into the immunoglobulin variable region genes at a high rate. Following mutation, B cells compete for limited antigen presented by follicular dendritic cells. Those cells expressing receptors with the highest affinity receive survival signals and proliferate, while low-affinity variants undergo programmed cell death. This selective pressure ensures the immune system generates highly potent antibodies over time.;Google
Stratigraphy;Stratigraphy is a fundamental branch of geology concerned with the study of rock layers and layering. It primarily focuses on sedimentary and layered volcanic rocks to determine the chronological order of geological events. The core principle, known as superposition, posits that in an undisturbed sequence, older layers lie beneath younger ones. Stratigraphy is further divided into specialized fields such as lithostratigraphy, which categorizes rocks by physical properties, and biostratigraphy, which uses fossil content for dating. By examining these sequences, geologists can reconstruct Earth's biological and physical history, providing essential insights into past environments, climate shifts, and the distribution of natural resources.;Google
Kolmogorov complexity;Kolmogorov complexity is a fundamental concept in algorithmic information theory that measures the computational resources needed to specify an object. Formally, the Kolmogorov complexity of a string is defined as the length of the shortest possible program in a fixed universal description language that produces that string as output. This metric quantifies the amount of information or regularity within a data set. A highly repetitive string possesses low complexity because it can be compressed into a short instruction, while a truly random sequence exhibits high complexity as it cannot be simplified beyond its own literal representation. Crucially, Kolmogorov complexity is incomputable, meaning no universal algorithm can determine it for all strings.;Google
Neurulation;Neurulation is the fundamental process in vertebrate embryos where the neural plate transforms into the neural tube. This stage typically follows gastrulation. The process begins when the notochord induces the overlying ectoderm to thicken into the neural plate. Subsequently, the edges of this plate rise to form neural folds, which eventually meet and fuse at the midline. This fusion creates a hollow cylinder known as the neural tube, which serves as the precursor to the central nervous system, including the brain and spinal cord. Failure in this complex developmental sequence can result in serious congenital disabilities, such as spina bifida or anencephaly, which occur when the tube fails to close properly.;Google
Neutrino;A neutrino is an elementary subatomic particle with an extremely small rest mass and no electric charge. As a member of the lepton family, it interacts primarily through the weak nuclear force and gravity, allowing it to pass through ordinary matter almost entirely unimpeded. There are three distinct flavors of neutrinos: electron, muon, and tau, each corresponding to a specific charged lepton. These particles are produced in vast quantities during nuclear reactions, such as those occurring within stars, supernovae, or nuclear reactors. Because they rarely interact with atoms, detecting neutrinos requires massive underground facilities designed to observe occasional collisions with atomic nuclei.;Google
Decomposer;A decomposer is an organism that breaks down dead or decaying organic material. This process is essential for ecosystems because it recycles nutrients back into the environment. Common examples include fungi, bacteria, and some invertebrates like earthworms or dung beetles. Unlike scavengers that consume chunks of tissue, decomposers utilize chemical processes to decompose matter on a molecular level. By converting complex organic compounds into simpler inorganic substances like nitrogen, phosphorus, and carbon dioxide, they ensure that plants have access to the necessary elements for growth. Without these organisms, nutrients would remain trapped in dead biomass, leading to a collapse of the entire food web.;Google
Weak localization;Weak localization is a quantum mechanical effect occurring in disordered electronic systems at low temperatures. It arises from the constructive interference of electron waves that follow time-reversed paths back to their origin after multiple scattering events. In classical physics, scattering contributes linearly to resistance, but quantum interference enhances the probability of backscattering, thereby reducing electrical conductivity. This phenomenon is a precursor to Anderson localization, which can lead to a complete transition from a metallic to an insulating state. Applying a magnetic field destroys the necessary time-reversal symmetry, suppressing the effect and resulting in characteristic negative magnetoresistance frequently observed in thin metal films.;Google
Transcranial magnetic stimulation;Transcranial magnetic stimulation is a noninvasive neurostimulation technique that uses electromagnetic induction to induce weak electric currents in specific regions of the brain. A magnetic coil placed near the scalp produces brief magnetic pulses that pass through the skull to modulate neuronal activity. This method is frequently used in clinical settings to treat major depressive disorder, particularly when conventional therapies have proven ineffective. Additionally, TMS serves as a valuable research tool for mapping brain functions and investigating cortical excitability. By altering the frequency and intensity of the pulses, clinicians can either excite or inhibit specific neural circuits to achieve therapeutic outcomes or study neurological responses.;Google
Golgi apparatus;The Golgi apparatus is a membrane-bound organelle found in most eukaryotic cells. It consists of a series of flattened, stacked pouches called cisternae. Functionally, it serves as the central processing and packaging center for proteins and lipids synthesized in the endoplasmic reticulum. As materials move through the cisternae, they undergo various biochemical modifications, such as glycosylation. Once processed, these molecules are sorted and packaged into secretory vesicles for transport to specific destinations, including the plasma membrane, lysosomes, or the extracellular space. By regulating molecular trafficking, the Golgi apparatus ensures that cellular products reach their intended functional sites, thereby maintaining cellular homeostasis and secretion.;Google
Pyroptosis;Pyroptosis is a highly regulated form of programmed cell death that occurs primarily in response to infections by intracellular pathogens and inflammatory signals. Unlike apoptosis, which is generally non-inflammatory, pyroptosis is characterized by rapid cell membrane rupture and the massive release of proinflammatory cytokines, such as interleukin-1 beta and interleukin-18. This process is initiated through the activation of inflammatory caspases, which cleave the protein gasdermin D. The resulting gasdermin fragments assemble into large pores in the plasma membrane, causing cellular swelling and osmotic lysis. This mechanism plays a critical role in the innate immune response by neutralizing pathogens and alerting neighboring cells to the presence of danger.;Google
Grid cell;Grid cells are a specialized type of neuron found in the entorhinal cortex that function as a biological mapping system. Unlike place cells, which fire at a single location, grid cells activate at multiple points that form a regular hexagonal pattern across an environment. This internal coordinate system allows animals to track their position and navigate through space using path integration. Discovered by Edvard and May-Britt Moser, these cells provide a metric for spatial representation. They work in conjunction with other spatial neurons to facilitate complex navigation tasks. This discovery significantly advanced our understanding of how the brain processes spatial information and builds cognitive maps.;Google
Eukaryote;Eukaryotes are organisms whose cells contain a nucleus and other membrane-bound organelles. This domain, Eukaryota, includes a diverse range of life forms, encompassing all animals, plants, fungi, and various unicellular groups known as protists. Unlike prokaryotes, which lack internal compartmentalization, eukaryotes possess complex structures such as mitochondria for energy production and chloroplasts for photosynthesis in plants. The genetic material is organized into linear chromosomes housed within the nuclear envelope. This cellular complexity allows for specialized functions and the development of multicellular organisms. Evolutionary evidence suggests eukaryotes emerged through endosymbiosis over two billion years ago, fundamentally shaping the biological trajectory of life on Earth.;Google
Dark energy;Dark energy is an unknown form of energy that is hypothesized to permeate all of space and accelerate the expansion of the universe. It was first proposed in the late 1990s after observations of distant supernovae showed that the expansion of the cosmos was speeding up rather than slowing down. Current scientific consensus suggests that dark energy accounts for approximately 68 percent of the total energy density of the observable universe. The simplest theoretical model for dark energy is the cosmological constant, which describes a constant energy density filling space homogeneously. Its exact physical nature remains one of the most significant unsolved problems in modern physics.;Google
Plasma cell;Plasma cells are white blood cells that originate in the bone marrow as B cells before migrating to lymphoid tissues. They represent the final stage of B cell differentiation, triggered by exposure to specific antigens. These cells function as specialized protein factories, secreting large quantities of antibodies, specifically immunoglobulins, into the blood and lymphatic system. Their distinctive morphology includes an eccentric nucleus and a prominent Golgi apparatus necessary for high-volume protein synthesis. By producing antibodies that target pathogens like bacteria and viruses, plasma cells provide essential humoral immunity. While many are short-lived, some reside long-term in the bone marrow to maintain persistent immune protection against future infections.;Google
Monoclonal antibody;Monoclonal antibodies are laboratory-produced molecules designed to serve as substitute antibodies that can restore, enhance, or mimic the immune system's attack on specific cells. They are derived from identical immune cells that are clones of a unique parent cell. These proteins are engineered to bind selectively to specific antigens, such as those found on the surface of viruses or malignant cells. Typically generated via hybridoma technology, which involves fusing B cells with immortal myeloma cells, these agents allow for consistent large-scale production. In clinical medicine, they are vital for treating diverse conditions including cancers and autoimmune disorders. Their high specificity effectively targets diseased components while sparing healthy tissue.;Google
Critical period;A critical period is a maturational stage in the lifespan of an organism during which the nervous system is especially sensitive to specific environmental stimuli. If the organism does not receive the appropriate input during this fixed window, it may be difficult or impossible to develop certain functions later in life. This concept is fundamental in developmental psychology and neurobiology, particularly regarding language acquisition, sensory processing, and social bonding. For example, visual development requires specific optical input shortly after birth to form proper neural connections. Unlike sensitive periods, which offer more flexibility, critical periods represent a definitive window of heightened neuroplasticity that permanently shapes future behavior, cognition, and physiological functioning.;Google
Autoimmunity;Autoimmunity occurs when the immune system mistakenly identifies the body's own healthy cells and tissues as foreign pathogens. Normally, the immune system distinguishes between self and non-self through complex mechanisms of immunological tolerance. In autoimmune conditions, this tolerance breaks down, leading to the production of autoantibodies or self-reactive T cells that attack specific organs or systemic systems. Factors contributing to these disorders include genetic predisposition, environmental triggers, and hormonal influences. Common examples include type 1 diabetes, rheumatoid arthritis, and multiple sclerosis. Chronic inflammation and tissue damage characterize these diseases, which often require lifelong management to suppress the overactive immune response and maintain physiological function.;Google
Matrix decomposition;Matrix decomposition, also known as matrix factorization, is a fundamental technique in linear algebra where a matrix is broken down into a product of simpler or more structured constituent matrices. This process simplifies complex mathematical operations, such as solving systems of linear equations, calculating determinants, or finding matrix inverses. Common types include LU decomposition, which factors a matrix into lower and upper triangular forms, and Singular Value Decomposition, which identifies principal components. These methods are essential across various scientific fields, including numerical analysis, data compression, and machine learning. By reducing a high-dimensional dataset into manageable components, researchers can extract meaningful patterns and optimize computational efficiency.;Google
Nucleophile;A nucleophile is a chemical species that donates an electron pair to an electrophile to form a chemical bond. These entities are characterized by having an excess of electrons, often residing in lone pairs or pi bonds. Because they provide electrons, nucleophiles are classified as Lewis bases. The term originates from Greek, meaning nucleus-loving, reflecting their affinity for positively charged or electron-deficient centers. Nucleophilicity, which measures the reactivity of a species, is influenced by factors such as molecular charge, electronegativity, and steric bulk. Common nucleophiles include the hydroxide ion, water, and ammonia. They play a critical role in organic synthesis through nucleophilic substitution and addition reactions.;Google
Martensite;Martensite is a very hard, metastable crystalline structure primarily found in steel, although it also occurs in various other alloys. It is formed through the rapid cooling, or quenching, of austenite, which prevents carbon atoms from diffusing out of the crystal structure. This results in a diffusionless phase transformation that shifts the lattice from a face-centered cubic to a body-centered tetragonal configuration. This structural change induces high internal stress, contributing to the material's exceptional hardness and brittle nature. Beyond ferrous metallurgy, martensitic transformations are fundamental to the unique properties of shape memory alloys, which can regain their original form upon heating.;Google
Trophic level;A trophic level represents the position an organism occupies within a food chain or food web. This hierarchical system categorizes organisms based on their primary energy sources and nutritional relationships. At the base, level one consists of primary producers like plants and algae, which generate energy through photosynthesis. Level two comprises primary consumers, or herbivores, that eat the producers. Subsequent levels include secondary and tertiary consumers, typically carnivores or omnivores. Energy flows upward through these levels, though efficiency decreases significantly at each stage due to metabolic processes and heat loss. Consequently, ecosystems rarely support more than five or six distinct trophic levels.;Google
Wave function;In quantum mechanics, a wave function is a complex-valued mathematical expression describing the quantum state of a particle or system of particles. Typically denoted by the Greek letter psi, it encapsulates all observable physical information about a system. According to the Born rule, the square of the absolute value of the wave function represents the probability density of finding a particle at a specific point in space and time. This concept is fundamental to the wave-particle duality, suggesting that matter exhibits properties of both particles and waves. The temporal evolution of the wave function is determined by the Schrödinger equation, a cornerstone of modern theoretical physics.;Google
Consciousness;Consciousness is the state or quality of awareness, specifically being aware of an external object or something within oneself. It encompasses sentience, subjectivity, and the ability to experience or feel. In contemporary science, research focuses on the neural correlates of consciousness, investigating how biological processes in the brain produce subjective experience. Neuroscientists examine the integration of sensory information and the activity of the thalamocortical system. Philosophically, the hard problem of consciousness addresses why and how physical processes give rise to internal qualia. Despite extensive study across disciplines including psychology and physics, a definitive explanation for the mechanism of subjective awareness remains elusive.;Google
Cardiac output;Cardiac output is the volume of blood pumped by the heart per unit of time, typically measured in liters per minute. It represents the product of heart rate, which is the number of beats per minute, and stroke volume, the amount of blood ejected from a ventricle with each contraction. This physiological parameter is essential for delivering oxygen and nutrients to tissues throughout the body while removing metabolic waste. Factors influencing cardiac output include physical activity, autonomic nervous system regulation, and hormonal signals. In healthy adults at rest, average cardiac output is approximately five liters per minute, though it can increase significantly during exercise to meet metabolic demands.;Google
Multiverse;The multiverse is a hypothetical group of multiple universes. Together, these universes comprise everything that exists: the entirety of space, time, matter, energy, information, and the physical laws and constants that describe them. Different theories suggest various types of multiverses. In cosmology, the chaotic inflation theory suggests that different regions of space stopped inflating at different times, creating separate bubble universes. In quantum mechanics, the many-worlds interpretation posits that every quantum event results in a branching of reality into distinct, parallel timelines. While mathematically grounded in certain models of physics, the multiverse remains a controversial and currently unproven concept in the scientific community due to the inherent difficulty of empirical verification.;Google
Fibrin;Fibrin is a tough, insoluble protein that plays a critical role in blood clotting and wound healing within the human body. It is synthesized from the soluble plasma protein fibrinogen through the enzymatic action of thrombin. Once activated, fibrin molecules polymerize to create a fibrous mesh that traps platelets and red blood cells, effectively sealing damaged blood vessels to prevent excessive hemorrhage. This biological scaffold is further stabilized by factor XIII, which introduces cross-links between the strands. While essential for preventing blood loss, dysregulated fibrin production can lead to thrombosis, whereas its deficiency often results in bleeding disorders.;Google
Dye-sensitized solar cell;A dye-sensitized solar cell, often referred to as a Grätzel cell, is a thin-film photovoltaic device that mimics the process of photosynthesis. It consists of a porous layer of titanium dioxide nanoparticles coated with photosensitive dye molecules. When sunlight strikes the dye, electrons become excited and move into the semiconductor's conduction band, creating an electric current. An electrolyte solution subsequently replenishes the lost electrons in the dye. Unlike traditional silicon-based cells, these devices are cost-effective, flexible, and efficient under diffuse lighting conditions. They offer a promising alternative for sustainable energy production due to their simple manufacturing process and versatile design possibilities.;Google
Gene therapy;Gene therapy is a medical field focusing on the therapeutic delivery of nucleic acids into a patient's cells as a drug to treat disease. The most common form involves using DNA that encodes a functional, therapeutic gene to replace a mutated gene. Other methods include inactivating a malfunctioning gene or introducing a new gene to help the body fight infection. Scientists typically use a vector, often a modified virus, to deliver the genetic material directly into the target cells. While gene therapy holds significant potential for treating genetic disorders, cancers, and viral infections, it remains complex and involves risks related to immune responses and unintended genomic alterations.;Google
Intron;An intron is a non-coding nucleotide sequence within a gene that is removed by RNA splicing during the maturation of the final RNA product. While introns are transcribed into precursor messenger RNA, they are excised before translation occurs, leaving only the protein-coding regions known as exons. This process takes place within the cell nucleus of eukaryotic organisms. Introns play crucial roles in gene regulation and allow for alternative splicing, which enables a single gene to code for multiple distinct proteins. Although once dismissed as junk DNA, introns are now recognized for their importance in evolutionary complexity and the protection of genetic integrity against mutations.;Google
Representation theory;Representation theory is a branch of mathematics that studies abstract algebraic structures by representing their elements as linear transformations of vector spaces. By mapping abstract groups, rings, or algebras into the more concrete world of linear algebra and matrices, complex symmetric properties become easier to analyze. This field bridges abstract algebra and geometry, providing tools to solve problems in physics, chemistry, and number theory. Representations decompose complicated structures into simpler irreducible components, revealing underlying symmetries. It is foundational in quantum mechanics, where physical states are viewed as vectors and symmetries as operators acting upon them to produce measurable results.;Google
Q-learning;Q-learning is a model-free reinforcement learning algorithm used in machine learning to determine the optimal action-selection policy for a given Markov decision process. It functions by learning an action-value function, which estimates the expected utility of performing a specific action in a particular state. The algorithm iteratively updates these values, known as Q-values, based on rewards received from the environment using the Bellman equation. By balancing exploration of new strategies and exploitation of known rewards, the agent eventually discovers the most beneficial long-term behavior. Because it does not require a predefined model of the environment, Q-learning is highly versatile for complex autonomous systems.;Google
X-ray binary;An X-ray binary is a type of binary star system that is luminous in X-rays. These systems consist of a compact object, which is usually a white dwarf, neutron star, or black hole, and a donor star, typically a normal main-sequence or giant star. The X-rays are produced as matter from the donor star falls into the deep gravitational well of the compact object. This process, known as accretion, creates an accretion disk where potential energy is converted into kinetic energy and then thermal energy. Temperatures in the disk can reach millions of degrees, resulting in high-energy radiation. These systems are classified into low-mass and high-mass categories based on the donor's mass.;Google
Focal adhesion;Focal adhesions are large macromolecular assemblies through which mechanical force and regulatory signals are transmitted between the extracellular matrix and an interacting cell. These specialized protein complexes connect the cellular cytoskeleton to the external environment via transmembrane proteins called integrins. On the cytoplasmic side, integrins link to actin filaments through a variety of adaptor proteins, such as vinculin, talin, and paxillin. These structures function as mechanosensors, allowing cells to sense the physical properties of their surroundings and respond through changes in cell shape, migration, and signaling pathways. Consequently, focal adhesions play critical roles in various biological processes, including wound healing, tissue development, and cancer metastasis.;Google
Genome browser;A genome browser is a graphical interface designed for the visualization and analysis of genomic data within a biological context. It allows researchers to navigate DNA sequences and view various annotations, such as gene models, regulatory elements, and non-coding regions. By integrating diverse datasets from multiple sources, these tools facilitate the identification of functional components within a genome. Common examples include the UCSC Genome Browser and Ensembl. Users can investigate specific nucleotide sequences or analyze broad chromosomal regions. These platforms are indispensable for comparative genomics, enabling scientists to evaluate evolutionary relationships and interpret complex biological information through a structured and accessible digital environment.;Google
CRISPR;CRISPR stands for Clustered Regularly Interspaced Short Palindromic Repeats. It is a family of DNA sequences found in the genomes of prokaryotic organisms such as bacteria. These sequences are derived from DNA fragments of bacteriophages that had previously infected the prokaryote. They are used to detect and destroy DNA from similar bacteriophages during subsequent infections. Cas9 is an enzyme that uses CRISPR sequences as a guide to recognize and cleave specific strands of DNA that are complementary to the CRISPR sequence. Together, the CRISPR-Cas9 system serves as a powerful tool for genome editing, allowing scientists to modify genes with high precision across various organisms.;Google
Digital filter;A digital filter is a system that performs mathematical operations on a sampled, discrete-time signal to reduce or enhance certain aspects of that signal. Unlike analog filters, which use physical components like resistors and capacitors, digital filters operate on digital data using algorithms implemented on processors. They are categorized primarily as finite impulse response or infinite impulse response filters based on their internal feedback mechanisms. Digital filters offer high precision, stability, and flexibility, as their characteristics can be changed through software without hardware modifications. They are essential in modern telecommunications, audio processing, and medical imaging systems where signal noise reduction and frequency isolation are critical requirements for data integrity.;Google
Raman spectroscopy;Raman spectroscopy is a non-destructive spectroscopic technique used to observe vibrational, rotational, and other low-frequency modes in a system. It relies upon inelastic scattering of monochromatic light, usually from a laser in the visible, near infrared, or near ultraviolet range. The laser light interacts with molecular vibrations, phonons, or other excitations in the system, resulting in the energy of the laser photons being shifted up or down. This shift provides information about the vibrational modes in the system. Typically, a sample is illuminated with a laser beam, and light from the illuminated spot is collected with a lens and sent through a monochromator to produce a unique spectral fingerprint.;Google
Tonsil;"Tonsils are collections of lymphoid tissue located in the pharynx. They form part of the immune system and act as the body's first line of defense against inhaled or ingested pathogens. There are three main types: the palatine tonsils, located at the back of the throat; the pharyngeal tonsils, also known as adenoids; and the lingual tonsils at the base of the tongue. Together, they form Waldeyer's ring. These structures contain lymphocytes and produce antibodies to neutralize bacteria and viruses. While they are critical during childhood for developing immunity, they often shrink after puberty. Common medical issues include tonsillitis, which is the inflammation of these tissues usually caused by viral or bacterial infections.";Google
Magnetar;A magnetar is a type of neutron star characterized by an extremely powerful magnetic field. These fields are often quadrillions of times stronger than Earth's magnetic field. They originate from the collapsed cores of massive stars after supernova explosions. Magnetars are distinct for emitting high-energy electromagnetic radiation, primarily X-rays and gamma rays. The decay of their intense magnetic field powers these energetic emissions. This process can trigger massive bursts known as giant flares, which are among the brightest electromagnetic events in the universe. Research into magnetars provides insight into matter under extreme density and magnetic conditions.;Google
Prognosis;Prognosis refers to the medical prediction of the likely course and outcome of a disease, based on statistical data and clinical evidence. It differs from diagnosis, which identifies the current condition, by focusing on future expectations regarding recovery, recurrence, or survival. Clinicians formulate a prognosis by analyzing various prognostic factors, including the patient's age, medical history, disease stage, and response to specific treatments. These estimations are often expressed in terms of probabilities, such as five-year survival rates for cancer patients. Accurate prognostic modeling is essential for guiding clinical decision-making, helping patients understand their health trajectory, and determining the most appropriate therapeutic interventions for individual cases.;Google
ATP hydrolysis;Adenosine triphosphate hydrolysis is the catabolic reaction process by which chemical energy stored in high-energy phosphoanhydride bonds is released by splitting these linkages. This process occurs through the addition of a water molecule, which cleaves a terminal phosphate group from the ATP molecule, resulting in adenosine diphosphate and an inorganic phosphate ion. As an exergonic reaction, it provides the vital energy required to drive numerous cellular activities, such as active transport, muscle contraction, and complex biosynthetic pathways. Enzymes known as ATPases typically catalyze this reaction, ensuring that the released energy is harnessed effectively to power essential biological functions across all living organisms.;Google
Herd immunity;Herd immunity occurs when a large part of a population becomes immune to a specific infectious disease, making its spread unlikely. This protection happens through vaccination or prior infection. When enough individuals are immune, the chain of transmission is broken, which indirectly protects those who lack immunity, such as people with weakened immune systems or those ineligible for vaccines. The threshold required to achieve herd immunity varies depending on the basic reproduction number of the pathogen. For highly contagious diseases like measles, a very high percentage of the population must be immune. This public health phenomenon is essential for controlling outbreaks and eventually eradicating certain diseases globally.;Google
Anthropic principle;The anthropic principle is a cosmological and philosophical concept stating that observations of the physical universe must be compatible with the conscious life that observes it. It addresses why fundamental physical constants appear uniquely suited for biological existence. The weak anthropic principle suggests that our location in the universe is necessarily privileged to the extent of being compatible with our existence as observers. Conversely, the strong anthropic principle proposes that the universe must possess properties which allow life to develop at some stage. Scientists often invoke this principle to explain the fine-tuning of the universe without requiring specific teleological origins or designs.;Google
Quantum computing;Quantum computing is a multidisciplinary field comprising aspects of computer science, physics, and mathematics that utilizes quantum mechanics to solve complex problems faster than classical computers. Unlike classical computers which use bits representing zero or one, quantum computers use qubits. Qubits can exist in a state of superposition, representing both states simultaneously. Furthermore, entanglement allows qubits to be perfectly correlated even over large distances. These properties enable quantum algorithms to perform parallel computations across vast data sets. Significant applications include cryptography, drug discovery, and optimization. While current technology faces challenges like decoherence and error rates, development continues toward achieving large-scale, fault-tolerant quantum systems.;Google
Algebraic topology;Algebraic topology is a branch of mathematics that employs tools from abstract algebra to investigate topological spaces. The primary objective is to classify these spaces by identifying algebraic invariants that remain consistent under continuous transformations, such as stretching or bending without tearing. By translating complex geometric problems into algebraic structures like groups or rings, mathematicians can more easily determine if two shapes are fundamentally different. Key concepts include the fundamental group, which tracks loops within a space, and homology groups, which count holes of various dimensions. These rigorous methods allow researchers to distinguish between structures like spheres and tori mathematically.;Google
Neurogenesis;Neurogenesis is the biological process by which new neurons are generated from neural stem and progenitor cells. Historically, scientists believed the adult mammalian brain was incapable of producing new neurons. Modern research confirms that neurogenesis occurs throughout life in specific brain regions, most notably the subventricular zone of the lateral ventricles and the subgranular zone of the hippocampal dentate gyrus. This process involves the proliferation, differentiation, and integration of new cells into existing neural circuits. It plays a critical role in learning, memory, and emotional regulation. Factors such as physical exercise and environmental enrichment can influence the rate of neurogenesis, while aging and chronic stress often diminish it.;Google
Structural equation modeling;Structural equation modeling is a comprehensive multivariate statistical analysis technique used to analyze structural relationships between measured variables and latent constructs. This method effectively combines factor analysis with multiple regression to examine complex paths and potential causal links within a theoretical framework. SEM allows researchers to test models that incorporate both direct and indirect effects while explicitly accounting for measurement error. The process typically involves a measurement model, which links observed variables to latent factors, and a structural model, which specifies the relationships among the factors themselves. It is widely employed across social sciences, psychology, and marketing to validate complex theoretical structures using empirical data.;Google
Stellar nucleosynthesis;Stellar nucleosynthesis is the primary chemical process by which natural elements are created within stars via nuclear fusion and capture reactions. Initially, stars transform hydrogen into helium through the proton-proton chain or the CNO cycle. As stars evolve and reach higher core temperatures, they facilitate the synthesis of heavier nuclei including carbon, oxygen, and neon. This progression concludes with the production of iron in the most massive stars. Elements heavier than iron originate from rapid or slow neutron capture during cataclysmic events like supernovae. These enrichment processes eventually distribute heavy elements into space, seeding the clouds that form new solar systems and rocky planets.;Google
Histology;Histology is the scientific study of the microscopic structure of tissues in biological organisms. It involves the examination of cells and their extracellular matrix using specialized imaging techniques, most commonly light or electron microscopy. This field bridges the gap between cell biology and macroscopic anatomy, providing insights into how individual components organize to form functional organs. To prepare samples, tissues undergo fixation, dehydration, embedding, sectioning, and staining with specific dyes like hematoxylin and eosin. These processes highlight cellular features and biochemical compositions. Histology is essential in medicine for diagnosing diseases, particularly cancers, as pathological changes in tissue architecture often indicate underlying clinical conditions.;Google
Myosin;Myosin represents a diverse superfamily of motor proteins fundamental to eukaryotic motility and muscle contraction. These proteins convert chemical energy derived from adenosine triphosphate hydrolysis into directed mechanical force. By interacting with actin filaments, myosin molecules facilitate critical biological processes such as cytokinesis, vesicle transport, and cellular structural maintenance. In striated muscle tissues, myosin molecules aggregate into thick filaments that slide past thin actin filaments, a mechanism central to the sliding filament theory of contraction. Beyond their role in locomotion, non-muscle myosins contribute significantly to organelle positioning and the regulation of cytoplasmic streaming within various cell types across numerous organisms.;Google
Number needed to treat;The number needed to treat is an epidemiological measure used to communicate the effectiveness of a health intervention. It represents the average number of patients who need to receive a specific treatment to prevent one additional bad outcome or achieve one additional positive outcome compared to a control group. NNT is calculated as the inverse of the absolute risk reduction. A lower NNT suggests a more effective treatment, where an NNT of one means every patient benefits. This metric helps clinicians and policymakers compare the relative benefits and risks of different medical interventions in a way that is often more intuitive than relative risk ratios or odds ratios.;Google
Peptide bond;A peptide bond is a covalent chemical bond formed between two amino acid molecules. It occurs when the carboxyl group of one amino acid reacts with the amino group of another, releasing a molecule of water through a dehydration synthesis reaction. This linkage specifically connects the carbon atom of the carboxyl group to the nitrogen atom of the amino group. The resulting structure is a substituted amide. Peptide bonds are the fundamental building blocks of proteins, linking long chains of amino acids called polypeptides. These bonds are planar and possess partial double bond character due to resonance, which restricts rotation and stabilizes the protein's primary structure, ultimately influencing its final three-dimensional shape and function.;Google
Eosinophil;Eosinophils are a specialized type of white blood cell and a key component of the immune system. As a variety of granulocyte, they are characterized by their bilobed nuclei and cytoplasmic granules that stain intensely with acidic dyes like eosin. These cells primarily function in the defense against multicellular parasites, such as helminths, by releasing cytotoxic proteins. Furthermore, eosinophils play a critical role in mediating allergic reactions, asthma, and certain inflammatory diseases. They originate in the bone marrow through hematopoiesis and circulate in the blood before migrating to tissues. Elevated levels, known as eosinophilia, often indicate an underlying infection or an overactive immune response.;Google
Meta-learning;Meta-learning or learning to learn is a subfield of machine learning where models are trained to improve their own learning algorithms. Unlike traditional machine learning, which focuses on mastering a specific task through large datasets, meta-learning aims to generalize across multiple tasks. It enables systems to adapt rapidly to new, unseen challenges with minimal data by leveraging prior knowledge. Common approaches include metric-based, model-based, and optimization-based methods. By optimizing the learning process itself, these models can achieve higher efficiency and flexibility, mimicking human-like cognitive abilities to acquire new skills quickly. This field is crucial for few-shot learning and artificial general intelligence development.;Google
Aerogel;Aerogel is a class of synthetic porous ultralight materials derived from a gel, in which the liquid component has been replaced with a gas. This results in a solid with extremely low density and low thermal conductivity. Often nicknamed frozen smoke due to its translucent appearance, aerogels are primarily composed of silica, though carbon and metal oxides are also used. They are created through supercritical drying, which removes the liquid without causing the solid matrix to collapse. These materials possess a high surface area and can support significantly more weight than their own mass, making them ideal for space exploration and industrial insulation.;Google
Inverse kinematics;Inverse kinematics is the mathematical process of determining the variable joint parameters required to place an end effector at a specific position and orientation. While forward kinematics computes the final position from known joint angles, inverse kinematics works backward from a desired target. This field is fundamental in robotics, computer animation, and ergonomics. Solving these systems is often challenging because they may yield multiple solutions or encounter singular configurations where movement is restricted. Numerical methods, such as the Jacobian pseudoinverse, and analytical closed-form solutions are common techniques employed to address these nonlinear geometric problems effectively in articulated systems.;Google
Anderson localization;Anderson localization is the physical phenomenon where waves fail to propagate through a disordered medium due to interference effects. Proposed by Philip W. Anderson in 1958, it describes how randomness in a material's potential can lead to the spatial trapping of quantum particles, such as electrons. While originally formulated for condensed matter physics, the effect is universal to wave mechanics, including light, sound, and matter waves. In highly disordered systems, multiple scattering events cause waves to interfere destructively, effectively localizing the wave function. This leads to a metal-insulator transition where a material that should conduct electricity becomes an insulator.;Google
Lytic cycle;The lytic cycle is a primary mechanism of viral reproduction characterized by the immediate replication of viral particles and the ultimate destruction of the host cell. This process begins when a bacteriophage or other virus attaches to a specific receptor on the surface of a host cell and injects its genetic material. Once inside, the viral genome hijacks the host's metabolic machinery to produce viral proteins and nucleic acids. These components are then assembled into complete new virions. Finally, viral enzymes induce lysis of the host cell membrane, causing the cell to burst and release progeny viruses to infect neighboring cells.;Google
Balancing selection;Balancing selection refers to several evolutionary processes by which multiple alleles are actively maintained in the gene pool of a population at frequencies larger than expected from genetic drift alone. This mechanism contrasts with directional selection, which favors a single phenotype. Common forms include heterozygote advantage, where individuals with two different alleles have higher fitness than homozygotes, and frequency-dependent selection, where the fitness of a phenotype depends on its prevalence. A classic example is the sickle-cell trait in humans, where the heterozygous state provides resistance to malaria. Such processes preserve genetic diversity, allowing populations to adapt to fluctuating environmental conditions and diverse pathogen pressures over long evolutionary timescales.;Google
Glycosylation;Glycosylation is a biochemical process where a carbohydrate, such as a glycosyl donor, is attached to a functional group of another molecule, typically a protein or a lipid. This enzymatic reaction is a form of post-translational modification that occurs primarily in the endoplasmic reticulum and the Golgi apparatus of eukaryotic cells. It plays a critical role in determining protein structure, stability, and function. The resulting glycan chains influence cell-to-cell adhesion, immune recognition, and protein folding. There are several types of glycosylation, most notably N-linked and O-linked, categorized by the specific atom involved in the bond formation. Errors in this complex process can lead to congenital disorders and various diseases.;Google
Alpha particle;An alpha particle consists of two protons and two neutrons bound together, making it identical to a helium-4 nucleus. These particles are emitted during alpha decay, a type of radioactive decay occurring in unstable, heavy nuclei like uranium or radium. Because they carry a double positive charge and possess a relatively large mass, alpha particles exhibit high ionizing power but low penetration depth. They can be stopped by a simple sheet of paper or the outer layer of human skin. However, if inhaled or ingested, they pose a significant biological hazard due to their ability to damage living tissue and DNA molecules.;Google
Majorana fermion;A Majorana fermion is a type of elementary particle that acts as its own antiparticle, a concept proposed by Ettore Majorana in 1937. Unlike Dirac fermions, such as electrons, which have distinct antiparticles with opposite charge, Majorana fermions are neutral and identical to their conjugate states. While no fundamental particles are currently confirmed to be Majorana fermions, they are a significant subject of research in condensed matter physics. In this context, emergent quasiparticles known as Majorana bound states are theorized to exist in certain superconductors. These states exhibit non-Abelian statistics, making them potentially revolutionary for fault-tolerant quantum computing through the creation of topological qubits.;Google
Crohn's disease;Crohn's disease is a chronic inflammatory bowel disease characterized by inflammation of the digestive tract. It most commonly affects the distal ileum and the colon but can occur anywhere from the mouth to the anus. Unlike ulcerative colitis, the inflammation in Crohn’s is transmural, meaning it involves all layers of the intestinal wall, often leading to complications such as fistulas, abscesses, or strictures. The exact etiology remains unknown, though it is believed to involve a complex interaction of genetic susceptibility, environmental triggers, and an abnormal immune response to gut microbiota. Common symptoms include abdominal pain, persistent diarrhea, and fatigue. Management typically involves anti-inflammatory medications or immunosuppressants.;Google
Kilonova;A kilonova is a transient astronomical event occurring when two compact objects, typically two neutron stars or a neutron star and a black hole, merge. This cataclysmic collision releases intense electromagnetic radiation and heavy radioactive elements into space. Kilonovae are significantly more luminous than classical novae but dimmer than supernovae. They serve as primary sites for r-process nucleosynthesis, a process responsible for creating approximately half of the elements heavier than iron, including gold and platinum. Observations of kilonovae are often accompanied by gravitational wave detections and short gamma-ray bursts. The discovery of GW170817 provided the first direct evidence linking neutron star mergers to these powerful cosmic explosions.;Google
Grover's algorithm;Grover's algorithm is a quantum algorithm designed for searching an unstructured database or finding the input to a black-box function that produces a specific output. Introduced by Lov Grover in 1996, it provides a quadratic speedup over classical linear search methods. While a classical search requires examining an average of half the entries in a list of size N, this quantum approach identifies the target in approximately the square root of N operations. The algorithm functions by iteratively applying a quantum oracle to mark the correct state and a diffusion operator to amplify its probability amplitude. This process continues until the target state dominates the measurement probability.;Google
Extinction;Extinction is the complete disappearance of a biological species or a higher taxonomic group from Earth. It occurs when the last surviving individual of a taxon dies or loses the capacity to reproduce. While extinction is a natural evolutionary process, current rates are significantly accelerated due to human activities like habitat destruction and climate change. Scientists identify five major mass extinction events in geological history, characterized by rapid biodiversity loss. Modern conservation efforts seek to mitigate these trends by protecting endangered populations and restoring ecosystems to prevent the permanent loss of genetic diversity and ensure ecological stability.;Google
Federated learning;Federated learning is a decentralized machine learning approach that enables training models across multiple devices or servers holding local data without exchanging the raw information. This framework addresses critical privacy and security concerns by ensuring that sensitive user data remains on the original device. Instead of centralized data collection, local nodes perform computations on their internal datasets and share only the resulting model parameters with a central server. This server aggregates the updates to refine a global model, which is then redistributed back to the participants. Consequently, federated learning facilitates collaborative intelligence while minimizing data leakage risks and reducing the need for massive communication bandwidth in large networks.;Google
Isotope;Isotopes are variants of a particular chemical element which differ in neutron number and consequently in nucleon number. All isotopes of a given element have the same number of protons in each atom. The term is derived from Greek roots meaning same place, indicating that different isotopes of an element occupy the same position on the periodic table. While isotopes exhibit nearly identical chemical behavior due to their equivalent electron configurations, their physical properties vary based on atomic mass. Some isotopes are stable, whereas others are unstable and undergo radioactive decay over time. These radioactive isotopes are frequently utilized in fields such as medical diagnostics, archeological dating, and nuclear energy production.;Google
Habitable zone;"The habitable zone, often called the Goldilocks zone, is the region around a star where conditions are just right for liquid water to exist on a planet's surface. This distance depends on the star's luminosity and size. If a planet is too close, water evaporates; if it is too far, water freezes. Liquid water is considered essential for life as we know it, making this zone a primary focus in astrobiology. However, surface habitability also depends on atmospheric pressure and composition. Beyond stars, galactic habitable zones describe regions in galaxies where life is most likely to develop without lethal radiation.";Google
Netrin;Netrins are a family of extracellular proteins that play a critical role in axon guidance during neural development. These conserved molecules are primarily known for their ability to direct the growth of axons by acting as either attractants or repellents, depending on the specific receptors present on the growing nerve cell. The most well-studied member, Netrin-1, is essential for guiding axons across the midline of the embryonic nervous system. Beyond the nervous system, netrins are involved in various physiological processes, including cell migration, angiogenesis, and tissue morphogenesis. They interact with receptors such as DCC and UNC5 to initiate intracellular signaling pathways that remodel the cytoskeleton.;Google
Lentivirus;Lentiviruses are a genus of retroviruses characterized by a long incubation period and the ability to infect both dividing and non-dividing cells. Belonging to the family Retroviridae, these viruses integrate their genetic material into the host cell's genome, facilitating persistent infection. The most prominent member is the Human Immunodeficiency Virus, which targets the immune system. In molecular biology, lentiviruses are extensively utilized as gene delivery vectors due to their capacity for stable integration and large transgene capacity. Their unique replication cycle involves reverse transcription of RNA into DNA before nuclear entry. This makes them invaluable tools for gene therapy and long-term functional studies in various biomedical research applications.;Google
Causal inference;Causal inference is a branch of statistics and philosophy concerned with establishing cause-and-effect relationships between variables. Unlike simple correlation, which merely identifies associations, causal inference seeks to determine if changes in one factor directly produce changes in another. Researchers utilize various frameworks, such as the potential outcomes model and directed acyclic graphs, to isolate these effects. Methods include randomized controlled trials, which are considered the gold standard, as well as quasi-experimental designs for observational data. By addressing confounding variables and selection bias, causal inference allows scientists in fields like economics, epidemiology, and social sciences to make informed predictions and evaluate the actual impact of specific interventions or policies.;Google
Proton therapy;Proton therapy is a medical procedure that uses a beam of protons to irradiate diseased tissue, most often for cancer treatment. Its primary benefit compared to conventional radiation lies in the unique physical properties of heavy charged particles. Unlike X-rays, which deposit energy along their entire path, protons release most of their energy at a specific depth within the target tissue. This phenomenon, known as the Bragg peak, allows for precise localization of the radiation dose. Consequently, clinicians can deliver higher doses of radiation directly to the tumor site while minimizing exposure and potential damage to the surrounding healthy organs and tissues, thereby reducing unintended side effects.;Google
Pyrolysis;Pyrolysis is the thermochemical decomposition of organic matter at high temperatures in an inert atmosphere, typically excluding oxygen. This irreversible process involves both physical phase changes and alterations in chemical composition. Derived from the Greek words for fire and separation, pyrolysis represents a fundamental step in combustion and gasification. During the reaction, large molecules fracture into smaller components, resulting in the production of solid biochar, liquid bio-oil, and volatile gases. This technique is widely utilized in industrial applications, such as converting biomass into renewable energy, managing plastic waste, and manufacturing chemicals like ethylene. It remains a critical method for resource recovery and sustainable material processing.;Google
Total synthesis;Total synthesis is the complete chemical synthesis of a complex molecule, typically a natural product, from simple, commercially available precursors. It serves as a rigorous test for existing chemical theories and provides a platform for developing new synthetic methodologies. Often categorized into linear or convergent approaches, total synthesis aims to construct the target molecule without relying on biological sources. This field was pioneered by chemists like Friedrich Wöhler and Robert Burns Woodward, who demonstrated that organic substances could be created in a laboratory. Beyond verifying molecular structures, total synthesis enables the production of rare compounds for pharmacological research, facilitating the discovery of life-saving medicines.;Google
Neuraminidase;Neuraminidase is an enzyme found on the surface of influenza viruses that enables the virus to be released from the host cell. Specifically, it acts as a glycoside hydrolase, cleaving sialic acid residues from glycoproteins and glycolipids. This action prevents the viral particles from clumping together and allows them to spread to uninfected cells within the respiratory tract. Because of its critical role in the viral life cycle, neuraminidase is a primary target for antiviral medications known as neuraminidase inhibitors, such as oseltamivir and zanamivir. These drugs bind to the enzyme's active site, effectively halting the spread of the infection. In addition to viruses, various bacteria and mammalian cells also express different forms of neuraminidase.;Google
Schwarzschild radius;"The Schwarzschild radius is a physical parameter that defines the event horizon of a non-rotating, spherically symmetric black hole. Named after the German physicist Karl Schwarzschild, who calculated it in 1916 using the field equations of general relativity, this distance represents the critical limit for gravitational collapse. If an object is compressed below this radius, its gravitational pull becomes so intense that not even light can escape from within it. The radius is directly proportional to the object's mass; for instance, the Sun would need to be crushed to a radius of approximately three kilometers to become a black hole.";Google
Circular economy;The circular economy is a systemic approach to economic development designed to benefit businesses, society, and the environment. In contrast to the traditional linear model based on extraction and disposal, this framework focuses on the continuous cycle of resource preservation. It integrates principles of sustainable design and waste management to minimize resource inputs while reducing pollution and greenhouse gas emissions. Key strategies include durable design, maintenance, refurbishment, and high-quality recycling to close industrial loops. By decoupling economic growth from the consumption of finite resources, the circular model aims to restore natural systems and maximize the lifecycle of products. This transformation requires fundamental changes in production and consumption patterns to achieve long-term ecological balance.;Google
Cosmic distance ladder;The cosmic distance ladder is a succession of methods by which astronomers determine the distances to celestial objects. Direct distance measurements are only possible for nearby objects, so further distances rely on overlapping techniques. Each step uses a more distant method calibrated by the previous, closer step. For example, trigonometric parallax measures nearby stars. These calibrate standard candles like Cepheid variables, which then calibrate Type Ia supernovae. At the furthest reaches, Hubble's Law relates redshift to distance. This hierarchical system is essential for mapping the universe's large-scale structure and estimating its fundamental properties, including age and expansion rate.;Google
Fracture mechanics;Fracture mechanics is the field of solid mechanics focused on the behavior of materials containing cracks or flaws. It utilizes mathematical models to predict the conditions under which a crack will propagate, leading to structural failure. Central to this discipline is the concept of fracture toughness, which measures a material's resistance to crack growth. Engineers apply these principles to determine the safety and longevity of components in aerospace, civil, and mechanical engineering. There are two primary approaches: linear elastic fracture mechanics, applicable to brittle substances, and elastic-plastic fracture mechanics for ductile materials. By analyzing stress intensity factors and energy release rates, researchers can prevent catastrophic disasters.;Google
Microbiome;The microbiome refers to the collective community of microorganisms, including bacteria, archaea, fungi, and viruses, that inhabit a specific environment. While present in diverse ecosystems like soil and oceans, the term frequently describes the complex microbial populations living on and within the human body. These microscopic inhabitants reside primarily in the gut, skin, and oral cavities, playing critical roles in physiological processes such as digestion, immune system modulation, and vitamin synthesis. Disruptions to this delicate microbial balance, known as dysbiosis, are linked to various health conditions, including obesity and inflammatory diseases. Advances in metagenomic sequencing allow researchers to analyze these microbial genomes to understand their profound impact on host health and ecological stability.;Google
Category theory;Category theory is a mathematical framework that deals with abstract structures and the relationships between them. It focuses on objects and morphisms, which represent mappings or transformations. By emphasizing these connections rather than the internal details of specific entities, category theory provides a unifying language across diverse fields such as algebra, topology, and logic. Central concepts include functors, which map one category to another while preserving structure, and natural transformations. Established in the mid-twentieth century by Samuel Eilenberg and Saunders Mac Lane, the field has become essential in computer science for formalizing programming languages and in theoretical physics for understanding complex systems.;Google
Inflammation;Inflammation is a fundamental biological response by the immune system to harmful stimuli, such as pathogens, damaged cells, or irritants. It serves as a protective mechanism intended to eliminate the initial cause of cell injury, clear out necrotic cells and tissues, and initiate tissue repair. The process is characterized by five cardinal signs: heat, pain, redness, swelling, and loss of function. Acute inflammation occurs rapidly and typically resolves once the threat is neutralized. However, chronic inflammation persists over long periods and can contribute to various diseases, including heart disease and diabetes. This complex cascade involves leukocytes, plasma proteins, and chemical mediators that coordinate the cellular defense.;Google
Luminosity;Luminosity is the total amount of electromagnetic energy emitted by an astronomical object, such as a star or galaxy, per unit of time. In the International System of Units, it is measured in watts, though astronomers often express it in terms of solar luminosity. Unlike apparent brightness, which depends on the distance of the observer, luminosity is an intrinsic property of the source. It is determined by the object's surface area and effective temperature, as described by the Stefan-Boltzmann law. Understanding luminosity allows scientists to calculate the distance of celestial bodies and analyze their evolutionary stages, making it a fundamental concept in modern astrophysics and cosmology.;Google
Angular momentum;Angular momentum is a fundamental physical quantity that represents the rotational motion of an object. It is the rotational equivalent of linear momentum and is defined as the product of an object's moment of inertia and its angular velocity. For a point mass, it is calculated as the vector product of the position and linear momentum. A key principle in physics is the law of conservation of angular momentum, which states that the total angular momentum of a closed system remains constant unless acted upon by an external torque. This principle explains various phenomena, such as why a spinning figure skater rotates faster when pulling their arms inward and how planets maintain stable orbits.;Google
Inflation;Cosmic inflation is a theory in physical cosmology describing a period of extremely rapid exponential expansion of space in the early universe. Occurring approximately ten to the power of negative thirty-six seconds after the Big Bang, this brief interval caused the universe to expand by a massive factor. This process explains why the universe appears spatially flat, homogeneous, and isotropic on a large scale. Inflation solves several critical issues in the standard Big Bang model, including the horizon and flatness problems. It suggests that microscopic quantum fluctuations during this period were magnified to become the seeds for all large-scale structures observed in the cosmos today.;Google
Osmosis;Osmosis is the spontaneous net movement or diffusion of solvent molecules through a selectively permeable membrane from a region of high water potential to a region of low water potential. This movement occurs along a concentration gradient and continues until the solute concentrations reach equilibrium on both sides of the membrane. In biological systems, osmosis is essential for various physiological processes, including the uptake of water by plant roots and the maintenance of cellular homeostasis. Osmotic pressure represents the force needed to prevent this inward flow. By regulating the movement of water, osmosis ensures that cells maintain their structural integrity and perform metabolic functions effectively across diverse environments.;Google
T cell;T cells, or T lymphocytes, are a fundamental component of the adaptive immune system. They originate from hematopoietic stem cells in the bone marrow and migrate to the thymus for maturation. T cells are distinguished from other lymphocytes by the presence of a specialized T-cell receptor on their cell surface. There are several subtypes, including helper T cells, which coordinate immune responses by releasing cytokines, and cytotoxic T cells, which directly destroy infected or cancerous cells. Regulatory T cells maintain self-tolerance by suppressing excessive immune activity. Through their ability to recognize specific antigens, T cells provide long-term immunity and are essential for defending the body against diverse pathogens.;Google
Dynamic light scattering;Dynamic light scattering, often abbreviated as DLS, is a non-invasive physical technique used to determine the size distribution profile of small particles in suspension or polymers in solution. When a monochromatic light source, typically a laser, hits moving particles, the light scatters in all directions. Because the particles undergo constant Brownian motion, the intensity of the scattered light fluctuates over time. By analyzing these intensity fluctuations using an autocorrelation function, researchers can calculate the diffusion coefficient of the particles. This value is then used in the Stokes-Einstein equation to determine the hydrodynamic diameter. DLS is essential in characterizing colloids, proteins, and various nanoparticles within liquid media.;Google
Convolutional neural network;A convolutional neural network is a class of deep artificial neural networks specifically designed to process structured arrays of data, such as images. These networks utilize specialized layers that perform a mathematical operation called convolution, which allows for the automatic detection of spatial hierarchies and patterns. Unlike traditional neural networks, CNNs leverage translation invariance, making them highly effective at identifying features regardless of their position in the input field. Key architectural elements typically include convolutional layers, pooling layers for downsampling, and fully connected layers for final classification. These systems are foundational to modern computer vision, powering technologies like facial recognition, autonomous driving, and medical diagnostic imaging.;Google
Laser;A laser, an acronym for Light Amplification by Stimulated Emission of Radiation, is a device that emits light through an optical amplification process based on the stimulated emission of electromagnetic radiation. Unlike conventional light sources, lasers produce coherent light, meaning the waves maintain a constant phase relationship in both space and time. This coherence allows the beam to stay narrow over great distances and be focused to a tiny spot. Lasers consist of a gain medium, an energy source, and an optical resonator. They find diverse applications in fields such as medicine, telecommunications, industrial manufacturing, and scientific research due to their precision and intensity.;Google
Wear;Wear is the gradual removal or deformation of material from solid surfaces due to mechanical action or chemical reactions. It is a fundamental concept in tribology, the study of friction, lubrication, and wear. The process typically occurs when two surfaces interact under load and relative motion. Common mechanisms include adhesive wear, where fragments are pulled from one surface to another, and abrasive wear, involving hard particles cutting into a softer surface. Other forms include erosive wear from fluid impact and corrosive wear from chemical environments. Managing wear is critical in engineering to extend the lifespan of machinery, reduce energy loss, and ensure safety in various industrial applications.;Google
Neutron star;A neutron star is the collapsed core of a massive supergiant star that has undergone a supernova explosion. These celestial objects are among the densest known entities in the universe, packing more mass than our Sun into a sphere with a radius of only about ten kilometers. Composed primarily of neutrons, they are supported against gravitational collapse by quantum degeneracy pressure. Neutron stars possess incredibly strong magnetic fields and can rotate hundreds of times per second. When they emit beams of electromagnetic radiation, they are observed as pulsars. Their extreme environments provide unique laboratories for studying nuclear physics and general relativity under intense conditions.;Google
Macrophage;Macrophages are specialized white blood cells that play a primary role in the immune system by engulfing and digesting cellular debris, foreign substances, microbes, and cancer cells through a process called phagocytosis. These large phagocytic cells are derived from monocytes and are found in almost every tissue of the body. Beyond their defensive functions, macrophages act as professional antigen-presenting cells, signaling other immune components to initiate a targeted response. They also secrete cytokines to regulate inflammation and assist in tissue repair and wound healing. By maintaining cellular homeostasis and patrolling for pathogens, macrophages serve as essential links between innate and adaptive immunity.;Google
Sentiment analysis;Sentiment analysis, also known as opinion mining, is a subfield of natural language processing that uses computational linguistics and text analysis to systematically identify, extract, and quantify subjective information from digital content. This scientific approach employs machine learning algorithms and deep learning models to categorize the emotional tone behind a body of text, typically classifying it as positive, negative, or neutral. Beyond basic polarity, advanced systems detect specific emotions like anger or joy and determine the intensity of expressed opinions. Organizations utilize these techniques for market research, social media monitoring, and customer feedback analysis to gain actionable insights from large datasets of human communication.;Google
Electrolysis;Electrolysis is a chemical process that uses direct electric current to drive a non-spontaneous chemical reaction. This technique is fundamentally based on the movement of ions within an electrolyte toward electrodes of opposite charge. When current is applied, the positive ions migrate to the cathode to undergo reduction, while negative ions travel to the anode for oxidation. Electrolysis is vital in industrial applications, such as the production of aluminum, chlorine, and hydrogen gas. It also plays a key role in electroplating, where a thin layer of metal is deposited onto a surface to provide protection or enhance appearance. This process demonstrates the direct conversion of electrical energy into chemical energy.;Google
Beta sheet;A beta sheet is a common motif in the secondary structure of proteins, consisting of multiple beta strands connected laterally by at least two or three backbone hydrogen bonds. These strands are arranged in a side-by-side fashion, forming a generally pleated sheet-like appearance. The individual strands can be oriented in parallel, where N-termini and C-termini align, or antiparallel, where they run in opposite directions. The backbone of each strand is extended, and the side chains of the amino acids project alternately above and below the plane of the sheet. This structural arrangement provides essential rigidity and stability to the overall protein architecture, contributing to diverse biological functions.;Google
Covalent bond;A covalent bond is a chemical bond that involves the sharing of electron pairs between atoms. These electron pairs are known as shared pairs or bonding pairs. The stable balance of attractive and repulsive forces between atoms, when they share electrons, is known as covalent bonding. For many molecules, the sharing of electrons allows each atom to attain the equivalent of a full outer shell, corresponding to a stable electronic configuration. Atoms with similar electronegativities tend to form covalent bonds, often occurring between nonmetal elements. These bonds can be single, double, or triple, depending on the number of shared electron pairs between the participating atoms.;Google
Quantum memory;Quantum memory is a specialized device designed to store and retrieve quantum information, typically encoded within the states of photons. Unlike classical storage that relies on discrete bits, quantum memory preserves fragile quantum properties such as superposition and entanglement. This capability is foundational for the development of quantum communication networks, as it allows for the implementation of quantum repeaters that overcome signal loss over long distances. Technical approaches often utilize light-matter interactions to transfer quantum states from light to stationary media like atomic vapors, trapped ions, or solid-state crystals. Achieving high fidelity and long storage times remains a critical engineering challenge in the field.;Google
Centrosome;The centrosome is an organelle that serves as the main microtubule organizing center in animal cells. It consists of two centrioles surrounded by a protein matrix called pericentriolar material. During the cell cycle, the centrosome duplicates once before cell division begins. As mitosis proceeds, the two centrosomes move to opposite poles of the cell, where they help organize the mitotic spindle. This structure ensures that chromosomes are accurately distributed to daughter cells. Beyond cell division, centrosomes influence cell shape, polarity, and motility by regulating the cytoskeleton. Though essential in animals, many plants and fungi manage microtubule organization without traditional centrosomes.;Google
Alpha wave;Alpha waves are neural oscillations in the frequency range of 8 to 13 Hz. They arise from the synchronous and coherent electrical activity of thalamic pacemaker cells in the human brain. These waves are most prominent in the occipital lobe during periods of wakeful relaxation with closed eyes. Hans Berger, the inventor of electroencephalography, first described them in 1924. Alpha activity is suppressed by open eyes, mental effort, or sensory stimuli, a phenomenon known as alpha blocking. They represent a state of relaxed alertness and play a crucial role in cognitive processes, including inhibitory control and the modulation of sensory information.;Google
Organ-on-a-chip;Organ-on-a-chip technology utilizes microfluidic devices to simulate the physiological functions of human organs. These chips integrate living cellular structures within microengineered environments that replicate organ-level responses, such as respiration or blood flow. By mimicking the biochemical and mechanical properties of specific tissues, these systems offer a more precise model for drug screening and disease pathology than traditional animal testing or two-dimensional cell cultures. This advancement aims to enhance the accuracy of clinical trials while reducing ethical concerns associated with animal research. Common iterations include lung, liver, and kidney chips, which enable scientists to observe complex biological interactions and systemic drug responses within a highly controlled, miniaturized laboratory environment.;Google
Coating;A coating is a covering that is applied to the surface of an object, usually referred to as the substrate. The purpose of applying the coating may be decorative, functional, or both. Functional coatings may be applied to change the surface properties of the substrate, such as adhesion, wettability, corrosion resistance, or wear resistance. In many cases, the coating is an essential part of the finished product. Common application methods include spraying, dipping, and brushing. Scientific fields involved include materials science and chemical engineering. Advanced techniques like physical vapor deposition allow for precise thickness control at the molecular level, enhancing durability and performance across diverse industrial applications.;Google
Vitamin B12;Vitamin B12, also known as cobalamin, is a water-soluble vitamin essential for various metabolic processes in the human body. It serves as a critical cofactor in DNA synthesis, as well as fatty acid and amino acid metabolism. The vitamin is particularly vital for the normal functioning of the nervous system through myelin synthesis and for the proper maturation of red blood cells in the bone marrow. Since humans cannot produce this micronutrient internally, it must be acquired through dietary sources, primarily animal products like meat, eggs, and dairy. Chronic deficiency may result in severe conditions such as megaloblastic anemia and permanent neurological damage.;Google
Supramolecular polymer;Supramolecular polymers are a class of polymers where the monomeric units are linked together by highly directional and reversible non-covalent interactions rather than traditional covalent bonds. These interactions typically include hydrogen bonding, metal coordination, pi-pi stacking, and host-guest recognition. Because the bonds are reversible, these materials exhibit unique dynamic properties such as self-healing, stimuli-responsiveness, and easy recyclability. The assembly process is governed by thermodynamic equilibrium, allowing the structure to respond to external changes in temperature, concentration, or pH. This versatility makes supramolecular polymers essential in developing advanced materials for drug delivery, tissue engineering, and smart sensors within modern materials science and chemistry.;Google
Proteomics;Proteomics is the large-scale study of proteins, which are vital components of living organisms. While genomics focuses on the entire set of genes, proteomics investigates the proteome, the complete set of proteins expressed by an organism, tissue, or cell. This field is particularly complex because the proteome changes constantly in response to internal and external factors. Researchers utilize advanced techniques like mass spectrometry and gel electrophoresis to identify protein structures, functions, and various interactions. Understanding the proteome is essential for discovering biomarkers and developing new medical treatments, as proteins perform most biological functions and often serve as primary targets for drugs.;Google
Amphiphile;An amphiphile is a chemical compound possessing both hydrophilic and lipophilic properties. Such molecules typically feature a polar or charged head group attached to a non-polar hydrocarbon chain. Common examples include soaps, detergents, and phospholipids, which are critical components of biological cell membranes. Due to their dual nature, amphiphiles spontaneously organize in aqueous solutions to form structures such as micelles, vesicles, and lipid bilayers. This self-assembly minimizes the contact between hydrophobic tails and water while maximizing hydrophilic interactions. These properties are essential for various industrial and biological processes, including emulsification, drug delivery, and maintaining the structural integrity of all living organisms.;Google
Chronoamperometry;Chronoamperometry is an electrochemical technique used to study the kinetics of chemical reactions and diffusion processes. In this method, a constant potential is suddenly applied to a working electrode, causing a redox reaction of an electroactive species in the solution. The resulting current is measured as a function of time. Initially, the current is high as the species near the electrode surface reacts, but it decays over time as the species is depleted. This decay typically follows the Cottrell equation, where current is inversely proportional to the square root of time. Researchers use this data to determine diffusion coefficients, electrode surface area, and reaction mechanisms in various analytical chemistry applications.;Google
Symbiosis;Symbiosis describes any close and long-term biological interaction between two different biological organisms, regardless of whether the relationship is beneficial, neutral, or harmful to the participants. These relationships are classified into several distinct categories based on the nature of the interaction. Mutualism occurs when both species benefit from the association, such as the relationship between flowering plants and their pollinators. Commensalism involves one organism benefiting while the other remains unaffected. In contrast, parasitism describes a relationship where one organism benefits at the expense of its host. Symbiotic relationships are fundamental to ecosystem function and drive evolutionary changes through coevolution between the involved species over geological time.;Google
Reciprocal altruism;Reciprocal altruism is a biological concept describing behaviors where an organism acts in a manner that temporarily reduces its fitness while increasing another organism's fitness, with the expectation that the favor will be returned later. Proposed by Robert Trivers in 1971, this mechanism explains the evolution of cooperation among non-kin. For this strategy to persist, individuals must interact repeatedly and possess the ability to recognize and penalize cheaters who fail to reciprocate. Common examples include grooming in primates and food sharing in vampire bats. In game theory, this is often modeled through the tit-for-tat strategy, demonstrating how mutual cooperation can emerge as an evolutionarily stable strategy within a population.;Google
Poisson's ratio;Poisson's ratio is a fundamental elastic constant named after the French mathematician Simeon Poisson. It measures the phenomenon where a material expands in directions perpendicular to the direction of compression. Conversely, if a material is stretched, it typically contracts in the transverse direction. The ratio is defined mathematically as the negative of the transverse strain divided by the axial strain. Most common materials possess values between 0.0 and 0.5. Rubber approaches the upper limit of 0.5 due to its incompressibility. Highly unusual substances known as auxetic materials exhibit a negative ratio, causing them to thicken when pulled apart. This parameter is essential for calculating stress and deformation in engineering applications.;Google
Keratinocyte;Keratinocytes are the predominant cell type in the epidermis, accounting for approximately ninety percent of its composition. Originating in the deepest layer, known as the stratum basale, these cells produce keratin, a fibrous structural protein that provides strength and water resistance to the skin. As keratinocytes mature, they gradually migrate toward the skin surface, undergoing a complex process of differentiation. During this journey, they eventually lose their nuclei and organelles to become flattened, dead cells forming the stratum corneum. This outermost layer serves as a vital physical barrier against pathogens, ultraviolet radiation, and dehydration, maintaining internal homeostasis through consistent shedding and replacement.;Google
Zeolite;Zeolites are microporous, aluminosilicate minerals commonly used as commercial adsorbents and catalysts. They possess a rigid, three-dimensional crystalline structure composed of oxygen-sharing tetrahedra of silica and alumina. This framework creates a network of uniform pores and channels that can selectively trap molecules based on size and shape, earning them the nickname molecular sieves. Naturally occurring zeolites form where volcanic rocks and ash layers react with alkaline groundwater. Synthetically produced versions are widely utilized in industrial processes such as water purification, gas separation, and fluid catalytic cracking in petroleum refining. Their high ion-exchange capacity also makes them essential for softening hard water by removing calcium and magnesium ions.;Google
Two-dimensional electron gas;A two-dimensional electron gas is a scientific model in physics representing a collection of electrons free to move in two dimensions but tightly confined in the third. This state typically occurs at the interface of two semiconductors, such as gallium arsenide and aluminum gallium arsenide, or within a metal-oxide-semiconductor field-effect transistor. By cooling the system to near absolute zero and applying a magnetic field, researchers can observe quantum phenomena like the quantum Hall effect. The restricted dimensionality leads to unique electronic properties distinct from bulk materials. These systems are fundamental for high-speed electronics and provide a platform for studying many-body physics and topological states in condensed matter science.;Google
Pauli exclusion principle;The Pauli exclusion principle is a fundamental law of quantum mechanics formulated by Austrian physicist Wolfgang Pauli in 1925. It states that two or more identical fermions, which are particles with half-integer spin such as electrons, protons, and neutrons, cannot occupy the exact same quantum state simultaneously within a single quantum system. In atomic physics, this requirement implies that no two electrons in an atom can possess the same four quantum numbers. This restriction dictates the electronic configuration of elements, explaining the structure of the periodic table and the stability of matter. Consequently, the principle prevents atoms from collapsing and governs the physical properties of solid materials.;Google
Monomer;A monomer is a molecule that can react with other molecules to form a larger polymer chain. This chemical process is known as polymerization. Monomers are the fundamental building blocks of synthetic materials like plastics and natural macromolecules such as proteins, carbohydrates, and nucleic acids. In organic chemistry, monomers typically contain functional groups or double bonds that allow them to link together via covalent bonding. For instance, amino acids serve as the monomers for proteins, while glucose units link to create starch or cellulose. Understanding monomer structures and their reaction kinetics is essential for advanced material science and modern biochemistry.;Google
Prosthetic group;A prosthetic group is a non-protein chemical component that is tightly or covalently bound to a protein, typically an enzyme, and is essential for its biological activity. Unlike coenzymes, which associate transiently, prosthetic groups remain permanently attached throughout the catalytic cycle. They represent a specific subclass of cofactors that provide functional properties beyond those offered by the twenty standard amino acids. For example, the heme group in hemoglobin is a prosthetic group necessary for binding oxygen. Similarly, flavin adenine dinucleotide serves as a prosthetic group in various metabolic redox reactions. These groups are crucial for electron transfer, ligand binding, and structural stabilization within holoproteins.;Google
Rotaxane;A rotaxane is a mechanically interlocked molecular architecture consisting of a dumbbell-shaped molecule threaded through a macrocycle. This arrangement prevents the ring from slipping off because bulky functional groups, known as stoppers, are positioned at both ends of the central axle. Unlike traditional chemical compounds held together by covalent bonds, the components of a rotaxane are joined by a mechanical bond. These structures are fundamental to the field of nanotechnology and are often employed as components in molecular machines or switches. The term originates from the Latin words for wheel and axle, reflecting the physical configuration of the molecules involved.;Google
Boundary layer;A boundary layer is a thin region of fluid immediately adjacent to a solid surface where viscous forces dominate. As a fluid flows past an object, the relative velocity at the interface is zero due to the no-slip condition. Moving away from the surface, the velocity increases until it reaches the free stream speed. This gradient characterizes the layer's behavior, which can be laminar or turbulent depending on the Reynolds number. Understanding boundary layers is crucial in aerodynamics and hydrodynamics for calculating skin friction drag and heat transfer rates. It was first theorized by Ludwig Prandtl in 1904, revolutionizing fluid mechanics by simplifying complex equations.;Google
Contrast agent;A contrast agent is a chemical substance used in medical imaging to enhance the visibility of internal bodily structures. These agents function by altering how imaging modalities, such as X-rays, magnetic resonance imaging, and ultrasound, interact with specific tissues. For example, iodine and barium increase X-ray attenuation to highlight blood vessels or the digestive tract. In contrast, gadolinium-based agents modify the magnetic properties of water molecules to improve image resolution in scans. These substances are commonly administered intravenously, orally, or rectally. While indispensable for diagnostic accuracy, they may occasionally induce side effects ranging from mild allergic reactions to rare systemic complications in predisposed individuals.;Google
Quantum well;A quantum well is a potential well with only discrete energy values. It is formed by sandwiching a thin layer of a semiconductor material between two layers of a material with a wider bandgap. When the thickness of the central layer is comparable to the de Broglie wavelength of the carriers, such as electrons and holes, the motion of these particles is confined to a two-dimensional plane. This spatial confinement leads to the quantization of energy levels, creating distinct subbands. Quantum wells are essential components in modern optoelectronic devices, including laser diodes, high-mobility transistors, and infrared photodetectors, where they enable precise control over optical and electrical properties.;Google
Biotin;Biotin, also known as vitamin B7 or vitamin H, is a water-soluble B vitamin that serves as a vital cofactor for carboxylase enzymes. These enzymes are essential for several metabolic processes, including the synthesis of fatty acids, the catabolism of branched-chain amino acids, and gluconeogenesis. Biotin plays a crucial role in maintaining healthy hair, skin, and nails, although deficiencies are rare in humans due to its presence in various foods and its production by intestinal bacteria. Humans cannot synthesize biotin themselves and must obtain it through dietary sources such as eggs, nuts, and legumes. It is also involved in gene expression and cell signaling pathways.;Google
Riemannian geometry;Riemannian geometry is a branch of differential geometry that studies smooth manifolds equipped with a Riemannian metric. This metric defines a symmetric, positive-definite inner product on the tangent space at each point, allowing for the measurement of lengths, angles, and volumes. Developed primarily by Bernhard Riemann in the nineteenth century, it generalizes Euclidean geometry to curved spaces. Central concepts include the Levi-Civita connection, curvature tensors, and geodesics, which represent the shortest paths between points. This mathematical framework is fundamental to modern physics, particularly Albert Einstein's general theory of relativity, where it describes the four-dimensional spacetime curvature resulting from mass and energy.;Google
Immune system;The immune system is a complex network of biological processes that protects an organism against diseases. It detects and responds to a wide variety of pathogens, including viruses, bacteria, and parasitic worms, while distinguishing them from the organism's own healthy tissue. In many species, the system consists of two major subsystems. The innate immune system provides an immediate, non-specific response to broad groups of stimuli. In contrast, the adaptive immune system offers a tailored response by learning to recognize specific molecules it has previously encountered. This multi-layered defense mechanism utilizes various cells, proteins, and organs to maintain biological homeostasis and ensure survival.;Google
Electrochemistry;Electrochemistry is a branch of physical chemistry that studies the relationship between electricity and identifiable chemical change. It focuses on chemical reactions that involve the movement of electrons, known as oxidation-reduction reactions. These processes occur at the interface of an electrode and an electrolyte. Key applications include batteries, fuel cells, and electrolysis used for metal plating. In a galvanic cell, spontaneous chemical reactions generate electrical energy, whereas electrolytic cells use external electrical energy to drive non-spontaneous chemical changes. This field is essential for modern technology, providing the foundation for energy storage systems and various industrial synthesis processes vital to contemporary engineering and environmental science.;Google
Metalloprotein;Metalloproteins represent a diverse class of proteins characterized by the functional presence of one or more metal ions coordinated to specific amino acid side chains. These metallic centers are crucial for various biological functions, ranging from providing structural integrity to facilitating complex catalytic reactions. Approximately one-third of all known proteins require metal ions to operate correctly. Common metallic components include iron, zinc, copper, and magnesium. For example, hemoglobin utilizes an iron-containing heme group to transport oxygen throughout the bloodstream. Furthermore, metalloproteins play vital roles in essential life processes such as cellular respiration, photosynthesis, and DNA regulation, making them fundamental to biochemistry.;Google
Efflux pump;Efflux pumps are specialized protein transporters located within the cytoplasmic membranes of various living organisms, most notably bacteria. These biological mechanisms function by actively exporting various substrates, including metabolic waste products, toxic substances, and antimicrobial agents, from the intracellular environment into the extracellular space. By utilizing energy derived from ATP hydrolysis or electrochemical gradients, efflux pumps play a critical role in cellular detoxification. In clinical medicine, they are a primary cause of multidrug resistance, as they can effectively expel antibiotics before the drugs reach their intended targets. These systems are categorized into major superfamilies based on their structure and energy sources.;Google
Synthetic biology;Synthetic biology is a multidisciplinary field of science that involves the redesign of organisms for useful purposes by engineering them to have new abilities. Researchers combine principles from biology, engineering, and computer science to design and construct new biological parts, devices, and systems. This often involves the synthesis of DNA sequences and their insertion into a host genome. Applications range from developing biofuels and renewable chemicals to creating new medicines and diagnostic tools. By standardizing genetic components, scientists aim to create predictable biological behaviors. This field challenges traditional views of life while offering potential solutions for global challenges in healthcare and environmental sustainability.;Google
Signal processing;Signal processing is a subfield of electrical engineering and mathematics that focuses on the analysis, modification, and synthesis of signals. These signals may represent sound, images, or biological data and are typically modeled as functions of time, frequency, or spatial coordinates. The discipline is divided into analog and digital branches, where analog processing deals with continuous physical waveforms and digital processing employs mathematical algorithms on discrete data sequences. Fundamental operations include filtering, compression, and noise reduction, which are vital for telecommunications, medical imaging, and audio production. Through these methods, engineers can extract meaningful information and ensure efficient data transmission across diverse electronic systems.;Google
Anti-inflammatory;Anti-inflammatory refers to the property of a substance or treatment that reduces inflammation or swelling. Inflammation is a complex biological response of body tissues to harmful stimuli, such as pathogens, damaged cells, or irritants. Anti-inflammatory agents typically function by blocking certain enzymes or proteins that trigger the inflammatory cascade. The two primary categories include non-steroidal anti-inflammatory drugs and corticosteroids. Non-steroidal options, such as aspirin or ibuprofen, primarily inhibit cyclooxygenase enzymes to prevent the production of prostaglandins. Corticosteroids act by suppressing the immune system and decreasing the production of inflammatory chemicals. These treatments are vital for managing chronic conditions like rheumatoid arthritis and acute physical injuries.;Google
Prospect theory;Prospect theory is a behavioral economic theory that describes how individuals make decisions between probabilistic alternatives involving risk, where the probabilities of outcomes are known. Developed by Daniel Kahneman and Amos Tversky in 1979, it challenges expected utility theory by suggesting that people value gains and losses differently. Specifically, individuals are more sensitive to potential losses than to equivalent gains, a phenomenon known as loss aversion. The theory posits that people evaluate outcomes relative to a subjective reference point rather than in absolute terms. This results in an asymmetrical value function that is concave for gains and convex for losses, leading to inconsistent risk-seeking or risk-averting behaviors depending on the framing of the choice.;Google
Paxos;Paxos is a family of protocols for solving consensus in a network of unreliable processors. Consensus is the process of agreeing on one result among a group of participants. This is challenging when processors or communication links may fail. Developed by Leslie Lamport, the protocol ensures safety, meaning only one value is chosen and it must have been proposed. It also ensures liveness under certain conditions. The protocol involves three roles: proposers, acceptors, and learners. Through a series of messages, the system reaches a majority agreement. Paxos is fundamental to distributed systems, providing the basis for state machine replication and fault-tolerant services used in modern cloud computing architectures.;Google
Steel;Steel is an alloy primarily composed of iron with a small percentage of carbon, typically ranging from 0.02 percent to 2.1 percent by weight. The presence of carbon atoms within the iron crystal lattice acts as a hardening agent, preventing the movement of dislocations and enhancing the material's strength. Additional alloying elements such as manganese, chromium, and nickel are often incorporated to improve specific properties like corrosion resistance or ductility. Through various heat treatment processes, including quenching and tempering, the internal microstructure of steel can be manipulated to achieve desired levels of hardness and flexibility. Due to its exceptional tensile strength and relative affordability, steel is a foundational material in global construction and manufacturing industries.;Google
Epidemic;An epidemic occurs when an infectious disease spreads rapidly to a large number of people in a given population within a short period. This phenomenon is typically characterized by an incidence rate that substantially exceeds what is normally expected based on recent experience. Epidemiologists distinguish between common-source outbreaks, where many individuals are exposed to a single infectious agent, and propagated outbreaks, which spread from person to person. Factors influencing the progression of an epidemic include pathogen virulence, transmission routes, and host immunity. When an epidemic spreads across multiple countries or continents, it is reclassified as a pandemic. Effective management requires surveillance, vaccination, and public health interventions to mitigate transmission.;Google
Stainless steel;Stainless steel is an alloy of iron, carbon, and chromium. The key characteristic is its resistance to corrosion and rust. This resistance comes from the addition of at least 10.5% chromium. Chromium reacts with oxygen to form a thin, invisible, and stable layer of chromium oxide on the surface. This passive layer protects the underlying metal from further oxidation. Other elements like nickel, molybdenum, and nitrogen are often added to enhance specific properties such as strength, ductility, or resistance to localized pitting. Stainless steel is categorized into several families, including austenitic, ferritic, and martensitic, based on its crystalline structure. This material is essential in medical, industrial, and domestic applications due to its durability and hygiene.;Google
Pepsin;Pepsin is an endopeptidase that breaks down dietary proteins into smaller peptides during the digestive process. Produced primarily in the stomach of humans and many other animals, it is one of the main digestive enzymes in the gastric juice. Pepsin is initially secreted by gastric chief cells in an inactive proenzyme form called pepsinogen. Upon contact with hydrochloric acid in the stomach lumen, pepsinogen undergoes an autocatalytic change into active pepsin. This enzyme functions most efficiently in highly acidic environments, typically between pH 1.5 and 2.5. Historically, it was discovered by Theodor Schwann in 1836, representing the first animal enzyme to be identified and named.;Google
Hemagglutinin;Hemagglutinin is an antigenic glycoprotein found on the surface of influenza viruses and several other viral species. It plays a fundamental role in the infection process by binding the virus to sialic acid receptors located on the membranes of host cells. This attachment is the necessary first step for viral entry. Once bound, hemagglutinin mediates the fusion of the viral envelope with the endosomal membrane, releasing the viral genome into the cytoplasm. Due to its prominence on the viral exterior, it is the primary target for the host immune system and the most critical component in seasonal influenza vaccine development.;Google
Redshift;Redshift is a physical phenomenon where the wavelength of electromagnetic radiation increases, shifting toward the red end of the spectrum. This effect occurs due to the Doppler effect when a source moves away from an observer, or through cosmological expansion. In astronomy, redshift serves as a primary tool for measuring the distance and velocity of celestial bodies. Hubble's law utilizes redshift to demonstrate that the universe is expanding, as distant galaxies exhibit higher redshift values. Gravitational redshift also occurs when light escapes a strong gravitational field. Scientists categorize these shifts into relativistic, cosmological, and gravitational types to analyze the fundamental properties of the universe.;Google
Thin film;A thin film is a layer of material ranging from fractions of a nanometer to several micrometers in thickness. These films are deposited onto a substrate through processes like physical or chemical vapor deposition. The controlled synthesis of thin films is fundamental to modern technology, particularly in semiconductor manufacturing and optical coatings. Because their thickness is comparable to the wavelength of visible light, thin films often exhibit unique optical phenomena such as interference, which causes the iridescent colors seen in soap bubbles or oil slicks. Beyond aesthetics, thin films are essential for creating integrated circuits, solar cells, and protective surface treatments that enhance durability and conductivity in various industrial applications.;Google
Binary search;"Binary search is an efficient algorithm used to locate a specific element within a sorted array or list. It operates through a divide and conquer strategy, repeatedly bisecting the search interval. The process begins by comparing the target value with the middle element of the collection. If the target is smaller, the search continues in the lower half; if larger, it proceeds in the upper half. This method effectively halves the remaining possibilities with every iteration, resulting in logarithmic time complexity. Consequently, binary search is significantly faster than linear search for large datasets, though it strictly requires that the underlying data remain pre-sorted.";Google
Dopamine;Dopamine is a chemical substance that functions as both a hormone and a neurotransmitter in the brain and body. It belongs to the catecholamine and phenethylamine families. Within the central nervous system, dopamine plays a critical role in executive function, motor control, motivation, arousal, and reward. It acts by binding to specific receptors located on the surface of neurons. In the periphery, it functions as a local chemical messenger, influencing blood vessel dilation and insulin production. Imbalances in dopamine levels are associated with various medical conditions, including Parkinson's disease, schizophrenia, and attention deficit hyperactivity disorder. Pharmacological treatments often target dopaminergic pathways to manage these neurological and psychiatric disorders effectively.;Google
Elimination reaction;An elimination reaction is a type of organic chemical reaction where two substituents are removed from a molecule in either a single step or multiple steps. The most common type involves the removal of atoms from adjacent carbon atoms, leading to the formation of a double or triple bond. This process is essentially the reverse of an addition reaction. Key mechanisms include E1, which involves a carbocation intermediate, and E2, which occurs in a single concerted step. Factors such as base strength, solvent polarity, and the structure of the substrate determine the specific pathway. These reactions are fundamental in synthesizing alkenes and alkynes from alkyl halides or alcohols.;Google
Connectome;A connectome is a comprehensive map of neural connections within an organism's nervous system, often described as a wiring diagram of the brain. This field of study, known as connectomics, operates at multiple scales, ranging from microscale synaptic connections between individual neurons to macroscale anatomical pathways linking distinct brain regions. Researchers utilize sophisticated imaging technologies, such as electron microscopy and diffusion tensor imaging, to reconstruct these intricate networks. By analyzing these maps, scientists aim to understand how structural organization influences cognitive function and behavioral patterns. Such research is critical for identifying how specific connectivity disruptions contribute to various neurological and psychiatric disorders.;Google
Regulatory T cell;Regulatory T cells, known as Tregs, are a specialized subpopulation of T lymphocytes crucial for maintaining immune homeostasis and self-tolerance. These cells primarily function by suppressing the activation and proliferation of other immune cells, thereby preventing overactive immune responses and autoimmune diseases. Most Tregs are identified by the expression of the transcription factor FOXP3 alongside the surface markers CD4 and CD25. They exert their inhibitory effects through various mechanisms, including the secretion of anti-inflammatory cytokines like interleukin-10 and direct cell-to-cell contact. While essential for preventing autoimmunity, an excess of Treg activity can hinder effective immune responses against pathogens and tumors, making them a critical focus in immunotherapy research.;Google
Liquid biopsy;Liquid biopsy is a non-invasive diagnostic technique that involves the sampling and analysis of non-solid biological tissue, primarily blood. Unlike traditional surgical biopsies, it captures circulating biomarkers such as circulating tumor cells, cell-free DNA, and exosomes. These components are shed into the bloodstream by tumors, providing a molecular snapshot of a patient's cancer at a specific time. This method enables clinicians to monitor disease progression, assess treatment response, and detect early-stage malignancies or recurrence with minimal risk to the patient. By analyzing genetic mutations and epigenetic changes within the collected samples, liquid biopsies offer a personalized approach to oncology, facilitating real-time adjustments to therapeutic strategies and improving overall patient management.;Google
X-ray;X-rays are a form of high-energy electromagnetic radiation with wavelengths shorter than ultraviolet light and longer than gamma rays. Discovered by Wilhelm Conrad Röntgen in 1895, these waves are produced when high-velocity electrons strike a metal target. Because of their high photon energy, X-rays can penetrate many substances, including biological tissues, though denser materials like bone or lead absorb them more effectively. This property makes them indispensable for medical diagnostics, security screening, and industrial inspections. Additionally, X-rays are utilized in crystallography to determine the arrangement of atoms within crystals. As ionizing radiation, they require careful management to minimize potential cellular damage during use.;Google
Porphyrin;Porphyrins are a group of heterocyclic macrocyclic organic compounds composed of four modified pyrrole subunits interconnected at their alpha carbons via methine bridges. These aromatic molecules possess a rigid, planar structure that obeys Huckel's rule for aromaticity. They are highly significant in biological systems due to their ability to bind metal ions within the central cavity, forming metalloporphyrins. Common examples include heme, which contains an iron atom and facilitates oxygen transport in blood, and chlorophyll, which utilizes magnesium for photosynthesis in plants. Porphyrins exhibit intense colors and play critical roles in electron transfer, catalysis, and energy conversion across diverse life forms.;Google
Horizontal gene transfer;Horizontal gene transfer, also known as lateral gene transfer, is the movement of genetic material between unicellular or multicellular organisms other than by the transmission of DNA from parent to offspring. This process is a significant factor in the evolution of many organisms, particularly bacteria, where it facilitates the rapid spread of antibiotic resistance and metabolic capabilities. Common mechanisms of horizontal gene transfer include transformation, transduction, and conjugation. While pervasive among prokaryotes, evidence suggests that this phenomenon also occurs in eukaryotes, albeit less frequently. This non-vertical movement of genes challenges traditional tree-of-life models by introducing complex, network-like relationships between diverse species across different biological domains.;Google
Default mode network;The default mode network is a prominent large-scale brain network that remains active primarily when an individual is in a state of wakeful rest. Unlike task-positive networks that engage during specific external activities, the default mode network becomes functional during internal mental processes such as daydreaming, reflecting on the past, or planning for the future. Key anatomical components include the medial prefrontal cortex, posterior cingulate cortex, and the angular gyrus. These regions work in coordination to facilitate self-referential thought and social cognition. Research suggests that disruptions in this network are often linked to various neurological and psychiatric conditions, including Alzheimer's disease and depression.;Google
Enzyme;Enzymes are biological catalysts that speed up chemical reactions in living organisms. Most enzymes are proteins, though some RNA molecules also perform catalytic functions. They work by lowering the activation energy required for a reaction to occur, thereby increasing the reaction rate without being consumed in the process. Each enzyme is highly specific, acting upon a particular substrate at its active site. This specificity is often described by the lock-and-key or induced-fit models. Enzymes are essential for metabolic processes, including digestion and DNA replication. Their activity can be influenced by temperature, pH levels, and the presence of inhibitors or activators, which regulate biochemical pathways within cells.;Google
Wind turbine;A wind turbine is a device that converts the kinetic energy of wind into electrical power. When wind flows across the blades, it creates lift and drag, forcing the rotor to turn. This rotation spins a shaft connected to a generator, which uses electromagnetic induction to produce electricity. Turbines are typically classified as either horizontal-axis or vertical-axis models based on their orientation. Modern utility-scale turbines are often grouped into wind farms to provide renewable energy to the power grid. They play a critical role in reducing carbon emissions and transitioning toward sustainable energy systems worldwide. Engineering advances continue to improve their efficiency and structural durability in diverse environments.;Google
Younger Dryas;The Younger Dryas was an abrupt period of cooling that occurred approximately 12,900 to 11,700 years ago, interrupting the warming trend after the Last Glacial Maximum. Named after the Dryas octopetala flower, this interval saw a return to near-glacial conditions across much of the Northern Hemisphere. Scientists believe the primary cause was a sudden influx of freshwater from melting ice sheets, which disrupted the Atlantic Meridional Overturning Circulation. This ocean current shift slowed heat transport northward, leading to significant climatic shifts. The period ended rapidly with a sudden rise in global temperatures, marking the definitive transition into the Holocene epoch.;Google
Partial correlation;Partial correlation is a statistical measure that assesses the degree of association between two variables while controlling for the effect of one or more additional variables. Unlike simple correlation, which might show a strong relationship due to a common underlying cause, partial correlation isolates the direct link between the target pair. This is achieved by removing the variance explained by the confounding factors from both original variables. The resulting coefficient indicates the unique contribution of each variable to their shared relationship. It is particularly useful in social sciences and physical studies to identify spurious correlations or to reveal hidden dependencies that are masked by external influences.;Google
Chromatic aberration;Chromatic aberration, also known as color fringing, is an optical phenomenon where a lens fails to focus all colors of light to the same convergence point. This distortion occurs because lenses possess varying refractive indices for different wavelengths. Specifically, shorter wavelengths like blue light bend more sharply than longer wavelengths like red light. As a result, each color reaches focus at a different position along the optical axis, creating blurred edges or distinct colored halos around observed objects. Engineers categorize this into longitudinal and lateral aberrations. To mitigate these distortions, high-quality optical systems utilize achromatic doublets or specialized low-dispersion glass to realign the incoming light waves.;Google
Subunit vaccine;A subunit vaccine is a specialized type of immunization that utilizes only specific fragments of a pathogen, such as proteins, polysaccharides, or capsid components, rather than the entire virus or bacterium. By isolating these essential antigens, the vaccine effectively triggers a targeted immune response without the risk of causing disease, as it lacks live genetic material. While this approach enhances safety and reduces adverse reactions, subunit vaccines often produce a weaker initial immune memory compared to whole-pathogen alternatives. Consequently, these formulations frequently incorporate chemical additives called adjuvants to bolster the body’s defensive reaction and ensure long-lasting protection against future infections.;Google
Epigenetics;Epigenetics is the study of heritable changes in gene expression that do not involve alterations to the underlying DNA sequence. These modifications act as a secondary layer of information, determining which genes are turned on or off within a cell. Primary mechanisms include DNA methylation and histone modification, which influence the accessibility of genetic data to transcription machinery. Environmental factors such as diet, stress, and toxins can trigger these changes, potentially impacting health and development across generations. Unlike genetic mutations, epigenetic marks are often reversible, providing a flexible means for organisms to respond to their surroundings while maintaining genomic stability across different cell types and life stages.;Google
Basophil;Basophils are the least common type of granulocyte, representing less than one percent of total circulating white blood cells. They originate in the bone marrow and play a critical role in the immune system, particularly during allergic reactions and inflammatory responses. These cells are characterized by large, coarse granules that stain dark blue or purple when exposed to basic dyes. These granules contain bioactive substances such as histamine, which promotes blood flow to tissues, and heparin, an anticoagulant that prevents blood from clotting too quickly. Furthermore, basophils contribute to the body's defense against parasitic infections by releasing chemical mediators that attract other immune cells to the site of injury or infection.;Google
X-ray crystallography;X-ray crystallography is a powerful experimental technique used to determine the atomic and molecular structure of a crystalline material. When a beam of X-rays strikes a crystal, the rays are diffracted into many specific directions. By measuring the angles and intensities of these diffracted beams, researchers can generate a three-dimensional map of electron density within the crystal. This map allows scientists to pinpoint the positions of individual atoms and characterize their chemical bonds. This method has been essential for mapping the structures of complex biological molecules like DNA and proteins, providing vital insights into their functions and the fundamental mechanisms of life and chemistry.;Google
Sharpless epoxidation;Sharpless epoxidation is an enantioselective chemical reaction used to synthesize chiral 2,3-epoxyalcohols from primary and secondary allylic alcohols. Developed by Karl Barry Sharpless in 1980, this method utilizes a catalyst system consisting of titanium tetraisopropoxide, an organic hydroperoxide like tert-butyl hydroperoxide, and a chiral tartrate ester. The reaction is highly valued in organic synthesis for its exceptional stereoselectivity and predictability. By choosing either the naturally occurring or synthetic enantiomer of diethyl tartrate, chemists can precisely control which face of the alkene is oxidized. This breakthrough significantly advanced asymmetric catalysis, contributing to Sharpless receiving the Nobel Prize in Chemistry in 2001.;Google
Computational fluid dynamics;Computational fluid dynamics is a branch of fluid mechanics that uses numerical analysis and data structures to analyze and solve problems involving fluid flows. It utilizes high-speed computers to perform the calculations required to simulate the interaction of liquids and gases with surfaces defined by boundary conditions. The Navier-Stokes equations form the fundamental basis of almost all CFD problems, defining the motion of single-phase fluid flows. These equations are solved using various discretization methods, such as finite volume, finite element, or finite difference techniques. CFD is extensively applied in aerospace, automotive design, weather forecasting, and biomedical engineering to optimize performance and safety.;Google
Coronal mass ejection;A coronal mass ejection is a significant release of plasma and accompanying magnetic field from the solar corona. These phenomena often follow solar flares and are normally present during a solar prominence eruption. The plasma consists primarily of electrons and protons embedded within the ejected magnetic field. When these massive clouds reach Earth, they can trigger geomagnetic storms, potentially disrupting satellite communications, navigation systems, and terrestrial power grids. Additionally, they are the primary cause of intense auroral displays at high latitudes. Scientists monitor these events using coronagraphs to predict space weather impacts. Such eruptions play a critical role in the magnetospheric dynamics of the solar system.;Google
Optical rotation;Optical rotation, also known as rotary polarization, is the turning of the plane of linearly polarized light as it passes through certain substances. This phenomenon occurs in materials that lack internal mirror symmetry, known as chiral substances. When polarized light interacts with these molecules, the electric field vector rotates either clockwise or counterclockwise. The degree of rotation depends on the substance's concentration, the path length, and the light's wavelength. Scientists use polarimetry to measure this effect, which is vital in chemistry and biology for identifying isomers and determining sample purity. This property distinguishes enantiomers, molecules that are mirror images of each other, which rotate light in opposite directions.;Google
Group theory;Group theory is a branch of mathematics that studies algebraic structures known as groups. A group is a set equipped with a binary operation that combines two elements to form a third element, while satisfying four fundamental conditions: closure, associativity, identity, and invertibility. This framework allows mathematicians to study symmetry in a rigorous way across various disciplines. In geometry, groups describe rotations and reflections of shapes. In chemistry, they characterize the symmetry of molecules and crystal structures. In physics, group theory is essential for understanding quantum mechanics and the standard model of particle physics. It serves as a unifying language for describing transformations and invariant properties within mathematical systems.;Google
Mass spectrometry;Mass spectrometry is an analytical technique that measures the mass-to-charge ratio of ions. It is used to identify unknown compounds, quantify known materials, and elucidate the chemical properties of molecules. The process begins with the ionization of a sample, converting molecules into gas-phase ions. These ions are then accelerated through an electric or magnetic field. Their paths are deflected based on their specific mass-to-charge ratios, allowing for precise separation. A detector records the abundance of each ion type, producing a mass spectrum. This plot displays relative intensity against the mass-to-charge ratio, providing a unique chemical fingerprint for substances in chemistry, biology, and medicine.;Google
Contact mechanics;Contact mechanics is the study of the deformation of solids that touch each other at one or more points. This field covers a wide range of topics, including elastic, inelastic, and plastic deformation. It examines the distribution of stresses and strains across the interface. Key figures like Heinrich Hertz established the foundations with his analysis of non-adhesive contacts between curved surfaces. Modern applications involve tribology, gear design, and nanotechnology. It considers factors such as friction, adhesion, and surface roughness. By understanding how materials interact under load, engineers can predict wear patterns and structural integrity in mechanical systems. The discipline is essential for analyzing the physical behavior of joints and bearings.;Google
Isostasy;Isostasy is the state of gravitational equilibrium between Earth's crust and mantle such that the tectonic plates float at an elevation dependent on their thickness and density. This concept explains how different topographic heights can exist on the Earth's surface. It is based on the principle of buoyancy, where the less dense lithosphere floats atop the denser, plastic asthenosphere. When mass is added to the crust, such as through glacier formation, the crust subsides. Conversely, when mass is removed through erosion or melting ice, the crust undergoes isostatic rebound. Two primary models, the Airy and Pratt hypotheses, describe different mechanisms for achieving this balance through variations in crustal thickness or lateral density differences.;Google
Singular value decomposition;Singular value decomposition is a fundamental matrix factorization method in linear algebra that generalizes the eigendecomposition of a square matrix to any rectangular matrix. Formally, a given matrix is decomposed into three constituent parts: an orthogonal matrix, a diagonal matrix containing non-negative singular values, and the transpose of another orthogonal matrix. The singular values represent the magnitude of the transformation along principal axes, providing deep insights into the matrix's structural properties. This technique is indispensable across various scientific fields, including signal processing, statistics, and machine learning. It facilitates essential tasks such as dimensionality reduction, noise filtering, and data compression, making it a cornerstone of modern computational mathematics and data analysis.;Google
Gasification;Gasification is a thermo-chemical process that converts organic or fossil-based carbonaceous materials into a combustible gas mixture called syngas. Unlike combustion, which occurs in an excess of oxygen, gasification takes place at high temperatures, typically above seven hundred degrees Celsius, with a controlled amount of oxygen or steam. The resulting syngas primarily consists of carbon monoxide, hydrogen, and carbon dioxide. This process is highly versatile, allowing for the conversion of coal, biomass, or waste into electricity, biofuels, or chemical feedstock. By capturing pollutants before combustion, gasification offers a cleaner alternative for energy production compared to traditional burning methods, making it a key technology in modern industrial applications.;Google
Chain reaction;"A chain reaction is a sequence of events where a reactive product or byproduct causes additional reactions to occur. This process creates a self-sustaining cycle that can lead to rapid or even exponential expansion. In nuclear physics, a chain reaction typically involves neutrons released during fission striking other atomic nuclei, triggering further fission events and releasing significant energy. Chemically, chain reactions often occur during combustion or polymerization, where free radicals or other intermediates drive successive transformations. These reactions are characterized by three distinct stages: initiation, where the process begins; propagation, where the cycle continues; and termination, where the reactive species are exhausted or neutralized.";Google
DNA virus;A DNA virus is a virus that has a genome made of deoxyribonucleic acid. This genome is replicated by a DNA-dependent DNA polymerase. The nucleic acid can be either double-stranded or single-stranded. These viruses belong to either Group I or Group II of the Baltimore classification system. Most DNA viruses must enter the host cell nucleus to replicate because they utilize the host cellular machinery. However, some large viruses, such as poxviruses, can replicate in the cytoplasm. DNA viruses infect a wide range of organisms, including humans, animals, plants, and bacteria. Notable examples include herpesviruses, smallpox, and hepatitis B. Their mutation rates are generally lower than those of RNA viruses due to proofreading capabilities.;Google
Coevolution;Coevolution is a biological process where two or more species reciprocally affect each other's evolution. This phenomenon occurs when organisms interact closely within an ecosystem, exerting selective pressures that drive genetic changes over generations. Common examples include predator-prey dynamics, where the hunter develops better tracking while the prey evolves superior camouflage. Similarly, mutualistic relationships like those between flowering plants and their specific pollinators illustrate coevolution, as each adaptation in one partner necessitates a corresponding adjustment in the other. This intricate feedback loop can lead to highly specialized traits and ecological niches. Through these interactions, species shape their evolutionary trajectories in a continuous dance of adaptation and counter-adaptation across time.;Google
Gastric acid;Gastric acid is a digestive fluid formed within the stomach lining. Composed primarily of hydrochloric acid, potassium chloride, and sodium chloride, it maintains a highly acidic environment with a pH ranging from one to three. This acidity is essential for protein digestion, as it activates the enzyme pepsinogen into its active form, pepsin. Beyond its metabolic role, gastric acid serves as a primary defense mechanism against ingested pathogens by neutralizing harmful bacteria and microorganisms. Specialized parietal cells in the gastric glands produce this secretion through a proton pump mechanism. Proper regulation of acid production is vital for gastrointestinal health, as imbalances can lead to conditions like ulcers or acid reflux.;Google
Pathogen;A pathogen is a biological agent that causes disease or illness to its host. Common types of pathogens include bacteria, viruses, fungi, protozoa, and multicellular parasites. Some proteins, known as prions, also function as pathogens. These agents disrupt the normal physiological processes of an organism by invading tissues, producing toxins, or triggering harmful immune responses. Pathogens vary significantly in their virulence, which describes their ability to cause damage. Transmission occurs through various routes, including airborne droplets, direct contact, contaminated food or water, or biological vectors like insects. Understanding pathogens is fundamental to microbiology, immunology, and public health initiatives aimed at preventing infectious diseases.;Google
Magnetohydrodynamics;Magnetohydrodynamics is the academic study of the dynamics of electrically conducting fluids. These fluids include plasmas, liquid metals, and electrolytes. The discipline combines the principles of fluid dynamics and electromagnetism to describe how magnetic fields interact with moving conductive matter. Central to this field are the Navier-Stokes equations for fluid motion and Maxwell's equations for electromagnetism. When a conductive fluid moves through a magnetic field, it induces an electric current, which subsequently exerts a Lorentz force on the fluid and modifies the initial magnetic field. This reciprocal interaction is essential for understanding phenomena such as solar flares, planetary magnetic fields, and controlled thermonuclear fusion in experimental reactors.;Google
Structural genomics;Structural genomics is a field of study that seeks to describe the three-dimensional structures of every protein encoded by a given genome. This systematic approach utilizes high-throughput experimental methods such as X-ray crystallography, nuclear magnetic resonance spectroscopy, and cryo-electron microscopy to resolve protein architectures. Unlike traditional structural biology, which focuses on specific proteins of interest, structural genomics aims for a comprehensive mapping of the entire protein folding space. By determining these molecular shapes, researchers can infer biological functions, understand evolutionary relationships, and accelerate the development of new pharmaceuticals. The resulting data are typically deposited into public databases like the Protein Data Bank for global scientific use.;Google
Cluster analysis;Cluster analysis is a multivariate statistical technique used to group a set of objects in such a way that objects in the same group, called a cluster, are more similar to each other than to those in other groups. It is a fundamental method in exploratory data mining and is widely applied in various fields such as biology, marketing, and pattern recognition. The process involves defining a measure of similarity, often based on distance metrics like Euclidean distance. Algorithms vary significantly in their approach, ranging from hierarchical clustering to partitioning methods like k-means. By identifying natural groupings, researchers can uncover hidden structures within complex datasets without prior labeling of the data points.;Google
Critical mass;Critical mass is the minimum amount of fissile material needed to maintain a self-sustaining nuclear chain reaction. It depends on several factors, including the material's nuclear properties, its density, shape, and enrichment level. Surrounding the material with a neutron reflector can also reduce the required mass. When a mass is subcritical, the rate of neutron loss exceeds the rate of production, causing the reaction to die out. Conversely, a supercritical mass leads to an exponentially increasing reaction rate. This principle is fundamental to the design of nuclear reactors and weapons, ensuring controlled energy release or rapid explosive detonation.;Google
Convex optimization;Convex optimization is a subfield of mathematical optimization that studies the problem of minimizing convex functions over convex sets. Unlike general optimization, any local minimum in a convex problem is guaranteed to be a global minimum. This property makes such problems efficiently solvable using various numerical methods, such as interior-point or gradient-based algorithms. Its applications are vast, spanning engineering, finance, machine learning, and signal processing. Because many non-convex problems can be approximated or relaxed into convex forms, this field serves as a foundational tool for theoretical analysis and practical implementation in computational sciences and data-driven decision making.;Google
Chemical vapor deposition;Chemical vapor deposition, commonly known as CVD, is a sophisticated chemical process used primarily to produce high-quality thin films and solid materials under vacuum conditions. During this procedure, a substrate is exposed to one or more volatile precursors that react or decompose on the surface to create a stable deposit. This technique is integral to the semiconductor industry for manufacturing microelectronics and coatings. Common materials synthesized via CVD include various forms of carbon, silicon, and metal nitrides. The process typically generates volatile by-products that are efficiently removed from the reaction chamber by a continuous gas flow. CVD is valued for its ability to produce uniform layers with high purity and structural integrity.;Google
Limnology;Limnology is the integrated study of inland aquatic ecosystems, encompassing the biological, chemical, physical, and geological characteristics of fresh and saline waters that are not part of the oceans. This scientific discipline examines various water bodies such as lakes, reservoirs, rivers, streams, wetlands, and groundwater. It focuses on the complex interactions between organisms and their environments, investigating nutrient cycling, energy flow, and the impact of anthropogenic activities on water quality. Founded formally by Francois-Alphonse Forel through his research on Lake Geneva, limnology is essential for managing water resources and preserving aquatic biodiversity. It bridges multiple scientific fields to understand how these vital systems function and respond to change.;Google
Calorimeter;A calorimeter is a specialized instrument designed to measure the amount of heat involved in a chemical reaction or other physical process. The process of measurement, known as calorimetry, relies on the principle of heat transfer within an isolated system. Most calorimeters consist of a reaction vessel placed inside a container filled with a known mass of water. As the reaction occurs, it releases or absorbs thermal energy, causing the temperature of the water to change. By monitoring this temperature difference with a thermometer, scientists can calculate the enthalpy change or specific heat capacity of the substances involved. Common variations include the coffee cup calorimeter and the constant volume bomb calorimeter used for combustion studies.;Google
Differential privacy;Differential privacy is a formal mathematical framework used to provide strong guarantees of individual privacy when analyzing large datasets. It functions by introducing controlled statistical noise into data or query results, ensuring that the presence or absence of a single record does not significantly alter the output of an algorithm. This approach allows organizations to extract useful aggregate insights from databases without compromising the identity or personal information of specific participants. The level of protection is typically quantified by a parameter known as epsilon, which balances the trade-off between privacy and data accuracy. Modern applications include census reporting, telecommunications, and machine learning models.;Google
Pleiotropy;Pleiotropy occurs when a single gene influences multiple, seemingly unrelated phenotypic traits. This genetic phenomenon happens because the gene's product typically functions in various biochemical pathways or is expressed in different tissue types. Consequently, a single mutation can trigger diverse effects across the organism's physiology. A classic example is phenylketonuria, where a deficiency in one enzyme leads to both intellectual disability and reduced skin pigmentation. Pleiotropy is fundamental to evolutionary biology, as it creates trade-offs where a beneficial change in one trait might necessitate a detrimental change in another. Understanding these interconnected networks is crucial for mapping complex hereditary diseases and predicting evolutionary trajectories.;Google
Probiotic;Probiotics are live microorganisms that provide health benefits to the host when administered in adequate amounts. Primarily consisting of bacteria and yeast, these organisms contribute to the balance of the gut microbiota, which is essential for proper digestion and immune function. Common genera include Lactobacillus and Bifidobacterium, often found in fermented foods like yogurt and kimchi. They function by competing with pathogenic bacteria for nutrients and binding sites, producing antimicrobial substances, and modulating the immune system's inflammatory response. Scientific research suggests that probiotics may aid in treating gastrointestinal disorders, such as irritable bowel syndrome and antibiotic-associated diarrhea, while potentially influencing systemic health through the gut-brain axis.;Google
Radioactive decay;Radioactive decay is the spontaneous process by which an unstable atomic nucleus loses energy by emitting radiation. This phenomenon occurs in elements with an imbalance of protons and neutrons. The three most common types of decay are alpha, beta, and gamma. During alpha decay, the nucleus ejects an alpha particle, whereas beta decay involves the transformation of a neutron into a proton or vice versa. Gamma decay releases high-energy electromagnetic radiation without changing the mass or atomic number. The rate of decay is measured by the half-life, which is the time required for half of a sample to undergo transformation. This process is fundamental to nuclear physics, medicine, and archaeology.;Google
Orbital forcing;Orbital forcing refers to the slow changes in the tilt of Earth's axis and shape of its orbit. These cyclical variations are known as Milankovitch cycles. They affect how much solar energy reaches the planet over thousands of years. The three main components include eccentricity, axial tilt, and precession. Eccentricity describes the shape of the orbit, while tilt influences seasonal intensity. Precession refers to the wobble of the axis. Together, these factors drive long-term climate patterns, including the onset and retreat of ice ages. By altering the spatial distribution of sunlight, orbital forcing acts as a primary mechanism for natural climate variability on geologic timescales.;Google
ITER;ITER is an international research project aimed at demonstrating the scientific and technological feasibility of nuclear fusion as a clean energy source. Located in France, it utilizes a tokamak device to contain high-temperature plasma through powerful magnetic fields. The primary goal is to achieve a sustained fusion reaction where deuterium and tritium nuclei combine to form helium, releasing vast amounts of energy in the process. This experiment replicates the physical reactions occurring within stars, potentially providing a nearly limitless supply of carbon-free electricity. Success would signify a major transition toward sustainable global energy production without generating long-lived radioactive waste products or carbon emissions.;Google
Hippocampus;The hippocampus is a major component of the human brain, located within the medial temporal lobe. It is part of the limbic system and plays a critical role in the formation of new memories and spatial navigation. Specifically, it helps transition short-term memories into long-term storage, a process known as memory consolidation. Damage to this region can result in anterograde amnesia, the inability to form new memories, while leaving older ones intact. Additionally, the hippocampus contains place cells that enable organisms to understand their physical environment and navigate through complex spaces effectively. This structure remains one of the most studied regions in neuroscience.;Google
Molecular cloud;A molecular cloud is an interstellar accumulation of gas and dust where the density and temperature allow for the formation of molecules, primarily molecular hydrogen. Unlike other regions of the interstellar medium, these clouds are sufficiently opaque to block ultraviolet radiation from nearby stars, preventing the dissociation of chemical bonds. Often called stellar nurseries, molecular clouds serve as the primary sites for star formation. When gravity overcomes internal thermal pressure within dense pockets of the cloud, material collapses to form protostars. These structures vary in size and mass, ranging from small globules to massive complexes spanning hundreds of light-years across the galaxy.;Google
Quantum key distribution;Quantum key distribution is a secure communication method that implements a cryptographic protocol involving components of quantum mechanics. It enables two parties to produce a shared random secret key known only to them, which can then be used to encrypt and decrypt messages. An important and unique property of quantum key distribution is the ability of the two communicating users to detect the presence of any third party trying to gain knowledge of the key. This results from a fundamental aspect of quantum mechanics: the process of measuring a quantum system generally disturbs that system. A third party trying to eavesdrop on the key must measure it, thus introducing detectable anomalies.;Google
Rashba effect;The Rashba effect is a momentum-dependent splitting of spin bands in two-dimensional electron systems, such as heterostructures or surface states. This phenomenon arises from the interaction between an electron's spin and its motion within an environment where structural inversion symmetry is broken. Specifically, a perpendicular electric field at an interface induces an effective magnetic field in the electron's rest frame, coupling the spin to its momentum through spin-orbit interaction. This mechanism allows for the manipulation of spin orientation using purely electrical means, which is foundational for the field of spintronics. It is named after Emmanuel Rashba, who first described the effect in the early 1960s.;Google
Machine translation;Machine translation is a subfield of computational linguistics that investigates the use of software to translate text or speech from one natural language to another. Historically, systems relied on complex rule-based frameworks incorporating linguistic knowledge. Later, statistical methods gained prominence by analyzing large bilingual corpora to determine the probability of word sequences. Modern machine translation predominantly utilizes neural networks, specifically deep learning architectures like transformers. These models process entire sentences simultaneously, capturing intricate semantic and syntactic relationships. While neural approaches have significantly improved fluency and accuracy, challenges remain regarding idiomatic expressions, cultural nuances, and domain-specific terminology across diverse language pairs.;Google
Memory hierarchy;Memory hierarchy is a fundamental architectural concept in computer science that organizes data storage into distinct levels to optimize performance and cost. This structure is typically represented as a pyramid, where the top layers consist of small, high-speed, and expensive components like processor registers and various levels of cache memory. Below these lies the main memory, followed by larger but slower secondary storage devices such as solid-state drives and hard disks. By leveraging the principle of locality of reference, the system ensures that frequently accessed data remains in faster tiers. This tiered approach effectively balances storage capacity, access latency, and manufacturing expenses within computing systems.;Google
Drag coefficient;In fluid dynamics, the drag coefficient is a dimensionless quantity used to quantify the drag or resistance of an object in a fluid environment, such as air or water. It is used in the drag equation in which a lower drag coefficient indicates the object will have less aerodynamic or hydrodynamic drag. The drag coefficient is always associated with a particular reference area. The drag coefficient of any object comprises the effects of the two basic contributors to fluid dynamic drag: skin friction and form drag. The drag coefficient of a lifting airfoil or hydrofoil also includes the effects of lift-induced drag.;Google
Pyrimidine;Pyrimidine is an aromatic heterocyclic organic compound similar to pyridine. It contains two nitrogen atoms at the first and third positions of its six-membered ring. In the field of biochemistry, pyrimidines are fundamental components of nucleic acids. The three primary pyrimidine nucleobases are cytosine, thymine, and uracil. Cytosine and thymine are found in DNA, while cytosine and uracil are found in RNA. These molecules pair with complementary purine bases through hydrogen bonding to form the double helix structure. Beyond genetics, pyrimidine derivatives serve essential roles in cellular metabolism, enzyme regulation, and the synthesis of various pharmaceutical agents.;Google
Permafrost;Permafrost is ground that remains completely frozen for at least two consecutive years. It consists of soil, gravel, and sand bound together by ice. It is found mostly in high latitudes near the North and South Poles, covering about fifteen percent of the Northern Hemisphere. This frozen layer often lies beneath an active layer that thaws during summer. Permafrost stores massive amounts of organic carbon from dead plants and animals. As global temperatures rise, permafrost thaws, releasing greenhouse gases like methane and carbon dioxide into the atmosphere. This process accelerates climate change and destabilizes infrastructure built on the frozen ground.;Google
Prime number theorem;The prime number theorem describes the asymptotic distribution of prime numbers among the positive integers. It formalizes the intuitive idea that primes become less frequent as numbers grow larger. The theorem states that the prime-counting function, denoted by pi of x, which represents the number of primes less than or equal to x, is approximately equal to x divided by the natural logarithm of x. First conjectured in the late eighteenth century by mathematicians like Gauss and Legendre, it was rigorously proven independently by Jacques Hadamard and Charles Jean de la Vallee Poussin in 1896 using complex analysis and the Riemann zeta function.;Google
Trajectory inference;Trajectory inference is a computational method used in single-cell biology to model dynamic biological processes. Since single-cell sequencing captures only static snapshots of gene expression, researchers use these algorithms to reconstruct the continuous paths cells follow during development or differentiation. The core concept involves calculating pseudotime, a latent variable that represents a cell's relative progression along a biological lineage. By mapping high-dimensional transcriptomic data onto a lower-dimensional graph, trajectory inference identifies branches and transitions within heterogeneous populations. This technique allows scientists to study gene expression changes over time without requiring longitudinal sampling, providing deep insights into cellular maturation and disease progression.;Google
Quantum optics;Quantum optics is a field of physics that studies how individual quanta of light, known as photons, interact with atoms and molecules. Unlike classical optics, which treats light as a continuous electromagnetic wave, quantum optics incorporates quantum mechanics to describe light's particle-like properties. Key concepts include spontaneous emission, stimulated emission, and photon entanglement. This discipline explains phenomena such as the laser, which relies on population inversion to produce coherent light. Research in this area also explores squeezed states and cavity quantum electrodynamics, which are vital for developing quantum computers and secure communication networks. By examining the discrete nature of electromagnetic radiation, quantum optics bridges the gap between light and matter.;Google
Astrocyte;Astrocytes are specialized star-shaped glial cells found throughout the central nervous system, representing the most abundant cell type in the human brain. They perform numerous essential roles to ensure neuronal health and efficient signaling. These cells provide structural support while maintaining the blood-brain barrier through specialized processes called end-feet. Furthermore, astrocytes regulate the chemical environment by balancing ion concentrations, particularly potassium, and recycling neurotransmitters like glutamate to prevent excitotoxicity. Recent research highlights their active involvement in synaptic plasticity and the modulation of neural circuits. By integrating metabolic support with physiological regulation, astrocytes function as critical mediators of homeostasis within the complex architecture of the brain and spinal cord.;Google
Axon guidance;Axon guidance is a critical process in neural development where neurons send out axons to reach their correct targets, ensuring the establishment of complex functional circuits. This navigation is driven by the growth cone, a highly motile structure at the tip of the axon that detects environmental cues. These signals consist of chemoattractants and chemorepellents, which can be either membrane-bound for contact-mediated guidance or secreted for long-range effects. Major molecular families involved include netrins, slits, semaphorins, and ephrins. By interpreting these spatial instructions, the growth cone directs the axon across long distances. This precise wiring is fundamental for sensory perception, motor control, and overall brain function.;Google
Lipid metabolism;Lipid metabolism encompasses the complex synthesis and degradation of fats in living organisms. This process primarily involves the breakdown of dietary fats into fatty acids and glycerol through digestion. Once absorbed, these components are transported via lipoproteins to various tissues for energy production or storage. Beta-oxidation occurs within mitochondria, converting fatty acids into acetyl-CoA for the citric acid cycle. Conversely, lipogenesis allows the body to synthesize fatty acids from excess carbohydrates. Regulation of these pathways is essential for maintaining cellular homeostasis and energy balance. Disruptions in lipid metabolism are often linked to medical conditions like obesity, diabetes, and cardiovascular diseases.;Google
Plate tectonics;"Plate tectonics is the scientific theory describing the large movements of Earth's lithosphere. This rigid outer layer is divided into several major and minor plates that float upon the viscous asthenosphere. The movement is driven by convection currents within the mantle. There are three primary types of plate boundaries: divergent, where plates move apart; convergent, where they collide; and transform, where they slide past one another horizontally. These interactions are responsible for most of the planet's seismic and volcanic activity, the formation of mountain ranges, and the creation of oceanic trenches. By continuously reshaping the global landscape, plate tectonics plays a fundamental role in Earth's geological evolution and the cycling of materials.";Google
Nucleation;Nucleation is the initial process in the formation of a new thermodynamic phase or a new structure via self-assembly. It occurs when atoms or molecules in a liquid or gas start to cluster, forming a stable nucleus around which further growth happens. This phenomenon is common in phase transitions such as the freezing of a liquid into a solid, the boiling of a liquid into a gas, or the condensation of vapor. There are two primary types: homogeneous and heterogeneous. Homogeneous nucleation occurs within a uniform substance, while heterogeneous nucleation occurs on surfaces or impurities. This process is fundamental to various scientific fields, including meteorology, chemistry, and materials science.;Google
Computer vision;Computer vision is an interdisciplinary field of artificial intelligence that enables computers and systems to derive meaningful information from digital images, videos, and other visual inputs. By utilizing digital cameras and deep learning models, machines can accurately identify and classify objects, then react to what they see. The technology mimics human vision but operates through complex mathematical algorithms and pattern recognition. Common applications include autonomous vehicles, facial recognition software, and medical imaging analysis. Modern advancements rely heavily on convolutional neural networks to process vast amounts of visual data. Ultimately, computer vision seeks to automate tasks that the human visual system can perform, providing machines with the capacity to understand and interpret the physical world.;Google
Bile acid;Bile acids are steroid acids found predominantly in the bile of mammals and other vertebrates. They are synthesized in the liver from cholesterol through a multi-step enzymatic process. Once produced, they are conjugated with taurine or glycine and stored in the gallbladder before being secreted into the small intestine. Their primary physiological role is to act as surfactants, facilitating the emulsification and digestion of dietary lipids and fat-soluble vitamins. Furthermore, bile acids function as signaling molecules that regulate metabolic processes through the activation of specific nuclear receptors, such as the farnesoid X receptor. Most bile acids are eventually reabsorbed in the ileum and returned to the liver via enterohepatic circulation.;Google
Natural selection;Natural selection is a fundamental mechanism of evolution first proposed by Charles Darwin. It describes the process by which individuals with favorable traits are more likely to survive and reproduce in a specific environment. These advantageous characteristics, often resulting from genetic mutations, are passed on to the next generation, gradually increasing their frequency within a population over time. Conversely, individuals with less favorable traits are less likely to survive, leading to the gradual elimination of those traits. This continuous interaction between organisms and their environment drives biological diversity and adaptation. Through natural selection, species evolve over many generations, allowing them to better suit their ecological niches and survive changing conditions.;Google
Bile;Bile is a dark green to yellowish-brown fluid produced by the liver of most vertebrates. It aids the digestion of lipids in the small intestine. In humans, bile is produced continuously by the liver and stored and concentrated in the gallbladder. After eating, this stored bile is discharged into the duodenum. The composition of bile includes water, bile salts, bilirubin, and cholesterol. Bile salts act as detergents, emulsifying large fat droplets into smaller micelles, which increases the surface area for lipase enzymes to act upon. Additionally, bile serves as a route for the excretion of bilirubin, a byproduct of red blood cell breakdown, and excess cholesterol from the body.;Google
Photoelectric effect;The photoelectric effect is a fundamental physical phenomenon characterized by the emission of electrons from a material when it is exposed to electromagnetic radiation, such as ultraviolet light. When photons strike a surface, they transfer energy to the material's electrons. If the energy of an individual photon exceeds the specific work function of the substance, an electron is liberated. Albert Einstein provided the definitive explanation for this process in 1905 by postulating that light consists of discrete energy packets called quanta or photons. This theory challenged classical wave descriptions and proved crucial in establishing the principles of quantum mechanics. Einstein's work on this effect later earned him the Nobel Prize in Physics.;Google
Depolarization;Depolarization is a fundamental physiological process involving a sudden change in the electrical charge distribution across a biological cell membrane. In a resting state, cells typically maintain a negative internal charge relative to their surroundings. During depolarization, specific ion channels open, allowing positively charged ions, most commonly sodium, to flow rapidly into the cell interior. This influx reduces the negative voltage, potentially triggering an action potential if a certain threshold is met. This electrical event is essential for transmitting signals along neurons and initiating muscle contractions. Following this phase, the cell undergoes repolarization to restore its initial resting potential and prepare for subsequent stimulation.;Google
Synchrotron;A synchrotron is a type of cyclic particle accelerator derived from the cyclotron, in which the accelerating particle beam travels around a fixed closed-loop path. The magnetic field, which bends the particles into their closed path, is synchronized to the increasing kinetic energy of the particles. This synchronization allows particles to reach relativistic speeds without the radius of their path changing. As these charged particles are accelerated, they emit high-intensity electromagnetic radiation called synchrotron light. This light, ranging from infrared to X-rays, is used in various fields like biology and materials science to probe the fundamental properties of matter at the atomic level.;Google
Curvature;Curvature is a fundamental concept in mathematics and physics that describes the degree to which a geometric object deviates from being flat or straight. In differential geometry, it quantifies how much a curve bends or how a surface deviates from a plane. For a circle, curvature is the inverse of its radius, meaning smaller circles have higher curvature. In general relativity, curvature represents the distortion of spacetime caused by mass and energy, which manifests as gravity. Advanced mathematical frameworks utilize tensors to describe the curvature of manifolds in higher dimensions. Understanding these geometric properties is essential for fields ranging from mechanical engineering to cosmology.;Google
Smart grid;A smart grid is a modernized electrical network that utilizes digital communication technology to monitor and manage the transport of electricity from all generation sources to meet the varying electricity demands of end users. It integrates advanced sensing, control systems, and two-way communication to improve the efficiency, reliability, and sustainability of power distribution. By incorporating renewable energy sources like solar and wind, and enabling demand-response mechanisms, the system optimizes energy consumption and reduces operational costs. Furthermore, smart grids facilitate self-healing capabilities, allowing for rapid detection and isolation of faults to minimize large-scale power outages and enhance overall grid stability across the infrastructure.;Google
Diastereomer;Diastereomers are a type of stereoisomer that occurs when two or more stereocenters exist within a molecule. Unlike enantiomers, which are non-superimposable mirror images of each other, diastereomers are not mirror images. This structural distinction results in different physical and chemical properties, such as boiling points, melting points, and solubilities. Diastereomerism typically arises in molecules with multiple chiral centers where at least one, but not all, of the configurations differ. These differences are crucial in synthetic chemistry and pharmacology, as different diastereomers can interact uniquely with biological receptors and metabolic enzymes. Furthermore, diastereomers can be separated by conventional laboratory techniques like chromatography or crystallization due to their distinct characteristics.;Google
Synapse;A synapse is a specialized structure that allows a neuron to pass an electrical or chemical signal to another neuron or target cell. In the human nervous system, chemical synapses are most common. When an action potential reaches the presynaptic terminal, it triggers the release of neurotransmitters into the synaptic cleft, a narrow gap between cells. These chemical messengers diffuse across the space and bind to specific receptors on the postsynaptic membrane, initiating a new electrical impulse or inhibitory response. This process is fundamental to neural communication, enabling the complex processing of sensory information, motor control, and cognitive functions within the brain.;Google
Peroxisome;Peroxisomes are small, membrane-bound organelles found in the cytoplasm of virtually all eukaryotic cells. They play a critical role in metabolic processes, specifically the breakdown of long-chain fatty acids through beta-oxidation. Additionally, peroxisomes contain enzymes like catalase that decompose hydrogen peroxide, a toxic byproduct of various biochemical reactions, into water and oxygen. They are also involved in the biosynthesis of plasmalogens, which are essential phospholipids for the myelin sheath in nerve cells. Unlike mitochondria, peroxisomes do not have their own DNA and replicate by fission or through de novo synthesis from the endoplasmic reticulum. Their proper functioning is vital for maintaining cellular lipid homeostasis.;Google
Cosmic inflation;Cosmic inflation is a theory in physical cosmology describing a period of extremely rapid exponential expansion in the early universe. Proposed primarily by Alan Guth in 1980, this event occurred approximately 10 to the power of negative 36 seconds after the Big Bang. During this brief interval, the universe expanded by a factor of at least 10 to the power of 26. This process explains several cosmological mysteries, including why the universe appears spatially flat and uniform on large scales. Inflation resolves the horizon and flatness problems by smoothing out initial irregularities while generating the seeds for large-scale structures through quantum fluctuations.;Google
Batch normalization;Batch normalization is a technique used in artificial neural networks to improve the speed, performance, and stability of training. Introduced in 2015, it involves normalizing the inputs of each layer for each training mini-batch. This method addresses internal covariate shift, where the distribution of each layer's inputs changes as the parameters of the previous layers change. By re-centering and re-scaling the data to have a mean of zero and a variance of one, batch normalization allows for significantly higher learning rates and faster convergence. It also acts as a form of regularization, potentially reducing the need for other techniques like dropout while making models less sensitive to initial weight configurations.;Google
Immunological synapse;The immunological synapse is a specialized junction formed between an immune cell and its target cell or an antigen-presenting cell. This interface facilitates critical communication and signal transduction necessary for an effective immune response. Typically, it occurs when a T cell receptor recognizes an antigen presented by a major histocompatibility complex on another cell. The structure is characterized by a precise spatial organization of membrane proteins and signaling molecules into concentric rings. These arrangements promote stable adhesion and polarized secretion of cytokines or cytolytic granules. By concentrating receptors and ligands, the synapse ensures specific activation and prevents indiscriminate damage to surrounding tissues during immune recognition.;Google
Fermi level;The Fermi level represents the thermodynamic chemical potential for electrons in a solid-state system. At absolute zero temperature, it denotes the highest energy state occupied by electrons, separating filled states from empty ones according to the Pauli exclusion principle. In semiconductors and insulators, this level typically resides within the band gap. As temperature increases, the distribution of electrons follows Fermi-Dirac statistics, causing some states above the Fermi level to become populated while others below it become vacant. Understanding the position of the Fermi level is crucial for determining the electrical and thermal conductivity of materials, as well as their behavior in electronic devices.;Google
Tribology;Tribology is the science and engineering of interacting surfaces in relative motion. It includes the study and application of the principles of friction, lubrication, and wear. The term derives from the Greek word for rubbing. Tribological interactions of a solid surface's exposed face with interfacing materials result in the loss of material from the surface. This multidisciplinary field combines mechanical engineering, materials science, and chemistry. It is essential for improving the efficiency and lifespan of machinery. By optimizing lubricants and surface treatments, engineers minimize energy loss and mechanical failure. Modern tribology extends from large-scale industrial equipment to microelectromechanical systems and biological joints.;Google
Central tolerance;Central tolerance is a critical process in the development of the immune system where emerging lymphocytes are tested for self-reactivity. This mechanism primarily occurs in the thymus for T cells and the bone marrow for B cells. During this phase, developing immune cells encounter a wide array of self-antigens. Lymphocytes that exhibit high affinity for these self-molecules are eliminated through apoptosis or redirected into non-pathogenic lineages, a process known as negative selection. By purging potentially autoreactive cells before they enter the peripheral circulation, central tolerance serves as a primary defense against autoimmune diseases. It ensures that the adaptive immune response accurately distinguishes between foreign pathogens and the body's own tissues.;Google
Species evenness;Species evenness refers to how close in numbers each species in a biological community is. Mathematically, it is a measure of biodiversity which quantifies how equal the numerical positions of each species are. For example, if there are forty foxes and one thousand dogs, the community is not very even. However, if there are forty foxes and forty-five dogs, the community is considered even. The evenness of a community can be represented by Pielou's evenness index. A community with high evenness is generally considered more diverse and stable, as no single species dominates the ecosystem. This metric provides a more complete picture of biodiversity than species richness alone.;Google
Anthropocene;The Anthropocene is a proposed geological epoch dating from the commencement of significant human impact on Earth's geology and ecosystems. Though not yet formally recognized as a part of the official geologic time scale, the term describes a period where human activities have become a dominant force in shaping the planet's climate and environment. Scientists suggest various starting points, including the Industrial Revolution or the mid-twentieth-century Great Acceleration. Evidence for this era includes global atmospheric changes, widespread plastic pollution, and the presence of radioactive isotopes from nuclear testing. It represents a shift from the Holocene, reflecting how humanity now influences fundamental planetary processes and biological diversity.;Google
Michelson interferometer;The Michelson interferometer is a fundamental optical instrument that splits a single beam of light into two separate paths using a beam splitter. These light paths reflect off mirrors and eventually recombine to produce an interference pattern. By analyzing the resulting fringes, researchers can measure minute displacements, refractive index variations, or wavelengths with exceptional accuracy. Historically, the device was central to the Michelson-Morley experiment, which famously challenged the existence of the luminiferous ether and laid the groundwork for special relativity. Modern applications remain vital, as sophisticated variants are employed in gravitational wave detection and high-precision metrology, illustrating the device's enduring significance in experimental physics and various engineering disciplines.;Google
Mineral;A mineral is a naturally occurring, inorganic solid with a definite chemical composition and an ordered internal structure. Most minerals are formed through geological processes involving heat, pressure, or precipitation from fluids. They are the building blocks of rocks and are categorized based on their chemical composition and crystalline structure. Common groups include silicates, carbonates, and sulfides. Physical properties such as hardness, luster, color, and cleavage are used by geologists to identify specific specimens. Unlike rocks, which are aggregates of one or more minerals, a single mineral possesses a consistent crystal lattice throughout its physical form. Minerals are essential to various industrial applications and planetary formation studies.;Google
Finite element method;The finite element method is a numerical technique used to find approximate solutions to boundary value problems for differential equations. It involves subdividing a large system into smaller, simpler parts called finite elements. This process is achieved by a particular space discretization in the space dimensions, which is implemented by the construction of a mesh of the object. These simple equations that model these finite elements are then assembled into a larger system of equations that models the entire problem. The method then uses variational techniques to approximate a solution by minimizing an associated error function. It is widely used in structural analysis, heat transfer, and fluid flow applications.;Google
Histone;Histones are highly basic proteins found in eukaryotic cell nuclei that pack and order the DNA into structural units called nucleosomes. They are the chief protein components of chromatin, acting as spools around which DNA winds to facilitate compaction. This organization is necessary because it allows the massive length of genomic DNA to fit inside the cell nucleus. Histones also play a critical role in gene regulation through various post-translational modifications. These chemical changes alter chromatin structure, influencing gene expression by changing how tightly DNA is bound to the histone core. The five major families include H1, H2A, H2B, H3, and H4.;Google
Pyridoxal phosphate;Pyridoxal phosphate, commonly abbreviated as PLP, is the active form of vitamin B6 and serves as a vital coenzyme in numerous enzymatic reactions. It primarily participates in amino acid metabolism, facilitating processes such as transamination, decarboxylation, and deamination. PLP is indispensable for the synthesis of essential neurotransmitters, including dopamine, serotonin, and gamma-aminobutyric acid, which regulate mood and cognitive function. Additionally, it plays a critical role in heme biosynthesis and glycogen phosphorylase activity. The molecule functions by forming a Schiff base intermediate with amino acid substrates, allowing for diverse chemical transformations. Its versatility makes it one of the most important organic small molecules in cellular biochemistry.;Google
Differential equation;A differential equation is a mathematical equation that relates some function with its derivatives. In applications, the functions usually represent physical quantities, while the derivatives represent their rates of change, and the equation defines a relationship between the two. Because such relations are extremely common, differential equations play a prominent role in many disciplines including physics, engineering, economics, and biology. Ordinary differential equations contain functions of a single variable and their derivatives, whereas partial differential equations involve functions of multiple variables and their partial derivatives. Solving these equations is essential for predicting the future behavior of complex dynamic systems across various scientific fields.;Google
Thalamus;The thalamus is a large, symmetrical mass of gray matter located in the dorsal part of the diencephalon within the vertebrate brain. It serves as the primary relay station for almost all sensory information traveling to the cerebral cortex, excluding olfaction. Structurally, it is divided into several nuclei that process specific types of data, such as visual signals through the lateral geniculate nucleus. Beyond sensory transmission, the thalamus plays a critical role in regulating consciousness, sleep, and alertness. It acts as a gateway, determining which stimuli reach conscious awareness. Damage to this region can lead to permanent coma or sensory impairment.;Google
Working memory;Working memory is a fundamental cognitive system responsible for the temporary storage and active manipulation of information required for complex tasks such as learning, reasoning, and comprehension. Unlike short-term memory, which merely holds data briefly, working memory involves a limited-capacity processor that manages immediate mental activities. It functions as a mental workspace, integrating new sensory input with retrieved long-term memories to guide decision-making and behavior. Modern psychological models, most notably the multicomponent model proposed by Baddeley and Hitch, categorize its structure into specialized subsystems, including the phonological loop and visuospatial sketchpad. This system is crucial for fluid intelligence and executive function.;Google
Question answering;Question answering is a subfield of artificial intelligence and natural language processing centered on developing systems capable of automatically responding to human queries in natural language. Unlike traditional search engines that provide a list of relevant documents, these systems aim to pinpoint specific information or generate cohesive explanations. There are two primary types of question answering: extractive and generative. Extractive systems identify the relevant span of text within a corpus to answer a query, while generative models synthesize original sentences. Modern approaches leverage large-scale datasets and neural architectures, particularly transformer models, to understand context and semantic nuances, enabling sophisticated interactions across diverse domains like customer support and automated research.;Google
Bonferroni correction;The Bonferroni correction is a statistical adjustment used to address the problem of multiple comparisons. When performing several independent or dependent statistical tests simultaneously, the probability of rejecting a null hypothesis by chance increases. To maintain a desired family-wise error rate, the correction requires dividing the intended significance level, typically denoted as alpha, by the total number of hypotheses being tested. While effective at reducing false positives, or Type I errors, this method is often criticized for being overly conservative. It may significantly decrease statistical power, thereby increasing the likelihood of failing to detect real effects, known as Type II errors.;Google
Young's modulus;Young's modulus, also known as the elastic modulus, is a fundamental mechanical property that measures the stiffness of a solid material. It defines the relationship between tensile stress and axial strain in the linear elastic region of a material. Specifically, it is calculated as the ratio of stress to strain. When a material is stretched or compressed, Young's modulus quantifies how much it will deform under a specific load. Materials with high values, such as steel, are very stiff and resist deformation, whereas materials with low values, like rubber, are flexible. This value is crucial in engineering and materials science for predicting structural behavior under force.;Google
Allosteric regulation;Allosteric regulation is a biological mechanism where the function of a protein is modified by the binding of an effector molecule at a specific site other than the active site. This site is known as the allosteric site. When an effector binds, it induces a conformational change in the protein's structure, which subsequently alters the affinity or activity of the functional site. Allosteric effectors can act as either activators, increasing biological activity, or inhibitors, decreasing it. This process is essential for the precise control of metabolic pathways and cellular signaling. Many allosteric proteins are multimeric, exhibiting cooperative binding patterns that allow for sensitive responses to small changes in ligand concentrations.;Google
Super-resolution microscopy;Super-resolution microscopy encompasses a suite of light microscopy techniques that allow scientists to capture images at resolutions higher than the diffraction limit. For over a century, optical microscopy was restricted by the Abbe limit, which prevented the resolution of structures smaller than approximately 200 nanometers. Advanced methods, such as stimulated emission depletion and single-molecule localization microscopy, circumvent this physical barrier using controlled fluorescence. These breakthroughs enable the visualization of biological processes at the molecular level within living cells. Consequently, this technology has transformed biomedical research by revealing intricate subcellular details that were once entirely inaccessible to traditional optical instruments.;Google
Complement system;The complement system is a critical component of the innate immune system that enhances the ability of antibodies and phagocytic cells to clear pathogens and damaged cells. It consists of more than thirty proteins circulating in the blood as inactive precursors. Once triggered, these proteins undergo a series of enzymatic cleavages known as the complement cascade. This process can be activated through the classical, alternative, or lectin pathways. Activation leads to several immune functions, including opsonization, which marks targets for ingestion, the recruitment of inflammatory cells, and the assembly of the membrane attack complex to directly lyse bacterial membranes.;Google
Targeted therapy;Targeted therapy represents a paradigm shift in oncology by utilizing drugs or other substances to precisely identify and attack cancer cells without harming normal tissues. Unlike traditional chemotherapy, which generally targets all rapidly dividing cells, these interventions focus on specific molecular pathways essential for tumor growth and survival. These molecular targets are typically proteins or genes associated with cellular signaling, metabolism, and apoptosis. Common classifications include monoclonal antibodies, which bind to external receptors, and small-molecule drugs that penetrate cell membranes to inhibit internal enzymes. By disrupting these specific biological processes, targeted therapies can effectively halt malignancy progression, minimize systemic side effects, and improve patient outcomes through personalized medicine.;Google
Glycolysis;Glycolysis is a fundamental metabolic pathway occurring within the cytosol of cells, serving as the primary process for breaking down glucose to extract energy. This anaerobic sequence of ten enzyme-catalyzed reactions converts one molecule of six-carbon glucose into two molecules of three-carbon pyruvate. The pathway is divided into two distinct phases: the energy investment phase, which consumes two ATP molecules, and the energy payoff phase, which generates four ATP and two NADH molecules through substrate-level phosphorylation. Consequently, glycolysis yields a net gain of two ATP and two NADH per glucose molecule. It represents a near-universal biochemical mechanism utilized by almost all living organisms to sustain cellular functions.;Google
Hydrogen bond;A hydrogen bond is a primarily electrostatic force of attraction between a hydrogen atom which is covalently bound to a more electronegative atom or group, particularly nitrogen, oxygen, or fluorine, and another electronegative atom bearing a lone pair of electrons. These interactions can occur between different molecules or within parts of a single macromolecule. While significantly weaker than covalent or ionic bonds, hydrogen bonding is responsible for the unique physical properties of water, such as its high boiling point and surface tension. It also plays a fundamental role in biochemistry by stabilizing the secondary and tertiary structures of proteins and the double-helix formation of DNA molecules.;Google
Biogeochemistry;Biogeochemistry is the scientific study of the chemical, physical, geological, and biological processes and reactions that govern the composition of the natural environment. It focuses specifically on the cycles of chemical elements, such as carbon, nitrogen, phosphorus, and sulfur, and their interactions within the Earth's biosphere, hydrosphere, atmosphere, and lithosphere. By examining how living organisms influence and are influenced by their surroundings, biogeochemists can track the flow of energy and matter through ecosystems. This multidisciplinary field is essential for understanding global climate change, nutrient cycling, and the long-term sustainability of planetary resources. It bridges the gap between biological life and the inanimate systems of Earth.;Google
Wernicke's area;Wernicke's area is a critical region of the brain involved in the comprehension of written and spoken language. Located in the posterior segment of the superior temporal gyrus in the dominant cerebral hemisphere, which is typically the left side in most individuals, it was named after Carl Wernicke. This neurologist first described the area in 1874. Damage to this specific region often results in Wernicke's aphasia, a condition where speech remains fluent but lacks meaningful content. Patients may produce complex sentences that are grammatically correct yet nonsensical, a phenomenon often referred to as word salad, while struggling significantly to understand linguistic input from others.;Google
Pearlite;Pearlite is a two-phase, lamellar structure found in some grades of steel and cast iron. It forms during the slow cooling of austenite, usually at the eutectoid temperature of approximately 727 degrees Celsius. The structure consists of alternating layers of ferrite and cementite, resembling the appearance of mother-of-pearl under a microscope. This microstructural arrangement occurs through the simultaneous precipitation of alpha-iron and iron carbide from the solid solution. The mechanical properties of pearlite are a blend of the ductility found in ferrite and the hardness of cementite. Consequently, it provides a balanced combination of strength and toughness in engineering applications.;Google
pH;pH is a logarithmic scale used to specify the acidity or basicity of an aqueous solution. It is approximately the negative of the base 10 logarithm of the molar concentration, measured in units of moles per liter, of hydrogen ions. Solutions with a pH less than seven are acidic, while solutions with a pH greater than seven are basic. Pure water is neutral, having a pH of seven. The pH scale typically ranges from zero to fourteen, though values can sometimes fall outside this range. This measurement is essential in chemistry, biology, and environmental science, as it significantly influences chemical reaction rates and biological functions.;Google
Somite;"Somites are bilaterally paired blocks of paraxial mesoderm that form along the anterior-posterior axis of the developing embryo in segmented animals, specifically chordates. These transitory structures are essential for defining the vertebrate body plan. They originate from the presomitic mesoderm through a process known as somitogenesis, which is regulated by a molecular segmental clock. As development progresses, somites differentiate into three primary lineages: the sclerotome, which forms the vertebrae and ribs; the myotome, which develops into skeletal muscles; and the dermatome, which contributes to the dermis of the skin. This rhythmic segmentation ensures the proper organization of the musculoskeletal and nervous systems during early embryogenesis.";Google
Adaptation;Adaptation is the biological process by which organisms adjust to their environment to enhance their survival and reproductive success. These modifications can be structural, behavioral, or physiological. Structural adaptations involve physical features like a bird's beak shape or camouflage. Behavioral adaptations include migration patterns or complex social structures. Physiological adaptations refer to internal processes such as venom production or temperature regulation. Natural selection drives this process, as individuals with traits favorable to their specific ecological niche are more likely to pass those genes to subsequent generations. Over time, these beneficial traits become common within a population, ensuring its continued existence despite environmental changes.;Google
Differential scanning calorimetry;Differential scanning calorimetry is a thermoanalytical technique used to measure the difference in the amount of heat required to increase the temperature of a sample and a reference. This measurement is performed as a function of temperature. Both the sample and reference are maintained at nearly the same temperature throughout the experiment. Generally, the temperature program for an analysis is designed such that the sample holder temperature increases linearly as a function of time. The technique is widely used in pharmaceutical and polymer industries to study phase transitions, such as melting points, glass transitions, and crystallization. By observing the difference in heat flow, researchers can identify endothermic and exothermic processes within materials.;Google
Energy-based model;An energy-based model is a unified framework in machine learning that captures dependencies between variables by assigning a scalar energy value to each configuration. This approach relies on the principle that observed or plausible configurations should have lower energy than unobserved ones. By defining a probability distribution through the Gibbs distribution, researchers can mathematically transform these energy values into normalized probabilities. This allows for flexible modeling of complex data patterns without requiring the manual specification of a normalized density function during the design phase. Training typically involves contrastive divergence or maximum likelihood estimation to shape the energy landscape, making these models effective for high-dimensional tasks like image generation and denoising.;Google
Beamforming;Beamforming is a signal processing technique used in sensor arrays for directional signal transmission or reception. This is achieved by combining elements in an antenna array in such a way that signals at particular angles experience constructive interference while others experience destructive interference. Beamforming can be used at both the transmitting and receiving ends in order to achieve spatial selectivity. The improvement compared with omnidirectional reception is known as the directivity of the array. This technology is essential in wireless communications, radar, acoustics, and sonar. By controlling the phase and amplitude of signals at each transmitter, the combined wave can be steered towards a specific target, significantly increasing signal strength and reducing interference from unwanted directions.;Google
Austenite;Austenite, also known as gamma-phase iron, is a metallic, non-magnetic allotrope of iron or a solid solution of iron with an alloying element. In plain carbon steel, austenite exists above the critical eutectoid temperature of approximately seven hundred twenty-seven degrees Celsius. Its crystal structure is face-centered cubic, which allows it to dissolve significantly more carbon than the body-centered cubic ferrite phase. This phase is characterized by its high ductility and toughness. As the material cools, austenite transforms into other microstructures like pearlite, bainite, or martensite, depending on the cooling rate and chemical composition. It is named after the English metallurgist Sir William Chandler Roberts-Austen.;Google
Flow chemistry;Flow chemistry, also known as continuous flow chemistry, is a technique where chemical reactions occur in a continuously flowing stream rather than in stationary batches. Reactants are pumped through tubes or microchannels, meeting at mixing points before passing through a temperature-controlled reactor zone. This methodology offers several advantages over traditional batch processing, including enhanced heat transfer, improved mixing, and increased safety when handling hazardous intermediates. Furthermore, flow systems enable precise control over reaction parameters such as pressure and residence time. This efficiency makes it a vital tool in pharmaceutical manufacturing and materials science, allowing for scalable production and rapid optimization of chemical processes through automation.;Google
Word embedding;Word embedding is a fundamental technique in natural language processing that represents words as continuous vectors in a high-dimensional space. By mapping discrete linguistic units into numerical formats, these embeddings capture semantic and syntactic relationships based on the distributional hypothesis, which suggests that words appearing in similar contexts share similar meanings. Popular models like Word2vec and GloVe utilize neural networks or matrix factorization to generate these dense representations. Unlike traditional one-hot encoding, word embeddings significantly reduce dimensionality while preserving relational information. This advancement enables computational models to perform complex tasks such as sentiment analysis, machine translation, and document clustering by calculating mathematical distances between word vectors to determine semantic proximity.;Google
ALS;Amyotrophic lateral sclerosis, also known as Lou Gehrig's disease, is a progressive neurodegenerative disorder that primarily affects motor neurons in the brain and spinal cord. These specialized nerve cells control voluntary muscle movements, such as walking, talking, and breathing. As motor neurons degenerate and die, they stop sending signals to muscles, leading to muscle weakness, atrophy, and eventual paralysis. Most cases are sporadic, meaning they occur without a known family history, while a small percentage are inherited through genetic mutations. There is currently no known cure for ALS, though treatments focus on managing symptoms and improving the quality of life for affected individuals.;Google
Ionizing radiation;Ionizing radiation consists of subatomic particles or electromagnetic waves that possess sufficient energy to liberate electrons from atoms or molecules, thereby ionizing them. This process can alter chemical bonds and damage biological tissues. Common forms include alpha particles, beta particles, gamma rays, and X-rays. While ionizing radiation occurs naturally through cosmic rays and radioactive decay of isotopes like radon, it is also generated artificially for medical imaging, cancer treatment, and industrial applications. Prolonged or high-intensity exposure poses health risks, including genetic mutations and cancer. Consequently, safety protocols and shielding are essential in environments where such radiation is prevalent or utilized.;Google
Vadose zone;The vadose zone, also known as the unsaturated zone, is the portion of the Earth's crust that extends from the land surface to the regional water table. Within this region, the pore spaces in soil and fractured rock are filled with both air and liquid water. Water in this zone is held by surface tension and exists under a pressure less than atmospheric pressure. The vadose zone is a vital component of the hydrological cycle, as it controls the rate at which surface water infiltrates to recharge underlying aquifers. Furthermore, it serves as a natural filter that traps contaminants and regulates the exchange of nutrients and gases between the atmosphere and the subsurface environment.;Google
Repolarization;Repolarization refers to the stage of an action potential where the cell membrane potential returns to a negative value following depolarization. This physiological process is essential for resetting the electrochemical gradient across the plasma membrane of neurons and muscle cells. During this phase, voltage-gated sodium channels close while voltage-gated potassium channels open, allowing potassium ions to flow out of the cell. This efflux of positive ions restores the internal negative charge, eventually reaching the resting potential. In cardiac tissue, repolarization ensures the heart can relax and refill with blood before the next contraction. Proper repolarization is vital for continuous cellular signaling.;Google
Subduction;Subduction is a fundamental geological process occurring at convergent plate boundaries where one tectonic plate sinks beneath another into the Earth's mantle. Typically, a denser oceanic plate slides under a less dense continental or younger oceanic plate. This movement creates oceanic trenches and triggers significant seismic activity, including powerful earthquakes. As the subducting slab descends, increasing pressure and temperature cause the release of volatiles, which lowers the melting point of the overlying mantle. This process generates magma, leading to the formation of volcanic arcs and mountain ranges. Subduction is essential for recycling the Earth's crust and driving mantle convection.;Google
Glycolipid;Glycolipids are essential biomolecules consisting of carbohydrates linked to lipids via a glycosidic bond. They are primarily located on the extracellular surface of eukaryotic cell membranes. Their structure typically involves a sphingosine or glycerol backbone. These molecules play a critical role in maintaining membrane stability and facilitating cellular recognition. Glycolipids act as markers for cell-to-cell interactions and serve as receptors for certain pathogens and toxins. They are vital for the immune response, as they contribute to blood group antigens and tissue sorting. By extending their carbohydrate chains into the surrounding environment, glycolipids help cells communicate and adhere to one another within complex biological systems.;Google
Data acquisition;Data acquisition is the process of sampling signals that measure real-world physical conditions and converting the resulting samples into digital numeric values that can be manipulated by a computer. Data acquisition systems, abbreviated as DAS or DAQ, typically convert analog waveforms into digital values for processing. The primary components include sensors, which convert physical parameters into electrical signals, and signal conditioning circuitry to enhance these signals. An analog-to-digital converter then transforms the conditioned signals into discrete digital data. This technology is essential in engineering and scientific research for monitoring environmental factors, industrial processes, and laboratory experiments, ultimately enabling precise analysis and automated control through specialized software programs.;Google
Hubbard model;The Hubbard model is a fundamental mathematical framework in condensed matter physics used to describe interacting electrons in a solid. Developed by John Hubbard in 1963, it simplifies the complex many-body problem by focusing on two primary energy contributions. The first is the kinetic energy of electrons hopping between adjacent lattice sites. The second is the potential energy resulting from the local Coulomb repulsion when two electrons occupy the same site. This model is essential for understanding transitions between metallic and insulating behaviors, specifically Mott insulators. It also provides insights into magnetism and high-temperature superconductivity. Solving the model accurately across multiple dimensions remains a central challenge in modern theoretical physics.;Google
Ion channel;Ion channels are specialized pore-forming membrane proteins that facilitate the passage of ions across biological membranes. These proteins are fundamental to cellular physiology, as they establish the resting membrane potential and govern the generation of electrical signals like action potentials. They exhibit high selectivity, allowing specific ions such as sodium, potassium, calcium, or chloride to move down their electrochemical gradients. Gating mechanisms, including voltage changes, ligand binding, or mechanical stress, regulate the opening and closing of these pores. Through these actions, ion channels coordinate essential processes like muscle contraction, neurotransmission, and nutrient transport, ensuring proper communication and homeostasis within living organisms.;Google
Dislocation;In materials science, a dislocation is a crystallographic line defect characterized by an abrupt change in the arrangement of atoms within a crystal structure. These imperfections significantly influence the mechanical properties of crystalline solids, particularly metals. There are two primary types: edge dislocations, where an extra half-plane of atoms is inserted, and screw dislocations, which involve a helical distortion of the lattice. The movement of dislocations through the lattice facilitates plastic deformation, allowing materials to change shape without fracturing. This process is quantified by the Burgers vector, which represents the magnitude and direction of the lattice distortion. Understanding dislocations is essential for engineering high-strength alloys and managing material fatigue.;Google
Dysbiosis;Dysbiosis refers to an imbalance or maladaptation of the microbial communities inhabiting the human body, most commonly within the gastrointestinal tract. This condition occurs when the diverse ecosystem of bacteria, fungi, and viruses undergoes significant shifts in composition or function, often characterized by a loss of beneficial species or an overgrowth of pathogenic organisms. Factors contributing to dysbiosis include poor diet, antibiotic use, chronic stress, and environmental toxins. Scientific research has linked this microbial disruption to various health issues, including inflammatory bowel disease, obesity, and metabolic syndrome. Restoring a healthy microbial balance through dietary interventions or probiotics remains a primary focus of modern clinical microbiology and gastroenterology.;Google
Fractional quantum Hall effect;The fractional quantum Hall effect is a physical phenomenon occurring in two-dimensional electron systems subjected to low temperatures and strong magnetic fields. It is characterized by the quantization of Hall conductance at rational multiples of the fundamental constant e squared over h. Unlike the integer quantum Hall effect, this phenomenon results from strong electron-electron interactions, leading to the formation of new collective states. These states are often described as a quantum fluid of quasiparticles that carry fractional electric charges. Discovered in 1982, the effect provides deep insights into topological phases of matter and the complex many-body dynamics of strongly correlated electrons in condensed matter physics.;Google
Homeostasis;Homeostasis is the process by which biological systems maintain stability while adjusting to changing external conditions. It is a fundamental principle of physiology, ensuring that internal environments remain within a narrow, functional range. Key parameters regulated include body temperature, blood glucose levels, and pH balance. This dynamic equilibrium is primarily achieved through negative feedback loops, where sensors detect deviations from a set point and trigger compensatory mechanisms to restore balance. For instance, the human body sweats to dissipate heat during exercise. Failure to maintain homeostasis can lead to disease or death, as cellular functions rely on a consistent chemical and physical environment to operate effectively.;Google
MHC class II;Major Histocompatibility Complex class II molecules are critical components of the adaptive immune system found primarily on professional antigen-presenting cells, such as macrophages, B cells, and dendritic cells. Unlike MHC class I, which are expressed on all nucleated cells, class II molecules specifically present exogenous antigens derived from extracellular pathogens. These antigens are processed into peptides and loaded onto the MHC heterodimer within endosomal compartments. The complex is then transported to the cell surface to be recognized by CD4+ T helper cells. This interaction is fundamental for orchestrating the immune response, as it triggers T cell activation, cytokine production, and the stimulation of immune effectors to eliminate infections.;Google
Lithography;Lithography is a fundamental microfabrication process used to pattern parts on a thin film or the bulk of a substrate. In semiconductor manufacturing, photolithography is the most common technique, utilizing light to transfer a geometric pattern from a photomask to a photosensitive chemical photoresist on the wafer. A series of chemical treatments then either engraves the exposure pattern into the material or enables the deposition of a new material in the desired pattern. This iterative process allows for the creation of intricate integrated circuits, defining the microscopic features of modern electronic components like transistors and microprocessors.;Google
Nuclear fission;Nuclear fission is a fundamental nuclear reaction in which the nucleus of a heavy atom, such as uranium-235 or plutonium-239, splits into two or more smaller nuclei. This process typically occurs when a heavy nucleus absorbs a low-energy neutron, becoming unstable and dividing. Upon splitting, the reaction releases a significant amount of kinetic energy and gamma radiation, along with several free neutrons. These emitted neutrons can subsequently induce fission in neighboring nuclei, potentially initiating a self-sustaining chain reaction. In controlled environments like nuclear reactors, this energy produces steam to generate electricity, while uncontrolled chain reactions form the basis of nuclear weaponry. The mass of the products is slightly less than the original nucleus.;Google
Cell mechanics;Cell mechanics is a subfield of biophysics that focuses on the physical properties of cells and their influence on biological functions. It examines how mechanical forces, such as tension and compression, are generated, transmitted, and sensed by cellular structures. The cytoskeleton, composed of actin filaments, microtubules, and intermediate filaments, plays a critical role in maintaining cell shape and facilitating movement. These mechanical interactions regulate essential processes including growth, differentiation, and gene expression. By studying cellular elasticity and viscosity, researchers gain insights into human diseases like cancer and cardiovascular disorders, where changes in cell stiffness often indicate pathological states.;Google
Soil horizon;A soil horizon is a distinct layer parallel to the earth's surface, characterized by physical, chemical, and biological properties that differ from those of the layers above and below. These horizons develop over time through the process of pedogenesis, involving weathering and the accumulation of organic matter. A typical soil profile includes the O horizon, composed of organic debris, and the A horizon, or topsoil, which is rich in minerals and humus. Beneath these lie the E, B, and C horizons, representing varying degrees of leaching and mineral accumulation. Collectively, these layers provide essential information about the soil's history, fertility, and drainage capacity for environmental scientists and agriculturalists.;Google
Heart rate;Heart rate is the frequency of the cardiac cycle, typically measured as beats per minute. It represents the number of times the heart contracts and relaxes to circulate blood throughout the body. In healthy adults, a resting heart rate ranges from sixty to one hundred beats per minute. This rate is influenced by several factors, including physical activity, emotional state, and overall cardiovascular fitness. The autonomic nervous system regulates heart rate through the sinoatrial node, often called the natural pacemaker. Monitoring this metric provides vital information regarding physiological health and potential medical conditions like tachycardia or bradycardia, which indicate abnormally high or low rates.;Google
Meissner effect;The Meissner effect is the expulsion of a magnetic field from a superconductor during its transition to the superconducting state when it is cooled below the critical temperature. This phenomenon was discovered by Walther Meissner and Robert Ochsenfeld in 1933. Unlike a perfect conductor, a superconductor actively excludes magnetic flux, causing it to exhibit perfect diamagnetism. This exclusion occurs because surface currents develop within the material that create a magnetic field exactly canceling the applied external field. The depth to which the magnetic field can penetrate the surface is known as the London penetration depth. This effect is a defining characteristic of superconductivity, distinguishing it from simple zero electrical resistance.;Google
Supernova;A supernova is a powerful and luminous stellar explosion. This transient astronomical event occurs during the last evolutionary stages of a massive star or when a white dwarf is triggered into runaway nuclear fusion. The original object, called the progenitor, either collapses to a neutron star or black hole, or is completely destroyed. The peak optical luminosity of a supernova can be comparable to that of an entire galaxy before fading over several weeks. During this interval, a supernova radiates as much energy as the Sun is expected to emit over its entire life span. The explosion expels material at high velocity, driving a shock wave into the surrounding interstellar medium.;Google
Graphene;Graphene is an allotrope of carbon consisting of a single layer of atoms arranged in a two-dimensional honeycomb lattice. It is the basic structural element of other carbon allotropes, including graphite, charcoal, carbon nanotubes, and fullerenes. This material is remarkably thin yet extraordinarily strong, possessing high electrical and thermal conductivity. Since its isolation in 2004, graphene has garnered significant interest in materials science and physics due to its unique mechanical and electronic properties. Potential applications range from advanced electronics and sensors to reinforced composites and water filtration systems. Its high electron mobility makes it a promising candidate for next-generation transistors and energy storage devices.;Google
Transient equilibrium;Transient equilibrium occurs in nuclear physics when a radioactive parent isotope decays into a daughter isotope that possesses a shorter half-life. Specifically, the half-life of the parent is longer than that of the daughter, but the difference is not vast enough to be considered secular. As the system evolves, the activity of the daughter increases until it reaches a peak and then begins to decrease at the same rate as the parent isotope. In this state, the ratio of the activities between the parent and daughter remains constant. This concept is vital for medical isotope generators, such as the molybdenum-99 and technetium-99m system, where the parent provides a steady supply of the daughter.;Google
Odds ratio;An odds ratio is a statistic used in epidemiology and clinical research to quantify the strength of association between an exposure and an outcome. It is calculated by dividing the odds of an event occurring in one group by the odds of it occurring in another group. In a case-control study, an odds ratio greater than one suggests that the exposure is a risk factor, while an odds ratio less than one indicates a protective effect. An odds ratio of exactly one implies no association. This metric is particularly useful in logistic regression analysis for determining how specific variables influence the likelihood of binary results.;Google
Forgetting curve;The forgetting curve is a mathematical formula that describes the rate at which information is forgotten after it is initially learned. This concept was first hypothesized by German psychologist Hermann Ebbinghaus in 1885. Through his research, Ebbinghaus discovered that memory retention declines exponentially over time, with the sharpest loss occurring within the first twenty minutes to one hour of learning. The rate of decay depends on various factors, including the strength of the memory and the meaningfulness of the material. Techniques such as spaced repetition can flatten the curve, allowing information to be moved from short-term to long-term memory through periodic review sessions.;Google
Biosimilar;A biosimilar is a biological medical product that is highly similar to an already approved biological medicine, known as the reference product. Unlike generic versions of chemically synthesized drugs, which are identical to their brand-name counterparts, biosimilars are complex molecules derived from living organisms. Consequently, they exhibit natural variations that make exact replication impossible. To gain regulatory approval, biosimilars must demonstrate through rigorous comparative testing that there are no clinically meaningful differences in terms of safety, purity, or potency. These agents offer cost-effective alternatives for treating complex conditions such as cancer, autoimmune diseases, and diabetes, thereby improving patient access to advanced therapies.;Google
3D printing;3D printing, also known as additive manufacturing, is the process of creating three-dimensional solid objects from a digital computer-aided design file. The process involves depositing materials layer by layer to build a final structure, contrasting with traditional subtractive manufacturing techniques like milling. Common technologies include fused deposition modeling, which extrudes thermoplastic filaments, and stereolithography, which uses lasers to photopolymerize liquid resins. Selective laser sintering utilizes high-power lasers to fuse powdered materials into solid shapes. This technology enables the production of highly complex geometries and customized parts across various sectors, including aerospace, medicine, and consumer goods, using diverse materials like polymers, metals, and biological cells.;Google
Oligodendrocyte;Oligodendrocytes are a specialized type of glial cell found within the central nervous system. Their primary function is the production and maintenance of the myelin sheath, a lipid-rich insulating layer that wraps around neuronal axons. This insulation is crucial for the rapid and efficient transmission of electrical impulses through saltatory conduction. A single oligodendrocyte can extend multiple processes to myelinate several different axons simultaneously. In addition to insulation, these cells provide metabolic support to neurons and influence synaptic activity. Damage to oligodendrocytes or their myelin can lead to severe neurological disorders, such as multiple sclerosis, where nerve signaling becomes significantly impaired or completely disrupted.;Google
Sequence alignment;Sequence alignment is a fundamental computational method used to arrange sequences of DNA, RNA, or protein to identify regions of similarity. These similarities may indicate functional, structural, or evolutionary relationships between the sequences. Aligned sequences are typically represented as rows within a matrix where gaps are inserted so that identical or similar characters are aligned in successive columns. If sequences share a common ancestor, mismatches are interpreted as point mutations, while gaps represent insertions or deletions. Specialized algorithms like Needleman-Wunsch or Smith-Waterman are frequently employed to optimize these alignments. Global alignment matches every residue across the entire length, whereas local alignment identifies highly similar regions within otherwise divergent sequences.;Google
Carbon nanotube;Carbon nanotubes are cylindrical molecules composed of carbon atoms arranged in a hexagonal lattice. These structures are essentially sheets of graphene rolled into seamless cylinders. They are categorized as either single-walled nanotubes or multi-walled nanotubes depending on the number of layers. Carbon nanotubes exhibit extraordinary properties, including exceptional tensile strength, high electrical conductivity, and significant thermal stability. These characteristics make them highly valuable in fields such as electronics, optics, and materials science. Because of their unique physical attributes, they are frequently utilized in structural reinforcements, sensors, and nanotechnology applications. Researchers continue to explore their potential in medicine and energy storage due to their high surface area and chemical stability.;Google
Neutralizing antibody;A neutralizing antibody is a specialized protein produced by the immune system that protects cells by negating the biological effects of pathogens. These antibodies function by binding to specific molecules on the surface of viruses or bacteria, such as entry receptors. By physically obstructing these sites, they prevent the infectious agent from attaching to or entering a host cell, effectively halting the infection cycle. This process differs from other immune mechanisms that mark pathogens for destruction by white blood cells. Neutralizing antibodies are essential components of the humoral immune response and represent the primary objective of most successful vaccines designed to provide long-term protection against infectious diseases.;Google
Four-wave mixing;Four-wave mixing is a nonlinear optical phenomenon where interactions between two or three wavelengths of light produce new wavelengths. It occurs in third-order nonlinear media when the phase-matching condition is satisfied. In this process, the energy from pump waves is transferred to new frequencies, often referred to as signal and idler waves. This effect is crucial in optical fiber communications, where it can cause crosstalk between different channels in wavelength-division multiplexing systems. Conversely, it is utilized for applications like optical signal processing, wavelength conversion, and the generation of squeezed light. The efficiency of this process depends on the material's nonlinear susceptibility and the coherence length of the interacting waves.;Google
Corrosion;Corrosion is a natural process that converts a refined metal into a more chemically stable form such as oxide, hydroxide, or sulfide. It involves the gradual destruction of materials through chemical or electrochemical reactions with their environment. The most prevalent form is the oxidation of metals when exposed to oxygen and moisture. Rusting, specifically the formation of iron oxides, serves as a well-known example of this electrochemical degradation. This process compromises essential material properties, including structural integrity, electrical conductivity, and appearance. While many alloys corrode upon simple exposure to humid air, the rate of deterioration can be significantly accelerated by contact with electrolytes like salts or various acidic substances.;Google
Penrose process;The Penrose process is a mechanism proposed by Roger Penrose in 1969 to extract energy from a rotating black hole. It occurs in the ergosphere, a region outside the event horizon where spacetime is dragged by the black hole's rotation. An object entering the ergosphere can split into two pieces. One piece falls into the event horizon with negative energy relative to an observer at infinity, while the other piece escapes with more energy than the original object. This gain is fueled by the black hole's rotational kinetic energy, eventually slowing its spin. This theoretical process demonstrates that black hole rotation is a potential source of massive cosmic energy.;Google
Phosphorylation;Phosphorylation is a fundamental biochemical process involving the addition of a phosphate group to an organic molecule, most commonly a protein. This reaction is primarily catalyzed by enzymes known as kinases, which transfer phosphate from adenosine triphosphate to specific substrates. Phosphorylation plays a crucial role in cellular regulation, functioning as a molecular switch that can activate or deactivate proteins and enzymes. It is essential for various biological activities, including signal transduction, metabolic pathways, and cell division. Conversely, the removal of a phosphate group, a process called dephosphorylation, is mediated by phosphatases. Together, these reversible modifications allow cells to respond dynamically to internal and external environmental cues.;Google
Thrombopoiesis;Thrombopoiesis is the biological process by which platelets, also known as thrombocytes, are produced in the bone marrow. This complex physiological sequence begins with hematopoietic stem cells that differentiate into megakaryoblasts. These precursor cells undergo endomitosis, doubling their DNA without dividing, eventually becoming massive megakaryocytes. Once matured, megakaryocytes extend long proplatelet processes into the marrow sinusoids. These cytoplasmic extensions fragment into thousands of tiny, discoid platelets that enter the bloodstream. The primary regulator of this process is the hormone thrombopoietin, which is synthesized mainly in the liver and kidneys. Platelets are essential for hemostasis, as they facilitate blood clotting and prevent excessive hemorrhage following vascular injury.;Google
Placebo;A placebo is a substance or treatment with no active therapeutic ingredient, often used in medical research as a control. The placebo effect occurs when a patient experiences a perceived or actual improvement in their condition after receiving such a treatment. This phenomenon is attributed to psychological factors, such as the patient's expectations and classical conditioning, which trigger neurobiological responses in the brain. Common mechanisms include the release of endogenous opioids and dopamine. In clinical trials, researchers utilize double-blind placebo-controlled designs to isolate the specific pharmacological effects of new medications from these psychological influences, ensuring that any observed benefits are statistically significant and attributable to the active drug itself.;Google
Brachytherapy;Brachytherapy is a specialized form of internal radiation therapy used primarily in the treatment of various cancers. This technique involves the precise placement of radioactive sources directly within or immediately adjacent to the cancerous tumor. By localizing the radiation source, clinicians can deliver high therapeutic doses of ionizing radiation to the target site while significantly reducing exposure to surrounding healthy tissues. Brachytherapy is categorized into temporary and permanent procedures, often involving radioactive isotopes like iodine-125 or iridium-192. It is frequently employed to treat malignancies of the prostate, cervix, and breast, offering an effective alternative or supplement to external beam radiotherapy.;Google
Nuclear receptor;Nuclear receptors are a class of proteins found within cells that are responsible for sensing steroid and thyroid hormones and certain other molecules. In response, these receptors work with other proteins to regulate the expression of specific genes, thereby controlling the development, homeostasis, and metabolism of the organism. Nuclear receptors have the unique ability to directly bind to DNA and regulate gene expression. They are classified into two main groups based on their mechanism of action and subcellular localization. Type I receptors are found in the cytoplasm until activated, while Type II receptors are usually already bound to DNA. These proteins serve as critical targets for drug discovery due to their diverse physiological roles.;Google
False discovery rate;The false discovery rate is a statistical framework used in multiple hypothesis testing to control the expected proportion of rejected null hypotheses that are actually true. Unlike the family-wise error rate, which seeks to prevent any false positives, this method allows for a specific proportion of errors among the total number of rejections. This approach is highly effective in high-throughput scientific fields, such as genetics and bioinformatics, where thousands of simultaneous comparisons are made. By utilizing techniques like the Benjamini-Hochberg procedure, researchers can maintain a balance between identifying significant effects and minimizing the inclusion of random noise, thereby increasing the overall power of their data analysis.;Google
Steady state;In science, a steady state describes a system where the variables defining its behavior remain constant over time despite ongoing processes. This condition occurs when the rate of input or formation equals the rate of output or consumption. It is commonly applied in fields like chemistry, physics, and biology. For example, in a chemical reaction mechanism, an intermediate might reach a steady state where its concentration remains stable. Unlike thermodynamic equilibrium, a steady state often requires a continuous flow of energy or matter to maintain stability. This concept is fundamental in analyzing open systems, enzymatic kinetics, and atmospheric compositions.;Google
Enzyme kinetics;Enzyme kinetics is the branch of biochemistry that investigates the rates of chemical reactions catalyzed by enzymes. By examining how reaction velocities change in response to varying experimental conditions, researchers can elucidate the catalytic mechanisms and regulatory properties of specific proteins. A central component of this field is the Michaelis-Menten equation, which mathematically describes how the rate of an enzymatic reaction depends on the concentration of the substrate. This framework provides essential constants, such as the Michaelis constant and the maximum reaction rate, which characterize enzyme efficiency and affinity. Kinetic studies are fundamental for pharmaceutical development, metabolic engineering, and understanding the complex physiological processes that maintain life in biological systems.;Google
Nonsense mutation;A nonsense mutation is a specific type of point mutation in a DNA sequence that results in a premature stop codon in the transcribed messenger RNA. This genetic alteration changes a codon that normally codes for an amino acid into a termination signal, such as UAA, UAG, or UGA. During the process of translation, the ribosome interprets this signal as the end of the protein chain, leading to the production of a truncated and typically nonfunctional protein product. Such mutations are significant because they often result in severe genetic disorders, including cystic fibrosis and various forms of muscular dystrophy, due to the loss of essential protein functions.;Google
Agonist;In pharmacology, an agonist is a chemical substance that binds to a specific cellular receptor and initiates a physiological response. By mimicking the action of an endogenous ligand, such as a neurotransmitter or hormone, an agonist triggers a series of biochemical events within the cell. Agonists are categorized based on their efficacy and potency. A full agonist induces a maximum biological response, while a partial agonist produces a weaker effect even at full receptor occupancy. Conversely, an inverse agonist binds to the same receptor but induces a response opposite to that of a full agonist. Understanding agonist-receptor interactions is crucial for drug development and therapeutic interventions.;Google
Biodiversity;"Biodiversity refers to the variety and variability of life on Earth, encompassing the differences within species, between species, and across entire ecosystems. It serves as a measure of the health of biological systems and provides critical ecosystem services such as pollination, nutrient cycling, and climate regulation. Scientists categorize biodiversity into three main levels: genetic diversity, which concerns DNA variations; species diversity, representing the range of different organisms; and ecosystem diversity, focusing on diverse habitats. High levels of biodiversity enhance ecosystem resilience against environmental stressors. Currently, human activities like habitat destruction and climate change pose significant threats to global biodiversity, leading to accelerated extinction rates.";Google
Dendrochronology;Dendrochronology, or tree-ring dating, is the scientific method of dating based on the analysis of patterns of tree rings, also known as growth rings. This technique can determine the exact calendar year a tree ring was formed. Because tree growth is influenced by environmental conditions such as precipitation and temperature, ring patterns provide a historical record of past climates. By comparing overlapping ring sequences from living trees with older timber found in archaeological sites or geological deposits, scientists build extensive chronologies spanning thousands of years. This discipline is essential for archaeology, paleoecology, and climatology, offering precise dating and insights into ancient environmental shifts across various geographic regions.;Google
Kalman filter;The Kalman filter is an algorithm that provides estimates of unknown variables given a series of measurements observed over time. It is widely utilized in aerospace, robotics, and signal processing to filter out electronic noise and produce precise predictions. Developed by Rudolf Kalman in 1960, the algorithm operates recursively through a two-step cycle consisting of prediction and update phases. In the prediction step, the filter generates estimates of the current state variables and their uncertainties. Upon receiving new data, the system updates these estimates using a weighted average. This statistical method effectively minimizes the mean square error, ensuring accuracy in dynamic systems.;Google
Manifold;In mathematics, a manifold is a topological space that locally resembles Euclidean space near each point. While the global structure may be complex, every point has a neighborhood homeomorphic to an open ball in n-dimensional space. One-dimensional manifolds include lines and circles, while two-dimensional manifolds, or surfaces, include spheres and tori. This concept is fundamental to differential geometry and modern physics, particularly general relativity, where spacetime is modeled as a four-dimensional manifold. Manifolds allow mathematicians to apply calculus and other local techniques to objects with complicated global shapes, facilitating the study of complex geometric and physical phenomena across various dimensions.;Google
Epilepsy;Epilepsy is a chronic neurological disorder characterized by recurrent, unprovoked seizures resulting from abnormal electrical activity in the brain. These episodes are caused by excessive electrical discharges in a group of brain cells, which can occur in various regions of the cerebral cortex. Clinical manifestations range from brief lapses of attention and localized muscle twitches to severe, prolonged convulsions. While a single seizure does not constitute epilepsy, the diagnosis typically follows at least two unprovoked incidents. Potential etiologies include genetic predispositions, head trauma, stroke, tumors, and central nervous system infections. Management primarily involves antiepileptic medications, although some patients may require surgical intervention or specialized ketogenic diets to control symptoms effectively.;Google
Frameshift mutation;A frameshift mutation is a genetic mutation caused by the insertion or deletion of a number of nucleotides in a DNA sequence that is not divisible by three. Since the genetic code is read in triplets known as codons, such changes alter the reading frame of the entire downstream sequence. This shift typically results in a completely different translation of amino acids compared to the original strand. Consequently, frameshift mutations often lead to the production of nonfunctional proteins or premature stop codons, which truncate the protein product. These mutations are frequently associated with severe genetic disorders because they fundamentally change the protein's biochemical structure and function.;Google
Knockout;A gene knockout is a genetic engineering technique where one of an organism's genes is made inoperative. This process allows researchers to study the function of a specific gene by observing the changes that occur in the organism's phenotype when the gene is absent. Typically, this is achieved by deleting the gene sequence or introducing mutations that prevent protein production. Common model organisms for these studies include mice, yeast, and fruit flies. The resulting knockout organisms help scientists understand biological pathways, disease mechanisms, and potential therapeutic targets. By comparing these subjects to a wild-type control group, geneticists can precisely determine the physiological role of the targeted genetic material within a complex biological system.;Google
Catenane;A catenane is a complex molecular structure composed of two or more interlocked macrocyclic rings that are joined together without a direct chemical bond between them. Instead, these components are held in place by a mechanical bond, meaning they cannot be separated without breaking the covalent bonds of at least one ring. The term is derived from the Latin word catena, which translates to chain. Synthesis of these molecules often employs template-directed strategies to guide the formation of the interlocking rings. Catenanes are significant in the field of supramolecular chemistry and serve as essential components in the development of molecular machines and advanced nanotechnology.;Google
Cosmic ray;Cosmic rays are high-energy particles that travel through space at nearly the speed of light. They primarily consist of protons and atomic nuclei, originating from sources like the Sun, distant supernovae, and other energetic galactic events. When these particles enter Earth's atmosphere, they collide with atmospheric nuclei, producing secondary showers of subatomic particles such as pions and muons. These rays provide vital information about the composition of the universe and the physical processes occurring in deep space. However, they also present radiation risks to electronics and astronauts beyond the protective shield of the magnetosphere. Scientists study them using ground-based detectors and orbiting satellites to understand their origins and acceleration mechanisms.;Google
Bateman equation;The Bateman equation is a fundamental mathematical model in nuclear physics and radiochemistry that describes the abundance of isotopes in a radioactive decay chain over time. Formulated by Harry Bateman in 1910, the equation calculates the amount of any member in a series of decaying nuclides based on their specific decay constants and initial concentrations. This model is essential for predicting the evolution of radioisotopes within a sequential transformation process. It finds extensive application in nuclear medicine, radioactive waste management, and geochronology. By integrating a system of coupled first-order differential equations, the Bateman equation provides a rigorous framework for determining radioactive equilibrium and daughter product accumulation across complex decay sequences.;Google
Commensalism;Commensalism is a prolonged biological interaction in which members of one species gain benefits while those of the other species neither benefit nor are harmed. This relationship contrasts with mutualism, where both organisms benefit, and parasitism, where one is harmed. Often, the commensal species uses the host for transport, shelter, or food leftovers. A classic example is the remora fish, which attaches to larger marine animals like sharks to consume scraps and gain protection. Similarly, cattle egrets feed on insects stirred up by grazing livestock. In these scenarios, the host remains unaffected while the commensal thrives, illustrating a unique ecological balance within diverse habitats.;Google
Orbital mechanics;Orbital mechanics, also known as astrodynamics, is the application of ballistics and celestial mechanics to the practical problems concerning the motion of rockets and other spacecraft. The study focuses on how objects move under the influence of gravity and other forces. Key concepts include Kepler's laws of planetary motion, which describe how bodies move in elliptical orbits, and Newton's law of universal gravitation. Engineers use these principles to calculate trajectories for satellite launches, interplanetary travel, and station-keeping. Understanding parameters like eccentricity, inclination, and semi-major axis is essential for determining an object's path through space. This field is fundamental for modern space exploration and satellite communications.;Google
Transfer function;A transfer function is a mathematical representation used in control theory and signal processing to describe the relationship between the input and output of a linear time-invariant system. It is defined as the ratio of the Laplace transform of the output to the Laplace transform of the input, assuming all initial conditions are zero. This function allows engineers to analyze system stability and frequency response without solving complex differential equations directly. In the frequency domain, it is often denoted by H or G. Transfer functions are essential for designing filters, amplifiers, and automated control systems in various engineering fields including electronics and mechanics.;Google
Information retrieval;Information retrieval is the science of searching for information within a document, searching for documents themselves, and extracting metadata that describes data from various databases. This field focuses on the representation, storage, organization, and access to information items. The process begins when a user submits a query to a system. Unlike database queries, which typically yield precise results, information retrieval systems rank objects based on their predicted relevance to the user's information need. Core components include indexing, which structures data for efficient searching, and evaluation metrics like precision and recall, which measure how effectively a system identifies relevant material while filtering out irrelevant content.;Google
Vaccine;A vaccine is a biological preparation that provides active acquired immunity to a particular infectious or malignant disease. It typically contains an agent that resembles a disease-causing microorganism and is often made from weakened or killed forms of the microbe, its toxins, or one of its surface proteins. This agent stimulates the body's immune system to recognize the substance as a threat, destroy it, and keep a memory of it. Consequently, the immune system can more easily recognize and destroy any of these microorganisms that it later encounters. Vaccination represents the most effective method of preventing infectious diseases and maintaining public health worldwide.;Google
Crystal structure;A crystal structure is the unique arrangement of atoms, ions, or molecules in a crystalline material. It is characterized by a highly ordered repeating pattern that extends in all three spatial dimensions. This internal structure arises from the intrinsic properties of the constituent particles and the chemical forces that bind them together. The smallest repeating unit of a crystal is called the unit cell, which defines the entire lattice through translational symmetry. Crystal structures are categorized into various systems, such as cubic, tetragonal, or hexagonal, based on their geometric symmetry. These specific arrangements determine the physical properties of minerals and metals, including hardness, cleavage, and optical characteristics. Understanding these patterns is essential for crystallography and materials science.;Google
Zone of polarizing activity;The zone of polarizing activity is an area of mesenchyme located at the posterior margin of the developing vertebrate limb bud. This region serves as a crucial signaling center responsible for patterning the anterior-posterior axis of the limb. It functions by secreting the morphogen protein Sonic hedgehog, which diffuses across the limb bud to create a concentration gradient. High concentrations of this protein specify posterior structures such as the fifth digit, while lower concentrations result in anterior structures like the thumb. Disruption or transplantation of this zone can lead to limb malformations or mirror-image duplications during embryonic development.;Google
Quantum phase transition;A quantum phase transition occurs at absolute zero temperature, where transitions between different phases of matter are driven by quantum fluctuations rather than thermal fluctuations. These transitions are accessed by varying a physical parameter like magnetic field, pressure, or chemical composition. Unlike classical transitions, which involve entropy changes at non-zero temperatures, quantum phase transitions happen at a quantum critical point. This point represents a singularity in the ground state energy of a many-body system. Although strictly occurring at zero Kelvin, the effects of these transitions influence the physical properties of materials at finite temperatures within the quantum critical region, leading to unconventional states of matter.;Google
Pharmacokinetics;Pharmacokinetics is the branch of pharmacology dedicated to determining the fate of substances administered to a living organism. It is often summarized by the acronym ADME, representing absorption, distribution, metabolism, and excretion. Absorption involves the process of a drug entering the bloodstream, while distribution describes its movement through various tissues and fluids. Metabolism refers to the biochemical transformation of the compound, primarily occurring in the liver. Finally, excretion is the elimination of the substance from the body, usually through the kidneys. This field quantifies how drug concentrations change over time, allowing clinicians to optimize dosing regimens for therapeutic efficacy while minimizing potential toxicity.;Google
Virus;Viruses are submicroscopic infectious agents that replicate only inside the living cells of an organism. They infect all types of life forms, from animals and plants to microorganisms, including bacteria and archaea. Since Dmitri Ivanovsky's 1892 article describing a non-bacterial pathogen infecting tobacco plants and the discovery of the tobacco mosaic virus by Martinus Beijerinck in 1898, more than 11,000 virus species have been described in detail. Viruses consist of genetic material, either DNA or RNA, surrounded by a protective coat of protein called a capsid. They are often considered to be on the edge of life because they possess genes but lack a cellular structure.;Google
Kinematics;Kinematics is a fundamental branch of classical mechanics that describes the motion of points, objects, and systems without considering the forces that cause them to move. Often referred to as the geometry of motion, it focuses on defining position, velocity, and acceleration as functions of time. Scientists use kinematic equations to analyze trajectories and predict where an object will be located at a specific future moment. Unlike dynamics, which examines the relationship between mass and force, kinematics deals strictly with spatial and temporal variables. This discipline is essential for engineering, robotics, and biomechanics, providing the mathematical framework necessary to describe movement in one or more dimensions accurately.;Google
Oxidative phosphorylation;Oxidative phosphorylation is the final metabolic pathway of cellular respiration, taking place within the inner mitochondrial membrane. This complex process uses energy released by the oxidation of nutrients to produce adenosine triphosphate, or ATP. Electrons are transferred from donors like NADH to electron acceptors such as oxygen through a series of redox reactions in the electron transport chain. These reactions generate an electrochemical gradient by pumping protons into the intermembrane space. The flow of these protons back into the mitochondrial matrix through ATP synthase provides the energy needed to phosphorylate ADP. Consequently, this system produces the bulk of chemical energy used by aerobic organisms.;Google
Virtual memory;Virtual memory is a memory management technique that provides an idealized abstraction of storage resources available on a computer. It creates an illusion of a large, contiguous main memory, even when physical RAM is limited. This process maps memory addresses used by software into physical addresses in hardware. By treating primary memory as a cache for secondary storage like hard drives, systems can execute applications that exceed physical memory capacity. Data is typically divided into blocks called pages, which are swapped between RAM and disk as needed. This mechanism enhances multitasking capabilities and provides memory protection by isolating processes from one another.;Google
Interspecific competition;Interspecific competition occurs when individuals of different species strive for the same limited resources in an ecosystem. This ecological interaction can involve competition for food, water, territory, or sunlight. There are two primary mechanisms: interference competition, where species physically prevent others from accessing resources, and exploitation competition, where the consumption of a resource by one species reduces its availability for others. This process is a significant driver of natural selection and community structure. It often leads to niche partitioning, where species evolve to utilize different resources, or competitive exclusion, where one species is entirely displaced by a more efficient competitor within a specific niche.;Google
Convergent evolution;Convergent evolution is the biological process where organisms not closely related independently evolve similar traits as a result of having to adapt to similar environments or ecological niches. This phenomenon occurs when different species face comparable selective pressures, leading to the development of analogous structures that perform similar functions despite having different evolutionary origins. Classic examples include the streamlined body shapes of sharks and dolphins, which facilitate efficient movement through water, and the development of wings in birds, bats, and insects for flight. Unlike homology, which results from shared ancestry, convergence highlights the power of natural selection in shaping life forms toward optimal solutions for survival within specific habitats.;Google
Protostar;A protostar represents an early stage in the process of stellar formation, occurring when a dense region within a giant molecular cloud collapses under the force of gravity. As the gaseous material contracts, the core temperature increases because gravitational potential energy is converted into thermal energy. This formative phase lasts roughly five hundred thousand years for stars with masses similar to our Sun. During this period, the object is typically shrouded in a dense envelope of dust and gas, making it visible primarily through infrared observations. The protostellar stage ends when the internal temperature and pressure become high enough to trigger the hydrogen fusion process in the core.;Google
Blastocyst;A blastocyst is a structure formed in the early development of mammals. It possesses an inner cell mass which subsequently forms the embryo. The outer layer of the blastocyst consists of cells collectively called the trophoblast. This layer surrounds the inner cell mass and a fluid-filled cavity known as the blastocoel. In humans, blastocyst formation begins about five days after fertilization, when a fluid-filled cavity opens up in the morula. The blastocyst has a diameter of about 0.1 to 0.2 millimeters and comprises 200 to 300 cells following rapid cleavage. It eventually implants into the uterine wall, marking the start of pregnancy.;Google
Bravais lattice;A Bravais lattice is an infinite array of discrete points in space generated by a set of discrete translation operations. In three dimensions, there are fourteen unique types of these lattices, which serve as the fundamental framework for describing crystal structures. Each lattice point represents an identical environment, ensuring that the arrangement remains invariant under translation. These systems are categorized into seven crystal systems based on their symmetry properties, such as cubic, tetragonal, and monoclinic. By placing atoms, ions, or molecules at these lattice points, scientists can model the periodic internal arrangement of solids, facilitating the study of their physical and chemical properties in crystallography.;Google
Western blot;The Western blot, also known as protein immunoblotting, is a vital analytical technique used in molecular biology to detect specific proteins in complex biological samples. The procedure begins with gel electrophoresis, which separates proteins based on their molecular weight. These separated proteins are subsequently transferred onto a synthetic membrane, typically made of nitrocellulose or PVDF. To visualize the target protein, the membrane is incubated with primary antibodies that bind specifically to it, followed by labeled secondary antibodies. This method allows researchers to determine both the presence and relative abundance of proteins within a sample, making it essential for diagnostic testing and proteomic research worldwide.;Google
Hox gene;Hox genes, short for homeobox genes, are a group of related genes that determine the basic structure and orientation of an organism's body. They specify the identity of body segments along the anterior-posterior axis during embryonic development. These genes contain a conserved DNA sequence called the homeobox, which encodes a protein domain known as the homeodomain. This domain acts as a transcription factor, binding to specific DNA sequences to regulate the expression of downstream genes. Hox genes exhibit colinearity, meaning their physical order on the chromosome corresponds to the spatial order of expression along the developing body. They are found across the animal kingdom, illustrating their evolutionary importance in complex morphology.;Google
Smart contract;A smart contract is a self-executing digital protocol programmed to facilitate, verify, or enforce the performance of a contract without intermediaries. Operating primarily on decentralized blockchain networks, these programs execute automatically when predefined conditions are met. This technology leverages cryptographic principles to ensure transparency, security, and immutability, meaning the code cannot be altered once deployed. By replacing traditional legal or financial mediators with automated logic, smart contracts minimize transaction costs and enhance operational efficiency across various industries. They are essential components of decentralized finance and various distributed ledger applications, providing a reliable framework for trustless digital interactions and automated governance.;Google
Compton scattering;Compton scattering is a fundamental physical phenomenon where an incident X-ray or gamma ray photon collides with a charged particle, typically a free or loosely bound electron. During this interaction, the photon transfers a portion of its energy and momentum to the particle, resulting in a redirected photon with a lower frequency and a longer wavelength. Discovered by Arthur Compton in 1923, this effect provided crucial experimental evidence for the dual nature of light, demonstrating that electromagnetic radiation behaves as discrete particles called photons rather than just waves. The shift in wavelength depends exclusively on the scattering angle, confirming the principles of quantum mechanics.;Google
Gram stain;The Gram stain is a fundamental microbiological laboratory technique used to differentiate bacterial species into two large groups based on the chemical and physical properties of their cell walls. Developed by Hans Christian Gram in 1884, the process involves applying a primary stain of crystal violet followed by iodine treatment, alcohol decolorization, and counterstaining with safranin. Gram-positive bacteria possess thick peptidoglycan layers that retain the purple dye, while Gram-negative bacteria have thinner layers and an outer membrane, causing them to lose the initial stain and appear pink or red. This classification is crucial for clinical diagnosis and determining appropriate antibiotic treatments in medical settings.;Google
Set theory;Set theory is a fundamental branch of mathematical logic that deals with collections of objects, referred to as sets. Georg Cantor initiated the field in the late nineteenth century, establishing it as a cornerstone of modern mathematics. It provides the framework for defining nearly all mathematical objects, including numbers, functions, and structures. Central concepts include membership, subset relations, and operations such as union and intersection. Axiomatic systems like Zermelo-Fraenkel set theory were developed to resolve paradoxes and ensure a rigorous logical foundation. By categorizing elements into well-defined groups, set theory enables the exploration of infinity and the comparative size of various mathematical sets.;Google
Resting potential;Resting potential refers to the electrical potential difference across the plasma membrane of a cell when it is not actively sending signals. In neurons, this value typically ranges from -40 to -90 millivolts, with the interior being more negative relative to the exterior. This state is primarily maintained by the unequal distribution of ions, such as sodium and potassium, managed by specialized membrane proteins like the sodium-potassium pump. The pump actively transports three sodium ions out for every two potassium ions moved in, while leak channels allow potassium to diffuse outward. This electrochemical gradient is essential for the rapid propagation of action potentials.;Google
Fatigue;Fatigue is a multifaceted physiological state characterized by a decreased capacity for physical or mental performance. In biological terms, physical fatigue refers to the transient inability of muscles to maintain optimal power output or force, often resulting from the depletion of energy substrates like glycogen or the accumulation of metabolic waste products such as protons and inorganic phosphate. Conversely, mental fatigue manifests as a decline in cognitive efficiency and alertness, frequently associated with prolonged periods of high-demand intellectual activity or inadequate sleep. Chronic fatigue may indicate underlying systemic pathologies. In engineering contexts, the term also describes the progressive structural damage that occurs when materials are subjected to cyclic loading.;Google
Systems biology;Systems biology is an interdisciplinary field of study that focuses on complex interactions within biological systems, using a holistic approach rather than a reductionist one. It seeks to understand how individual components, such as genes, proteins, and metabolites, work together to produce the functional properties of cells, tissues, and organisms. By integrating high-throughput data with mathematical modeling and computational analysis, researchers aim to predict the behavior of dynamic biological networks. This field emphasizes the emergent properties of systems that cannot be understood by studying parts in isolation. Key applications include personalized medicine, drug discovery, and synthetic biology, bridging the gap between molecular biology and engineering principles.;Google
Drug delivery;Drug delivery refers to the approaches, formulations, manufacturing techniques, and systems for transporting a pharmaceutical compound in the body as needed to safely achieve its desired therapeutic effect. It involves a wide range of technologies designed to control the release rate, timing, and location of medical agents. Traditional methods include oral administration and injections, while modern innovations utilize advanced materials like nanoparticles and hydrogels to target specific cells or tissues. By improving the bioavailability and pharmacokinetics of drugs, delivery systems aim to minimize systemic side effects and enhance patient compliance. Research in this field integrates principles from chemistry, biology, and engineering to optimize therapeutic outcomes across diverse medical conditions.;Google
Aerodynamics;Aerodynamics is a branch of fluid dynamics concerned with the study of air and other gaseous fluids in motion. It primarily focuses on the forces exerted by the atmosphere on solid bodies, such as aircraft wings, moving through it. Key principles include lift, drag, thrust, and weight. Lift is generated by pressure differences, often explained through Bernoulli's principle or Newton's laws of motion. Engineers use aerodynamics to design efficient vehicles, ranging from commercial airplanes to high-speed cars, minimizing air resistance to improve performance and fuel efficiency. This field is essential for understanding how objects navigate through gaseous environments at various speeds and altitudes.;Google
Weyl semimetal;A Weyl semimetal is a topological phase of matter characterized by the presence of Weyl fermions as low-energy quasiparticles. These materials exhibit unique electronic properties where valence and conduction bands touch at discrete points in momentum space known as Weyl nodes. To exist, these semimetals must break either time-reversal or inversion symmetry, preventing the nodes from merging into a single Dirac point. A defining feature of Weyl semimetals is the appearance of Fermi arcs on their surfaces, which connect the projections of the bulk Weyl nodes. Furthermore, these materials display a chiral anomaly, leading to unconventional transport properties such as negative longitudinal magnetoresistance under parallel electric and magnetic fields.;Google
Sigma bond;A sigma bond, denoted by the Greek letter sigma, is the strongest type of covalent chemical bond. It is formed by the head-on overlap of atomic orbitals along the internuclear axis. This overlap can occur between two s orbitals, an s and a p orbital, or two p orbitals. Because the electron density is concentrated directly between the nuclei of the bonded atoms, the bond is characterized by cylindrical symmetry. This symmetry allows for the free rotation of the bonded atoms around the bond axis. Sigma bonds are the primary component of single bonds and represent the first bond formed in multiple bond systems, such as double or triple bonds.;Google
Progesterone;Progesterone is an endogenous steroid and progestogen sex hormone that plays a crucial role in the female reproductive system. It is primarily produced by the corpus luteum in the ovaries after ovulation and later by the placenta during pregnancy. Its principal function is to prepare the uterine lining, known as the endometrium, for the potential implantation of a fertilized egg. If conception occurs, progesterone maintains the pregnancy by inhibiting uterine contractions and supporting fetal development. Additionally, it influences the mammary glands to prepare for lactation. In the broader physiological context, progesterone acts as a precursor for other essential steroid hormones including cortisol and aldosterone.;Google
Deamination;Deamination is a fundamental biochemical process involving the removal of an amino group from a molecule, typically an amino acid. In humans, this reaction primarily occurs within the liver to facilitate the breakdown of excess proteins. Enzymes known as deaminases catalyze the reaction, resulting in the production of ammonia and a keto acid. Because ammonia is toxic, the body swiftly converts it into urea for excretion through the kidneys. The remaining keto acid can be oxidized for energy or utilized in the synthesis of glucose. Additionally, spontaneous deamination of DNA bases, such as cytosine turning into uracil, represents a common source of genetic mutations requiring cellular repair mechanisms.;Google
Embodied cognition;Embodied cognition is a theoretical framework in cognitive science suggesting that many features of cognition are shaped by aspects of the entire organism's body. Beyond the brain, sensory and motor systems play integral roles in how individuals process information and interact with their surroundings. This perspective challenges traditional computational models that view the mind as a central processor handling abstract symbols. Instead, it posits that mental processes are deeply rooted in physical experiences and bodily states. Cognitive functions such as perception, memory, and language are viewed as inseparable from the physical context of the body. By emphasizing this connection, researchers aim to explain how physical interactions influence higher-level thought and behavior.;Google
Mode locking;Mode locking is a technique in optics used to produce ultrashort pulses of laser light. Lasers normally emit several longitudinal modes simultaneously. These modes usually have random phase relationships, leading to irregular fluctuations in intensity. In a mode-locked laser, these modes are forced to maintain a fixed phase relationship relative to each other. Through constructive interference, these synchronized modes periodically align to produce a single, intense pulse with a duration in the picosecond or femtosecond range. This technique is achieved via active or passive methods, such as utilizing saturable absorbers or electro-optic modulators. Mode locking is essential for applications in high-speed telecommunications and precision surgery.;Google
Autophagy;Autophagy is a fundamental cellular process responsible for the degradation and recycling of cytoplasmic components. Derived from the Greek for self-eating, it involves the sequestration of damaged organelles, misfolded proteins, and other cellular debris within double-membrane vesicles known as autophagosomes. These vesicles subsequently fuse with lysosomes, where specialized enzymes decompose the internal cargo into basic molecular building blocks such as amino acids. This mechanism is essential for maintaining cellular homeostasis, enabling survival during nutrient starvation, and preventing various pathological conditions, including cancer and neurodegenerative disorders. Through this internal recycling system, cells effectively manage metabolic stress and eliminate potentially harmful accumulations that could otherwise compromise systemic health.;Google
Mechanobiology;Mechanobiology is an emerging multidisciplinary field of science that investigates how physical forces and changes in the mechanical properties of cells and tissues contribute to development, cell differentiation, physiology, and disease. It combines elements of biology, engineering, and physics to understand how cells sense and respond to mechanical stimuli, a process known as mechanotransduction. These mechanical cues are as vital as chemical signals in regulating gene expression and structural integrity. Research in this area explores the role of the extracellular matrix, cytoskeleton, and transmembrane proteins in maintaining homeostasis. Applications of mechanobiology are significant in tissue engineering, regenerative medicine, and understanding pathologies like cancer and cardiovascular diseases.;Google
Nanoparticle;A nanoparticle is a small particle that ranges between 1 and 100 nanometers in size. In nanotechnology, a particle is defined as a small object that behaves as a whole unit with respect to its transport and properties. Particles are further classified according to diameter. Ultrafine particles are the same as nanoparticles and fall between 1 and 100 nanometers in size. At this scale, materials often exhibit unique physical and chemical properties that differ significantly from those of bulk materials. These changes are primarily due to increased relative surface area and quantum effects. Nanoparticles occur naturally in the environment and are also produced through human activity. They find widespread applications in medicine, electronics, and materials science.;Google
Brillouin zone;In condensed matter physics, the first Brillouin zone is a uniquely defined primitive cell in reciprocal space. It is constructed as the Wigner-Seitz cell of the reciprocal lattice, representing the collection of points closest to a given lattice point without crossing any Bragg planes. This concept is vital for characterizing wave propagation in periodic media. Due to Bloch's theorem, any wave vector outside this zone can be translated into the first zone by adding a reciprocal lattice vector. This allows scientists to describe all possible electronic energy levels and lattice vibrations within a finite region, simplifying the study of crystalline solids.;Google
Cepheid variable;A Cepheid variable is a type of star that pulsates radially, varying in both diameter and temperature. This pulsation results in changes in brightness with a well-defined stable period and amplitude. Historically discovered by Henrietta Swan Leavitt, these stars exhibit a strong direct relationship between their luminosity and pulsation period. This period-luminosity relationship makes Cepheids crucial standard candles for measuring galactic and extragalactic distances. By observing a Cepheid's period, astronomers can calculate its intrinsic luminosity. Comparing this to its observed brightness allows for the determination of the distance to the star and its host galaxy, forming a key part of the cosmic distance ladder.;Google
Qubit;A qubit, or quantum bit, is the fundamental unit of information in quantum computing. While a classical bit is restricted to a binary value of zero or one, a qubit can exist in a superposition of both states simultaneously. This unique property allows quantum systems to perform complex calculations with greater efficiency than traditional computers. Qubits are typically implemented using physical systems like photons, ions, or superconducting loops. Additionally, qubits can become entangled, a phenomenon where the state of one particle instantly influences another over a distance. Managing qubit stability and preventing decoherence are essential challenges for developing functional large-scale quantum processors.;Google
Dendritic cell;Dendritic cells are specialized antigen-presenting cells that function as essential messengers between the innate and adaptive immune systems. Found in tissues contacting the external environment, such as the skin and inner linings of the nose and lungs, these cells actively capture pathogens and foreign antigens. Once activated, they migrate to the lymph nodes to interact with T cells and B cells, initiating a targeted immune response. Their unique branching morphology, resembling tree-like dendrites, provides a large surface area for efficient surveillance. By processing and displaying antigens, dendritic cells play a critical role in inducing immunological memory and maintaining self-tolerance within the human body.;Google
Riemann hypothesis;The Riemann hypothesis is a profound conjecture in number theory first proposed by Bernhard Riemann in 1859. It centers on the Riemann zeta function, a complex-valued function that plays a critical role in understanding prime number distribution. The hypothesis states that all non-trivial zeros of this function lie on a single vertical line in the complex plane, known as the critical line, where the real part is exactly one-half. Proving this conjecture would provide significant insights into the seemingly random spacing of prime numbers. It remains one of the most important unsolved problems in mathematics and is a designated Millennium Prize Problem.;Google
Protein engineering;Protein engineering is the systematic process of developing valuable proteins through the modification of amino acid sequences. This field integrates molecular biology, biochemistry, and computational modeling to enhance protein stability, catalytic activity, or binding affinity. Two primary methodologies exist: rational design and directed evolution. Rational design utilizes detailed knowledge of a protein's three-dimensional structure to introduce specific, site-directed mutations. Conversely, directed evolution mimics natural selection by applying iterative rounds of random mutagenesis and high-throughput screening to identify optimal variants. Applications of protein engineering are diverse, spanning the creation of novel therapeutic agents, efficient industrial biocatalysts, and advanced biosensors for environmental monitoring and medical diagnostics.;Google
Renin;Renin, also known as angiotensinogenase, is an aspartic protease protein and enzyme secreted by the kidneys. It plays a critical role in the renin-angiotensin-aldosterone system, which regulates blood pressure and fluid balance. When the body experiences low blood pressure or reduced sodium levels, the juxtaglomerular cells in the kidneys release renin into the bloodstream. Renin then cleaves angiotensinogen, a protein produced by the liver, to form angiotensin I. This inactive peptide is subsequently converted into angiotensin II by the angiotensin-converting enzyme. Angiotensin II acts as a potent vasoconstrictor and stimulates aldosterone secretion, ultimately increasing blood volume and raising systemic arterial pressure to maintain physiological homeostasis.;Google
Indel;An indel is a molecular biology term referring to the insertion or deletion of bases in the genome of an organism. This portmanteau combines the words insertion and deletion to describe a specific type of genetic variation where the total number of nucleotides in a DNA segment changes. Indels typically range in size from a single nucleotide to several hundred base pairs. When they occur within a protein-coding sequence, indels that are not multiples of three often cause frameshift mutations, which significantly alter the resulting protein structure. These variations are a major source of genetic diversity and are frequently associated with various hereditary diseases and evolutionary changes across different species.;Google
Genotype;A genotype represents the complete set of genetic material within an organism, encompassing the specific alleles inherited from its parents. These alleles, located at particular loci on chromosomes, dictate the genetic blueprint for developing various traits. While the genotype remains relatively constant throughout an individual's life, it interacts with environmental factors to produce the phenotype, which is the observable physical or physiological expression of those genes. In diploid organisms, genotypes are categorized as homozygous, possessing two identical alleles, or heterozygous, containing two different versions of a gene. This genetic foundation is fundamental to understanding inheritance patterns and evolutionary biology within diverse biological populations.;Google
Photosynthesis;Photosynthesis is the biological process by which autotrophic organisms, such as plants, algae, and some bacteria, convert light energy into chemical energy. This complex mechanism primarily occurs within the chloroplasts, specifically utilizing the green pigment chlorophyll to capture sunlight. During the process, carbon dioxide and water are transformed into glucose, a vital sugar that serves as an energy source, while oxygen is released as a byproduct. Photosynthesis is fundamental to life on Earth, as it provides the primary source of organic material for most ecosystems and maintains atmospheric oxygen levels. The process consists of two main stages: the light-dependent reactions and the Calvin cycle.;Google
Aromaticity;Aromaticity is a chemical property describing cyclic, planar molecules with a ring of resonance bonds that provide enhanced stability compared to other arrangements of the same atoms. This stability results from the delocalization of pi electrons within the ring, which typically follows Huckel's rule requiring 4n plus 2 electrons. Aromatic compounds exhibit unique physical and chemical characteristics, such as unusual magnetic properties and a tendency to undergo substitution reactions rather than addition. Benzene serves as the classic example, where its six carbon atoms form a stable hexagonal ring with equal bond lengths. These systems are fundamental in organic chemistry, influencing molecular structure, reactivity, and electronic behavior across various substances.;Google
Operating system;An operating system is essential system software that manages computer hardware, software resources, and provides common services for computer programs. As a fundamental component of the system software, the operating system coordinates the allocation of processor time, mass storage, and memory. It serves as an intermediary between application programs and the computer hardware for functions such as input and output. While application code is typically executed directly by the hardware, it frequently makes system calls to operating system functions or is interrupted by them. Modern operating systems are found on almost any device containing a computer, ranging from cellular phones and video game consoles to web servers and supercomputers.;Google
Carbohydrate metabolism;Carbohydrate metabolism is the biochemical process responsible for the formation, breakdown, and interconversion of carbohydrates in living organisms. The central molecule is glucose, which provides energy through glycolysis, the citric acid cycle, and oxidative phosphorylation. Excess glucose is stored as glycogen in the liver and muscles via glycogenesis or converted into fats. Conversely, when blood sugar levels drop, glycogen is broken down through glycogenolysis, or new glucose is synthesized from non-carbohydrate sources via gluconeogenesis. Hormones like insulin and glucagon strictly regulate these pathways to maintain blood glucose homeostasis, ensuring a constant energy supply for cellular functions and brain activity.;Google
Memory B cell;Memory B cells are a subtype of B lymphocytes that form the basis of immunological memory. They develop following an initial exposure to a specific antigen during a primary immune response. Unlike short-lived plasma cells that secrete antibodies immediately, memory cells persist in a quiescent state within lymphoid tissues for long periods, often years or decades. Upon re-exposure to the same pathogen, these cells rapidly proliferate and differentiate into high-affinity plasma cells. This secondary response is faster and more robust, preventing reinfection. Their longevity and ability to mount accelerated defenses are fundamental to the effectiveness of vaccinations and long-term immunity against various infectious diseases.;Google
Keratin;Keratin is a family of fibrous structural proteins that form the primary constituent of hair, scales, nails, claws, and the outer layer of skin. It is essential for providing structural integrity and water-resistant properties to various biological tissues. There are two main types: alpha-keratin, found in mammals, and beta-keratin, occurring in reptiles and birds. Chemically, keratin molecules are rich in sulfur-containing amino acids, particularly cysteine. These amino acids form strong disulfide bridges that cross-link adjacent protein chains, resulting in a tough and insoluble material. This durability makes keratin an ideal biological shield against environmental stressors and mechanical damage in many vertebrate species.;Google
DNA replication;DNA replication is the biological process of producing two identical replicas of DNA from one original DNA molecule. This fundamental mechanism occurs in all living organisms and serves as the basis for biological inheritance. The process begins when the enzyme helicase unwinds the double helix, creating a replication fork. DNA polymerase then synthesizes new strands by adding complementary nucleotides to the original templates. Due to the antiparallel nature of DNA, synthesis is continuous on the leading strand but discontinuous on the lagging strand, forming Okazaki fragments. This semi-conservative process ensures each resulting DNA molecule consists of one original and one newly synthesized strand, accurately preserving genetic information during cell division.;Google
Holocene;The Holocene is the current geological epoch, which began approximately 11,700 years ago following the last major ice age. It is the second and current epoch of the Quaternary period. This interval is characterized by a relatively stable and warm climate, which facilitated the development of human civilization, agriculture, and urban centers. During this time, global temperatures stabilized, leading to the retreat of vast ice sheets and a subsequent rise in sea levels. Significant environmental changes occurred as ecosystems adapted to the post-glacial world. While the Holocene represents a small fraction of Earth's history, it encompasses the entirety of recorded human history and profound anthropogenic impacts on the planet's biosphere.;Google
Recurrent neural network;A recurrent neural network is a class of artificial neural networks where connections between nodes form a directed graph along a temporal sequence. This architecture allows the network to exhibit temporal dynamic behavior by utilizing internal state memory to process variable-length sequences of inputs. Unlike traditional feedforward networks, recurrent models possess a cyclical structure, enabling them to retain information from previous steps to influence current outputs. They are particularly effective for tasks involving sequential data, such as natural language processing, speech recognition, and time series prediction. Despite their utility, standard recurrent networks often encounter challenges like the vanishing gradient problem, which hinders their ability to learn long-term dependencies effectively over extended sequences.;Google
Seroconversion;Seroconversion is the transition from an uninfected state to an infected one where antibodies become detectable in the blood. When a pathogen enters the body, the immune system begins producing specific antibodies to neutralize the threat. During the initial phase of infection, these antibodies are absent or too low to measure, resulting in a seronegative status. Once the concentration reaches a threshold measurable by diagnostic tests, the individual is said to have seroconverted. This process is crucial for diagnosing viral infections like HIV or hepatitis. The period between initial exposure and detectable antibody production is known as the window period, during which tests may yield false negatives.;Google
Integer programming;Integer programming is a mathematical optimization method where some or all of the variables are restricted to be integers. This field is a subset of linear programming but is significantly more complex due to its discrete nature. Problems are typically NP-hard, meaning no efficient polynomial-time algorithm is known for solving all instances. It is widely used in resource allocation, scheduling, and logistics where decisions are binary or involve whole units. Common solving techniques include branch and bound, cutting planes, and branch and cut. These methods explore the solution space by relaxing integrality constraints and iteratively tightening the bounds until an optimal integer solution is identified.;Google
Paleoclimatology;Paleoclimatology is the study of past climates throughout Earth's history. Since direct measurements only cover a small fraction of time, scientists use proxy records to reconstruct atmospheric and oceanic conditions. These proxies include ice cores, tree rings, sediment layers, and coral reefs. By analyzing chemical and physical properties within these materials, researchers can determine past temperatures, precipitation patterns, and atmospheric composition. Understanding historical climate shifts helps scientists distinguish between natural variability and human-induced changes. This field is crucial for improving climate models that predict future environmental trends based on established long-term patterns and cycles observed over millions of years.;Google
Apex predator;An apex predator, also known as a top predator, occupies the highest trophic level within an ecosystem and faces no natural predation. These organisms are fundamental to maintaining ecological balance through top-down regulation of prey populations. By controlling the density and distribution of subordinate species, they prevent overgrazing or overpopulation, which supports overall biodiversity. Apex predators are frequently classified as keystone species because their removal can trigger a trophic cascade, causing dramatic shifts in the entire biological community. Examples include gray wolves, polar bears, and saltwater crocodiles. Despite their dominance, many apex species are vulnerable to human activities, including habitat fragmentation and environmental pollution.;Google
Pipeline;In computer architecture, an instruction pipeline is a technique used to improve processor throughput by overlapping the execution of multiple instructions. It divides the execution process into discrete stages, such as fetch, decode, execute, and write-back. Each stage operates on a different instruction simultaneously, similar to an assembly line in manufacturing. This parallelism allows the central processing unit to complete one instruction per clock cycle under ideal conditions, significantly increasing computational efficiency. However, pipelines are subject to hazards, including data dependencies and branch delays, which can cause stalls and reduce overall performance by disrupting the continuous flow of information.;Google
Heat exchanger;A heat exchanger is a system used to transfer thermal energy between two or more fluids at different temperatures. These fluids may be separated by a solid wall to prevent mixing or may be in direct contact. They are vital components in various engineering applications, including refrigeration, air conditioning, power generation, and chemical processing. Common designs include shell and tube, plate, and regenerative heat exchangers. The efficiency of the transfer process depends on the thermal conductivity of the materials, the surface area available for exchange, and the flow arrangement, such as parallel or counter-flow. By facilitating energy recovery, heat exchangers significantly improve the overall thermodynamic efficiency of industrial systems.;Google
Protoplanetary disk;A protoplanetary disk is a rotating circumstellar disk of dense gas and dust surrounding a young, newly formed star, such as a T Tauri star or Herbig Ae/Be star. These disks are the primary sites for planet formation. As material within the disk orbits the central protostar, gravity and collisions cause dust grains to clump together, eventually forming planetesimals and protoplanets. The disk's composition consists mostly of molecular hydrogen and helium, with a small fraction of heavier elements. Over millions of years, radiation from the star and planetary accretion dissipate the remaining gas and dust, leaving behind a planetary system. Astronomers observe these disks using infrared and radio telescopes to understand cosmic evolution.;Google
NP-completeness;NP-completeness is a fundamental concept in computational complexity theory that describes a specific class of decision problems. A problem is classified as NP-complete if it is in NP, meaning solutions can be verified in polynomial time, and every other problem in NP can be reduced to it through a polynomial-time reduction. Furthermore, these problems represent the most challenging tasks within the NP category. If a deterministic polynomial-time algorithm were discovered for any NP-complete problem, it would imply that P equals NP, resolving one of mathematics' greatest mysteries. Common examples include the Boolean satisfiability problem, the traveling salesman problem, and the subset sum problem.;Google
Supramolecular chemistry;Supramolecular chemistry is a field of chemistry concerned with chemical systems composed of a discrete number of assembled molecular subunits or components. Often described as chemistry beyond the molecule, it focuses on the non-covalent interactions that hold these assemblies together. These interactions include hydrogen bonding, metal coordination, hydrophobic forces, and van der Waals forces. Unlike traditional chemistry dealing with covalent bonds, supramolecular chemistry examines how molecules recognize each other and self-assemble into complex architectures. Key concepts involve host-guest chemistry and molecular recognition. This field is crucial for developing nanotechnology, drug delivery systems, and advanced materials that respond to external stimuli.;Google
Therapeutic index;The therapeutic index is a quantitative measurement of the relative safety of a particular drug. It is defined as the ratio between the dose that produces a toxic effect and the dose that results in the desired therapeutic effect. Clinically, it is often calculated by dividing the median toxic dose or median lethal dose by the median effective dose. A higher therapeutic index indicates a wider safety margin, meaning the concentration required for toxicity is significantly greater than the amount needed for treatment. Conversely, drugs with a narrow therapeutic index require careful monitoring because small changes in dosage can lead to dangerous adverse reactions or subtherapeutic levels.;Google
Liposome;A liposome is a spherical vesicle composed of one or more lipid bilayers, surrounding an aqueous core. These structures are typically formed from phospholipids, which contain a hydrophilic head and two hydrophobic tails. Due to their amphiphilic nature, phospholipids spontaneously organize into closed shells when placed in water. This unique architecture allows liposomes to encapsulate both water-soluble and fat-soluble substances. In medicine, they are primarily utilized as advanced drug delivery systems to transport pharmaceuticals or genetic material directly into cells. Their biocompatibility and ability to cross biological membranes make them essential in treatments like cancer therapy and the formulation of modern mRNA vaccines.;Google
Pfam;Pfam is a comprehensive database used for the classification of protein sequences into families based on shared evolutionary history and functional domains. Each entry in Pfam is represented by multiple sequence alignments and profile hidden Markov models. These models allow researchers to identify conserved regions within proteins, facilitating the prediction of biochemical functions for newly sequenced genes. The database is divided into sections, notably Pfam-A, which consists of high-quality, manually curated entries. By organizing the vast diversity of protein sequences into distinct clusters, Pfam serves as a critical resource for comparative genomics, structural biology, and bioinformatics, enabling a deeper understanding of molecular evolution.;Google
Enantiomer;An enantiomer is one of two stereoisomers that are mirror images of each other that are non-superimposable. This phenomenon is caused by chirality, typically occurring when a central carbon atom is bonded to four distinct chemical groups. Enantiomers possess identical physical and chemical properties in achiral environments, such as melting points and solubility. However, they interact differently with plane-polarized light, rotating it in opposite directions, a property known as optical activity. Biological systems often distinguish between enantiomers because enzymes and receptors are themselves chiral. Consequently, different enantiomers can produce drastically different pharmacological or biological effects within living organisms.;Google
Spleen;The spleen is an organ located in the upper left part of the abdomen, tucked under the rib cage. It is part of the lymphatic system and plays a vital role in the immune system and blood filtration. Its primary functions include filtering out old or damaged red blood cells and recycling iron. Additionally, it stores platelets and white blood cells, which are crucial for fighting infections. During fetal development, the spleen produces red blood cells, a function later assumed by bone marrow. Although not essential for survival, its absence increases susceptibility to bacterial infections, as it helps identify and neutralize pathogens through specialized immune tissues.;Google
Brayton cycle;The Brayton cycle is a thermodynamic cycle that describes the workings of a constant-pressure heat engine. It is the fundamental cycle used in modern gas turbine engines and jet engines. The cycle typically consists of four main processes: isentropic compression of the working fluid, constant-pressure heat addition, isentropic expansion through a turbine, and constant-pressure heat rejection. In an open-cycle gas turbine, air is drawn from the atmosphere, compressed, heated by fuel combustion, and expanded to generate work before being exhausted. Efficiency depends primarily on the pressure ratio across the compressor. This cycle serves as the standard model for assessing the performance of aviation and power generation turbines.;Google
Sexual selection;Sexual selection is a mode of natural selection where individuals outcompete others for mating opportunities. Proposed by Charles Darwin, it involves two primary mechanisms: intrasexual selection and intersexual selection. Intrasexual selection occurs when members of the same sex, usually males, compete physically or through displays for access to the opposite sex. Intersexual selection, often called female choice, occurs when individuals choose partners based on specific ornamental traits or behaviors. These processes often lead to the evolution of secondary sexual characteristics, such as the elaborate plumage of peacocks or the massive antlers of deer, which may not provide a direct survival advantage but significantly increase reproductive success within a population.;Google
Minimum inhibitory concentration;Minimum inhibitory concentration is the lowest concentration of an antimicrobial drug that prevents the visible growth of a microorganism after overnight incubation. It is a fundamental measurement in microbiology used to determine the susceptibility of bacteria to specific antibiotics. Clinicians use MIC values to select effective treatments and dosage levels for infections. Laboratory techniques like broth dilution or Etest strips are commonly employed to identify this threshold. A lower MIC indicates that less drug is required to inhibit growth, signifying higher effectiveness. This metric is essential for monitoring antibiotic resistance and ensuring targeted therapeutic interventions in clinical medicine. Accurate values allow healthcare providers to minimize side effects while preventing the development of drug-resistant strains.;Google
Cooperativity;Cooperativity is a biochemical phenomenon observed in protein complexes where the binding of a ligand to one functional site influences the binding affinity of other sites within the same molecule. This process typically occurs in multimeric proteins through allosteric transitions, where structural changes in one subunit trigger conformational shifts in adjacent subunits. Positive cooperativity occurs when initial binding increases the likelihood of further binding, exemplified by oxygen binding to hemoglobin. Conversely, negative cooperativity reduces affinity after the first binding event. These interactions allow biological systems to respond sensitively to small fluctuations in substrate concentration, often producing a sigmoidal binding curve mathematically described by the Hill equation.;Google
Fibronectin;Fibronectin is a high-molecular-weight glycoprotein found in the extracellular matrix and blood plasma. It exists in two primary forms: soluble plasma fibronectin and insoluble cellular fibronectin. Plasma fibronectin is produced by hepatocytes, while cellular fibronectin is secreted by various cell types like fibroblasts. This protein functions as a critical biological adhesive, linking cells to the extracellular matrix through interactions with integrin receptors. It also binds to collagen, fibrin, and heparin. Consequently, fibronectin is essential for cell adhesion, migration, growth, and differentiation. It plays a pivotal role in physiological processes such as embryonic development, tissue repair, and wound healing through its multidomain structure.;Google
Big O notation;Big O notation is a mathematical notation that describes the limiting behavior of a function when the argument tends towards a particular value or infinity. In computer science, it is used to classify algorithms according to how their run time or space requirements grow as the input size increases. Specifically, it provides an asymptotic upper bound for the growth rate of a function. For example, an algorithm with O complexity grows linearly with the input size, while higher-order functions grow more rapidly. This notation allows developers to compare the efficiency of different algorithms independently of hardware or low-level implementation details, focusing instead on the fundamental scaling characteristics of the computational process as data scales.;Google
Eternal inflation;Eternal inflation is a theoretical cosmological model suggesting that the inflationary phase of the early universe never completely ends across the entirety of space. Instead, inflation only stops in localized regions, forming stable pocket universes similar to our own. Because space between these regions continues to expand exponentially, the overall process persists indefinitely, creating a vast multiverse. This phenomenon is driven by quantum fluctuations in the vacuum energy or inflaton field. While some areas transition into a low-energy state where matter and stars can form, the surrounding space continues to inflate, ensuring that new universes are constantly being generated in an unending cycle.;Google
Sterile neutrino;A sterile neutrino is a hypothetical type of elementary particle that does not interact via any of the fundamental interactions of the Standard Model except gravity. Unlike the three known active neutrinos, including the electron, muon, and tau flavors, which interact through the weak force, sterile neutrinos are right-handed and lack weak isospin. Their existence is proposed to explain anomalies observed in neutrino oscillation experiments and could potentially account for dark matter or the matter-antimatter asymmetry in the universe. If they exist, sterile neutrinos would mix with active neutrinos, leading to subtle changes in oscillation patterns that physicists seek to detect using sensitive underground observatories and particle accelerators.;Google
Plasma protein binding;Plasma protein binding refers to the degree to which medications attach to proteins within blood plasma. When a drug enters the bloodstream, it exists in a dynamic equilibrium between a bound state and an unbound, free state. Human serum albumin is the primary protein responsible for binding acidic drugs, while alpha-1 acid glycoprotein typically binds basic compounds. Only the unbound fraction is pharmacologically active, as it can cross cell membranes to reach target receptors or undergo metabolism and excretion. High binding affinity can significantly prolong a drug's half-life by creating a reservoir within the vascular compartment, thereby influencing the overall pharmacokinetic profile and dosing requirements for therapeutic efficacy.;Google
Cytoskeleton;The cytoskeleton is a complex, dynamic network of interlinking protein filaments present in the cytoplasm of all cells, including bacteria and archaea. In eukaryotic cells, it consists of three primary components: microfilaments, intermediate filaments, and microtubules. These structures provide mechanical support, maintain cell shape, and facilitate essential processes such as intracellular transport, cell division, and motility. By organizing the internal components of the cell, the cytoskeleton ensures structural integrity and allows for coordinated movement. It is not a static scaffold but rather a continuously evolving framework that responds to external signals and internal metabolic needs, playing a crucial role in overall cellular physiology and signal transduction.;Google
Glucagon;Glucagon is a peptide hormone produced by the alpha cells of the pancreas. It plays a critical role in glucose metabolism by counteracting the effects of insulin to maintain stable blood sugar levels. When blood glucose concentrations fall too low, the pancreas releases glucagon into the bloodstream. This hormone primarily targets the liver, where it stimulates glycogenolysis, the breakdown of stored glycogen into glucose, and gluconeogenesis, the synthesis of glucose from non-carbohydrate sources. These processes elevate blood sugar levels to ensure a steady energy supply for the body, particularly the brain. Glucagon is also used medically to treat severe hypoglycemia in diabetic patients.;Google
Optical cavity;An optical cavity, or optical resonator, is an arrangement of mirrors that allows light beams to circulate in a closed path. These cavities are fundamental components of lasers, surrounding the gain medium and providing feedback of the stimulated emission. When light reflects between the mirrors, constructive interference occurs at specific resonant frequencies, forming standing waves known as cavity modes. The distance between the mirrors and the properties of the medium determine these discrete frequencies. By confining light, optical cavities enhance the interaction between the electromagnetic field and matter, which is crucial for applications in precision spectroscopy, metrology, and quantum optics. They can be classified as stable or unstable based on their ability to refocus diverging beams.;Google
Fullerene;A fullerene is an allotrope of carbon whose molecule consists of carbon atoms connected by single and double bonds so as to form a closed or partially closed mesh, with fused rings of five to seven atoms. The molecules may be a hollow sphere, ellipsoid, tube, or many other shapes and sizes. Graphene, which is an isolated atomic layer of graphite, is an extreme member of the family. The first fullerene to be discovered was buckminsterfullerene, made in 1985 by Richard Smalley, Robert Curl, and Harold Kroto. These structures exhibit unique physical and chemical properties applicable in nanotechnology, electronics, and medicine due to their high stability and electron affinity.;Google
Carnot cycle;The Carnot cycle is a theoretical thermodynamic cycle proposed by Nicolas Léonard Sadi Carnot in 1824. It describes the most efficient possible heat engine operating between two specific temperatures. This idealized cycle consists of four reversible processes: isothermal expansion, adiabatic expansion, isothermal compression, and adiabatic compression. During isothermal expansion, the system absorbs thermal energy from a high-temperature reservoir. In adiabatic expansion, the system performs work on its surroundings without heat exchange. Isothermal compression involves heat rejection to a low-temperature sink, while adiabatic compression returns the substance to its initial state. This framework establishes the fundamental upper limit on efficiency for all heat engines.;Google
Vitronectin;Vitronectin is an abundant glycoprotein found in human blood plasma and the extracellular matrix. It plays a critical role in various physiological processes, including cell adhesion, tissue repair, and the regulation of the coagulation and complement systems. Structurally, vitronectin contains an RGD sequence that facilitates binding to several integrin receptors, thereby promoting cell spreading and migration. It also interacts with plasminogen activator inhibitor-1 to modulate fibrinolysis and prevents the formation of the membrane attack complex in the immune response. By linking the extracellular environment to intracellular signaling pathways, vitronectin serves as a key scaffolding protein essential for maintaining tissue integrity and responding to vascular injury.;Google
Sievert;The sievert is a derived unit in the International System of Units used to measure the health risk of ionizing radiation on the human body. Unlike the gray, which quantifies the physical energy absorbed, the sievert accounts for the biological effectiveness of different radiation types and the varying sensitivities of human organs. It is named after the Swedish physicist Rolf Maximilian Sievert, a pioneer in the field of radiation physics. One sievert represents the equivalent dose of one joule of energy per kilogram of body tissue, adjusted by specific weighting factors. This unit is essential for defining radiation protection guidelines and international safety standards globally.;Google
CT scan;Computed tomography, commonly known as a CT scan, is a non-invasive medical imaging procedure that uses computer-processed combinations of many X-ray measurements taken from different angles. This technique produces cross-sectional images, or slices, of specific areas of a scanned object, allowing the user to see inside the body without cutting. During the procedure, an X-ray source rotates around the patient, while detectors collect information on the degree of radiation absorption. Advanced software then assembles this data into detailed two-dimensional or three-dimensional representations. CT scans are essential for diagnosing internal injuries, detecting tumors, and monitoring the effectiveness of various medical treatments with high precision.;Google
Motor protein;Motor proteins are specialized molecular machines that convert chemical energy, typically derived from the hydrolysis of adenosine triphosphate, into mechanical work and motion. They function by moving along the cytoskeletal filaments of eukaryotic cells and are essential for various biological processes. Key examples include myosin, which interacts with actin filaments to facilitate muscle contraction, and kinesin or dynein, which transport cargo along microtubules. These proteins play critical roles in intracellular transport, cell division, and the movement of flagella or cilia. By cycling through structural changes, motor proteins generate the force necessary for cellular organization and systemic movement in multicellular organisms.;Google
Testosterone;Testosterone is the primary male sex hormone and an anabolic steroid, playing a vital role in human development. It is mainly produced in the Leydig cells of the testes in men, while the ovaries and adrenal glands produce smaller quantities in women. This hormone is crucial for the maturation of male reproductive organs and the expression of secondary sexual characteristics, such as increased muscle mass, bone density, and body hair growth. Beyond physical traits, testosterone influences metabolic processes, mood regulation, and libido. Precise hormonal balance is maintained via the hypothalamic-pituitary-gonadal axis to ensure systemic homeostasis throughout an individual's lifespan.;Google
KEGG;The Kyoto Encyclopedia of Genes and Genomes, commonly known as KEGG, is a comprehensive database resource utilized for understanding high-level functions and utilities of biological systems. It integrates genomic, chemical, and systemic functional information to assist researchers in interpreting molecular-level data. KEGG consists of several interconnected databases, including KEGG PATHWAY, which maps molecular interactions and metabolic reactions. By linking genes to higher-order biological functions, the platform enables the systematic analysis of gene functions and metabolic pathways. Originally established at Kyoto University, it remains an essential bioinformatics tool for studying complex biological networks and cellular processes in various organisms across the tree of life.;Google
Somatic hypermutation;Somatic hypermutation is a crucial biological mechanism used by the immune system to diversify antibodies. This process occurs primarily within the germinal centers of secondary lymphoid organs where B cells undergo rapid proliferation after encountering an antigen. During this phase, the enzyme activation-induced cytidine deaminase introduces specific mutations into the variable regions of the immunoglobulin genes at a rate much higher than background mutation levels. These targeted genetic alterations allow the immune system to produce a wide array of antibody variants. B cells that express antibodies with a higher affinity for the original antigen are then selectively expanded, a process known as affinity maturation, which enhances the overall effectiveness of the immune response against pathogens.;Google
Water cycle;The water cycle, also known as the hydrological cycle, describes the continuous movement of water on, above, and below the surface of the Earth. Driven primarily by solar energy, water evaporates from oceans and land surfaces into the atmosphere as water vapor. As this vapor rises and cools, it undergoes condensation to form clouds. Eventually, moisture returns to the Earth as precipitation, such as rain or snow. This water may collect in bodies of water, infiltrate the soil to become groundwater, or flow as surface runoff. Through transpiration, plants also release water vapor, contributing to this perpetual global process of recycling.;Google
Cryptography;Cryptography is the study and practice of techniques for secure communication in the presence of third parties called adversaries. More broadly, it involves constructing and analyzing protocols that prevent the public or unauthorized entities from reading private data. Modern cryptography intersects the disciplines of mathematics, computer science, and electrical engineering. Its applications range from electronic commerce and digital currencies to secure web passwords and military communications. The field focuses on four primary objectives: confidentiality, data integrity, authentication, and non-repudiation. Encryption utilizes complex mathematical algorithms to transform readable information into ciphertext, which can only be decoded by a recipient possessing the corresponding decryption key.;Google
Chi-squared test;The chi-squared test is a statistical hypothesis test used to determine if there is a significant difference between observed and expected frequencies in one or more categories. Developed by Karl Pearson, it assesses how well a sample distribution matches a theoretical population or if two categorical variables are independent. There are two primary types: the goodness-of-fit test and the test of independence. The test calculates a statistic based on the squared differences between actual and predicted values. If the calculated value exceeds a critical threshold, the null hypothesis is rejected. It requires a sufficiently large sample size and independent observations to ensure the validity of the resulting p-value.;Google
Operon;An operon is a functional unit of genomic DNA containing a cluster of genes under the control of a single promoter. These genes are typically transcribed together into a single messenger RNA strand and often participate in a shared metabolic pathway. Found primarily in prokaryotes and some viruses, operons allow the cell to efficiently regulate the synthesis of proteins in response to environmental changes. Key components include structural genes, a promoter for RNA polymerase binding, and an operator that interacts with regulatory proteins. The lac operon in Escherichia coli serves as a classic model for understanding gene expression, illustrating how induction and repression mechanisms control biological processes.;Google
Patch clamp;The patch clamp technique is a fundamental electrophysiological method used to study the electrical properties of biological membranes. Developed by Erwin Neher and Bert Sakmann in the late 1970s, this laboratory technique allows researchers to investigate individual or multiple ion channels in living cells. By applying a glass micropipette with a very fine tip to a cell membrane, a high-resistance seal known as a gigaohm seal is formed. This setup enables the precise measurement of tiny electrical currents flowing through the membrane. Patch clamping is essential for understanding how neurons communicate and how various drugs affect cellular signaling processes throughout the human body.;Google
Logic;Logic is the formal systematic study of the principles of valid inference and correct reasoning. It examines the structure of arguments to determine if a conclusion follows necessarily from its underlying premises. Traditionally categorized as a branch of philosophy, modern logic has evolved into a mathematical discipline central to computer science and linguistics. Symbolic logic utilizes formal languages and abstract notation to eliminate ambiguity found in natural speech. Key components include propositional calculus and predicate logic, which form the foundation for computational algorithms and proofs. By identifying fallacies and establishing rigorous rules of deduction, logic provides the essential framework for rational inquiry and scientific methodology across all academic fields.;Google
Band gap;In solid-state physics, a band gap is an energy range in a solid where no electronic states can exist. In graphs of the electronic band structure of solids, the band gap generally refers to the energy difference in electron volts between the top of the valence band and the bottom of the conduction band in insulators and semiconductors. It is the energy required to promote an electron from a bound state to a free state where it can participate in conduction. Metals generally have very small or no band gaps, whereas insulators possess large ones. This property fundamentally determines a material's electrical conductivity and optical characteristics.;Google
Proof of stake;Proof of stake is a consensus mechanism used by blockchain networks to achieve distributed agreement. Unlike proof of work, which relies on computational power, proof of stake selects validators based on the quantity of cryptocurrency they hold and are willing to stake as collateral. This method significantly reduces energy consumption because it eliminates the need for specialized mining hardware performing complex calculations. Validators are incentivized to act honestly through rewards and the risk of losing their staked assets if they validate fraudulent transactions. By prioritizing ownership over processing capacity, proof of stake enhances network scalability and sustainability while maintaining security.;Google
Gradient boosting;Gradient boosting is a powerful machine learning ensemble technique used for regression and classification tasks. It functions by sequentially constructing an ensemble of weak prediction models, most commonly decision trees. Unlike simple averaging, this method builds models in a stage-wise fashion, where each new model attempts to correct the errors of its predecessors. This is achieved by minimizing a differentiable loss function through gradient descent. Specifically, each subsequent tree is trained to predict the negative gradient of the loss function relative to the current ensemble output. This iterative process continues until a specified number of models are reached or accuracy stabilizes, resulting in a highly accurate predictive framework.;Google
Tidal force;Tidal force is a secondary effect of the force of gravity and is responsible for the phenomenon of tides. It arises because the gravitational field exerted by one body on another is not uniform across its entire volume. The side of an object closer to a source of gravity experiences a stronger pull than the side further away. This gravitational gradient causes the object to stretch along the line toward the center of mass of the influencing body. On Earth, this force is primarily exerted by the Moon and Sun, causing the periodic rise and fall of sea levels. In extreme environments, such as near black holes, tidal forces can become strong enough to disintegrate solid objects.;Google
Huntington's disease;Huntington's disease is an inherited neurodegenerative disorder characterized by the progressive breakdown of nerve cells in the brain. It is caused by an autosomal dominant mutation in the HTT gene, which involves an abnormal repetition of the CAG DNA sequence. This genetic defect leads to the production of a mutant huntingtin protein that aggregates within neurons, particularly in the basal ganglia and cerebral cortex. Clinically, the disease manifests as motor dysfunction, including involuntary movements known as chorea, along with cognitive decline and psychiatric symptoms. Most individuals begin showing symptoms between the ages of thirty and fifty. Currently, no cure exists, and treatment focuses on managing symptoms to improve quality of life.;Google
Memory T cell;Memory T cells are a subset of infection-fighting T lymphocytes that have previously encountered and responded to their cognate antigen. Upon initial exposure to a pathogen, naive T cells differentiate into effector cells to eliminate the threat. Most effector cells perish after the infection clears, but a small population persists as long-lived memory cells. These cells remain in the body for decades, providing rapid and robust protection against reinfection by the same pathogen. They are categorized into subtypes, such as central memory, effector memory, and tissue-resident memory cells, each possessing distinct homing patterns and functional capabilities. This immunological memory forms the basis for long-term immunity and vaccine efficacy.;Google
Neutrophil;Neutrophils are the most abundant type of white blood cell in most mammals, making up about 40 to 70 percent of all leukocytes. They are a critical component of the innate immune system and represent the first line of defense against invading pathogens, particularly bacteria and fungi. These cells are characterized by their multilobed nucleus and granules containing antimicrobial enzymes. Upon infection, neutrophils migrate rapidly from the bloodstream to the site of inflammation through a process called chemotaxis. Once there, they eliminate microbes using phagocytosis, the release of reactive oxygen species, and the deployment of neutrophil extracellular traps to ensnare and kill pathogens effectively.;Google
High harmonic generation;High harmonic generation is a non-linear optical process that occurs when an intense laser pulse interacts with a medium, typically a gas or solid. During this interaction, the laser's strong electric field pulls an electron away from an atom through tunnel ionization. The electron is subsequently accelerated by the field and driven back to its parent ion upon the field's reversal. Upon recombination, the kinetic energy gained is emitted as high-energy photons. These emitted photons are integer multiples of the fundamental laser frequency, often reaching the extreme ultraviolet or soft X-ray spectrum. This technique is fundamental for creating attosecond light pulses and studying ultrafast electron dynamics in matter.;Google
Amino acid;Amino acids are organic compounds that serve as the fundamental building blocks of proteins. Each molecule contains an amine group, a carboxylic acid group, and a specific side chain known as an R group. This variable side chain determines the unique properties and chemical behavior of each individual amino acid. There are twenty standard amino acids encoded by the genetic code, which link together via peptide bonds to form long polypeptide chains. These chains then fold into complex three-dimensional structures to perform vital biological functions, including catalysis, structural support, and cell signaling. Humans must obtain essential amino acids through their diet, as the body cannot naturally synthesize them.;Google
GroEL;GroEL is a molecular chaperone belonging to the chaperonin family, primarily found in the bacterium Escherichia coli. It facilitates the proper folding of proteins that cannot reach their native state spontaneously. Structurally, GroEL forms a double-ring complex with seven subunits per ring, creating a cylindrical chamber. This cavity provides an isolated environment where misfolded polypeptides can fold without the risk of aggregation. The mechanism is ATP-dependent and typically involves the co-chaperonin GroES, which acts as a lid to seal the folding chamber. Through cyclic conformational changes driven by ATP hydrolysis, GroEL ensures the functional integrity of numerous essential cellular proteins.;Google
Fermion;A fermion is a type of subatomic particle defined by its adherence to Fermi-Dirac statistics and the Pauli Exclusion Principle. These particles possess half-integer spin, such as one-half or three-halves. Fermions include elementary particles like quarks and leptons, as well as composite particles like protons and neutrons. Because of the Pauli Exclusion Principle, no two identical fermions can occupy the same quantum state simultaneously within a system. This fundamental property is responsible for the stability of matter and the structure of atomic electron shells. In contrast to bosons, which mediate forces, fermions are often considered the building blocks of matter in the universe.;Google
Nucleosome;A nucleosome is the fundamental structural unit of eukaryotic chromatin, serving to efficiently package long DNA molecules into the cell nucleus. Each unit consists of approximately 147 base pairs of double-stranded DNA wrapped nearly twice around a protein core known as a histone octamer. This octamer comprises two copies each of the core histones H2A, H2B, H3, and H4. Nucleosomes are connected by linker DNA, creating a structure often described as beads on a string. By compacting genetic material, nucleosomes play a critical role in gene regulation, determining which parts of the genome are accessible for transcription and replication processes.;Google
Speleothem;A speleothem is a secondary mineral deposit formed in a cave through the chemical precipitation of minerals from water. These structures primarily consist of calcium carbonate, such as calcite or aragonite, though other minerals may also be involved. Speleothems typically develop in karst environments where rainwater absorbs carbon dioxide, becomes acidic, and dissolves bedrock. As this mineral-rich water enters a cave, gas exchange occurs, causing the minerals to precipitate. Common forms include stalactites hanging from ceilings and stalagmites rising from floors. Because they grow slowly over millennia, speleothems serve as vital paleo-environmental records, offering scientists detailed insights into historical climate variations and past precipitation patterns across geologic time scales.;Google
Stochastic gradient descent;Stochastic gradient descent is an iterative optimization algorithm used for minimizing an objective function, typically in machine learning and deep learning. Unlike standard gradient descent, which calculates the gradient using the entire dataset, this method estimates the gradient based on a randomly selected subset or a single data point. This stochastic approach significantly reduces computational costs and allows for faster updates, making it particularly effective for large-scale datasets. While it introduces noise into the optimization path, this variance often helps the algorithm escape local minima during the training process. Consequently, it has become a fundamental technique for training artificial neural networks efficiently and effectively in modern data science.;Google
Procedural memory;Procedural memory is a form of long-term memory responsible for knowing how to perform various motor skills and executive tasks. It allows individuals to carry out complex activities, such as cycling or playing an instrument, without conscious awareness of the specific movements involved. Unlike declarative memory, which requires explicit recall of facts, procedural memory is implicit and primarily acquired through repetitive practice. This system relies heavily on the basal ganglia and cerebellum rather than the hippocampus. Because it is encoded differently, procedural knowledge often remains remarkably stable over time and is frequently preserved in patients suffering from amnesia or other forms of significant cognitive impairment.;Google
Silent mutation;A silent mutation is a form of point mutation where a change in a DNA nucleotide sequence does not result in a change to the amino acid sequence of the encoded protein. This phenomenon occurs due to the redundancy of the genetic code, where multiple codons frequently specify the same amino acid. Because the primary structure of the protein remains unaffected, these mutations are traditionally considered phenotypically neutral. However, recent scientific research suggests that silent mutations may still influence biological processes by altering messenger RNA stability, folding rates, or the efficiency of protein translation within the cell.;Google
Lipopolysaccharide;Lipopolysaccharides, also known as endotoxins, are large molecules consisting of a lipid and a polysaccharide joined by a covalent bond. They are found in the outer membrane of Gram-negative bacteria. LPS acts as a major structural component, providing integrity to the cell wall and protecting the bacteria from chemical attacks. The molecule typically comprises three distinct regions: the O-antigen, a core oligosaccharide, and Lipid A. Lipid A is the primary component responsible for the molecule's toxicity. In humans, the release of lipopolysaccharides into the bloodstream triggers a potent immune response. While this helps identify infections, excessive levels can lead to severe systemic inflammation or septic shock.;Google
Axion;The axion is a hypothetical elementary particle originally proposed in 1977 by Roberto Peccei and Helen Quinn. It was introduced to resolve the strong CP problem in quantum chromodynamics, explaining why the strong force does not violate charge-parity symmetry. Axions are characterized by being extremely light, electrically neutral, and having very weak interactions with ordinary matter and radiation. Due to these properties and their potential abundance, they are considered a leading candidate for cold dark matter. Extensive experimental efforts, such as the Axion Dark Matter Experiment, utilize strong magnetic fields to detect axions by attempting to convert them into detectable photons.;Google
Restriction enzyme;A restriction enzyme, or restriction endonuclease, is a protein produced by bacteria that cleaves DNA at specific sequences known as restriction sites. These enzymes act as a primitive immune system, protecting bacteria from viral infections by degrading foreign genetic material. Each enzyme recognizes a unique palindromic sequence and cuts the DNA backbone, resulting in either blunt or overhanging sticky ends. In molecular biology, restriction enzymes are indispensable tools for gene cloning, DNA mapping, and genetic engineering. By allowing scientists to cut DNA at precise locations, these proteins facilitate the insertion of genes into plasmids or other vectors, enabling the creation of recombinant DNA molecules essential for modern biotechnology.;Google
Ribosome;Ribosomes are essential macromolecular machines found within all living cells, serving as the primary site for protein synthesis. They are composed of ribosomal RNA and proteins, organized into two distinct subunits: one large and one small. During translation, ribosomes read messenger RNA sequences and facilitate the assembly of amino acids into polypeptide chains. In eukaryotic cells, they can be found floating freely in the cytoplasm or attached to the endoplasmic reticulum. Their complex structure allows for the accurate decoding of genetic information, which is critical for cellular function and biological growth. These organelles are fundamental to life, effectively translating the genetic code into diverse functional proteins.;Google
Prodrug;A prodrug is a biologically inactive compound that can be metabolized in the body to produce a drug. This approach is often used to improve how a drug is absorbed, distributed, metabolized, and excreted. By masking certain properties, prodrugs can enhance oral bioavailability, reduce toxicity, or target specific tissues. Once administered, the prodrug undergoes a chemical or enzymatic transformation to become the active pharmacological agent. This conversion typically occurs through hydrolysis or decarboxylation processes. Prodrug design is a crucial strategy in pharmaceutical chemistry to overcome barriers like poor solubility or unpleasant taste, ensuring the active medication reaches its intended site of action efficiently.;Google
Inverse agonist;An inverse agonist is a ligand that binds to the same receptor as an agonist but induces a pharmacological response opposite to that of the agonist. Unlike neutral antagonists, which simply block receptor activation by competing for the binding site without affecting constitutive activity, inverse agonists decrease the level of basal activity below the receptor's baseline state. This phenomenon occurs in receptors that exhibit spontaneous activity in the absence of a ligand. For an inverse agonist to function, the receptor must be constitutively active, transitioning into an inactive state upon binding. This mechanism is crucial in pharmacology for treating diseases characterized by overactive receptor signaling.;Google
Crystallography;Crystallography is the experimental science of determining the arrangement of atoms in crystalline solids. It focuses on the internal structure of crystals to understand their physical and chemical properties. Traditionally, this field utilized the geometric study of crystal faces, but modern techniques rely on the diffraction of beams of radiation, such as X-rays, neutrons, or electrons. By analyzing the patterns produced when these beams strike a crystal, scientists can map the positions of individual atoms and identify the chemical bonds between them. This discipline is essential in materials science, chemistry, and biology, providing critical insights into protein structures, mineralogy, and the development of new synthetic materials.;Google
Lysogenic cycle;The lysogenic cycle is a process of viral reproduction where a bacteriophage integrates its genetic material into the host bacterium's genome. Unlike the lytic cycle, this pathway does not immediately result in cell death. The integrated viral DNA, known as a prophage, remains dormant and is replicated alongside the host's chromosome during each cellular division. This allows the virus to persist within a bacterial population without killing its hosts. Environmental stressors, such as ultraviolet radiation or nutrient deprivation, can eventually trigger the prophage to excise itself from the genome. This transition initiates the lytic cycle, leading to rapid viral replication and the eventual bursting of the host cell.;Google
Star formation;Star formation is the complex process by which dense regions within molecular clouds collapse to form stars. These clouds, predominantly composed of hydrogen molecules, undergo gravitational instability often triggered by external forces such as supernova shockwaves or galactic interactions. As a region collapses, it fragments into smaller clumps, each potentially becoming a protostar. Gravity causes the core to contract, increasing its internal temperature and pressure. Once the core reaches approximately ten million Kelvin, nuclear fusion of hydrogen into helium commences, releasing vast amounts of energy. This transition marks the birth of a main-sequence star, which eventually achieves hydrostatic equilibrium between gravity and radiation pressure.;Google
Calculus;Calculus is a branch of mathematics focused on limits, functions, derivatives, integrals, and infinite series. It has two main branches: differential calculus and integral calculus. Differential calculus concerns the rates at which quantities change and the slopes of curves, while integral calculus deals with the accumulation of quantities and the areas under or between curves. These two branches are linked by the fundamental theorem of calculus. Developed independently by Isaac Newton and Gottfried Wilhelm Leibniz in the late 17th century, calculus provides a framework for modeling systems where change occurs. It is essential in physics, engineering, economics, and medicine, allowing for the precise calculation of motion, growth, and structural integrity.;Google
Ocean acidification;Ocean acidification refers to the ongoing decrease in the pH levels of Earth's oceans, primarily caused by the absorption of atmospheric carbon dioxide. Since the start of the industrial revolution, increased human emissions have driven more gas into the sea. When carbon dioxide dissolves in saltwater, it forms carbonic acid, which increases acidity and alters the chemical balance. This shift reduces the availability of carbonate ions, essential building blocks for calcifying organisms like corals, shellfish, and certain plankton. Such changes disrupt the development of protective shells and skeletal structures, threatening marine biodiversity. Ultimately, this phenomenon impacts global food webs and the overall health of marine ecosystems worldwide.;Google
Psoriasis;"Psoriasis is a chronic, non-communicable autoimmune disease characterized by the rapid overproduction of skin cells. In a healthy body, skin cells typically mature and shed over several weeks; however, for individuals with psoriasis, this process accelerates to just a few days. This cycle results in the accumulation of live cells on the skin surface, forming thick, red, and scaly patches known as plaques. These lesions frequently appear on the elbows, knees, and scalp, often causing significant itching or discomfort. While the exact cause remains unknown, it is believed to involve a complex interplay between genetic predispositions and environmental triggers. Treatment strategies focus on managing symptoms through topical applications, phototherapy, or systemic medications.";Google
Reactome;Reactome is a free, open-source, curated database of biological pathways and reactions in human biology. It serves as an essential bioinformatics resource for researchers, providing detailed molecular information about biochemical processes. Each pathway is peer-reviewed by experts to ensure accuracy. The database organizes biological knowledge into a structured hierarchy, ranging from basic chemical reactions to complex physiological systems. It facilitates the visualization and analysis of high-throughput experimental data, such as genomic and proteomic results. By cross-referencing information with other databases like UniProt and Ensembl, Reactome enables a holistic understanding of how molecular interactions contribute to human health and disease through integrated pathway mapping.;Google
Cas9;Cas9 is an RNA-guided DNA endonuclease enzyme associated with the CRISPR adaptive immune system in bacteria like Streptococcus pyogenes. It functions by utilizing a guide RNA to recognize and bind to specific DNA sequences through complementary base pairing. Once bound, the protein acts as molecular scissors to create a double-strand break in the genomic DNA. This precise cleavage allows researchers to perform targeted genetic engineering by either disrupting genes or inserting new genetic material during the cell's natural repair process. Since its adaptation for eukaryotic cells, Cas9 has revolutionized biotechnology, offering a powerful tool for gene editing, functional genomics, and potential gene therapies for human diseases.;Google
Biofilm;A biofilm is a complex community of microorganisms, such as bacteria, fungi, and protists, that adhere to each other and to a surface. These organisms are embedded within a self-produced matrix of extracellular polymeric substances consisting of proteins, lipids, and DNA. This matrix provides structural integrity and protects the inhabitants from environmental stressors, such as antibiotics and the host immune system. Biofilms can form on various surfaces, including medical implants, industrial pipes, and natural tissues. They play significant roles in chronic infections and biogeochemical cycles. The development of a biofilm involves initial attachment, maturation, and eventual dispersal of cells to colonize new environments.;Google
White matter;White matter constitutes a primary component of the central nervous system, serving as the essential communication network between various regions of the brain and spinal cord. It consists mainly of bundles of myelinated axons, which are long fibers that transmit electrical signals between neurons. The characteristic white color originates from the lipid-rich myelin sheath that insulates these axons, significantly increasing the speed of nerve impulse conduction. Unlike gray matter, which primarily contains neuronal cell bodies, white matter functions as the structural infrastructure for long-range connectivity. This specialized tissue is vital for integrating cognitive, motor, and sensory information across the entire nervous system.;Google
Cellulose;Cellulose is an organic compound with the chemical formula n, a polysaccharide consisting of a linear chain of several hundred to many thousands of linked glucose units. It is an essential structural component of the primary cell wall of green plants, many forms of algae, and various oomycetes. Cellulose is the most abundant organic polymer on Earth. Within plant cell walls, cellulose fibers are bundled into microfibrils that provide high tensile strength and structural integrity. Humans cannot digest cellulose due to the lack of necessary enzymes, but it serves as a critical source of dietary fiber. Industrially, it is used to produce paper and textiles.;Google
Lectin pathway;The lectin pathway is one of three biochemical cascades within the complement system, serving as a critical component of the innate immune response. This pathway is initiated when specific pattern recognition receptors, such as mannose-binding lectin or ficolins, identify and bind to repeating carbohydrate patterns on the surfaces of pathogens like bacteria and viruses. This binding activates mannose-binding lectin-associated serine proteases, which subsequently cleave complement proteins C4 and C2. These fragments combine to form C3 convertase, an enzyme that triggers a series of downstream reactions leading to pathogen opsonization, leukocyte recruitment, and direct cell lysis. Unlike the classical pathway, the lectin pathway functions independently of antibody recognition.;Google
Shotgun sequencing;Shotgun sequencing is a fundamental laboratory method used for determining the DNA sequence of large genomes. The process involves breaking the target DNA into numerous small, random fragments that are sequenced individually. Because these fragments are generated randomly, they contain overlapping regions. Advanced computational algorithms analyze these overlaps to reassemble the fragments into their original, continuous order. This technique is significantly faster than traditional mapping methods and was instrumental in completing the Human Genome Project. By bypassing the need for physical maps of the genome, shotgun sequencing allows researchers to efficiently process vast amounts of genetic information from diverse organisms, including humans, bacteria, and plants.;Google
Combinatorial chemistry;Combinatorial chemistry is a laboratory technique used to rapidly synthesize a large number of structurally related chemical compounds. Instead of producing molecules one by one, researchers combine various chemical building blocks in every possible combination simultaneously. This process generates vast libraries of substances, which are then screened for specific biological or chemical properties. It is extensively used in the pharmaceutical industry to accelerate drug discovery and lead optimization. By automating the synthesis and screening phases, scientists can identify active molecules more efficiently than through traditional methods. This field integrates principles from organic synthesis, robotics, and high-throughput screening technologies to advance material science and biotechnology.;Google
Effect size;Effect size is a quantitative measure of the magnitude of a phenomenon or the strength of a relationship between variables in a statistical analysis. Unlike p-values, which indicate whether an observed effect could be due to chance, effect size provides information about the practical significance or importance of a finding. Common measures include Cohen's d for comparing means, Pearson's r for correlations, and odds ratios for categorical data. Reporting effect sizes is essential in meta-analyses as it allows researchers to synthesize findings across different studies with varying sample sizes. High effect sizes suggest a robust relationship regardless of statistical significance.;Google
Polypharmacy;Polypharmacy refers to the simultaneous use of multiple medications by a single patient, often defined as taking five or more drugs daily. While frequently necessary for managing complex comorbidities, particularly among elderly populations, it significantly increases the risk of adverse drug reactions and harmful interactions. Physiological changes associated with aging can alter pharmacokinetics and pharmacodynamics, complicating treatment regimens. Inappropriate polypharmacy may lead to prescribing cascades, where side effects are misinterpreted as new medical conditions requiring additional medication. Effective management involves regular medication reviews and deprescribing strategies to optimize therapeutic outcomes while minimizing the burden of treatment and potential toxicity in clinical practice.;Google
Composite fermion;A composite fermion is a topological quasiparticle emerging from the collective interaction of electrons in a two-dimensional system under a strong magnetic field. This concept, central to condensed matter physics, provides an elegant explanation for the fractional quantum Hall effect. A composite fermion forms when an electron captures an even number of magnetic flux quanta. By transforming the complex many-body problem into a collection of weakly interacting particles, researchers can describe fractional states as an integer quantum Hall effect of composite fermions. These entities effectively experience a reduced magnetic field, allowing physicists to map intricate electronic correlations onto simpler single-particle dynamics within Landau levels.;Google
Speciation;Speciation is the evolutionary process through which biological populations evolve to become distinct species. This occurs when groups within a species become reproductively isolated from one another. Mechanisms include allopatric speciation, where geographic barriers physically divide populations, and sympatric speciation, which happens within the same territory through behavioral or genetic changes. Over time, genetic drift and natural selection cause unique traits to emerge. These differences eventually prevent individuals from interbreeding and producing fertile offspring. Consequently, the lineage splits into two or more independent branches. This fundamental biological concept explains the vast biodiversity observed on Earth and is a central component of evolutionary theory.;Google
Control theory;Control theory is an interdisciplinary branch of engineering and mathematics that deals with the behavior of dynamical systems. The primary objective is to develop a model or controller that manages system inputs to achieve a desired output state. Central to this field is the concept of feedback, where sensors provide real-time data about the system performance. By comparing this feedback to a reference value, the controller calculates an error signal and adjusts the input accordingly to maintain stability. This discipline is fundamental to various applications, including robotics, aerospace engineering, industrial automation, and biological regulation, ensuring precise and reliable system operations.;Google
Trophoblast;The trophoblast is a specialized layer of cells forming the outer shell of a blastocyst during early embryonic development. These cells play a critical role in the implantation process and the subsequent formation of the placenta. Emerging roughly four to five days after fertilization, the trophoblast differentiates into two distinct layers known as the inner cytotrophoblast and the outer syncytiotrophoblast. Its primary function involves mediating the exchange of nutrients, waste, and gases between the mother and the developing fetus. Furthermore, the trophoblast produces essential hormones, such as human chorionic gonadotropin, which are necessary for maintaining pregnancy. Malfunctions in trophoblastic development can lead to clinical complications like preeclampsia.;Google
Micelle;A micelle is an aggregate of surfactant molecules dispersed in a liquid, forming a colloidal suspension. These structures typically arise in aqueous solutions where amphiphilic molecules, possessing both hydrophilic heads and hydrophobic tails, organize to minimize free energy. Above a specific threshold known as the critical micelle concentration, the hydrophobic tails cluster together in the center to avoid contact with water, while the hydrophilic heads remain exposed to the surrounding solvent. This spherical or cylindrical arrangement allows for the solubilization of nonpolar substances, such as fats and oils, within the interior. Micelles are essential in detergents and play significant roles in biological processes and pharmaceutical drug delivery systems.;Google
Bode plot;A Bode plot is a specialized graph used in control theory and signal processing to represent the frequency response of a linear, time-invariant system. It typically consists of two separate components: a magnitude plot and a phase plot. The magnitude is generally expressed in decibels and displayed on a logarithmic frequency scale. Similarly, the phase shift is measured in degrees and plotted against the same logarithmic frequency axis. These visualizations enable engineers to evaluate critical system stability and performance metrics, including gain margin and phase margin. By analyzing these plots, designers can effectively predict system behavior and optimize complex feedback loops within various electronic and mechanical engineering applications.;Google
Erosion;Erosion is the geological process in which earthen materials are worn away and transported by natural forces such as water, wind, or ice. Unlike weathering, which involves the chemical or physical breakdown of minerals in place, erosion focuses on the physical displacement of sediment and soil from one location to another. Flowing water is the most common agent, carving river valleys and shaping coastlines. Glaciers also play a significant role by grinding rock surfaces as they move. Human activities, including intensive agriculture and deforestation, can accelerate this process, leading to loss of fertile topsoil and significant changes to the terrestrial landscape.;Google
Radiative forcing;Radiative forcing is the difference between incoming solar radiation and outgoing infrared radiation in Earth's atmosphere. Measured in watts per square meter, it determines whether the planet's climate system gains or loses energy. Positive forcing occurs when more energy enters than leaves, leading to atmospheric warming, primarily driven by greenhouse gases like carbon dioxide. Conversely, negative forcing, often caused by aerosols or volcanic activity, reflects sunlight back into space and results in cooling. This metric serves as a critical tool for climate scientists to quantify the impact of various anthropogenic and natural factors on global temperature trends over specific periods.;Google
Quorum sensing;Quorum sensing is a process of cell-to-cell communication that allows bacteria to share information about cell density and adjust gene expression accordingly. This mechanism involves the production, release, and detection of chemical signal molecules called autoinducers. As the bacterial population grows, the concentration of these molecules increases. Once a critical threshold is reached, the bacteria collectively change their behavior, enabling them to act as a multicellular unit. This coordination is essential for activities such as biofilm formation, virulence factor production, and bioluminescence. By synchronizing their actions, bacterial communities can survive harsh environments and effectively colonize hosts, demonstrating a primitive form of social interaction.;Google
QR decomposition;QR decomposition is a fundamental operation in linear algebra where a given matrix is factored into two distinct components. Specifically, it decomposes a real or complex matrix into the product of an orthogonal matrix Q and an upper triangular matrix R. This technique is extensively utilized in numerical analysis to solve linear least squares problems and serves as the foundation for the QR algorithm, which computes the eigenvalues of a matrix. Various numerical methods exist for performing this decomposition, including the Gram-Schmidt process, Householder transformations, and Givens rotations. Each method offers different advantages regarding computational stability and efficiency. Ultimately, QR decomposition provides a robust framework for simplifying complex matrix equations in scientific computing.;Google
ED50;The ED50, or median effective dose, is a standard pharmacological measure representing the dosage of a drug or biologically active substance that produces a specific quantifiable effect in fifty percent of a tested population. It serves as a crucial parameter in dose-response relationships, allowing researchers to evaluate the potency of various compounds. In clinical trials and laboratory experiments, the ED50 is determined through statistical analysis of biological responses across a range of concentrations. When compared with the median lethal dose, it helps determine the therapeutic index, which indicates the relative safety margin of a pharmaceutical agent for therapeutic use.;Google
Seizure;A seizure is a sudden, uncontrolled electrical disturbance in the brain that causes changes in behavior, movements, feelings, and levels of consciousness. This neurological event results from excessive or synchronous neuronal activity in the cerebral cortex. Seizures vary in presentation, ranging from brief lapses of attention or muscle jerks to severe, prolonged convulsions. While some seizures are triggered by temporary factors like high fever or metabolic imbalances, recurrent unprovoked seizures characterize the condition known as epilepsy. Diagnostic tools such as electroencephalography are used to record brain activity and identify specific seizure patterns. Management typically involves anticonvulsant medications aimed at stabilizing neural membranes and preventing future episodes.;Google
Bioreactor;A bioreactor is a vessel or system designed to support a biologically active environment. It provides controlled conditions for the growth of microorganisms or cell cultures. These devices regulate parameters such as temperature, pH, dissolved oxygen, and nutrient concentrations to optimize biochemical processes. Bioreactors are essential in biotechnology for producing pharmaceuticals, vaccines, and biofuels. They range from small laboratory flasks to massive industrial tanks. There are various types, including stirred-tank, airlift, and membrane bioreactors, each suited for specific applications. By maintaining an optimal environment, bioreactors enable the large-scale cultivation of cells to synthesize valuable biological products efficiently and consistently.;Google
Glass fiber;Glass fiber is a material consisting of numerous extremely fine fibers of glass. It is commonly used as a reinforcing agent for many polymer products to create glass-reinforced plastic, often called fiberglass. Glass fiber is formed when thin strands of silica-based glass are extruded into many fibers with small diameters. This material has mechanical properties roughly comparable to other fibers such as polymers and carbon fiber. Although it is not as rigid as carbon fiber, it is significantly cheaper and less brittle. Its high ratio of surface area to weight makes it useful in thermal insulation and structural applications.;Google
Laminin;Laminins are high-molecular-weight proteins that serve as primary structural components of the basal lamina, a specialized layer of the extracellular matrix. These large glycoproteins are heterotrimers, composed of an alpha, a beta, and a gamma chain, which assemble into a characteristic cross-shaped structure. Laminins play a fundamental role in tissue architecture by providing a scaffold for cell attachment and influencing cellular behavior. They interact with cell surface receptors, such as integrins, to regulate crucial biological processes including cell differentiation, migration, and signaling. Because they facilitate the assembly of basement membranes, laminins are indispensable for the structural integrity and functional development of various tissues and organs throughout the body.;Google
Composite material;A composite material is a material produced from two or more constituent materials. These constituent materials have notably dissimilar chemical or physical properties and are merged to create a material with properties unlike the individual elements. Within the finished structure, the individual elements remain separate and distinct, distinguishing composites from mixtures and solid solutions. Generally, there are two main categories of constituent materials: matrix and reinforcement. The matrix material surrounds and supports the reinforcement materials by maintaining their relative positions. The reinforcements impart their mechanical and physical properties to enhance the matrix. Synergism produces material properties unavailable from the individual constituent materials, allowing designers to choose an optimum combination for specific applications.;Google
Toll-like receptor;Toll-like receptors are a class of proteins that play a critical role in the innate immune system. They are single-pass transmembrane receptors usually expressed on sentinel cells such as macrophages and dendritic cells. TLRs recognize structurally conserved molecules derived from microbes, known as pathogen-associated molecular patterns. Once these microbes have breached physical barriers like the skin or intestinal tract mucosa, TLRs identify them and activate immune cell responses. These receptors are essential for the production of inflammatory cytokines and the maturation of the adaptive immune response. By sensing microbial components like lipopolysaccharides or viral RNA, TLRs initiate signaling pathways that alert the body to infection and coordinate a defense.;Google
Backpropagation;Backpropagation, short for backward propagation of errors, is a fundamental algorithm used to train artificial neural networks. It operates by calculating the gradient of the loss function with respect to the weights of the network through the chain rule of calculus. During the training process, the algorithm passes input data forward to generate an output. The difference between the predicted and actual values determines the error. This error is then propagated backward from the output layer to the input layer, allowing for the systematic adjustment of individual weights to minimize the loss. This iterative optimization technique is essential for deep learning applications.;Google
Receptor-mediated endocytosis;Receptor-mediated endocytosis is a selective process by which cells internalize specific molecules from the extracellular environment. This mechanism begins when specific ligands bind to specialized receptor proteins located on the plasma membrane. These receptors are often concentrated in regions called clathrin-coated pits. Once binding occurs, the membrane invaginates to form a vesicle, bringing the ligands and their receptors into the cell. This pathway is crucial for the uptake of essential nutrients, such as cholesterol through low-density lipoprotein receptors, and for regulating cell signaling by removing activated receptors. Following internalization, the vesicles lose their protein coats and fuse with endosomes, where the ligands are sorted for degradation or recycling.;Google
Biopsy;A biopsy is a medical procedure involving the removal of a small sample of tissue or cells from a living body for microscopic examination. This process is essential for diagnosing various diseases, particularly cancer, as it allows pathologists to observe cellular abnormalities. There are several types of biopsies, including needle, endoscopic, and surgical methods, each chosen based on the location and nature of the suspected condition. Once extracted, the specimen undergoes processing and staining to reveal structural details. Findings from a biopsy provide critical information regarding the presence, extent, and stage of a disease, guiding clinicians in developing effective treatment plans for patients.;Google
Cladogram;A cladogram is a diagrammatic representation used in cladistics to illustrate the hypothetical relationships between different groups of organisms. Unlike a phylogenetic tree, it does not necessarily represent evolutionary time or the specific amount of genetic change. Instead, it groups taxa based on shared derived characteristics, known as synapomorphies, which originate from a common ancestor. Each branching point, or node, signifies a divergence where a single lineage splits into two distinct paths. These diagrams provide a visual framework for understanding biological diversity and the hierarchical nature of evolutionary history by identifying clades, which consist of an ancestor and all its descendants.;Google
Groundwater recharge;Groundwater recharge, also known as deep drainage or deep percolation, is a hydrologic process where water moves downward from surface water to groundwater. This process is the primary method through which water enters an aquifer. Recharge occurs naturally through the infiltration of precipitation and surface water from rivers and lakes into the subsurface soil and rock layers. It can also be influenced by human activities such as irrigation and artificial recharge projects. Maintaining adequate recharge rates is essential for sustainable water management, as it replenishes the underground reservoirs that supply wells and maintain baseflow in streams and wetlands during dry periods.;Google
Polymerization;Polymerization is a chemical process where small molecules called monomers react together to form a large, three-dimensional network or a chain-like molecule known as a polymer. These reactions are essential in both biological systems and industrial manufacturing. There are two primary mechanisms: addition polymerization and condensation polymerization. In addition polymerization, monomers containing double or triple bonds bond together without the loss of any atoms. Conversely, condensation polymerization involves the joining of molecules with the release of a small byproduct, such as water or methanol. The resulting polymers can vary significantly in their physical properties, including strength, flexibility, and heat resistance, depending on the monomers used and the specific reaction conditions employed.;Google
Statistics;Statistics is a mathematical science concerned with the collection, analysis, interpretation, and presentation of data. It serves as a foundational tool across numerous disciplines, including the physical sciences, social sciences, and humanities. In practice, statisticians apply methodologies to populations or models to derive meaningful insights and predict future trends. The field is bifurcated into descriptive statistics, which summarizes sample data, and inferential statistics, which draws conclusions about larger populations based on observed samples. Furthermore, statistics encompasses the design of experiments and surveys to ensure data reliability. By quantifying uncertainty and variability, this discipline allows researchers to make informed decisions and validate scientific hypotheses in an increasingly data-driven world.;Google
Alzheimer's disease;Alzheimer's disease is a progressive neurodegenerative disorder and the leading cause of dementia worldwide. It is characterized by the accumulation of amyloid-beta plaques and tau protein tangles within the brain, which disrupt cellular communication and lead to neuronal death. Initial symptoms typically involve short-term memory loss, followed by a decline in cognitive functions such as language, orientation, and behavioral regulation. As the disease advances, individuals experience significant impairment in performing daily activities. While the exact etiology remains complex and multifactorial, involving genetic and environmental factors, current research focuses on early detection and therapeutic interventions aimed at slowing disease progression. No definitive cure exists at this time.;Google
Red giant;A red giant is a luminous giant star in a late phase of stellar evolution. This stage occurs when a main-sequence star exhausts the supply of hydrogen in its core and begins thermonuclear fusion of hydrogen in a shell surrounding the core. The resulting internal pressure causes the outer envelope to expand significantly and cool, which results in a distinct reddish hue. Although their surface temperatures are relatively low, red giants possess high luminosity due to their immense radii. Most low to intermediate-mass stars, including the Sun, will eventually evolve into red giants, expanding to hundreds of times their original size before shedding their outer layers to become white dwarfs.;Google
Habitat;A habitat is the specific natural environment inhabited by a particular species of organism. It encompasses the physical and biological factors necessary for survival, including climate, food sources, and shelter. Habitats vary significantly in scale, ranging from vast biomes like oceans and forests to minute niches like a single decaying log. Within these environments, organisms occupy ecological niches that define their roles and interactions. Environmental stability is crucial, as any significant alteration can lead to habitat fragmentation or loss. These changes often result from human activities such as urbanization or climate change, frequently threatening biodiversity and forcing species to adapt, migrate, or face potential extinction.;Google
Ceramic;Ceramics are inorganic, non-metallic materials typically formed by heating raw substances like clay or silicon at high temperatures. Scientifically, they are characterized by strong ionic or covalent bonding, which grants them high melting points, exceptional hardness, and chemical stability. While traditionally used for pottery, modern technical ceramics include oxides, nitrides, and carbides designed for specialized aerospace and electronic applications. These materials usually exhibit brittle behavior and low electrical conductivity, making them excellent thermal and electrical insulators. Through a process called sintering, powder particles bond to form a solid mass with dense microstructures. Advanced research focuses on enhancing ceramic fracture toughness to expand their industrial utility.;Google
Bayesian inference;Bayesian inference is a method of statistical inference in which Bayes' theorem is used to update the probability for a hypothesis as more evidence or information becomes available. It is based on the interpretation of probability as a measure of belief or confidence in a proposition. This process involves calculating a posterior distribution from a prior distribution and a likelihood function derived from observed data. Unlike frequentist statistics, which relies on long-run frequencies, Bayesian methods incorporate subjective prior knowledge into the analysis. This approach is widely applied in fields ranging from machine learning and artificial intelligence to medicine and physical sciences for decision-making under uncertainty.;Google
Porosimetry;Porosimetry is an analytical technique used to determine various physical characteristics of porous materials, including pore size distribution, total pore volume, and surface area. This process typically involves the intrusion of a non-wetting liquid, most commonly mercury, into the pores of a sample under controlled pressure. The relationship between the applied pressure and the volume of liquid intruded allows scientists to calculate specific pore diameters. Gas adsorption is another common method used for characterizing smaller pores. These measurements are essential in fields such as soil science, catalyst development, and pharmaceutical manufacturing, where the structural integrity and permeability of materials significantly impact their overall performance and chemical reactivity.;Google
Lithium-ion battery;A lithium-ion battery is a type of rechargeable battery that relies on the movement of lithium ions between an anode and a cathode. During discharge, ions move from the negative electrode to the positive electrode through an electrolyte, while electrons travel via an external circuit to provide power. Charging reverses this process. These batteries are valued for their high energy density, low self-discharge rate, and lack of memory effect. They typically feature an anode made of graphite and a cathode composed of a lithium metal oxide. Their widespread use spans from portable electronics to electric vehicles, playing a crucial role in modern energy storage systems and various global renewable technology transitions.;Google
Schwann cell;Schwann cells, also known as neurolemmocytes, are the primary glial cells of the peripheral nervous system. They play a critical role in supporting and maintaining neurons by providing structural integrity and insulation. There are two main types: myelinating and non-myelinating Schwann cells. Myelinating cells wrap around a single axon segment to form the myelin sheath, which significantly increases the speed of electrical impulse conduction through saltatory conduction. In contrast, non-myelinating Schwann cells provide protective metabolic support to smaller axons. Unlike the central nervous system glia, Schwann cells possess a remarkable ability to facilitate nerve regeneration following injury, guiding the regrowth of damaged peripheral axons.;Google
Pathophysiology;Pathophysiology is the study of the disordered physiological processes associated with disease or injury. It combines pathology, which focuses on structural changes in cells and tissues, with physiology, which examines the functional mechanisms of living organisms. By investigating how normal biological functions are disrupted, pathophysiology explains why specific clinical manifestations occur. This field explores the bridge between basic science and clinical medicine, focusing on mechanisms such as inflammation, cellular adaptation, and systemic responses to stressors. Understanding these alterations is essential for medical professionals to diagnose conditions, predict disease progression, and develop effective therapeutic interventions to restore homeostasis within the human body.;Google
Quark;"A quark is an elementary particle and a fundamental constituent of matter. Quarks combine to form composite particles called hadrons, the most stable of which are protons and neutrons, the components of atomic nuclei. Due to a phenomenon known as color confinement, quarks are never found in isolation; they exist only within hadrons, such as baryons and mesons. There are six distinct types, or flavors, of quarks: up, down, charm, strange, top, and bottom. Up and down quarks are the lightest and most common. These particles possess unique properties including fractional electric charge and color charge, which governs their interactions via the strong nuclear force.";Google
Fluid dynamics;Fluid dynamics is a subdiscipline of fluid mechanics that describes the flow of liquids and gases. It encompasses several branches, including aerodynamics, which focuses on air in motion, and hydrodynamics, which examines liquids. This field provides a systematic framework for understanding natural phenomena and engineering challenges. Practical applications range from calculating aerodynamic lift on wings to predicting global weather patterns and managing pipeline efficiency. Solving problems in fluid dynamics typically requires determining fundamental properties such as velocity, pressure, density, and temperature relative to space and time. By utilizing conservation laws of mass, momentum, and energy, researchers can accurately simulate complex interactions within various physical environments.;Google
Knockin;A gene knockin refers to a genetic engineering method where a specific DNA sequence is inserted into a precise location within an organism's genome. Unlike traditional transgenesis, which often involves random integration, knockin technology utilizes homologous recombination or site-specific nucleases like CRISPR/Cas9 to ensure accuracy. This technique is frequently used to replace a functional gene with a mutated version to study disease, or to insert a reporter gene such as GFP to track gene expression. Knockin models are essential in biomedical research for creating humanized animal models and investigating the functional consequences of specific genetic variations within their natural chromosomal context.;Google
Surface plasmon resonance;Surface plasmon resonance is a physical phenomenon that occurs when incident light strikes a metal surface, typically gold or silver, at a specific angle. This interaction excites collective oscillations of conduction electrons, known as surface plasmons, at the interface between the metal and a dielectric medium. When the momentum of the incoming photons matches that of the plasmons, a resonance condition is met, leading to a sharp dip in reflected light intensity. This sensitive optical technique is widely utilized in biosensing to monitor molecular binding events in real time. Because the resonance angle depends on the refractive index near the surface, it can detect changes in mass without requiring fluorescent labels.;Google
Spatial cognition;Spatial cognition is the branch of cognitive science that studies how people and animals acquire, organize, and use knowledge about their physical environment. It involves processes like mental rotation, navigation, and distance estimation. The brain uses several regions for these tasks, most notably the hippocampus and parietal cortex. These structures allow for the creation of mental maps, which represent locations and the relationships between objects. Research in this field draws from psychology, neuroscience, and computer science. It explores how individuals orient themselves and navigate through diverse spaces using both egocentric and allocentric frames of reference. Understanding spatial cognition is essential for human development and daily functioning.;Google
Calcium phosphate;Calcium phosphate refers to a family of inorganic compounds composed of calcium ions and phosphate anions. These minerals are vital biological constituents, serving as the primary structural component of human bone and dental enamel, primarily in the form of hydroxyapatite. Chemically, they are typically white solids with low water solubility, often used extensively in the production of phosphoric acid and fertilizers. In the medical field, synthetic calcium phosphates are utilized for bone grafting and as coating materials for prosthetic implants due to their excellent biocompatibility. Additionally, they serve as nutritional supplements and anticaking agents in various processed food products, highlighting their diverse industrial and biological importance.;Google
Metamaterial;Metamaterials are artificial substances engineered to possess unique physical properties not found in nature. Their characteristics depend more on their structural design than their chemical composition. By arranging macroscopic structures in specific patterns, researchers can manipulate electromagnetic waves, sound, or light in unprecedented ways. This often leads to phenomena like negative refraction, where light bends in the opposite direction of what is typically observed. Applications for metamaterials include the development of invisibility cloaks, high-resolution lenses that surpass the diffraction limit, and advanced antennas. These materials represent a major shift in material science, focusing on subwavelength architectures to control wave propagation.;Google
Sensory cortex;The sensory cortex refers to areas of the cerebral cortex involved in processing signals from the senses. The primary somatosensory cortex, located in the postcentral gyrus of the parietal lobe, receives tactile information such as touch, pressure, pain, and temperature from the body via the thalamus. This region is organized somatotopically, represented by the sensory homunculus, where specific areas correspond to different body parts. Beyond touch, the term encompasses specialized regions like the visual cortex in the occipital lobe and the auditory cortex in the temporal lobe. These regions integrate raw sensory data into meaningful perceptions, enabling complex environmental interaction and bodily awareness.;Google
Primordial black hole;Primordial black holes are theoretical objects hypothesized to have formed during the early universe shortly after the Big Bang. Unlike standard black holes created by the collapse of massive stars, these entities likely emerged from extreme density fluctuations within the hot, dense plasma of the infant cosmos. Their masses could vary significantly, ranging from subatomic scales to thousands of times the mass of the Sun. Although no direct evidence for their existence currently exists, they remain a popular candidate for explaining dark matter. Studying these ancient black holes provides critical insights into the conditions of the early universe and the fundamental nature of gravity and quantum mechanics across cosmic history.;Google
Decay chain;A decay chain refers to a series of radioactive transformations where an unstable atomic nucleus undergoes successive decays until it reaches a stable isotope. Each intermediate stage results in a new nuclide, known as a progeny or daughter product, which may itself be radioactive. These sequences are characterized by the emission of alpha or beta particles and gamma radiation at various steps. Notable examples include the decay series of uranium-238, thorium-232, and uranium-235. Understanding these chains is essential in fields such as geochronology for dating minerals and nuclear physics for managing radioactive waste and studying the fundamental properties of atomic nuclei.;Google
Localized surface plasmon;Localized surface plasmons are collective oscillations of conduction electrons in metallic nanostructures triggered by incident light. Unlike surface plasmon polaritons that propagate along a flat interface, these excitations are confined to the dimensions of a nanoparticle. When the frequency of the electromagnetic field matches the natural frequency of the oscillating electrons, a resonance occurs, leading to strong light absorption and scattering. This phenomenon results in significantly enhanced local electromagnetic fields near the particle surface. Such properties are extensively utilized in fields like surface-enhanced Raman spectroscopy, biosensing, and solar energy conversion, where precise light manipulation at the nanoscale is essential for technological advancement.;Google
Centromere;The centromere is a specialized chromosomal region that plays a critical role in cell division by serving as the attachment point for spindle fibers. It typically links a pair of sister chromatids and facilitates their equal distribution into daughter cells during mitosis and meiosis. This process is mediated by the kinetochore, a complex protein structure that forms on the centromeric DNA. In many organisms, centromeres consist of highly repetitive DNA sequences, such as alpha satellites in humans. Although centromere positions can vary, their primary function in maintaining genomic stability is highly conserved across all eukaryotic life. Failure in centromeric function often results in aneuploidy.;Google
Northern blot;The Northern blot is a fundamental molecular biology technique used to detect specific RNA sequences within a complex sample. This method allows researchers to analyze gene expression by quantifying the abundance of particular messenger RNA molecules. The procedure begins with the separation of RNA fragments by size through gel electrophoresis. These separated fragments are subsequently transferred onto a nylon or nitrocellulose membrane. To identify the target sequence, a labeled nucleic acid probe complementary to the specific RNA is introduced for hybridization. Scientists utilize this technique to study cellular control over structure and function. Its name was derived as a play on the Southern blot, which identifies DNA.;Google
Large extra dimensions;Large extra dimensions, or the ADD model, suggest our universe contains more than the perceived three spatial dimensions. This theoretical framework addresses the hierarchy problem, which questions why gravity is significantly weaker than other fundamental forces. In this model, the Standard Model particles are confined to a three-dimensional brane, while gravity propagates through larger, compactified extra dimensions. By diluting the strength of gravity across these higher dimensions, the fundamental Planck scale is brought closer to the electroweak scale. Scientists investigate this hypothesis through high-energy particle accelerators and precision experiments testing gravity at sub-millimeter distances to identify potential deviations from Newton's inverse-square law.;Google
Physical vapor deposition;Physical vapor deposition encompasses several vacuum-based methods for depositing thin films of materials onto surfaces. The process begins by converting a solid or liquid source material into a gaseous state through thermal evaporation or physical bombardment. These atoms or molecules travel through a vacuum or low-pressure environment to reach a target substrate, where they condense to form a solid layer. Common techniques include sputtering, pulsed laser deposition, and electron-beam evaporation. PVD is essential in various industries for enhancing surface properties like hardness, wear resistance, and conductivity. It is widely utilized in semiconductor fabrication, optical coating production, and the manufacturing of high-performance cutting tools.;Google
Cyclotron;A cyclotron is a type of particle accelerator invented by Ernest O. Lawrence in 1929. It uses a static magnetic field and a rapidly varying electric field to accelerate charged particles, such as protons or ions, in a spiral path from the center outwards. The particles move inside two hollow D-shaped electrodes called dees. The magnetic field causes the particles to travel in a circle, while the oscillating electric field provides an energy boost each time they cross the gap between dees. As their velocity increases, the radius of their path grows until they exit the machine at high speeds for use in nuclear physics research or medical treatments.;Google
Industrial symbiosis;Industrial symbiosis is a subfield of industrial ecology that focuses on the exchange of resources and by-products among geographically proximate firms. This collaborative approach mimics biological ecosystems, where the waste of one organism becomes the fuel for another. By sharing materials, energy, and water, participating industries reduce their reliance on virgin resources and minimize environmental impact. The concept promotes a circular economy by turning traditional waste streams into valuable inputs, thereby enhancing economic efficiency and sustainability. A notable example is the Kalundborg eco-industrial park in Denmark. Ultimately, industrial symbiosis fosters regional cooperation, lowers operational costs, and significantly reduces the overall carbon footprint of industrial sectors.;Google
Blueshift;Blueshift is a phenomenon in physics and astronomy where the frequency of an electromagnetic wave increases, causing a decrease in wavelength. This shift occurs when a light-emitting source moves toward an observer or through gravitational effects. In the visible spectrum, this results in light shifting toward the blue end. It is the opposite of redshift, which happens when sources move away. Scientists use blueshift to measure the velocity of celestial objects like stars and galaxies approaching Earth. It is a manifestation of the Doppler effect applied to electromagnetic radiation. This metric provides crucial data regarding the motion and dynamics of our local galactic group and beyond.;Google
Abstract algebra;Abstract algebra is a major branch of mathematics that focuses on algebraic structures rather than the number systems studied in elementary algebra. It investigates sets equipped with operations that follow specific axioms. Fundamental structures include groups, rings, fields, and vector spaces. By abstracting the common properties of diverse mathematical objects, this field allows for broad generalizations and provides tools to solve complex problems in number theory, geometry, and physics. Groups model symmetry, while rings and fields extend the concepts of arithmetic operations like addition and multiplication. Modern applications range from cryptography to coding theory, demonstrating its utility in theoretical and applied sciences.;Google
Stimulated emission;Stimulated emission is a physical process where an incoming photon of a specific frequency interacts with an excited atomic electron, causing it to drop to a lower energy level. This interaction results in the creation of a second photon that is identical to the incident one in terms of frequency, phase, polarization, and direction. This phenomenon was first proposed by Albert Einstein in 1917 and serves as the fundamental principle underlying the operation of lasers and masers. Unlike spontaneous emission, which occurs randomly, stimulated emission requires an external electromagnetic field. This process enables the amplification of light, leading to coherent and monochromatic beams essential for modern technology.;Google
Rheumatoid arthritis;Rheumatoid arthritis is a systemic autoimmune disorder characterized by chronic inflammation of the joints. Unlike osteoarthritis, which results from mechanical wear, this condition occurs when the immune system erroneously attacks the synovium, the soft tissue lining the joint capsules. This persistent inflammatory process leads to painful swelling, bone erosion, and significant joint deformity over time. Beyond the skeletal system, rheumatoid arthritis can manifest in extra-articular features affecting the skin, heart, lungs, and blood vessels. Early clinical diagnosis and the administration of disease-modifying antirheumatic drugs are critical for suppressing inflammation, preserving joint function, and mitigating the risk of long-term physical disability.;Google
Rankine cycle;The Rankine cycle is a fundamental thermodynamic cycle used primarily in thermal power plants to convert heat into mechanical work. It serves as the idealized model for steam engines and turbines. The process typically utilizes water as the working fluid, which undergoes four distinct stages. First, a pump increases the pressure of the liquid. Next, the fluid is heated in a boiler to create high-pressure steam. This steam then expands through a turbine, generating mechanical work that is then converted into electricity. Finally, the steam is cooled in a condenser, returning it to a liquid state to repeat the cycle. This efficient closed-loop system is essential for modern power generation across the globe.;Google
Chromatin remodeling;Chromatin remodeling refers to the dynamic structural changes in chromatin architecture that allow regulatory proteins to access genomic DNA. This process is essential for controlling gene expression, as it transitions chromatin between condensed and accessible states. Remodeling is primarily achieved through two mechanisms: covalent histone modifications and ATP-dependent remodeling complexes. Histone-modifying enzymes, such as acetyltransferases, alter the chemical charge of histone tails to loosen DNA binding. Conversely, ATP-dependent complexes use energy from ATP hydrolysis to physically reposition, eject, or wrap nucleosomes. These coordinated activities regulate vital cellular functions, including transcription, DNA repair, and replication, ensuring that genetic information is utilized appropriately while maintaining the integrity of the genome.;Google
Proof of work;Proof of work is a decentralized consensus mechanism used in blockchain technology to secure networks and prevent double-spending. It requires participants, known as miners, to solve computationally intensive mathematical puzzles to validate transactions and create new blocks. This process involves finding a specific hash value that meets a predetermined difficulty target through repeated trial and error. Because the calculation is resource-heavy but the result is easily verifiable by other nodes, the mechanism ensures network integrity without a central authority. While highly effective for security, proof of work is often criticized for its significant energy consumption and environmental impact due to the massive hardware power required.;Google
Linkage disequilibrium;Linkage disequilibrium describes the non-random association of alleles at different loci within a given population. When alleles at two or more loci occur together more frequently than expected by chance, they are considered to be in linkage disequilibrium. This phenomenon is primarily influenced by genetic linkage, where genes located close together on the same chromosome tend to be inherited as a single unit during meiosis. Other factors contributing to this state include mutation, natural selection, genetic drift, and population bottlenecks. Over time, recombination acts to break down these associations, eventually leading to linkage equilibrium. This concept is vital in population genetics for mapping genes and studying evolutionary history.;Google
Lymph node;A lymph node is a small, kidney-shaped organ of the lymphatic system, distributed widely throughout the body. These nodes function as critical biological filters for foreign particles and cancer cells. Linked by lymphatic vessels, they serve as major sites for B and T lymphocytes, which are essential for adaptive immune responses. Each node is encased in a fibrous capsule and contains an inner medulla and an outer cortex. As lymph fluid flows through the node, macrophages and other immune cells identify and destroy pathogens. When an infection occurs, lymph nodes often swell due to increased leukocyte production. They play a vital role in maintaining fluid balance and systemic immunity.;Google
Plasmonics;Plasmonics is a specialized branch of nanophotonics that examines the interaction between electromagnetic fields and free electrons in metallic structures. At the interface of a metal and a dielectric material, light can couple with collective electron oscillations to create surface plasmon polaritons. These quasiparticles allow light to be confined and manipulated at scales significantly smaller than its wavelength, effectively bypassing the traditional diffraction limit. This unique capability facilitates the development of ultra-compact photonic circuits, highly sensitive chemical sensors, and enhanced imaging techniques. By concentrating light into nanometer-scale volumes, plasmonics bridges the gap between traditional optics and electronic circuitry, enabling faster data processing and improved light-harvesting efficiency.;Google
Computational biology;Computational biology is an interdisciplinary field that applies mathematical, statistical, and computational methods to analyze biological data. It involves the development of algorithms and models to understand complex biological systems and processes. Key areas include sequence analysis, protein structure prediction, and systems biology. By leveraging high-performance computing, researchers can process vast datasets from genomics and proteomics. This field bridges the gap between traditional experimental biology and theoretical computer science. It plays a crucial role in drug discovery and personalized medicine by simulating biological interactions and predicting outcomes. As technology advances, computational biology continues to transform how we interpret the fundamental mechanisms of life.;Google
Mesoderm;The mesoderm is one of the three primary germ layers formed during gastrulation in the early development of triploblastic embryos. Situated between the outer ectoderm and the inner endoderm, this layer is critical for establishing the internal architecture of the body. It differentiates into a variety of essential tissues and organs, including the skeletal, smooth, and cardiac muscles. Additionally, the mesoderm gives rise to the circulatory system, encompassing the heart and blood vessels, as well as the skeletal system and the dermis of the skin. It also forms the excretory and reproductive organs. This layer is vital for structural support, mobility, and complex physiological integration.;Google
Percolation;Percolation refers to the movement and filtering of fluids through porous materials. In physics and chemistry, it describes how a liquid passes through a medium like soil or ground coffee. In mathematics and statistical physics, percolation theory studies the behavior of connected clusters within a random network. A key concept is the percolation threshold, which is the critical point where a large-scale connected component first forms in a system. Below this threshold, the medium acts as an insulator, while above it, global connectivity is established. This framework is essential for modeling groundwater flow, disease spread, and the electrical conductivity of composite materials.;Google
Fungus;"Fungi represent a distinct kingdom of eukaryotic organisms separate from plants, animals, and bacteria. This group includes microorganisms such as yeasts and molds, as well as the more familiar mushrooms. Unlike plants, fungi lack chlorophyll and cannot perform photosynthesis; instead, they obtain nutrients through absorption. Most fungi possess cell walls composed of chitin rather than cellulose. They play critical ecological roles as primary decomposers, breaking down organic matter and recycling nutrients within ecosystems. Some species form symbiotic relationships with plants, while others are pathogenic. Reproduction typically occurs through the production of spores, which can be dispersed by wind, water, or animals to colonize new environments.";Google
Allosteric modulator;An allosteric modulator is a substance that binds to a protein at a site distinct from the active site, known as the allosteric site. This binding induces a conformational change in the protein structure, which subsequently alters the affinity or efficacy of the primary ligand at the orthosteric site. Positive allosteric modulators enhance the activity of the target protein, while negative allosteric modulators decrease it. Unlike orthosteric agonists or antagonists, allosteric modulators typically exert their effects only in the presence of the endogenous ligand, offering a more nuanced mechanism for regulating biological pathways and pharmacological targets without completely activating or blocking the system.;Google
Radiosensitivity;Radiosensitivity refers to the relative susceptibility of cells, tissues, or organisms to the ionizing effects of radiation. This biological property varies significantly across different species and cell types, often governed by the law of Bergonie and Tribondeau. Generally, cells that are undifferentiated or undergo rapid division, such as stem cells or malignant tumors, exhibit higher sensitivity. Factors such as oxygen concentration, the specific phase of the cell cycle, and DNA repair efficiency also influence this response. In oncology, understanding radiosensitivity is critical for developing effective radiotherapy protocols. It allows clinicians to predict how specific tissues will respond to treatment, balancing tumor destruction with the preservation of healthy surrounding structures.;Google
Theory of mind;Theory of mind is the social-cognitive ability to attribute mental states, such as beliefs, intents, desires, and emotions, to oneself and others. It is crucial for human social interaction as it allows individuals to understand that others have perspectives and knowledge different from their own. Developing typically around age four, it is often assessed using false-belief tasks like the Sally-Anne test. This cognitive framework enables the prediction and interpretation of behavior based on unobserved mental processes. Deficits in theory of mind are frequently associated with neurodevelopmental conditions like autism spectrum disorder, which can impact social communication and relational functioning throughout an individual's life.;Google
Calcium imaging;Calcium imaging is a powerful microscopy technique used to monitor the signaling activity of neurons or other cells in real-time. It relies on specialized fluorescent molecules, known as calcium indicators, which alter their light emission properties upon binding to calcium ions. Because intracellular calcium concentrations increase dramatically during cellular activation or action potentials, this method allows researchers to visualize physiological processes within living tissue. Modern applications frequently utilize genetically encoded indicators, such as GCaMP, allowing for cell-type-specific recording. By capturing these optical signals, scientists can map functional networks and observe the complex dynamics of large cell populations in intact organisms.;Google
Spheroid;A spheroid is a quadric surface in three-dimensional space obtained by rotating an ellipse about one of its principal axes. If the ellipse is rotated about its major axis, the resulting shape is an elongated prolate spheroid, similar to a rugby ball. Conversely, rotation about the minor axis produces a flattened oblate spheroid, which characterizes the shape of planets like Earth due to centrifugal forces from rotation. Mathematically, a spheroid is defined by two equal semi-axes. This geometric figure is essential in geodesy for modeling planetary bodies and in physics for studying the properties of celestial objects and microscopic particles under various rotational or gravitational influences.;Google
Aldosterone;Aldosterone is a steroid hormone produced by the zona glomerulosa of the adrenal cortex in the adrenal gland. It is the primary mineralocorticoid and plays a crucial role in maintaining blood pressure and electrolyte balance. Its main function is to act on the distal tubules and collecting ducts of the kidney, promoting the reabsorption of sodium ions and the excretion of potassium and hydrogen ions. This process increases water retention, thereby expanding extracellular fluid volume and raising blood pressure. Aldosterone secretion is primarily regulated by the renin-angiotensin system and potassium levels in the blood. Abnormal levels can lead to conditions like hyperaldosteronism or Addison's disease.;Google
Clonal selection;Clonal selection is a fundamental concept in immunology explaining how the adaptive immune system responds to specific pathogens. The process begins when a unique antigen binds to a specific receptor on a single lymphocyte, such as a B cell or T cell. This recognition triggers the activation and rapid proliferation of that specific cell, producing a large population of genetically identical clones. These clones then differentiate into effector cells, which actively eliminate the pathogen, and memory cells, which remain in the body to provide long-term protection. This mechanism ensures that the immune response is highly specific and effectively targeted against invading foreign substances while maintaining diversity.;Google
Broca's area;Broca's area is a crucial region in the frontal lobe of the dominant hemisphere, usually the left, of the human brain. Named after French physician Pierre Paul Broca, who identified its function in 1861, this area is primarily associated with speech production and language processing. Specifically, it coordinates the muscular movements required for vocalization and governs the grammatical structure of sentences. Damage to this region often results in Broca's aphasia, a condition characterized by labored speech and difficulty forming complete sentences, while language comprehension typically remains preserved. Modern neuroimaging suggests its involvement in broader cognitive tasks beyond simple motor speech control.;Google
Apoptosis;Apoptosis is a form of programmed cell death that occurs in multicellular organisms. It is a highly regulated and controlled process characterized by specific morphological changes, including cell shrinkage, nuclear fragmentation, and chromatin condensation. Unlike necrosis, which typically results from external injury and triggers inflammation, apoptosis allows for the orderly removal of damaged, redundant, or potentially dangerous cells without harming surrounding tissues. This physiological mechanism plays a vital role in embryonic development, immune system maintenance, and adult tissue homeostasis. Disruptions in apoptotic signaling are linked to various pathological conditions, including cancer, autoimmune diseases, and neurodegenerative disorders, making it a central focus of biomedical research.;Google
Perfusion;Perfusion refers to the physiological process of delivering blood through the circulatory system to biological tissues or organs. This process occurs primarily within capillary beds, where oxygen and nutrients are exchanged for metabolic waste products like carbon dioxide. Maintaining adequate perfusion is essential for cellular homeostasis and organ function. In clinical medicine, perfusion is monitored to assess cardiovascular health and organ viability, particularly during surgical procedures or in emergency care. Factors such as mean arterial pressure, cardiac output, and vascular resistance regulate flow rates. Insufficient perfusion, termed hypoperfusion, can lead to tissue ischemia and systemic shock if left untreated.;Google
Tidal volume;Tidal volume is a fundamental measurement in respiratory physiology representing the specific amount of air that enters or leaves the lungs during a single normal breath. In a healthy adult, the average tidal volume is approximately 500 milliliters per inspiration. This volume ensures that adequate oxygen is delivered to the alveoli for gas exchange while carbon dioxide is effectively removed from the bloodstream. Factors such as age, sex, and physical health can influence these levels. Clinical monitoring of tidal volume is essential during medical procedures involving mechanical ventilation to prevent lung injury. It is typically assessed using a device called a spirometer to evaluate an individual's pulmonary function.;Google
Spectroscopy;Spectroscopy is the study of the interaction between matter and electromagnetic radiation as a function of wavelength or frequency. Historically, it originated through the study of visible light dispersed according to its wavelength by a prism. Today, it encompasses any interaction with radiative energy, including absorption, emission, or scattering. By analyzing the resulting spectra, scientists can determine the chemical composition, physical structure, and electronic properties of atoms and molecules. This technique is fundamental across various scientific disciplines, including chemistry, physics, and astronomy. Modern applications range from identifying distant stars to medical imaging, providing essential data about the microscopic and macroscopic universe.;Google
Receiver operating characteristic;A receiver operating characteristic curve, or ROC curve, is a graphical plot that illustrates the diagnostic ability of a binary classifier system as its discrimination threshold is varied. The method was originally developed for radar signal detection during World War II before being applied in medicine, radiology, and machine learning. The ROC curve is created by plotting the true positive rate against the false positive rate at various threshold settings. The area under the curve, often abbreviated as AUC, provides an aggregate measure of performance across all possible classification thresholds. A higher AUC indicates a better model performance, where an area of one represents a perfect classifier and zero point five suggests random guessing.;Google
Serotonin;Serotonin, or 5-hydroxytryptamine, is a monoamine neurotransmitter primarily found in the gastrointestinal tract, blood platelets, and the central nervous system. It is synthesized from the essential amino acid tryptophan. In the brain, it regulates various physiological and cognitive functions, including mood, appetite, sleep, and memory. Low levels of serotonin are frequently linked to depression and anxiety disorders, leading to the development of selective serotonin reuptake inhibitors for treatment. Outside the nervous system, it facilitates intestinal contractions and aids in blood clotting by promoting vasoconstriction. This multifaceted molecule plays a crucial role in maintaining homeostasis and overall emotional well-being across vertebrate species.;Google
Hydroxyapatite;Hydroxyapatite is a naturally occurring mineral form of calcium apatite with the chemical formula Ca1062. It serves as a primary structural component of vertebrate bone and tooth enamel, providing essential rigidity and strength to skeletal tissues. Approximately seventy percent of mammalian bone mass consists of this crystalline substance. Due to its excellent biocompatibility and osteoconductive properties, synthetic hydroxyapatite is widely utilized in medical fields for dental implants, bone grafting, and coating prosthetic devices. These applications facilitate better integration between artificial materials and living bone. Furthermore, the mineral's capacity for ion substitution allows researchers to tailor its chemical properties for specific therapeutic and regenerative medicine purposes.;Google
Chitin;Chitin is a large, naturally occurring polysaccharide composed of N-acetylglucosamine units. It serves as a fundamental structural component in various organisms, most notably forming the tough exoskeletons of arthropods such as insects, spiders, and crustaceans. Additionally, chitin is found within the cell walls of fungi and the beaks of cephalopods. Its chemical structure is remarkably similar to cellulose, though it contains nitrogen-containing functional groups that increase its strength. As a durable and biodegradable polymer, chitin has significant industrial applications. It is frequently processed into chitosan for use in water purification, wound dressings, and various biomedical engineering technologies used across the globe.;Google
Quantum cryptography;Quantum cryptography utilizes the principles of quantum mechanics to secure communications and protect data. Its most prominent application is quantum key distribution, which enables two parties to generate a shared secret key known only to them. Unlike classical cryptographic systems that rely on the perceived difficulty of mathematical problems, quantum methods derive security from the fundamental laws of physics. Specifically, the observer effect dictates that any measurement of a quantum system alters its state. Therefore, any attempt by an unauthorized third party to intercept or eavesdrop on a quantum transmission is detectable. This ensures communication channels remain immune to conventional hacking and future quantum computing threats.;Google
Gene flow;Gene flow, also known as gene migration, is the transfer of genetic material from one population to another. If the rate of gene flow is high enough, then two populations will have equivalent allele frequencies and therefore can be considered a single effective population. It can be caused by the migration of individuals or the movement of gametes, such as pollen dispersal in plants. Gene flow acts as a mechanism of evolution by introducing new alleles to a gene pool or changing the frequency of existing ones. This process generally reduces genetic differentiation between populations, counteracting the effects of natural selection or genetic drift that might otherwise lead to speciation.;Google
Titer;A titer is a laboratory measurement used to determine the concentration of a substance in a solution, most commonly applied in biology and medicine to quantify antibodies or viruses. To determine a titer, a sample is sequentially diluted until the substance no longer produces a detectable reaction in a specific assay. The value is expressed as the reciprocal of the highest dilution that still yields a positive result. For instance, a titer of 1:640 indicates the substance remained active at that specific dilution level. This technique is essential for assessing immunity, diagnosing infectious diseases, and monitoring the potency of vaccines or viral stocks within clinical and research settings.;Google
Phospholipid;Phospholipids are a class of lipids that serve as fundamental components of all cellular membranes. Structurally, each molecule consists of two hydrophobic fatty acid tails and a hydrophilic head containing a phosphate group, linked together by a glycerol backbone. This dual affinity for both water and lipids characterizes them as amphipathic molecules. In aqueous environments, phospholipids spontaneously organize into a bilayer, with heads facing the water and tails shielded in the interior. This bilayer acts as a selective barrier, regulating the passage of molecules into and out of the cell. Beyond structural roles, phospholipids participate in cell signaling and protein anchoring, ensuring vital physiological functions across various biological systems.;Google
Demodulation;Demodulation is a fundamental process in telecommunications and electronic engineering that involves extracting the original information-bearing signal from a modulated carrier wave. It serves as the inverse operation to modulation, which is performed at the transmitting end of a communication system. A device or electronic circuit designed specifically for this purpose is known as a demodulator. Depending on the modulation technique used, various methods of demodulation exist, such as envelope detection for amplitude modulation or frequency discrimination for frequency modulation. By recovering the baseband signal, demodulation allows for the interpretation of audio, video, or data originally encoded for transmission across diverse media.;Google
Josephson effect;The Josephson effect is a quantum mechanical phenomenon observed in superconductivity. It occurs when a supercurrent flows across a device known as a Josephson junction, which consists of two superconducting materials separated by a thin non-superconducting barrier. This effect arises from the tunneling of Cooper pairs through the insulating or metallic layer. There are two primary manifestations: the direct current Josephson effect, where current flows without an applied voltage, and the alternating current Josephson effect, which produces high-frequency oscillations under a fixed voltage. These principles are fundamental to high-precision sensors like SQUIDs and provide the standard for defining the volt in metrology.;Google
Lab-on-a-chip;Lab-on-a-chip technology refers to a device that integrates multiple laboratory functions onto a single integrated circuit or substrate, typically measuring only a few square millimeters to centimeters in size. These devices utilize microfluidics to manipulate extremely small fluid volumes, often in the nanoliter or picoliter range. By miniaturizing chemical and biological processes, lab-on-a-chip systems offer several advantages, including reduced consumption of reagents, faster reaction times, and increased portability for point-of-care diagnostics. They are widely used in medical testing, environmental monitoring, and DNA sequencing. This multidisciplinary field combines engineering, physics, and chemistry to create highly efficient analytical tools that revolutionize modern scientific research and clinical applications.;Google
Ecology;Ecology is the scientific study of the interactions between organisms and their environment. It encompasses the relationships between living things, including humans, and their physical surroundings. Ecologists examine how these interactions affect the distribution and abundance of organisms in different habitats. The field spans various levels of biological organization, ranging from individual organisms to populations, communities, ecosystems, and the entire biosphere. By studying energy flow and nutrient cycling, ecology provides insights into how ecosystems function and remain resilient. This discipline is crucial for understanding biodiversity, conservation efforts, and the impacts of environmental changes such as climate change and habitat destruction on the natural world.;Google
Semantic memory;Semantic memory is a category of long-term memory that involves the storage and recall of general world knowledge, facts, and concepts. It differs from episodic memory, which pertains to personal experiences and specific life events. Semantic memory enables individuals to understand language, recognize objects, and grasp abstract ideas without remembering the exact moment those pieces of information were acquired. This system includes a vast mental lexicon containing meanings of words, mathematical formulas, and historical data. Neurologically, it is primarily associated with the temporal lobes and prefrontal cortex. This foundational cognitive function allows for categorization and reasoning, facilitating complex human communication.;Google
de novo synthesis;De novo synthesis refers to the creation of complex molecules from simple precursor materials rather than through the recycling of existing components. In biological systems, this process is essential for generating primary metabolites such as nucleotides, amino acids, and fatty acids. For instance, de novo nucleotide synthesis constructs purines and pyrimidines from elemental sources like carbon dioxide and ammonia. This stands in contrast to salvage pathways, which repurpose degraded products. Such biosynthetic routes are strictly regulated by the cell to maintain metabolic homeostasis and support cellular proliferation. These pathways represent fundamental chemical transformations required for life across all known domains of organisms.;Google
Thermohaline circulation;Thermohaline circulation refers to a part of the large-scale ocean circulation that is driven by global density gradients created by surface heat and freshwater fluxes. The term combines thermo, meaning heat, and haline, meaning salt, which together determine the density of seawater. Wind-driven surface currents such as the Gulf Stream travel poleward, where they cool and eventually sink at high latitudes. This dense, cold water forms deep currents that flow back towards the equator. This global conveyor belt redistributes heat around the planet, significantly influencing the global climate and nutrient distribution within the marine ecosystems of the world's oceans.;Google
FLUKA;FLUKA is a fully integrated particle transport code based on Monte Carlo methods, designed to simulate the interaction of particles and radiation with matter. It covers a broad spectrum of applications, including shielding design, accelerator studies, dosimetry, and medical physics. The software can accurately model the behavior of approximately sixty different particle types across an extensive energy range, from thermal neutrons up to cosmic ray energies. Developed through collaboration between CERN and INFN, FLUKA utilizes sophisticated physical models rather than parameterizations to ensure high precision. It is widely recognized for its reliability in complex environments like the Large Hadron Collider and radiotherapy facilities worldwide.;Google
Psychophysics;Psychophysics is a subdiscipline of psychology that investigates the relationship between physical stimuli and the sensations and perceptions they produce. Founded by Gustav Fechner in the nineteenth century, it focuses on quantifying the human sensory experience. Key concepts include absolute thresholds, which are the minimum intensities required for detection, and difference thresholds, which involve the smallest noticeable change in a stimulus. Researchers use standardized methods to measure how variations in physical energy, such as light or sound, correlate with subjective reports. This field laid the groundwork for modern experimental psychology by demonstrating that mental processes could be measured objectively using rigorous mathematical principles.;Google
Pericyte;Pericytes are specialized mural cells located within the basement membrane of capillaries and post-capillary venules throughout the body. They play a critical role in maintaining the structural integrity of the vasculature and regulating capillary blood flow through their contractile properties. These cells are essential for the formation and maintenance of the blood-brain barrier, controlling the transport of molecules into neural tissue. Pericytes also communicate with endothelial cells via direct physical contact and paracrine signaling to guide vessel maturation and angiogenesis. Dysfunction of pericytes is linked to various pathological conditions, including diabetic retinopathy, hypertension, and neurodegenerative diseases where vascular stability is compromised.;Google
Kelvin wave;A Kelvin wave is a unique type of large-scale wave found in both the ocean and the atmosphere. These waves are non-dispersive and depend on the presence of a physical boundary or the equator to propagate. In the ocean, a coastal Kelvin wave travels along a shoreline, balancing the pressure gradient force against the Coriolis effect. Equatorial Kelvin waves move eastward along the equator, serving as a critical mechanism in the development of El Niño events. Because they trap energy against boundaries, these waves significantly influence global climate patterns and heat transport. They are essential for understanding long-term oceanographic and atmospheric dynamics.;Google
Elliptic curve;An elliptic curve is a plane algebraic curve defined by an equation of the form y squared equals x cubed plus ax plus b, where a and b are constants. These curves must be non-singular, meaning they possess no cusps or self-intersections. In mathematics, they are characterized as smooth, projective algebraic curves of genus one with a specified base point. Elliptic curves are central to number theory and played a critical role in the proof of Fermat's Last Theorem. They possess a group structure, where points on the curve can be added according to a specific geometric rule. This mathematical property is fundamental to elliptic curve cryptography, used widely in modern digital security.;Google
Anaphylaxis;Anaphylaxis is a severe, potentially life-threatening systemic allergic reaction that occurs rapidly after exposure to an allergen. This type I hypersensitivity reaction is mediated by immunoglobulin E, which triggers mast cells and basophils to release large amounts of histamine and other inflammatory mediators. Common triggers include specific foods, insect stings, and medications. Symptoms typically involve multiple organ systems, including the respiratory tract, skin, and cardiovascular system. Characteristic signs include hives, swelling of the throat, wheezing, and a sudden drop in blood pressure known as anaphylactic shock. Emergency treatment requires the immediate administration of intramuscular epinephrine to reverse the physiological cascade and prevent fatal outcomes such as respiratory or cardiac arrest.;Google
Heterochromatin;Heterochromatin is a tightly packed, condensed form of deoxyribonucleic acid that is characterized by low transcriptional activity. It primarily exists in two forms: constitutive and facultative. Constitutive heterochromatin remains permanently condensed and typically contains highly repetitive DNA sequences located at centromeres and telomeres. Conversely, facultative heterochromatin results from genes that are silenced through specific mechanisms like histone deacetylation or RNA interference. This condensed structure plays a critical role in maintaining genomic stability, regulating gene expression, and protecting chromosome integrity during cell division. Unlike its loosely packed counterpart, euchromatin, heterochromatin remains densely stained under microscopic observation throughout the entire cell cycle, reflecting its highly organized molecular architecture.;Google
Ghrelin;Ghrelin is a peptide hormone primarily produced by the lining of the stomach that acts as a central regulator of appetite and energy homeostasis. Commonly known as the hunger hormone, it is secreted into the bloodstream when the stomach is empty, signaling the hypothalamus to stimulate food consumption. Ghrelin levels fluctuate throughout the day, peaking before mealtime and declining sharply after ingestion. In addition to stimulating hunger, it promotes fat storage and triggers the release of growth hormone from the pituitary gland. Research into ghrelin is significant for understanding metabolic conditions, as it links the gastrointestinal tract with the central nervous system's control of energy balance and reward.;Google
Magnon;A magnon is a quasiparticle representing collective excitations of electron spin structures in a crystal lattice. In magnetic systems, individual spins are coupled, meaning a disturbance in one spin propagates through the material as a spin wave. Magnons are the quantized manifestations of these waves, analogous to how phonons represent lattice vibrations. Governed by Bose-Einstein statistics, magnons influence the thermodynamic properties of magnetic materials, such as specific heat and magnetization at low temperatures. In modern research, magnons are integral to the field of magnonics, where they are utilized to transmit information with minimal energy dissipation. This technology aims to revolutionize data processing and spintronics.;Google
Meta-analysis;Meta-analysis is a rigorous statistical technique used to synthesize findings from multiple independent studies addressing the same research question. By aggregating data from diverse sources, researchers can identify consistent patterns, estimate the magnitude of an effect more precisely, and increase the overall statistical power of their conclusions. This process typically involves calculating a weighted average of individual study results, often prioritizing larger samples or higher quality designs. Meta-analysis is essential in evidence-based medicine and social sciences because it helps resolve discrepancies between conflicting individual reports. It also allows for the investigation of variables that explain differences across study outcomes, providing a comprehensive overview of existing scientific knowledge within a specific field.;Google
Diffraction grating;A diffraction grating is an optical component consisting of a periodic structure that splits and diffracts light into several beams travelling in different directions. The emerging coloration is a form of structural coloration. The directions of these beams depend on the spacing of the grating and the wavelength of the light, allowing the grating to act as a dispersive element. Consequently, gratings are widely utilized in spectrometers and monochromators for analyzing light sources. When light is incident on the grating, wavefronts are divided by parallel grooves, causing interference. This process results in a distinct spectrum where each wavelength is redirected at a specific angle, governed by the fundamental grating equation.;Google
Modular form;A modular form is a complex analytic function defined on the upper half-plane of complex numbers. These functions are characterized by their high degree of symmetry under the action of the modular group, which consists of two-by-two integer matrices with determinant one. Specifically, a modular form of a given weight transforms according to a functional equation involving these matrices and satisfies certain growth conditions at infinity. These mathematical objects play a fundamental role in number theory and algebraic geometry. They are famously linked to the properties of elliptic curves and were crucial in proving Fermat's Last Theorem through the modularity theorem.;Google
Dynamic programming;Dynamic programming is a mathematical optimization method and computer programming technique used to solve complex problems by breaking them down into simpler subproblems. It is particularly effective for tasks exhibiting overlapping subproblems and optimal substructure, where the overall optimal solution can be constructed from solutions to smaller instances. To increase efficiency, dynamic programming utilizes memoization or tabulation to store previously computed results, thereby avoiding redundant calculations. Originally formalized by Richard Bellman in the 1950s, the technique has since become foundational in fields ranging from bioinformatics and resource allocation to sequence alignment and pathfinding algorithms.;Google
Biocatalysis;Biocatalysis refers to the use of natural substances, such as enzymes or whole cells, to speed up chemical reactions. These biological catalysts are highly efficient and selective, often operating under mild conditions like room temperature and neutral pH. Most biocatalysts are protein-based enzymes, although some RNA molecules also perform catalytic functions. In industrial applications, biocatalysis offers a sustainable alternative to traditional chemical synthesis because it reduces waste and eliminates the need for toxic metal catalysts. Modern biotechnology allows scientists to engineer enzymes for specific industrial processes, enhancing their stability and reactivity in non-natural environments. This field is essential for pharmaceutical production and green chemistry.;Google
Partial agonist;In pharmacology, a partial agonist is a drug that binds to and activates a given receptor but has only partial efficacy relative to a full agonist. Even at maximal receptor occupancy, the partial agonist cannot produce the maximum biological response achievable by a full agonist. Because they compete for the same binding sites, partial agonists can act as functional antagonists in the presence of a full agonist by displacing it and reducing the overall response. This unique property allows them to modulate receptor activity, providing a stabilizing effect in various physiological systems where neurotransmitter levels fluctuate significantly. They are often utilized clinically to treat conditions like addiction or hormonal imbalances.;Google
X-inactivation;X-inactivation, also known as Lyonization, is a biological process by which one of the two copies of the X chromosome present in female mammals is inactivated. This phenomenon occurs early in embryonic development and ensures that females, who possess two X chromosomes, do not produce twice as many X-linked gene products as males, who have only one. The silenced chromosome condenses into a dense structure called a Barr body. In placental mammals, the choice of which X chromosome becomes inactive is typically random, resulting in a mosaic expression pattern across different tissues. This process is primarily mediated by the Xist long non-coding RNA molecule.;Google
Semiconductor;A semiconductor is a material with electrical conductivity between that of a conductor, like copper, and an insulator, such as glass. This property arises from the band gap, where electrons require specific energy to move from the valence band to the conduction band. Common elemental materials include silicon and germanium. Conductivity can be modified through doping, which involves adding impurities to create excess charge carriers. There are two primary types: n-type, with extra electrons, and p-type, with positive holes. These materials are fundamental to modern electronics, enabling the creation of diodes, transistors, and integrated circuits used in computers and smartphones.;Google
Einstein ring;An Einstein ring is a distinct phenomenon in gravitational lensing that occurs when light from a distant galaxy or star is bent by the gravitational field of a massive foreground object, such as a cluster of galaxies or a black hole. According to Albert Einstein's general theory of relativity, gravity warps spacetime, causing light to travel along curved paths. When the light source, the massive lens, and the observer are perfectly aligned, the background light is distorted into a complete circle. This rare celestial configuration provides astronomers with a powerful tool for measuring the mass of the lensing object and investigating the distribution of dark matter throughout the universe.;Google
Telomere;A telomere is a region of repetitive nucleotide sequences located at each end of a chromatid, which protects the end of the chromosome from deterioration or from fusion with neighboring chromosomes. For vertebrates, the sequence of nucleotides in telomeres is typically TTAGGG. During chromosome replication, the enzymes that duplicate DNA cannot continue their duplication all the way to the end of a chromosome, so in each duplication the end of the chromosome is shortened. The telomeres are disposable buffers at the ends of chromosomes, which are truncated during cell division. Their presence prevents the loss of important genetic information. Eventually, telomeres reach a critical length, triggering cell senescence.;Google
Spectral method;Spectral methods are a class of numerical techniques used in applied mathematics and scientific computing to solve differential equations. Unlike finite element or finite difference methods, which utilize local approximations, spectral methods represent the solution as a linear combination of global basis functions. These basis functions are typically smooth, periodic functions like trigonometric series or orthogonal polynomials such as Chebyshev or Legendre polynomials. When the underlying solution is sufficiently smooth, these methods exhibit an exponential rate of convergence, often referred to as spectral accuracy. This high precision makes them ideal for simulating fluid dynamics, quantum mechanics, and atmospheric modeling. By transforming physical space into frequency space, complex derivatives are simplified into algebraic operations.;Google
Grain boundary;A grain boundary is an interface between two grains, or crystallites, in a polycrystalline material. These boundaries are defects in the crystal structure and occur where the periodic arrangement of atoms changes orientation. Because the atomic packing at these interfaces is less efficient than within the bulk crystal, grain boundaries possess higher energy. This energy makes them preferred sites for precipitation and corrosion. Furthermore, grain boundaries significantly influence the physical properties of metals and ceramics. For example, they act as barriers to dislocation motion, thereby increasing the strength of a material according to the Hall-Petch relationship. Consequently, controlling grain size is a fundamental technique in materials engineering.;Google
Pharmacodynamics;Pharmacodynamics is the branch of pharmacology that deals with the biochemical and physiological effects of drugs on the body. It describes how drugs interact with specific molecular targets, such as receptors, enzymes, or ion channels, to produce a biological response. This field focuses on dose-response relationships, characterizing the potency and efficacy of medications. By understanding these mechanisms, scientists can predict drug behavior, therapeutic outcomes, and potential side effects. Pharmacodynamics is often contrasted with pharmacokinetics, which examines how the body processes the drug through absorption, distribution, metabolism, and excretion. Together, these disciplines provide a comprehensive overview of drug action.;Google
Dirac equation;The Dirac equation is a relativistic wave equation derived by British physicist Paul Dirac in 1928. It describes the behavior of fermions, such as electrons and quarks, consistent with both the principles of quantum mechanics and Einstein's theory of special relativity. This landmark equation was the first to fully account for special relativity in the context of quantum mechanics. It successfully predicted the existence of antimatter by allowing for negative energy solutions, which Dirac interpreted as antiparticles. Furthermore, the equation naturally accounts for the intrinsic angular momentum, or spin, of particles, providing a theoretical basis for the fine structure of atomic spectra. It remains a fundamental pillar of modern particle physics.;Google
Adjuvant;An adjuvant is a pharmacological or immunological agent that modifies the effect of other agents while having few if any direct effects when given by itself. In the context of vaccinology, adjuvants are substances added to vaccines to stimulate a more robust and longer-lasting immune response. They function through various mechanisms, such as forming a depot at the injection site for slow antigen release or recruiting inflammatory cells to enhance the body's recognition of the pathogen. Common examples include aluminum salts, which have been used safely for decades. By increasing the efficacy of vaccines, adjuvants allow for lower doses of antigens and fewer required injections to achieve immunity.;Google
Interactome;An interactome represents the complete set of molecular interactions within a specific biological cell or organism. While the term most frequently refers to protein-protein interaction networks, it also encompasses associations between proteins and nucleic acids, lipids, or small metabolites. These complex networks serve as a functional map of cellular machinery, shifting biological focus from individual molecules to integrated systems. Mapping the interactome is essential for systems biology, as it reveals how structural components cooperate to execute physiological processes. High-throughput techniques like mass spectrometry and yeast two-hybrid screening are commonly employed to chart these connections. Analyzing interactome perturbations helps researchers understand the underlying molecular mechanisms of various diseases.;Google
Meiosis;Meiosis is a specialized type of cell division that reduces the chromosome number by half, resulting in the production of four genetically diverse haploid daughter cells. This process is essential for sexual reproduction in eukaryotes, occurring in the germ cells to produce gametes like sperm and eggs. Meiosis involves two successive rounds of nuclear division, known as meiosis I and meiosis II. During the first stage, homologous chromosomes pair and exchange genetic material through crossing over, enhancing genetic variation. The second stage resembles mitosis, where sister chromatids are separated. Upon fertilization, the fusion of haploid gametes restores the diploid chromosome number in the resulting zygote.;Google
Phylogenetic tree;A phylogenetic tree is a branching diagram or chart that shows the evolutionary relationships among various species or entities based upon similarities and differences in their physical or genetic characteristics. It represents the history of life on Earth through common ancestry. The branching pattern reflects how species or other groups evolved from a series of common ancestors. In a tree, the tips of the branches represent the descendants, often species or individuals, while the internal nodes represent the most recent common ancestors of those descendants. Distances between nodes can indicate the amount of time elapsed or genetic divergence. These trees are fundamental in fields like systematics and comparative biology to organize knowledge of biological diversity.;Google
Leptogenesis;Leptogenesis is a physical theory that explains the observed matter-antimatter asymmetry in the universe by first creating an imbalance in lepton numbers. This process typically occurs in the early universe through the decay of heavy right-handed neutrinos, which are predicted by certain extensions of the Standard Model. These decays violate CP symmetry, leading to a surplus of leptons over antileptons. Through electroweak sphaleron processes, this lepton asymmetry is partially converted into a baryon asymmetry, resulting in the excess of matter observed today. Leptogenesis provides a compelling link between neutrino masses and the fundamental origins of baryonic matter in our cosmos.;Google
Perturbation theory;Perturbation theory is a mathematical method for finding an approximate solution to a problem that cannot be solved exactly. It starts from the exact solution of a related, simpler problem and adds a small perturbation term. In physics and chemistry, this technique is widely used to study quantum mechanical systems where the Hamiltonian includes a minor disturbance. By expressing the desired solution as a power series in terms of a small parameter, researchers can calculate corrections to the original states. This approach is essential in celestial mechanics for predicting planetary orbits and in quantum field theory for calculating particle interactions, providing high accuracy when the disturbance remains relatively small.;Google
Placenta;The placenta is a temporary organ that develops in the uterus during pregnancy. It provides oxygen and nutrients to the developing fetus while removing waste products from the fetal blood supply. This organ attaches to the uterine wall and connects to the fetus via the umbilical cord. The placenta serves as a critical interface between maternal and fetal circulatory systems, facilitating gas exchange and essential nutrient transfer. Additionally, it functions as an endocrine gland, producing hormones like progesterone to maintain the pregnancy. Following childbirth, the placenta is expelled from the mother's body. It is a defining characteristic of placental mammals, essential for prenatal development and survival.;Google
Intraspecific competition;Intraspecific competition occurs when members of the same species compete for shared resources, such as food, water, space, or mates. As population density increases, individual access to these essential resources typically decreases, which can negatively impact growth, reproduction, and survival rates. This ecological process acts as a density-dependent factor, playing a critical role in regulating population sizes and driving natural selection. Competition can be classified as interference, where individuals directly interact and impede others, or exploitation, where resource depletion indirectly affects others. Ultimately, intraspecific competition promotes the survival of the fittest individuals, shaping the evolutionary trajectory and genetic diversity of a species within its specific environment.;Google
Integrin;Integrins are transmembrane receptors that facilitate adhesion between cells and the extracellular matrix. Upon ligand binding, these proteins activate signal transduction pathways that mediate essential cellular processes, including regulation of the cell cycle, organization of the intracellular cytoskeleton, and movement of receptors to the plasma membrane. The presence of integrins allows rapid and flexible responses to environmental changes at the cell surface. They are obligate heterodimers containing two distinct chains, known as alpha and beta subunits. In mammals, eighteen alpha and eight beta subunits have been identified. Integrins work alongside other proteins like cadherins to maintain tissue integrity and promote vital intercellular signaling mechanisms.;Google
Southern blot;Southern blotting is a laboratory technique used in molecular biology to detect specific DNA sequences in DNA samples. Developed by Edwin Southern in 1975, the procedure combines gel electrophoresis for size separation of DNA fragments with methods to transfer the size-separated DNA to a filter membrane for probe hybridization. Initially, restriction enzymes digest the DNA into fragments. These fragments are separated by size via agarose gel electrophoresis. Following denaturation, the DNA is transferred to a membrane. Finally, the membrane is exposed to a labeled DNA probe with a complementary sequence. If the probe binds to the membrane, it indicates the presence of the target sequence within the original sample.;Google
Guide RNA;Guide RNA, or gRNA, is a specific RNA molecule that directs enzymes to precise locations within a genome. It is a critical component of the CRISPR-Cas9 gene-editing system, where it functions as a molecular GPS. The gRNA consists of a scaffold sequence that binds to the Cas9 protein and a targeting spacer sequence complementary to the desired DNA target. Once the gRNA identifies and binds to the specific genetic sequence, the Cas9 enzyme induces a double-strand break in the DNA. This mechanism allows researchers to modify, delete, or insert genetic material with high accuracy, revolutionizing biotechnology and providing new possibilities for treating genetic disorders through targeted molecular intervention.;Google
Independent component analysis;Independent component analysis is a computational method for separating a multivariate signal into additive subcomponents. This statistical technique assumes that the subcomponents are non-Gaussian signals and that they are statistically independent from each other. It is a special case of blind source separation, famously illustrated by the cocktail party problem, where a listener isolates a single voice in a noisy room. Unlike principal component analysis, which focuses on maximizing variance and decorrelating signals, this approach seeks to maximize statistical independence. It is widely applied in fields such as neuroimaging to process brain signals, digital image processing, and telecommunications for signal extraction from complex mixtures.;Google
Antagonist;In pharmacology and biochemistry, an antagonist is a type of receptor ligand or drug that blocks or dampens a biological response by binding to and blocking a receptor rather than activating it like an agonist. Antagonists possess affinity but no efficacy for their cognate receptors, and their binding disrupts the interaction and inhibits the function of an agonist or inverse agonist. Antagonists mediate their effects by binding to the active site or allosteric sites on receptors, or they may interact at unique binding sites not normally involved in biological regulation. Antagonist activity may be reversible or irreversible depending on the longevity of the resulting antagonist-receptor complex.;Google
Haploinsufficiency;Haploinsufficiency is a genetic phenomenon that occurs when a single functional copy of a gene is insufficient to produce enough of its gene product to maintain a wild-type phenotype. In diploid organisms, most genes require two functional alleles for normal operation. However, when one allele is inactivated by mutation, the remaining healthy allele cannot compensate for the loss, leading to a disease state or developmental abnormalities. This mechanism often characterizes autosomal dominant disorders. It typically involves genes encoding proteins where precise concentration is critical, such as transcription factors or structural components. Consequently, even fifty percent of the normal protein level fails to fulfill physiological requirements.;Google
Organoid;An organoid is a three-dimensional multicellular structure designed to mimic the anatomy and physiology of a specific human or animal organ. These miniaturized versions are grown in vitro from stem cells, which can be either pluripotent stem cells or organ-specific adult stem cells. By utilizing specialized growth media and extracellular matrices, these cells self-organize into complex architectures that resemble the natural tissue environment. Organoids provide researchers with powerful tools for studying embryonic development, disease progression, and personalized medicine. Unlike traditional cell cultures, they offer a more accurate representation of how organs function and respond to therapeutic drugs within a living organism.;Google
Thrombin;Thrombin is a crucial serine protease that serves as a central enzyme in the blood coagulation cascade. It is synthesized in the liver as an inactive precursor called prothrombin and converted into its active form by the prothrombinase complex. The primary function of thrombin involves the conversion of soluble fibrinogen into insoluble fibrin strands, which stabilize blood clots. Beyond this role, thrombin promotes platelet activation and regulates various downstream coagulation factors, including factors V, VIII, and XIII. Furthermore, thrombin interacts with specific cellular receptors to influence vascular biology, inflammation, and wound healing, while being strictly regulated by antithrombin to prevent systemic thrombosis.;Google
Mitosis;Mitosis is a fundamental process in cell biology where a single eukaryotic cell divides into two genetically identical daughter cells. This type of cell division is essential for growth, tissue repair, and asexual reproduction in multicellular organisms. The process is typically divided into several distinct stages: prophase, metaphase, anaphase, and telophase. During these phases, the cell's replicated chromosomes are aligned and separated to opposite poles of the cell. Following mitosis, cytokinesis occurs, physically splitting the cytoplasm into two independent units. This precise distribution ensures that each new cell receives a complete set of genetic information necessary for its proper function within the organism.;Google
Turbo code;Turbo codes are a class of high-performance forward error correction codes introduced in 1993. They represent a significant breakthrough in information theory by enabling data transmission speeds that closely approach the theoretical maximum capacity of a communication channel, known as the Shannon limit. The structure typically involves the parallel concatenation of two or more convolutional encoders separated by an interleaver. This arrangement ensures that input sequences are shuffled before being processed by the second encoder. At the receiver, an iterative decoding process utilizes soft-input soft-output algorithms to refine error estimates across multiple passes. These codes have been widely implemented in satellite communications and mobile networking standards like 3G and 4G.;Google
Nuclear fusion;Nuclear fusion is a reaction in which two or more atomic nuclei are combined to form one or more different atomic nuclei and subatomic particles. The difference in mass between the reactants and products is manifested as either the release or absorption of energy. This process powers active stars, including the Sun, where hydrogen nuclei fuse into helium under extreme pressure and temperature. On Earth, scientists seek to replicate this process to provide a sustainable and nearly limitless source of clean energy. Achieving controlled fusion requires overcoming the electrostatic repulsion between nuclei, necessitating high-energy environments created in devices like tokamaks or through inertial confinement techniques.;Google
Peripheral tolerance;Peripheral tolerance is a secondary mechanism of the immune system that prevents self-reactive lymphocytes from initiating an autoimmune response. While central tolerance eliminates most self-reactive cells in the thymus and bone marrow, some escape into the periphery. Peripheral tolerance ensures these cells are controlled through mechanisms such as anergy, deletion, and suppression. Anergy involves rendering lymphocytes unresponsive to their target antigens, while deletion triggers programmed cell death. Regulatory T cells play a crucial role by actively suppressing the activity of potential self-reactive cells. Together, these processes maintain immunological homeostasis and protect host tissues from accidental immune-mediated damage, complementing the primary selection processes found in generative lymphoid organs.;Google
Purine;Purines are heterocyclic aromatic organic compounds consisting of a pyrimidine ring fused to an imidazole ring. They are the most widely occurring nitrogen-containing heterocycles in nature. In biochemistry, two specific purines, adenine and guanine, serve as fundamental building blocks of nucleic acids like DNA and RNA. Beyond genetic storage, purine derivatives function as essential components in energy transfer through molecules like adenosine triphosphate and as signaling molecules like cyclic AMP. Metabolic degradation of purines in humans results in the production of uric acid, which is excreted through urine. Abnormal purine metabolism can lead to medical conditions such as gout.;Google
Parallax;Parallax refers to the displacement or difference in the apparent position of an object viewed along two different lines of sight. It is measured by the angle of inclination between those lines. Nearby objects show a larger parallax than distant objects when observed from shifting positions, which allows for precise distance calculations. In astronomy, parallax serves as a fundamental method for measuring the distances to nearby stars. By observing a star from opposite sides of Earth's orbit, astronomers measure the tiny shift in its position against more distant background objects. This geometric principle is critical for establishing the first rung of the cosmic distance ladder.;Google
Lie algebra;A Lie algebra is a mathematical structure defined as a vector space equipped with a non-associative binary operation known as the Lie bracket. This operation must satisfy specific axioms including bilinearity, antisymmetry, and the Jacobi identity. Developed primarily by Sophus Lie, these algebras provide a framework for studying continuous symmetry and geometric transformations. They serve as the tangent spaces to Lie groups at the identity element, capturing local algebraic properties. This relationship allows mathematicians and physicists to solve complex differential equations and analyze fundamental forces through linear transformations. Lie algebras are essential in quantum mechanics and particle physics for describing rotational symmetry.;Google
Loss function;A loss function, also known as a cost function, is a mathematical method used in statistics and machine learning to evaluate how well a specific algorithm models the given data. It quantifies the difference between the predicted output of a model and the actual ground truth values. By minimizing this numerical value through optimization techniques like gradient descent, researchers can improve model accuracy and reliability. Common examples include mean squared error for regression tasks and cross-entropy for classification problems. Ultimately, the choice of an appropriate loss function is critical because it defines the objective the learning algorithm attempts to achieve during the training phase of development.;Google
Molecular clock;The molecular clock is a figurative term for a technique that uses the mutation rate of biomolecules to deduce the time in prehistory when two or more life forms diverged. This concept relies on the observation that genetic mutations accumulate in DNA and proteins at a relatively constant rate over millions of years. By comparing the genetic differences between species, scientists can estimate the timeframe of their last common ancestor. To improve accuracy, researchers often calibrate these genetic clocks using fossil records or known geological events. While rates of evolution can vary between lineages, the molecular clock remains a fundamental tool in evolutionary biology and phylogenetics.;Google
Special relativity;Special relativity is a fundamental physical theory proposed by Albert Einstein in 1905. It fundamentally changed the understanding of space and time by introducing two primary postulates. First, the laws of physics are invariant in all inertial frames of reference. Second, the speed of light in a vacuum is constant for all observers, regardless of the motion of the light source or observer. This theory leads to phenomena such as time dilation, where time slows for objects moving at high relative speeds, and length contraction. Furthermore, it establishes the mass-energy equivalence expressed by the equation E=mc2, suggesting that mass and energy are interchangeable manifestations of the same entity within a four-dimensional spacetime continuum.;Google
Cohomology;Cohomology is a fundamental tool in algebraic topology that assigns algebraic invariants to topological spaces. It originated as a dual theory to homology, which studies the structure of spaces through cycles and boundaries. In cohomology, algebraic structures such as groups or rings are associated with a space, providing more refined data than homology alone. By assigning cochains to various geometric elements, mathematicians can distinguish between shapes that might otherwise appear similar. This field extends into various disciplines, including differential geometry, algebraic geometry, and theoretical physics. It plays a crucial role in understanding the global properties of manifolds and complex mathematical structures.;Google
Recombinant DNA;Recombinant DNA technology involves the deliberate joining of DNA molecules from different species to create new genetic combinations. This foundational tool of biotechnology allows scientists to isolate specific genes and insert them into a host organism. The process typically uses restriction enzymes to cut DNA at precise locations and ligase enzymes to join the fragments into a vector, such as a plasmid. Once introduced into host cells, the recombinant DNA replicates and expresses specific proteins. Applications of this technique include the production of human insulin, vaccines, and genetically modified organisms. This technology remains essential for modern biomedical research and agricultural advancements worldwide.;Google
Equivalence point;The equivalence point in a chemical titration represents the stage where the quantity of titrant added is stoichiometrically equal to the amount of analyte present in the sample. This theoretical point signifies that the chemical reaction between the two substances has reached completion according to the balanced equation. In acid-base titrations, the equivalence point is characterized by a specific pH level depending on the strengths of the reactants. Although often confused with the endpoint, which is a visible change in an indicator, the equivalence point is determined through precise mathematical calculation or instrumental methods like potentiometry. Monitoring this point is essential for accurate quantitative analysis in laboratory chemistry.;Google
Cell membrane;The cell membrane, also known as the plasma membrane, is a biological membrane that separates the interior of all cells from the outside environment. It consists of a lipid bilayer with embedded proteins. This selectively permeable barrier regulates the transport of materials entering and exiting the cell. Its primary function is to protect the cell from its surroundings while maintaining homeostasis. The fluid mosaic model describes its structure as a dynamic arrangement of phospholipids, cholesterol, and various proteins. These components facilitate communication, signaling, and structural support. In addition to regulating transport, the membrane plays a vital role in cell adhesion and ion conductivity.;Google
Transition state analog;A transition state analog is a chemical compound with a structure that closely resembles the transition state of a substrate during an enzymatic reaction. Unlike the actual transition state, which is highly unstable and short-lived, an analog is a stable molecule. Because enzymes are evolved to bind the transition state most tightly to lower the activation energy, these analogs exhibit exceptionally high affinity for the enzyme active site. Consequently, transition state analogs function as potent competitive inhibitors. They are valuable tools in drug design and mechanistic studies, allowing researchers to probe enzyme kinetics and develop effective pharmaceuticals such as protease inhibitors.;Google
Markov chain;A Markov chain is a mathematical system that undergoes transitions from one state to another within a finite or countable state space. It is a stochastic process characterized by the Markov property, which dictates that the probability of moving to a future state depends solely on the present state and not on the sequence of events that preceded it. This memoryless quality distinguishes it from processes requiring historical data for prediction. Transitions are governed by fixed probabilities often represented in a transition matrix. Widely utilized in fields like physics, economics, and data science, Markov chains effectively model complex systems and random walks.;Google
Gluino;A gluino is a hypothetical elementary particle predicted by supersymmetry, a framework extending the Standard Model of particle physics. As the superpartner of the gluon, the gluino is a fermion with spin 1/2, whereas the gluon is a boson with spin 1. In supersymmetric models, gluinos carry color charge and are categorized as Majorana fermions, meaning they are their own antiparticles. They participate in the strong interaction and are expected to be significantly more massive than their Standard Model counterparts. Despite extensive searches at high-energy particle accelerators like the Large Hadron Collider, no experimental evidence for gluinos has been discovered yet.;Google
Cyclodextrin;Cyclodextrins are a family of cyclic oligosaccharides consisting of glucose subunits linked together in a ring. They are typically produced from starch through enzymatic conversion. Structurally, cyclodextrins resemble a truncated cone with a hollow, hydrophobic interior and a hydrophilic exterior surface. This unique architecture allows them to form inclusion complexes by encapsulating nonpolar molecules within their central cavity. The three most common types are alpha, beta, and gamma cyclodextrins, which contain six, seven, and eight glucose units respectively. These compounds are widely utilized in pharmaceuticals to improve drug solubility, in the food industry for stabilization, and in environmental science for toxin removal.;Google
Quantum teleportation;Quantum teleportation is a process by which quantum information can be transmitted from one location to another using classical communication and previously shared quantum entanglement between the sending and receiving locations. Because it depends on classical communication, which can proceed no faster than the speed of light, it cannot be used for faster-than-light transport of quantum states. It does not transport physical matter itself, but rather the exact state of a quantum system. This procedure involves a Bell state measurement on a source qubit and one part of an entangled pair, followed by transmitting the result to the destination for precise state reconstruction.;Google
Factor analysis;Factor analysis is a multivariate statistical method used to describe variability among observed, correlated variables in terms of a lower number of unobserved variables called factors. It assumes that observed variables are linear combinations of these underlying latent factors plus an error term. By identifying common variance, the technique reduces data dimensionality, making complex datasets easier to interpret. Researchers commonly apply factor analysis in psychology and social sciences to uncover hidden structures, such as intelligence or personality traits, which cannot be measured directly. This process simplifies data by grouping related items together, thereby helping to confirm theoretical models or explore new patterns within large sets of quantitative information.;Google
Pyrene;Pyrene is a polycyclic aromatic hydrocarbon consisting of four fused benzene rings, resulting in a flat, aromatic structure with the chemical formula C16H10. This colorless solid is primarily formed during the incomplete combustion of organic compounds and is commonly found in coal tar and automobile exhaust. While it lacks the potent carcinogenicity of some other polycyclic aromatic hydrocarbons, it remains a subject of environmental concern. Pyrene is notably significant in analytical chemistry due to its strong fluorescence properties. It is frequently utilized as a molecular probe in fluorescence spectroscopy to investigate local environments in chemical and biological systems, such as measuring polarity or monitoring molecular interactions.;Google
Dual process theory;Dual process theory is a foundational concept in psychology and cognitive science describing how human thought arises from two distinct processes. System 1 is characterized as fast, instinctive, and emotional, operating automatically with little effort. In contrast, System 2 is slower, more deliberative, and logical, requiring conscious attention and mental energy. This framework, popularized by Daniel Kahneman, explains various cognitive phenomena, including decision-making, social judgment, and reasoning. While System 1 handles routine tasks and immediate reactions, System 2 intervenes during complex problem-solving or when errors are detected. Together, these systems shape how individuals perceive and interact with the world around them.;Google
Endemism;Endemism is the ecological state of a species being unique to a defined geographic location such as an island or a specific habitat type. Organisms that are indigenous to a place are not considered endemic if they are also found elsewhere. This phenomenon results from geographic isolation and restricted gene flow leading to distinct evolutionary paths. Endemic species are often highly specialized for their environments. Due to their restricted distribution and narrow ecological niches, these populations face a significantly higher risk of extinction from environmental changes or human activity. Consequently, many conservation efforts prioritize regions with high levels of endemism to preserve global biodiversity.;Google
Combinatorics;Combinatorics is a major branch of mathematics primarily concerned with the study of finite or countable discrete structures. It involves the analysis of permutations, combinations, and arrangements of elements within sets according to specified rules. Key areas of investigation include enumerative combinatorics, which focuses on counting the number of ways certain patterns can be formed, and graph theory, which explores the relationships between objects represented as nodes and edges. This field plays a crucial role in computer science, cryptography, and probability theory, providing foundational tools for algorithm analysis and network optimization across various scientific disciplines.;Google
Radiation therapy;Radiation therapy, also known as radiotherapy, is a medical treatment that uses high doses of ionizing radiation to destroy cancer cells and shrink tumors. The process works by damaging the genetic material within cells, preventing them from growing and dividing. Although it affects both cancerous and healthy tissues, normal cells can often repair themselves more effectively than malignant ones. Delivery methods include external beam radiation, where a machine directs beams at the body, and internal brachytherapy, which involves placing radioactive material near the tumor. Clinicians frequently utilize this modality alongside surgery or chemotherapy to enhance overall treatment efficacy and manage symptoms effectively for various oncology patients.;Google
Linear programming;Linear programming, also called linear optimization, is a mathematical method for determining a way to achieve the best outcome, such as maximum profit or lowest cost, in a given mathematical model whose requirements are represented by linear relationships. This technique is widely used in business, economics, and engineering to solve complex resource allocation problems. The feasible region is defined by a set of linear inequalities or constraints, while the objective function represents the goal to be optimized. The simplex algorithm, developed by George Dantzig, is a primary method for solving these problems. By identifying the optimal vertex of the feasible polytope, linear programming allows organizations to maximize efficiency and minimize waste across various industrial sectors.;Google
Prefrontal cortex;The prefrontal cortex is the portion of the cerebral cortex located at the very front of the frontal lobe. It serves as a central hub for higher-order cognitive processes collectively known as executive functions. These processes include complex decision-making, impulse control, personality expression, and the moderation of social behavior. Neuroscientifically, the region is essential for orchestrating thoughts and actions to achieve specific internal goals. It plays a critical role in predicting future consequences, differentiating between conflicting ideas, and managing working memory. Situated ahead of the motor areas, the prefrontal cortex is one of the most evolved parts of the human brain, distinguishing primates through its sophisticated capacity for abstract reasoning and emotional regulation.;Google
Mitochondrion;The mitochondrion is a double-membrane-bound organelle found in most eukaryotic organisms. Often referred to as the powerhouse of the cell, its primary function is to generate adenosine triphosphate through oxidative phosphorylation. This process involves the electron transport chain and the citric acid cycle within the inner mitochondrial matrix. Mitochondria possess their own independent genome, which is distinct from the nuclear DNA, suggesting an endosymbiotic origin from proteobacteria. They play critical roles in regulating cellular metabolism, calcium signaling, and programmed cell death. Structural features include the outer membrane, the folded inner membrane called cristae, and the intermembrane space.;Google
Proteome;The proteome represents the entire complement of proteins expressed by a genome, cell, tissue, or organism at a specific time under defined conditions. While the genome is largely static, the proteome is highly dynamic and responds to internal and external environmental stimuli. This diversity arises from alternative splicing and post-translational modifications, ensuring that a single gene can yield multiple protein isoforms. Proteomics involves the systematic identification and quantification of these molecules using mass spectrometry. Analyzing the proteome is crucial for understanding metabolic pathways and identifying biomarkers for clinical diagnosis and therapeutic intervention.;Google
Turbulence;Turbulence is a fluid motion characterized by chaotic changes in pressure and flow velocity. It contrasts with laminar flow, which occurs when a fluid flows in parallel layers. In turbulent flow, unsteady eddies of many sizes interact with each other, creating drag and increased energy dissipation. It is commonly observed in phenomena such as surf, mountain streams, billowing storm clouds, or smoke from a chimney. The onset of turbulence can be predicted by the Reynolds number, a dimensionless quantity that expresses the ratio of inertial forces to viscous forces. Despite its prevalence, turbulence remains one of the most difficult problems in classical physics to model mathematically.;Google
Wound healing;Wound healing is a complex biological process that restores tissue integrity after an injury. It occurs in four overlapping stages: hemostasis, inflammation, proliferation, and remodeling. First, hemostasis involves blood clotting to stop bleeding. During inflammation, white blood cells clear debris and pathogens. The proliferative phase follows, characterized by the formation of granulation tissue, angiogenesis, and re-epithelialization to bridge the wound gap. Finally, remodeling involves the maturation of collagen fibers, which increases the strength of the new tissue over several months or years. Factors such as nutrition, age, and underlying health conditions significantly influence the efficiency and outcome of this essential physiological repair mechanism.;Google
Cytokine;Cytokines are a broad category of small, soluble proteins that act as critical signaling molecules within the immune system. They facilitate communication between cells, regulating immune responses, inflammation, and hematopoiesis. Produced by various cell types, including macrophages, lymphocytes, and mast cells, cytokines function by binding to specific receptors on target cell surfaces. This binding triggers intracellular signaling pathways that alter gene expression and cellular behavior. Major families include interleukins, interferons, chemokines, and tumor necrosis factors. While they are vital for coordinating defense against pathogens, their overproduction can lead to systemic inflammatory conditions. Consequently, cytokines play a central role in both health and disease pathology.;Google
Tissue engineering;Tissue engineering is a biomedical field focused on restoring, maintaining, or improving damaged tissues or whole organs. It combines cells, engineering materials, and biochemical factors to create functional substitutes for native tissues. Key components typically include scaffolds that provide structural support, living cells to populate the matrix, and growth factors that guide cellular development. Scaffolds are often made from biodegradable polymers or decellularized natural matrices. This interdisciplinary science aims to solve the shortage of organ donors by growing replacements in laboratories. Researchers utilize advanced techniques like 3D bioprinting to organize cells into precise anatomical structures for clinical application.;Google
Conformer;In chemistry, a conformer, or conformational isomer, is a specific spatial arrangement of atoms within a molecule that can be interconverted by rotation around a single chemical bond. These isomers represent different energy states of the same molecular structure. Unlike structural isomers, conformers share the same bond connectivity but vary in their torsional angles. Factors such as steric hindrance and electronic effects determine the relative stability of various conformations. For instance, cyclohexane transitions between chair and boat forms to minimize internal strain. Understanding these spatial orientations is crucial for predicting chemical reactivity and biological activity, particularly in complex structures like proteins and synthetic polymers.;Google
Exon;An exon is a specific segment of a DNA or RNA molecule containing information that codes for a protein or peptide sequence. In eukaryotic organisms, genes are composed of these coding sequences interspersed with non-coding regions called introns. During the process of gene expression, the entire DNA sequence is transcribed into precursor messenger RNA. Subsequently, a mechanism known as RNA splicing removes the introns and joins the exons together to form a continuous sequence. This mature messenger RNA then serves as a template for protein synthesis during translation. Through alternative splicing, different combinations of exons can be joined, allowing a single gene to produce multiple distinct protein isoforms.;Google
Biogeography;Biogeography is the study of the distribution of species and ecosystems in geographic space and through geological time. It seeks to understand why organisms live where they do and how patterns of biodiversity vary across the globe. Key factors influencing these patterns include plate tectonics, climate change, and evolutionary processes like speciation and extinction. Modern biogeography is divided into historical biogeography, which examines past distributions, and ecological biogeography, which focuses on current environmental interactions. By analyzing island life and continental shifts, scientists can reconstruct the history of life on Earth and predict how current species might respond to future habitat loss or global warming.;Google
Phased array;A phased array is a computer-controlled cluster of antennas that creates a beam of radio waves capable of being electronically steered without moving the physical structure. This technology utilizes multiple small antenna elements, each equipped with a phase shifter to adjust the timing of the outgoing signals. Through the principle of constructive and destructive interference, these individual wave fronts combine to form a concentrated beam in a specific direction. This capability allows for rapid scanning and multi-target tracking. Phased arrays are essential in modern radar systems, satellite communications, and 5G cellular networks, providing high flexibility and reliability compared to traditional mechanical systems.;Google
Bragg peak;The Bragg peak refers to the sharp increase in energy deposition that occurs when heavy charged particles, such as protons or alpha particles, travel through matter. Unlike X-rays, which lose energy gradually, these particles deposit most of their kinetic energy at a specific depth just before coming to a complete stop. This effect is caused by the increase in the interaction cross-section as the particle velocity decreases. This unique physical property allows for highly precise radiation delivery. In medical contexts, clinicians utilize the Bragg peak in proton therapy to target cancerous tumors deep within the body, effectively minimizing the radiation dose received by healthy tissues located in front of or behind the intended target area.;Google
Magnetometer;A magnetometer is a scientific instrument used to measure the strength, direction, or relative change of a magnetic field at a particular location. These devices function based on various physical principles, including the Hall effect, magneto-resistance, or electromagnetic induction. They are essential in diverse fields such as geophysics, where they map the Earth's magnetic field, and space exploration, where they analyze planetary magnetospheres. Modern magnetometers vary in complexity from simple compasses to sophisticated superconducting quantum interference devices. They are integrated into navigation systems, mineral exploration tools, and consumer electronics like smartphones to provide orientation data relative to the magnetic north.;Google
Epistasis;"Epistasis is a fundamental genetic phenomenon where the effect of one gene is dependent on the presence of one or more modifier genes. In these interactions, the expression of a specific phenotype resulting from an allele at one locus is masked, inhibited, or enhanced by alleles at a different locus. This complexity means that individual genes do not act in isolation; instead, they function within a complex network of biochemical pathways. Understanding epistasis is crucial for studying evolutionary biology and the inheritance of complex diseases. It highlights that the relationship between genotype and phenotype is often nonlinear, as the genetic background significantly influences how traits are manifested in an organism.";Google
Proteasome;The proteasome is a large protein complex found in all eukaryotes and archaea, as well as some bacteria. Its primary function is the degradation of unneeded or damaged proteins by proteolysis, a chemical reaction that breaks peptide bonds. This process is essential for maintaining cellular homeostasis, regulating the cell cycle, and removing misfolded proteins. Proteins destined for degradation are typically marked with a small protein called ubiquitin. The proteasome acts as a quality control system, ensuring that regulatory proteins are recycled and toxic aggregates are cleared. Dysregulation of proteasomal activity is linked to various diseases, including cancer and neurodegenerative disorders.;Google
Power-to-gas;Power-to-gas, often abbreviated as P2G, is a technology that converts electrical energy into gaseous fuels to facilitate long-term energy storage. The process typically begins with electrolysis, where surplus electricity from renewable sources like wind or solar is used to split water into hydrogen and oxygen. The resulting hydrogen can be used directly as a fuel or further processed through methanation. In this second stage, hydrogen reacts with carbon dioxide to produce synthetic natural gas or methane. These gases are easily integrated into existing infrastructure, such as gas pipelines and storage facilities, helping to balance the power grid and reduce carbon emissions across various industrial sectors.;Google
Random forest;Random forest is a robust ensemble learning method used primarily for classification and regression tasks in machine learning. It functions by constructing a multitude of decision trees during the training phase. For classification problems, the model outputs the class most frequently selected by the individual trees, while for regression, it calculates the mean or average prediction. The algorithm enhances predictive accuracy and controls overfitting by utilizing techniques known as bagging and random feature selection. By aggregating results from diverse trees, random forests provide more stable and reliable predictions compared to single decision trees. This approach makes it a versatile tool for handling complex datasets across various scientific and industrial applications.;Google
Prion;A prion is a proteinaceous infectious particle that lacks nucleic acids, distinguishing it from viruses and bacteria. It consists of a misfolded form of a normally occurring protein, primarily found in the central nervous system. When a prion enters a healthy organism, it acts as a template, inducing normal proteins to fold into the same abnormal shape. This process triggers a cascade of protein aggregation, leading to cellular dysfunction and brain tissue degradation. Prions cause fatal neurodegenerative conditions known as transmissible spongiform encephalopathies, such as Creutzfeldt-Jakob disease and bovine spongiform encephalopathy. These diseases are characterized by long incubation periods and a distinctive sponge-like appearance of the brain.;Google
Information theory;Information theory is a branch of applied mathematics and electrical engineering involving the quantification, storage, and communication of information. It was established by Claude Shannon in his 1948 paper A Mathematical Theory of Communication. This field is fundamentally based on probability theory and statistical analysis. The primary measure of information is entropy, which quantifies the degree of uncertainty in a random variable. Other core concepts include mutual information, channel capacity, and error correction techniques. These theoretical principles are essential for the operation of the modern internet, telecommunications, and data compression, allowing for reliable data transmission over noisy channels.;Google
Coenzyme A;Coenzyme A is a vital cofactor essential for the synthesis and oxidation of fatty acids, as well as the oxidation of pyruvate in the citric acid cycle. Structurally, it consists of cysteamine, pantothenate, and adenosine triphosphate. Its primary functional role involves carrying acyl groups, such as acetyl groups, via a thioester bond formed at its terminal thiol group. When Coenzyme A carries an acetyl group, it becomes acetyl-CoA, a central metabolite in energy production. This molecule acts as a universal acyl group carrier across all domains of life, facilitating numerous enzymatic reactions necessary for cellular metabolism and the maintenance of biological systems.;Google
Monte Carlo method;The Monte Carlo method refers to a broad class of computational algorithms that rely on repeated random sampling to obtain numerical results. The underlying concept is to use randomness to solve problems that might be deterministic in principle. These methods are primarily used in three problem classes: optimization, numerical integration, and generating draws from a probability distribution. By performing numerous simulations, researchers can approximate the probability of various outcomes in complex systems. It is widely applied in physical sciences, engineering, and finance to model systems with significant uncertainty or high-dimensional input spaces that are otherwise difficult to solve with traditional analytical techniques.;Google
Uncompetitive inhibition;Uncompetitive inhibition is a specific type of enzyme inhibition where an inhibitor binds exclusively to the enzyme-substrate complex rather than the free enzyme. This interaction typically occurs at an allosteric site that is only revealed after the substrate has bound to the active site. Consequently, this process effectively reduces the concentration of productive enzyme-substrate complexes, leading to a decrease in the maximum reaction velocity. Additionally, the apparent Michaelis constant decreases because the formation of the inactive enzyme-substrate-inhibitor complex shifts the chemical equilibrium toward the bound state. On a Lineweaver-Burk plot, uncompetitive inhibition is uniquely characterized by a series of parallel lines representing different inhibitor concentrations.;Google
Membrane protein;Membrane proteins are essential biological molecules attached to or associated with the lipid bilayer of a cell or organelle. They are classified into two primary categories: integral proteins, which penetrate the hydrophobic core, and peripheral proteins, which reside on the membrane surfaces. These proteins facilitate critical cellular processes, including signal transduction, ion transport, and cell-to-cell recognition. Integral proteins often serve as channels or carriers for molecules that cannot cross the lipid barrier independently. Additionally, they act as receptors for hormones and neurotransmitters, allowing cells to respond to external stimuli. By maintaining electrochemical gradients and structural integrity, membrane proteins are vital for survival, representing a major target for pharmaceutical drug development.;Google
Bremsstrahlung;Bremsstrahlung, meaning braking radiation in German, is electromagnetic radiation produced by the deceleration of a charged particle when deflected by another charged particle, typically an electron by an atomic nucleus. The moving particle loses kinetic energy, which is converted into a photon to satisfy the law of conservation of energy. This phenomenon occurs across the entire electromagnetic spectrum but is most frequently observed in the production of X-rays for medical imaging and industrial applications. The energy of the emitted radiation depends on the initial velocity of the electron and its proximity to the nucleus. It is a fundamental concept in astrophysics and plasma physics.;Google
Vacuole;A vacuole is a membrane-bound organelle present in all plant and fungal cells, as well as some protist, animal, and bacterial cells. These structures are essentially enclosed compartments filled with water containing inorganic and organic molecules, including enzymes in solution. In plant cells, vacuoles are particularly prominent, often occupying the majority of the cell volume. They play a critical role in maintaining turgor pressure against the cell wall, which provides structural support. Additionally, vacuoles function in the storage of nutrients, the isolation of waste products, and the maintenance of internal hydrostatic pressure. They are dynamic organelles that adjust their size and content based on metabolic needs.;Google
Ligand;A ligand is an atom, ion, or molecule that binds to a central metal atom or ion to form a coordination complex. In coordination chemistry, this interaction typically involves the donation of one or more electron pairs from the ligand to the metal, acting as a Lewis base. The strength and nature of these bonds can vary from covalent to ionic. In the context of biochemistry, a ligand is defined as a molecule that binds to a specific site on a target protein or receptor. This binding event often triggers a conformational change or initiates a biological signal, playing a crucial role in cellular communication and metabolic regulation.;Google
Shor's algorithm;Shor's algorithm is a quantum computation procedure formulated by mathematician Peter Shor in 1994. It is primarily designed for integer factorization, which involves determining the prime factors of a large composite number. On a classical computer, this task becomes increasingly difficult as the number grows, forming the security basis for RSA encryption. However, Shor's algorithm operates in polynomial time, providing an exponential speedup over classical methods. It achieves this efficiency by using a quantum Fourier transform to find the period of a modular function. If successfully implemented on a large-scale quantum computer, it would potentially compromise most modern cryptographic systems.;Google
Radiation pressure;Radiation pressure is the mechanical pressure exerted upon any surface exposed to electromagnetic radiation. This phenomenon arises because photons carry momentum, which is transferred to matter during absorption or reflection. While often negligible on Earth, this force plays a critical role in stellar physics by counteracting gravitational collapse. In the vacuum of space, radiation pressure is the driving force behind solar sails, allowing for propulsion without chemical fuel. The total pressure experienced depends on the intensity of the light source and the optical properties of the surface, with reflective materials experiencing double the force of perfectly absorbent surfaces.;Google
Substitution reaction;A substitution reaction is a fundamental chemical process in which one functional group in a chemical compound is replaced by another. This transformation is central to organic chemistry, often categorized into nucleophilic and electrophilic types based on the nature of the attacking species. In nucleophilic substitution, an electron-rich species attacks a positive center to displace a leaving group, common in alkyl halides. Electrophilic substitution typically occurs in aromatic systems where an electron-deficient species replaces a hydrogen atom. These reactions are characterized by specific mechanisms, such as SN1 or SN2, which describe the kinetics and molecularity of the process. Understanding these pathways is crucial for synthesizing complex molecules and pharmaceutical drugs.;Google
Transistor;A transistor is a fundamental semiconductor device used to amplify or switch electrical signals and power. It is composed of semiconductor material, typically with at least three terminals for connection to an external circuit. By applying a voltage or current to one pair of the transistor's terminals, the flow of current through another pair of terminals can be precisely controlled. Because the output power can be higher than the input power, a transistor can act as an amplifier. Transistors are the primary building blocks of modern electronic devices and are integrated into vast circuits within microchips. They replaced vacuum tubes, offering smaller size, higher efficiency, and greater reliability.;Google
Topoisomerase;Topoisomerases are essential enzymes that regulate the topological state of DNA within living cells. During biological processes like replication and transcription, DNA becomes overwound or tangled, creating torsional strain. Topoisomerases resolve these structural issues by inducing transient breaks in the phosphate backbone of the DNA strands. Type I topoisomerases cleave a single strand, while Type II enzymes cut both strands to manage larger supercoils and knots. By reconnecting the broken strands after physical manipulation, these proteins ensure genomic stability and proper genetic expression. Because of their vital role in cell division, they are frequent targets for antimicrobial and anticancer medications.;Google
STED microscopy;Stimulated Emission Depletion microscopy is a powerful super-resolution technique that overcomes the physical diffraction limit of light to capture high-resolution images of biological structures. Developed by Stefan Hell, this method utilizes two laser pulses to manage fluorophore excitation. The first laser excites the molecules, while a second donut-shaped beam selectively deactivates them in the periphery through stimulated emission. This process confines fluorescence to a focal spot significantly smaller than the wavelength of light being used. Consequently, STED provides detailed visualization of cellular components at the nanometer scale, enabling researchers to observe molecular processes that were previously indistinguishable under traditional light microscopy.;Google
Calorimetry;Calorimetry is the scientific study of measuring the amount of heat involved in chemical reactions or physical changes. It relies on a device called a calorimeter, which provides an insulated environment to prevent energy exchange with the surroundings. By monitoring temperature changes within the system, scientists can calculate enthalpy, specific heat capacity, and internal energy. This discipline is fundamental to thermodynamics, chemistry, and biochemistry. The primary principle involves the conservation of energy, where heat lost by one substance is gained by another. Common techniques include constant-volume bomb calorimetry and constant-pressure calorimetry. These measurements are essential for determining the energy content of foods and fuels.;Google
Pattern recognition receptor;Pattern recognition receptors are a class of germline-encoded host sensors of the innate immune system. They detect molecules frequently found in pathogens, known as pathogen-associated molecular patterns, or molecules released by damaged cells, called damage-associated molecular patterns. PRRs include membrane-bound proteins like Toll-like receptors and cytoplasmic proteins such as NOD-like receptors. Upon recognition of these ligands, PRRs initiate intracellular signaling cascades that lead to the expression of pro-inflammatory cytokines and type I interferons. This process triggers the immediate immune response and helps orchestrate the subsequent adaptive immune system. They are essential for identifying threats and maintaining tissue homeostasis.;Google
Divide and conquer;Divide and conquer is a fundamental paradigm in computer science used to design efficient algorithms. This method operates by recursively breaking a complex problem into two or more smaller subproblems of the same or related type, until these become simple enough to be solved directly. The solutions to these subproblems are then combined to provide a comprehensive solution to the original challenge. Notable examples include merge sort, quicksort, and the binary search algorithm. By partitioning tasks, divide and conquer often reduces time complexity and allows for easier parallel processing. It is essential for optimizing large-scale data manipulation and computational tasks across various scientific and engineering disciplines.;Google
Half-life;Half-life is the time required for a quantity to reduce to half of its initial value. The term is most commonly used in nuclear physics to describe how quickly unstable atoms undergo radioactive decay. It is an intrinsic property of a radioactive isotope, remaining constant regardless of the total amount of material present. In a biological context, half-life refers to the time needed for a substance like a medication to lose half of its pharmacologic activity or concentration within the body. Mathematically, it follows an exponential decay model. This measurement allows scientists to determine the age of ancient artifacts through carbon dating and helps predict the long-term safety of nuclear waste storage.;Google
Confidence interval;A confidence interval is a range of values derived from sample data that is likely to contain the true population parameter. It is defined by a confidence level, such as ninety-five percent, which represents the frequency with which the interval would capture the true parameter if the experiment were repeated many times. The interval is calculated using the sample mean and a margin of error, which depends on the standard deviation and sample size. This statistical tool quantifies the degree of uncertainty in an estimate. While it provides a probable range, it does not guarantee that the specific calculated interval contains the true value. Instead, it reflects the reliability of the estimation process over long-term sampling.;Google
Electrode potential;Electrode potential is the electromotive force of a galvanic cell built from a standard reference electrode and another electrode to be characterized. By convention, the reference electrode is the standard hydrogen electrode, which has a potential defined as zero volts. It represents the tendency of a chemical species to be reduced or oxidized at the interface between an electrode and an electrolyte. This potential arises from the separation of charge at the phase boundary, creating an electrical double layer. Standard electrode potentials are measured under specific conditions, typically one molar concentration and one atmosphere of pressure. These values are essential for predicting the direction of redox reactions and calculating cell voltages in electrochemistry.;Google
Basal ganglia;The basal ganglia are a group of subcortical nuclei located deep within the cerebral hemispheres of the brain. These structures include the striatum, globus pallidus, substantia nigra, and subthalamic nucleus. Primarily responsible for motor control, they facilitate desired movements while inhibiting competing motor programs. Beyond physical movement, the basal ganglia play significant roles in executive functions, habit formation, and emotional processing. Dysfunctions within this complex circuit are associated with several neurological conditions, most notably Parkinson's disease and Huntington's disease. By integrating sensory information and motor commands, these nuclei act as a critical gateway for coordinating smooth and purposeful actions throughout the human body.;Google
Magnetic moment;A magnetic moment is a vector quantity that represents the magnetic strength and orientation of an object, such as a magnet or a current loop. It determines the torque an object experiences when placed within an external magnetic field. In classical electromagnetism, the magnetic moment of a loop is calculated as the product of the current and the enclosed area. At the subatomic level, magnetic moments are primarily derived from the intrinsic spin and orbital angular momentum of electrons. These microscopic contributions are responsible for the macroscopic magnetic behavior of materials. Measured in ampere square meters, the magnetic moment is fundamental to understanding electromagnetism, solid-state physics, and the behavior of elementary particles.;Google
Quasar;A quasar, short for quasi-stellar radio source, is an extremely luminous active galactic nucleus powered by a supermassive black hole at the center of a distant galaxy. As gaseous matter in the surrounding accretion disk falls toward the black hole, it releases immense gravitational energy in the form of electromagnetic radiation across the entire spectrum. This process makes quasars among the brightest and most distant objects known in the universe. Originally identified as point-like radio sources that resembled stars, quasars are now understood to be stages in the evolution of early galaxies. They provide crucial information about the distribution of matter and the conditions of the early universe due to their high redshift.;Google
Click chemistry;Click chemistry describes a philosophy of chemical synthesis focused on creating molecular building blocks quickly and efficiently. Coined by Karl Barry Sharpless in 2001, this approach prioritizes reactions that are high-yielding, wide in scope, and produce only inoffensive byproducts. These reactions typically occur under mild conditions, such as in water or at room temperature, and are characterized by high thermodynamic driving forces. The most prominent example is the copper-catalyzed azide-alkyne cycloaddition, which links molecules with high specificity. This framework is essential in drug discovery, materials science, and bioconjugation, allowing researchers to snap complex molecules together like LEGO bricks. The pioneers of this field were awarded the 2022 Nobel Prize in Chemistry.;Google
Aquifer;An aquifer is an underground layer of water-bearing permeable rock, rock fractures, or unconsolidated materials like gravel, sand, or silt from which groundwater can be extracted. These geological formations serve as vital reservoirs for the global water supply, supporting agriculture, industry, and residential needs. Aquifers are classified into two primary types: unconfined and confined. Unconfined aquifers have a direct hydraulic connection to the surface, where the water table represents the upper boundary. Conversely, confined aquifers are trapped beneath impermeable layers of rock or clay, often under high pressure. Sustainable management is essential to prevent depletion and contamination, ensuring long-term accessibility to this crucial natural resource.;Google
Pressure sensor;A pressure sensor is a transducer that generates an electrical signal in response to physical pressure exerted by gases or liquids. These devices measure the force per unit area and are essential in various industries, including automotive, medical, and aerospace. Common sensing mechanisms include piezoresistive, capacitive, and piezoelectric technologies. Piezoresistive sensors detect changes in electrical resistance when a diaphragm is strained. Capacitive sensors measure shifts in electrical capacitance caused by the movement of a flexible membrane. The resulting data helps monitor atmospheric conditions, hydraulic systems, and blood pressure. Pressure sensors are classified by the reference pressure used, such as absolute, gauge, or differential sensors, which define the measurement baseline.;Google
Episodic memory;Episodic memory is a category of long-term explicit memory that involves the conscious recollection of specific personal experiences and events. This system allows individuals to mentally travel back in time to retrieve information regarding the what, where, and when of past occurrences. Distinct from semantic memory, which pertains to general factual knowledge, episodic memory is inherently tied to a particular temporal and spatial context. The hippocampus and the surrounding structures within the medial temporal lobe are critical for the encoding and consolidation of these memories. Damage to these neural regions often results in an inability to form new episodic memories, a condition known as anterograde amnesia.;Google
Z-transform;The Z-transform is a mathematical tool used in discrete-time signal processing to convert a discrete-time signal, which is a sequence of real or complex numbers, into a complex frequency-domain representation. It is considered the discrete-time equivalent of the Laplace transform. Mathematically, it is defined as a power series where each term of the sequence is multiplied by a complex variable raised to a negative power. This transform is essential for analyzing linear time-invariant systems, characterizing filters, and solving linear difference equations. By mapping the unit circle in the complex plane, it allows engineers to assess system stability and causality effectively.;Google
Phagocytosis;Phagocytosis is a fundamental cellular process used by specialized cells to ingest and eliminate large particles, such as pathogens, debris, and dead cells. As a key component of the innate immune system, it is primarily performed by phagocytes like macrophages, neutrophils, and dendritic cells. The process begins when the cell membrane extends around a target, forming an internal vesicle called a phagosome. This vesicle subsequently fuses with a lysosome, containing digestive enzymes that break down the ingested material. This mechanism is crucial for nutrient uptake in unicellular organisms and serves as a vital defense strategy in multicellular animals to maintain homeostasis and protect against infection.;Google
Benzene;Benzene is a clear, colorless, and highly flammable liquid at room temperature. It is a fundamental organic chemical compound with the molecular formula C6H6. As the simplest aromatic hydrocarbon, benzene consists of six carbon atoms joined in a planar ring, with one hydrogen atom attached to each. The unique stability of this molecule arises from its cyclic cloud of delocalized pi electrons, often depicted as a hexagon with a circle inside. Primarily derived from petroleum, benzene serves as a critical precursor for synthesizing more complex chemicals, including plastics, resins, synthetic fibers, and dyes. Despite its industrial utility, benzene is recognized as a potent human carcinogen.;Google
Boson;A boson is a type of subatomic particle that follows Bose-Einstein statistics. Bosons are characterized by integer spin values, such as zero, one, or two. They differ from fermions, which possess half-integer spin and obey the Pauli exclusion principle. Because bosons do not adhere to this principle, an unlimited number of them can occupy the same quantum state simultaneously. This unique property enables phenomena like Bose-Einstein condensates and superconductivity. Fundamental bosons include gauge bosons, which mediate the fundamental forces of nature: photons, W and Z bosons, and gluons. Additionally, the scalar Higgs boson is responsible for giving mass to other elementary particles through the Higgs field.;Google
Volume of distribution;The volume of distribution is a theoretical volume that would be necessary to contain the total amount of an administered drug at the same concentration that is observed in the blood plasma. It is a fundamental pharmacokinetic parameter used to relate the dose of a drug to the resulting plasma concentration. A low volume of distribution suggests the drug remains primarily within the vascular compartment, while a high value indicates extensive distribution into peripheral tissues. This value does not represent an actual physical space but rather a proportionality constant influenced by factors like lipid solubility, protein binding, and molecular size. Understanding this concept is critical for calculating loading doses in clinical medicine.;Google
Erythropoietin;Erythropoietin, commonly known as EPO, is a glycoprotein hormone primarily produced by the interstitial fibroblasts in the kidneys. Its primary physiological role is to regulate the production of red blood cells, a process called erythropoiesis. When oxygen levels in the blood drop, the kidneys respond by secreting more erythropoietin into the bloodstream. This hormone travels to the bone marrow, where it stimulates the differentiation and proliferation of erythroid progenitor cells. This results in an increased number of circulating erythrocytes, thereby enhancing the blood's oxygen-carrying capacity. Beyond its natural function, synthetic forms of the hormone are used medically to treat anemia caused by chronic kidney disease or chemotherapy.;Google
Friction;Friction is the force resisting the relative motion of solid surfaces, fluid layers, and material elements sliding against each other. There are several types of friction, including dry friction, which resists the relative lateral motion of two solid surfaces in contact. Fluid friction describes the friction between layers of a viscous fluid that are moving relative to each other. Lubricated friction is a case of fluid friction where a lubricant fluid separates two solid surfaces. Skin friction is a component of drag, the force resisting the motion of a fluid across the surface of a body. Internal friction is the force resisting motion between the elements making up a solid material while it undergoes deformation.;Google
Thermoplastic;A thermoplastic is a type of plastic polymer material that becomes pliable or moldable at a certain elevated temperature and solidifies upon cooling. Most thermoplastics have a high molecular weight. The polymer chains associate through intermolecular forces, which weaken rapidly with increased temperature, yielding a viscous liquid. In this state, thermoplastics may be reshaped and are typically used to produce parts by various polymer processing techniques such as injection molding, compression molding, calendering, and extrusion. Thermoplastics differ from thermosetting polymers, which form irreversible chemical bonds during a curing process. This property of recyclability makes them highly versatile in industrial manufacturing and consumer goods applications.;Google
Silicon nitride;Silicon nitride is a high-performance ceramic material primarily composed of silicon and nitrogen. It is renowned for its exceptional thermal stability, high fracture toughness, and superior resistance to thermal shock. These properties make it ideal for demanding industrial applications, such as automotive engine components, high-speed bearings, and cutting tools. Chemically, it exists in several polymorphic forms, with the alpha and beta phases being the most significant for engineering. Its low density and low coefficient of thermal expansion further enhance its utility in aerospace and electronics. Due to its biocompatibility, it is also increasingly used in orthopedic implants. This versatile material continues to be essential in modern materials science.;Google
Prime editing;Prime editing is a versatile search-and-replace genome editing technology that enables precise modifications to DNA sequences without inducing double-strand breaks. This method utilizes a fusion protein consisting of a catalytically impaired Cas9 nickase fused to a reverse transcriptase enzyme. The process is directed by a prime editing guide RNA, which both identifies the target site and encodes the desired genetic change. Unlike traditional CRISPR-Cas9, prime editing reduces the risk of unintended insertions or deletions at the target site. It allows for all twelve types of base-to-base conversions, small insertions, and small deletions, offering significant potential for correcting genetic mutations in therapeutic and agricultural applications.;Google
Metagenomics;Metagenomics is the study of genetic material recovered directly from environmental samples. Unlike traditional microbiology, which relies on cultivating individual species in a laboratory, metagenomics employs high-throughput sequencing to analyze the collective genomes of entire microbial communities. This field allows researchers to investigate the diversity and functional potential of microbes in various habitats, including soil, oceans, and the human gut. By bypassing the need for isolation, scientists can discover novel genes and pathways from the vast majority of microorganisms that cannot be easily grown. Metagenomics provides critical insights into ecology, biotechnology, and medicine by characterizing complex biological systems in their natural states.;Google
Pressurized water reactor;A pressurized water reactor is a common type of light water nuclear reactor used globally for power generation. The system utilizes a primary coolant loop where water is maintained under extreme pressure to prevent boiling despite reaching high temperatures. This superheated water passes through a heat exchanger known as a steam generator. Thermal energy is transferred to a separate secondary loop, causing water there to turn into steam. This steam drives a turbine connected to an electrical generator. The physical separation of the primary and secondary loops prevents radioactive materials from entering the turbine system, significantly enhancing operational safety.;Google
Rectifier;A rectifier is an electrical device that converts alternating current into direct current. Alternating current periodically reverses direction, while direct current flows in only one direction. This conversion process is known as rectification. Rectifiers typically employ semiconductor diodes, which permit current to flow in one direction while blocking it in the opposite direction. There are two primary types: half-wave and full-wave rectifiers. Half-wave rectifiers utilize only one half of the alternating cycle, whereas full-wave rectifiers convert the entire waveform into a constant unidirectional flow. These components are essential in power supplies for electronic devices, enabling them to operate using standard household electrical outlets.;Google
Emulsion;An emulsion is a mixture of two or more liquids that are normally immiscible, meaning they do not mix together. In an emulsion, one liquid, known as the dispersed phase, is scattered as tiny droplets throughout another liquid, called the continuous phase. Common examples include milk, mayonnaise, and vinaigrettes. To prevent the components from separating into distinct layers, substances called emulsifiers are often added to stabilize the mixture. Emulsifiers work by reducing surface tension and forming a protective barrier around the droplets. This process is essential in various industries, including food production, pharmaceuticals, and cosmetics, where uniform consistency is required for product quality and effectiveness.;Google
Spontaneous parametric down-conversion;Spontaneous parametric down-conversion is a nonlinear optical process where a high-energy pump photon splits into two lower-energy photons within a nonlinear crystal. These twin photons, commonly referred to as the signal and idler, obey the laws of conservation of energy and momentum. Specifically, the combined frequencies and wave vectors of the daughter photons must equal those of the incident pump photon. This phenomenon serves as a cornerstone in quantum optics by generating entangled photon pairs. It is widely utilized in quantum communication, cryptography, and information processing. Despite its low efficiency, this process remains the leading method for creating heralded single photons used in fundamental tests of quantum mechanics.;Google
Network medicine;Network medicine is an interdisciplinary field that applies network science to investigate human diseases. Rather than focusing on individual molecules or genes, it explores the complex interactions between proteins, metabolites, and genetic factors within biological systems. By mapping these relationships as networks, researchers can identify disease modules and pathways that traditional reductionist approaches might overlook. This holistic framework helps characterize the underlying mechanisms of complex conditions, enabling better drug discovery and personalized treatment strategies. It emphasizes that diseases often result from perturbations in biological networks rather than single defects, integrating large-scale genomic data with clinical insights to improve healthcare outcomes through system-level analysis.;Google
Exponential growth;Exponential growth describes a process where a quantity increases at a rate proportional to its current value. This results in the quantity growing faster as it gets larger. Mathematically, it is expressed as a function where a constant base is raised to a power representing time. This phenomenon is frequently observed in various fields such as biology, where a population of bacteria might double at regular intervals, or finance, where compound interest leads to an escalating balance. Unlike linear growth, which adds a fixed amount over time, exponential growth involves repeated multiplication. If the growth rate is negative, the process is known as exponential decay.;Google
Precession;Precession refers to the change in the orientation of the rotational axis of a rotating body. In physics, it occurs when a torque is applied to a spinning object, such as a gyroscope or a top, causing the axis to trace out a cone in space. In astronomy, axial precession describes the slow, continuous change in the orientation of an astronomical body's rotational axis. For Earth, this is known as the precession of the equinoxes, caused by the gravitational influence of the Sun and Moon on Earth's equatorial bulge. This cycle takes approximately 26,000 years to complete, gradually shifting the positions of stars and the timing of seasons relative to the planet's orbit.;Google
Storm surge;A storm surge is a coastal flood or tsunami-like phenomenon of rising water commonly associated with low-pressure weather systems, such as tropical cyclones and strong extratropical storms. It is primarily caused by high-speed winds pushing water toward the shore. Low atmospheric pressure also contributes slightly by allowing the ocean surface to rise. As the storm approaches land, the depth of the sea floor and the shape of the coastline can amplify the surge height. This sudden rise in sea level can cause extensive flooding, damaging infrastructure and endangering lives. When coinciding with high tides, the resulting storm tide increases the risk of catastrophic coastal inundation and erosion.;Google
Cucurbituril;Cucurbiturils are macrocyclic molecules composed of glycoluril repeat units linked together by methylene bridges. Their name derives from their physical resemblance to pumpkins, which belong to the botanical family Cucurbitaceae. These compounds are characterized by a rigid, cage-like structure featuring a hydrophobic internal cavity and two identical carbonyl-fringed portals. In the field of supramolecular chemistry, cucurbiturils serve as versatile host molecules capable of binding diverse guests, such as ammonium ions or organic molecules, with high affinity. The specific cavity size depends on the number of repeat units, commonly ranging from five to fourteen. Their exceptional molecular recognition properties facilitate applications in drug delivery, sensing, and the development of complex molecular machines.;Google
Baryogenesis;Baryogenesis refers to the physical processes that occurred during the early universe to produce the observed asymmetry between matter and antimatter. According to the Standard Model of cosmology, equal amounts of matter and antimatter should have been created during the Big Bang. However, the observable universe consists almost entirely of matter. Sakharov proposed three necessary conditions for this imbalance: baryon number violation, C and CP violation, and interactions occurring outside of thermal equilibrium. Theoretical models such as electroweak baryogenesis and leptogenesis attempt to explain how these conditions were met. Understanding this phenomenon is crucial for explaining why galaxies, stars, and life exist today.;Google
Racemic mixture;A racemic mixture, also known as a racemate, is a solution or substance containing equal amounts of dextrorotatory and levorotatory enantiomers of a chiral molecule. These enantiomers are non-superimposable mirror images that rotate plane-polarized light in opposite directions. Because the mixture contains an equimolar ratio of both isomers, the individual optical rotations cancel each other out perfectly. Consequently, a racemic mixture exhibits no net optical activity and does not rotate polarized light. This physical property is typically denoted by the prefix plus-minus or dl. In chemical synthesis, many reactions naturally produce racemates unless specific chiral catalysts or conditions favor one enantiomer over the other.;Google
Direct air capture;Direct air capture is a technology designed to remove carbon dioxide directly from the atmosphere. Unlike point-source capture, which targets concentrated emissions from industrial chimneys, DAC extracts carbon from ambient air where concentrations are significantly lower. The process typically involves large fans that pull air through chemical filters or sorbents. These substances react with carbon dioxide, binding it to a surface or dissolving it in a liquid. Once captured, the gas is released through heating or chemical changes for permanent geological storage or utilization in synthetic fuels. While DAC is critical for achieving net-zero emissions, high energy requirements and costs remain significant challenges for widespread deployment.;Google
Entropy;"Entropy is a fundamental concept in thermodynamics and statistical mechanics representing the degree of disorder or randomness within a physical system. Formulated during the nineteenth century, the second law of thermodynamics states that the total entropy of an isolated system can never decrease over time; instead, it spontaneously evolves toward a maximum state of equilibrium. Microscopically, entropy is defined by the Boltzmann constant and the number of specific microstates corresponding to a macroscopic state. In information theory, the term quantifies the uncertainty or average information content in a message. As energy transfers occur, some energy inevitably becomes unavailable for work, leading to increased entropy and the eventual thermal death of the universe.";Google
High-throughput screening;High-throughput screening is a scientific experimentation method especially used in drug discovery and relevant to the fields of biology and chemistry. Using robotics, data processing and control software, liquid handling devices, and sensitive detectors, this method allows a researcher to quickly conduct millions of chemical, genetic, or pharmacological tests. Through this process, one can rapidly identify active compounds, antibodies, or genes that modulate a particular biomolecular pathway. The results of these experiments provide starting points for drug design and for understanding the interaction or role of a particular biochemical process. It is a key tool in modern research, facilitating the large-scale identification of lead compounds for therapeutic development.;Google
Stoichiometry;Stoichiometry is a fundamental branch of chemistry that deals with the quantitative relationships between the reactants and products in chemical reactions. This discipline is grounded in the law of conservation of mass, which dictates that the total mass of reactants must equal the total mass of the products. By utilizing balanced chemical equations, scientists can calculate the precise amounts of substances required or produced during a reaction. These calculations often rely on the mole concept and molar ratios to convert between mass, volume, and number of particles. Stoichiometry is essential for predicting theoretical yields and identifying limiting reactants in laboratory and industrial processes.;Google
Gamma ray;Gamma rays represent the most energetic form of electromagnetic radiation on the spectrum, characterized by extremely short wavelengths and high frequencies. These rays typically originate from the radioactive decay of atomic nuclei or from violent cosmic events such as supernovae and pulsars. Due to their lack of electric charge and high energy, they exhibit immense penetrating power, capable of passing through many materials that stop other types of radiation. While they are invaluable in medical applications like cancer radiotherapy and diagnostic sterilization, their ionizing properties pose significant health risks. Consequently, dense materials like lead are required for effective shielding to protect biological organisms from harmful exposure.;Google
Anaerobic digestion;Anaerobic digestion is a biological process where microorganisms break down biodegradable material in the absence of oxygen. This complex sequence involves four key stages: hydrolysis, acidogenesis, acetogenesis, and methanogenesis. It is widely utilized to manage organic waste, such as food scraps, livestock manure, and sewage sludge. The primary products of this process are biogas, which consists mainly of methane and carbon dioxide, and digestate, a nutrient-rich material frequently used as fertilizer. Biogas serves as a valuable renewable energy source for heating, electricity generation, or vehicle fuel. By reducing greenhouse gas emissions and recycling nutrients, anaerobic digestion plays a critical role in sustainable waste management and global circular economy initiatives.;Google
Aliasing;Aliasing is a phenomenon in signal processing where high-frequency components of a signal become indistinguishable from lower-frequency ones during sampling. This occurs when the sampling rate is lower than the Nyquist rate, which is double the highest frequency present in the signal. When this threshold is not met, the overlapping frequencies create distortions known as aliases. In visual media, this often appears as jagged edges or moiré patterns, while in digital audio, it results in audible artifacts. To prevent these errors, engineers use anti-aliasing filters to remove frequencies exceeding the Nyquist limit before digitization, ensuring an accurate reconstruction of the original continuous wave.;Google
Machine learning;Machine learning is a subset of artificial intelligence focused on building systems that learn from data to improve performance on specific tasks. Unlike traditional programming where rules are explicitly defined, machine learning uses algorithms to identify patterns and make decisions with minimal human intervention. Common techniques include supervised learning, where models train on labeled datasets, and unsupervised learning, which finds hidden structures in unlabeled data. These systems power diverse applications such as image recognition, natural language processing, and predictive analytics. As data availability increases, machine learning continues to evolve, enabling more sophisticated autonomous behavior and complex problem-solving across various scientific and industrial fields.;Google
Cholesky decomposition;Cholesky decomposition is a mathematical method used in linear algebra to factorize a Hermitian positive-definite matrix into the product of a lower triangular matrix and its conjugate transpose. When applied to real-valued matrices, the factorization results in the product of a lower triangular matrix and its transpose. This technique is named after Andre-Louis Cholesky, who discovered it during his work in geodesy. It is significantly more efficient than alternative methods like LU decomposition for solving systems of linear equations because it exploits symmetry. The method is widely utilized in numerical analysis, Monte Carlo simulations, and optimization problems.;Google
Metacognition;Metacognition is defined as the awareness and understanding of one's own thought processes, commonly described as thinking about thinking. This higher-order cognitive function enables individuals to monitor, regulate, and direct their mental activities. It is generally categorized into two primary components: metacognitive knowledge and metacognitive regulation. Knowledge refers to the understanding of personal cognitive strengths, task requirements, and applicable strategies. Regulation involves active control over learning through planning, monitoring progress, and evaluating outcomes. By employing metacognitive strategies, learners can assess their comprehension levels and adjust their problem-solving approaches accordingly. This capability is essential for independent learning, critical thinking, and successful performance across various academic and professional domains.;Google
Cerebellum;The cerebellum is a major structure of the hindbrain located near the brainstem in vertebrates. Often referred to as the little brain, it constitutes approximately ten percent of total brain volume but contains over half of the organ's neurons. Historically, its primary known function is motor control, specifically the coordination, precision, and accurate timing of movements. It processes input from sensory systems and the spinal cord to fine-tune motor activity. Beyond physical movement, contemporary research suggests the cerebellum contributes to cognitive processes including language, attention, and emotional regulation. Damage typically results in impairments to fine motor skills, posture, and balance.;Google
Scintillator;A scintillator is a specialized material that exhibits the phenomenon of luminescence when struck by ionizing radiation. When high-energy particles or photons interact with the scintillator, the material absorbs energy and re-emits it in the form of low-energy light flashes, typically in the visible or ultraviolet spectrum. These materials are essential components in radiation detection systems, where the emitted light is converted into measurable electrical signals by devices like photomultiplier tubes. Scintillators can be categorized into organic types, such as plastics and liquids, and inorganic types, such as cesium iodide crystals. They are widely utilized in medical imaging, nuclear security, and high-energy physics research.;Google
Carbon cycle;The carbon cycle is the biogeochemical process by which carbon is exchanged among the biosphere, pedosphere, geosphere, hydrosphere, and atmosphere of Earth. It is fundamental to life, as carbon is the primary component of biological molecules. Plants capture atmospheric carbon dioxide through photosynthesis to produce energy-rich carbohydrates. This carbon then moves through the food chain as animals consume plants. Respiration, decomposition, and the combustion of fossil fuels release carbon back into the atmosphere as carbon dioxide. Additionally, the ocean acts as a major reservoir, absorbing and storing significant amounts of carbon. This continuous movement ensures the regulation of the planet's temperature and the sustainability of ecological systems.;Google
Cryptand;Cryptands are a class of synthetic polycyclic multidentate ligands capable of encapsulating cations within a central three-dimensional cavity. Coined by Nobel laureate Jean-Marie Lehn, the term derives from the Greek word for hidden, reflecting the way these molecules surround a guest ion to form a complex known as a cryptate. Structurally, cryptands are more rigid and selective than their monocyclic counterparts, the crown ethers. This increased selectivity and binding affinity, often termed the cryptate effect, allows them to distinguish between ions of similar size. They are vital in supramolecular chemistry for applications including phase-transfer catalysis, ion separation, and the stabilization of reactive chemical species in solution.;Google
Antigen;An antigen is a molecule or molecular structure that can bind to a specific antibody or T-cell receptor. The presence of antigens in the body often triggers an immune response. These substances are typically proteins, peptides, or polysaccharides, though lipids and nucleic acids can also act as antigens when combined with proteins. They can originate from outside the body, such as bacteria, viruses, and pollen, or from within, like tumor cells. The immune system identifies these foreign substances as non-self, leading to the production of antibodies designed to neutralize or destroy them. Vaccines utilize antigens to stimulate immunity without causing the full disease.;Google
Thiamine pyrophosphate;Thiamine pyrophosphate, or TPP, is a vital coenzyme derived from vitamin B1. It is synthesized in the cytosol of cells through the action of thiamine pyrophosphokinase. TPP functions primarily in carbohydrate metabolism by facilitating the oxidative decarboxylation of alpha-keto acids. Key enzymes requiring this cofactor include the pyruvate dehydrogenase complex and the alpha-ketoglutarate dehydrogenase complex within the citric acid cycle. Structurally, TPP consists of a pyrimidine ring and a thiazolium ring, the latter of which provides a reactive carbon atom for catalytic processes. Deficiency in thiamine leads to serious metabolic disorders such as Beriberi and Wernicke-Korsakoff syndrome, highlighting its essential role in cellular energy production.;Google
Species richness;Species richness is the count of different species within a specific ecological community, landscape, or region. It is a fundamental measure of biodiversity but differs from species evenness, which considers the relative abundance of each species. Richness is often determined through sampling and can be influenced by factors such as habitat size, climate, and available resources. Larger geographic areas generally harbor more species, a relationship known as the species-area curve. While richness provides a basic inventory of biological diversity, it does not account for the interactions between species or their functional roles within an ecosystem. Consequently, it is frequently used alongside other metrics to assess environmental health.;Google
Redox;"Redox, an abbreviation for reduction-oxidation, describes chemical reactions where the oxidation states of atoms change through the transfer of electrons between species. Oxidation involves the loss of electrons or an increase in oxidation state, while reduction entails the gain of electrons or a decrease in oxidation state. These two processes occur simultaneously; one substance is oxidized by losing electrons to another substance that is simultaneously reduced. These reactions are fundamental to numerous biological and industrial processes, including cellular respiration, photosynthesis, combustion, and the operation of electrochemical cells. In these systems, the substance that donates electrons is the reducing agent, and the recipient is the oxidizing agent.";Google
Allele;An allele represents a variant form of a specific gene located at a fixed position on a chromosome. These variations arise through mutation and are responsible for different observable traits, such as eye color or hair texture. In diploid organisms, every individual inherits two alleles for each gene, one from each biological parent. If these two alleles are identical, the individual is classified as homozygous for that trait, whereas differing alleles make them heterozygous. The interaction between alleles often involves dominance, where one allele masks the phenotypic expression of a recessive counterpart. Consequently, alleles are fundamental to genetic diversity and inheritance patterns within a population.;Google
Periodic table;The periodic table is a tabular display of all known chemical elements organized by atomic number, electron configuration, and recurring chemical properties. Elements are arranged in rows called periods and columns called groups. Elements within the same group generally share similar chemical behaviors. This systematic arrangement allows scientists to discern trends such as electronegativity, ionization energy, and atomic radius across the grid. Developed primarily by Dmitri Mendeleev in 1869, the table serves as a fundamental framework for analyzing chemical behavior and is widely used in chemistry, physics, and other sciences. It continues to evolve as new synthetic elements are discovered and added to its structure.;Google
Neutralino;The neutralino is a hypothetical particle predicted by the framework of supersymmetry in particle physics. It is an electrically neutral, spin-half fermion that arises as a quantum mechanical superposition of the superpartners of the Higgs boson and the electroweak gauge bosons. Specifically, these partners include the bino, the wino, and the higgsinos. In many minimal supersymmetric models, the lightest neutralino is considered the primary candidate for cold dark matter because it is stable and interacts only via the weak force and gravity. Such particles are classified as weakly interacting massive particles, which could explain the missing mass observed in the universe through gravitational lensing and galactic rotation curves.;Google
Place cell;Place cells are specialized neurons located within the hippocampus that fire when an animal occupies a specific location in its environment. First identified by John O'Keefe in 1971, these cells serve as a fundamental component of the brain's internal positioning system. Each cell is associated with a distinct spatial region called a place field. As an organism moves through space, specific patterns of neural activity create a cognitive map of the surroundings. This mechanism enables spatial memory and navigation. Place cells interact with grid cells in the entorhinal cortex to provide a comprehensive representation of physical environments and facilitate goal-directed behavior.;Google
Electrospinning;Electrospinning is a versatile fiber production method that utilizes electric force to draw charged threads of polymer solutions or melts into fiber diameters in the nanometer range. This process occurs when an electric charge is applied to a liquid droplet, causing it to elongate into a shape known as a Taylor cone. Once the electrostatic repulsion overcomes surface tension, a charged jet of fluid is ejected toward a grounded collector. As the jet travels, the solvent evaporates, leaving behind solid fibers. These resulting nanofibers possess high surface area to volume ratios, making them ideal for applications in tissue engineering, advanced filtration systems, and targeted drug delivery mechanisms.;Google
Anabolism;Anabolism is the metabolic process where living organisms synthesize complex molecules from simpler precursors. This constructive phase of metabolism requires an input of energy, typically in the form of adenosine triphosphate, to drive endergonic chemical reactions. It stands in contrast to catabolism, which involves the breakdown of substances to release energy. Anabolic pathways are crucial for the growth, repair, and maintenance of cells, facilitating the creation of essential components like proteins, lipids, and nucleic acids. Through these regulated biochemical sequences, organisms transform nutrients into structural materials and energy reserves. These activities are fundamental for life, supporting cellular development and the storage of chemical energy across all biological systems.;Google
Type 1 diabetes;Type 1 diabetes is a chronic autoimmune disorder characterized by the destruction of insulin-producing beta cells in the pancreas. This process leads to a profound deficiency of insulin, a hormone essential for regulating blood glucose levels and facilitating energy uptake in cells. Typically diagnosed in children or young adults, the condition results from a complex interaction of genetic predispositions and environmental triggers. Without sufficient insulin, glucose accumulates in the bloodstream, potentially causing severe long-term complications affecting the heart, kidneys, eyes, and nerves. Management requires lifelong administration of exogenous insulin via injections or a pump, alongside rigorous blood sugar monitoring and dietary oversight.;Google
Stark effect;The Stark effect is the shifting and splitting of spectral lines of atoms and molecules due to the presence of an external static electric field. Discovered in 1913 by Johannes Stark, it is the electric analogue of the Zeeman effect, which involves magnetic fields. This phenomenon occurs because the external field interacts with the electric dipole moment of the atom, altering its energy levels. The magnitude of the splitting typically depends on the strength of the applied field and the specific quantum states involved. Scientists utilize the Stark effect in various applications, including plasma diagnostics, atomic spectroscopy, and the precise control of atomic interactions in quantum computing research.;Google
RNA virus;An RNA virus is a biological agent that utilizes ribonucleic acid as its primary genetic material. This genetic information may be organized as either single-stranded or double-stranded RNA. Notable examples of these pathogens include influenza, the human immunodeficiency virus, and the coronavirus family. Unlike many DNA viruses, most RNA viruses replicate within the cytoplasm of the host cell. They are characterized by high mutation rates, primarily because their replication enzymes often lack efficient proofreading mechanisms. This rapid genetic variability facilitates quick adaptation to changing environments and helps the virus evade host immune responses. RNA viruses are typically categorized using the Baltimore classification system.;Google
Attention;Attention is the behavioral and cognitive process of selectively concentrating on a discrete aspect of information, whether subjective or objective, while ignoring other perceivable information. It is a fundamental function of the nervous system, allowing organisms to manage limited processing resources. Psychologists distinguish between several types of attention, including sustained attention, selective attention, and divided attention. Neurologically, it involves complex interactions between the prefrontal cortex, parietal lobe, and subcortical structures. Selective attention acts as a filter to prevent sensory overload by prioritizing relevant stimuli for higher-level processing. This mechanism is crucial for learning, memory, and executive function in complex environments.;Google
Lie group;A Lie group is a mathematical structure that simultaneously possesses the properties of a group and a smooth manifold. This dual nature implies that the group operations of multiplication and inversion are differentiable maps within the space. Named after the Norwegian mathematician Sophus Lie, these groups provide a natural framework for studying continuous symmetries in geometry and physics. They are essential in fields such as quantum mechanics and general relativity, where they describe the symmetries of physical systems. The local structure of a Lie group is captured by its associated Lie algebra, which simplifies complex global properties into linear algebraic problems.;Google
Corrole;Corroles are a class of aromatic macrocyclic compounds structurally related to porphyrins but characterized by a contracted ring size. Unlike porphyrins, which possess four methine bridges linking four pyrrole units, corroles lack one bridge, resulting in a direct pyrrole-pyrrole bond. This structural modification makes them trianionic ligands upon deprotonation, whereas porphyrins are dianionic. This high charge density allows corroles to stabilize metal ions in unusually high oxidation states, such as iron or manganese. They exhibit intense absorption in the visible spectrum and are widely investigated for applications in catalysis, molecular sensing, and medicinal chemistry due to their unique photophysical and electrochemical properties.;Google
Nitrogen cycle;The nitrogen cycle is a biogeochemical process through which nitrogen is converted into various chemical forms as it circulates among atmospheric, terrestrial, and marine ecosystems. Since most organisms cannot use atmospheric dinitrogen directly, specialized bacteria facilitate nitrogen fixation, converting gas into ammonia. This ammonia undergoes nitrification to become nitrites and nitrates, which plants assimilate for protein synthesis. Decomposers return nitrogen to the soil via ammonification during the decay of organic matter. Finally, denitrification by specific microbes converts nitrates back into nitrogen gas, releasing it into the atmosphere to complete the cycle. This continuous transformation is essential for maintaining life, as nitrogen is a critical component of amino acids and nucleic acids.;Google
Solubility;Solubility is a physical property describing the ability of a substance, known as the solute, to dissolve in a solvent to form a homogeneous solution. This process is influenced by temperature, pressure, and the chemical natures of both substances. Typically, solubility is measured as the maximum amount of solute that can dissolve in a specific quantity of solvent at equilibrium. When a solution holds the maximum possible solute, it is considered saturated. Factors such as molecular polarity, expressed through the principle of like dissolves like, play a crucial role. For solids in liquids, solubility generally increases with temperature, whereas the solubility of gases typically decreases as temperature rises.;Google
Euchromatin;Euchromatin is a lightly packed form of chromatin that is enriched in genes and often under active transcription. Unlike heterochromatin, which is tightly coiled and generally genetically silent, euchromatin maintains an open structure that allows RNA polymerase and other regulatory proteins to access the DNA sequence. This accessibility is essential for the expression of proteins necessary for cellular functions. Under a microscope, euchromatin appears as light-colored regions because of its low density. It comprises the most active portion of the genome within the nucleus. The transition between euchromatin and heterochromatin states is a key mechanism for regulating gene expression during development and cellular differentiation.;Google
Membrane potential;Membrane potential refers to the difference in electric potential between the interior and exterior of a biological cell. This electrical gradient exists across the plasma membrane and is primarily established by the uneven distribution of ions such as sodium, potassium, and chloride. These concentration differences are maintained by specialized transmembrane proteins known as ion pumps and channels. In a resting state, most cells exhibit a negative membrane potential, meaning the inside is more negatively charged than the outside. This stored electrical energy is crucial for cellular functions, particularly in excitable tissues like neurons and muscle cells, where rapid changes in potential trigger the transmission of nerve impulses and muscle contractions.;Google
Traction force microscopy;Traction force microscopy is a biophysical method used to quantify the mechanical stress exerted by adherent cells on their environment. Typically, cells are seeded on a flexible substrate, such as a polyacrylamide gel, containing fluorescent markers. As cells contract, they deform the substrate, shifting the position of the markers. By comparing the stressed state to a relaxed reference image after cell removal, researchers determine displacement fields. Using the known elastic properties of the material, computational algorithms reconstruct the traction vectors. This technique provides insights into how cellular mechanics influence processes like wound healing, cancer metastasis, and stem cell differentiation within biological systems.;Google
Kinesin;Kinesins are a class of motor proteins found in eukaryotic cells. They move along microtubule filaments, powered by the hydrolysis of adenosine triphosphate. Most kinesins travel toward the plus end of a microtubule, which is typically directed from the center of the cell to the periphery. This transport is crucial for the movement of organelles, vesicles, and chromosomes during cell division. Structurally, a typical kinesin molecule consists of two heavy chains and two light chains. The globular head domains function as ATPase motors that bind to microtubules, while the tail region attaches to specific cargo. By converting chemical energy into mechanical work, kinesins facilitate essential intracellular logistics.;Google
Adaptive radiation;Adaptive radiation is an evolutionary process where organisms diversify rapidly from an ancestral species into a multitude of new forms, particularly when environmental changes make new resources available or open vacant niches. This phenomenon typically occurs following mass extinctions or the colonization of isolated island chains. By exploiting diverse ecological roles, descendant species minimize competition and develop specialized morphological or physiological traits. Classic examples include Darwin's finches on the Galápagos Islands and cichlid fishes in East African lakes. This rapid diversification serves as a fundamental mechanism for increasing biological variety, allowing life to flourish across varied habitats and ecological systems throughout history.;Google
Connexin;Connexins, or gap junction proteins, are a structurally related family of transmembrane proteins that form gap junctions in vertebrates. Six individual connexin subunits assemble to form a hemichannel known as a connexon. When two connexons from neighboring cells align, they create a continuous aqueous pore that allows for the direct intercellular exchange of ions, small metabolites, and signaling molecules. This direct communication is vital for maintaining tissue homeostasis and coordinating physiological processes such as cardiac muscle contraction and neuronal signaling. Mutations in various connexin genes are associated with human pathologies including hereditary deafness and cataracts. Each specific isoform is typically named based on its molecular weight.;Google
Translation;Translation is the biological process in which ribosomes synthesize proteins using the genetic information carried by messenger RNA. Following transcription, the mRNA molecule travels to a ribosome, where its sequence is read in triplets known as codons. Each codon specifies a particular amino acid. Transfer RNA molecules, each carrying a specific amino acid and an anticodon, bind to the complementary mRNA sequence. The ribosome then facilitates the formation of peptide bonds between adjacent amino acids, creating a growing polypeptide chain. This process continues until a stop codon is reached. Translation is essential for converting genetic codes into functional proteins that perform vital cellular tasks across all life forms.;Google
Elastomer;An elastomer is a polymer with viscoelasticity, exhibiting both viscosity and elasticity. These materials possess weak intermolecular forces and generally have a low Young's modulus and a high failure strain. The term is derived from elastic polymer, often used interchangeably with rubber. Each of the monomers which link to form the polymer is usually made of carbon, hydrogen, oxygen, or silicon. Elastomers are amorphous polymers existing above their glass transition temperature, so that considerable segmental motion is possible. At room temperature, rubbers are relatively soft and deformable. Their primary uses are for seals, adhesives, and molded flexible parts. Natural rubber remains a crucial industrial elastomer, though synthetic versions like neoprene are widely utilized.;Google
Gravitational microlensing;Gravitational microlensing is an astronomical phenomenon based on Einstein's theory of general relativity. It occurs when a massive foreground object, such as a star or planet, aligns closely with a distant background source of light. The gravity of the foreground object, known as the lens, bends and focuses the light from the background source, causing it to appear temporarily brighter. Unlike strong or weak lensing, microlensing involves smaller angular separations that are difficult to resolve visually, but the magnification effect is measurable over time. This technique is particularly valuable for detecting low-mass objects, including exoplanets and brown dwarfs, that are otherwise too faint to observe directly.;Google
Ligand field theory;Ligand field theory describes the bonding, electronic structure, and properties of transition metal complexes. It represents an application of molecular orbital theory to coordination compounds, building upon the principles of crystal field theory. While crystal field theory treats ligands as negative point charges, ligand field theory accounts for the covalent overlap between metal d-orbitals and ligand orbitals. This interaction results in the splitting of d-orbital energy levels into different sets, such as t2g and eg in octahedral geometries. The magnitude of this energy gap, known as the ligand field splitting parameter, determines the magnetic properties and electronic spectra of the complex, explaining its characteristic colors and chemical reactivity.;Google
Protein folding;Protein folding is the physical process by which a linear polypeptide chain collapses into its functional three-dimensional structure. This biological transformation is dictated primarily by the sequence of amino acids and the surrounding cellular environment. Driven by thermodynamic principles, proteins seek their lowest energy state, often forming stable configurations through hydrogen bonds, disulfide bridges, and hydrophobic interactions. Misfolding can lead to inactive proteins or toxic aggregates, which are implicated in various neurodegenerative diseases. Understanding this mechanism is essential for molecular biology and drug design. Computational models like AlphaFold have recently revolutionized the ability to predict these complex spatial arrangements from primary sequences.;Google
NOD-like receptor;NOD-like receptors, also known as nucleotide-binding oligomerization domain-containing receptors, are a specialized group of intracellular pattern recognition receptors essential for the innate immune system. Located primarily within the cytoplasm, these proteins monitor the cellular environment for pathogen-associated molecular patterns and endogenous danger signals. When activated, NLRs initiate crucial signaling pathways, leading to the production of pro-inflammatory cytokines or the triggering of programmed cell death. Some family members form large protein complexes called inflammasomes, which process interleukin-1 beta into its active form. Consequently, NLRs play a fundamental role in defending against microbial infections while maintaining tissue homeostasis. Mutations in these receptors are often linked to chronic inflammatory and autoimmune disorders.;Google
Evolution;Evolution is the process by which populations of organisms change over generations. It is driven by mechanisms such as natural selection, genetic drift, and mutation. Natural selection occurs when individuals with traits better suited to their environment survive and reproduce more successfully. Over time, these advantageous traits become more common in the population. Charles Darwin and Alfred Russel Wallace proposed this theory in the nineteenth century, providing a framework for understanding biological diversity. Genetic variations arise through mutations and recombination, serving as the raw material for evolutionary change. This process explains the common ancestry of all life forms on Earth and the adaptation of species to their specific ecological niches.;Google
Hawking radiation;Hawking radiation is a theoretical thermal radiation predicted by physicist Stephen Hawking in 1974. It is emitted from black holes due to quantum effects near the event horizon. According to quantum field theory, vacuum fluctuations involve the constant creation of particle-antiparticle pairs. Near a black hole's boundary, one particle may fall into the gravity well while the other escapes. This escape results in a loss of mass for the black hole, suggesting that black holes are not perfectly black but slowly evaporate over time. Smaller black holes emit radiation at higher temperatures and decay faster than larger ones. Although widely accepted theoretically, Hawking radiation remains undetected experimentally.;Google
Endoplasmic reticulum;The endoplasmic reticulum is an extensive network of membranes found within the cytoplasm of eukaryotic cells. It serves as a central hub for protein and lipid synthesis. This organelle is categorized into two functional regions: the rough endoplasmic reticulum and the smooth endoplasmic reticulum. The rough portion is coated with ribosomes, facilitating the assembly of proteins for secretion or cellular membranes. The smooth portion lacks ribosomes and focuses on lipid production, steroid synthesis, and chemical detoxification. By coordinating these essential processes, the endoplasmic reticulum maintains cellular structure and ensures the proper distribution of biochemical components necessary for metabolic activities and overall cell survival.;Google
Pathway analysis;Pathway analysis is a computational method used in bioinformatics to interpret high-throughput molecular data by mapping individual components to established biological pathways. Rather than analyzing genes or proteins in isolation, this technique identifies coordinated changes within functional units like metabolic cycles or signaling cascades. By aggregating signals, researchers can gain a more comprehensive understanding of the biological processes driving specific phenotypes or disease states. Common methodologies include over-representation analysis and gene set enrichment, which detect statistically significant shifts in pathway activity. This holistic approach provides a higher-level biological context, facilitating the discovery of underlying mechanisms and potential therapeutic targets within complex systems.;Google
Erythropoiesis;Erythropoiesis is the physiological process responsible for the production of red blood cells, also known as erythrocytes. This vital biological development occurs primarily within the red bone marrow of large bones. It is triggered by the hormone erythropoietin, which is synthesized by the kidneys in response to decreased oxygen levels in the bloodstream. During this progression, hematopoietic stem cells differentiate through several stages, including the proerythroblast and various erythroblast phases. As these cells mature, they accumulate hemoglobin and eventually expel their nuclei to become reticulocytes. Once these cells enter the peripheral circulation, they fully transform into mature erythrocytes, ensuring effective oxygen transport throughout the body.;Google
Invasive species;An invasive species is an organism that is not indigenous to a specific location and has a tendency to spread to a degree believed to cause damage to the environment, human economy, or human health. These species often thrive in new habitats because they lack natural predators or competitors found in their native ranges. Their presence can lead to the displacement of native species, alterations in ecosystem processes, and significant biodiversity loss. Human activities, such as global trade and travel, are the primary drivers of their introduction. Effective management typically involves prevention, early detection, and various control methods to mitigate their ecological and economic impact.;Google
Graph theory;Graph theory is a branch of mathematics concerned with the study of graphs, which are mathematical structures used to model pairwise relations between objects. A graph is composed of vertices, also called nodes or points, which are connected by edges, also known as links or lines. This field provides essential tools for analyzing complex networks in computer science, biology, and sociology. Key concepts include paths, cycles, and connectivity. Distinctions are often made between directed graphs, where edges have a specific orientation, and undirected graphs. Applications range from optimizing transportation routes to modeling the internet's structure or social interactions among individuals.;Google
Heat capacity;Heat capacity, often denoted by the symbol C, is a physical property of matter defined as the amount of heat energy required to raise the temperature of a given mass of a substance by one degree Celsius or Kelvin. It is an extensive property, meaning its value is proportional to the size of the system. For more consistent comparisons, scientists often use specific heat capacity, which refers to the energy needed per unit mass. This property depends on the chemical composition and phase of the material. Water, for example, possesses a remarkably high heat capacity, allowing it to absorb significant energy without large temperature fluctuations, which is crucial for climate regulation.;Google
Black hole;A black hole is a region of spacetime where gravity is so strong that nothing, including light, has enough energy to escape it. The theory of general relativity predicts that a sufficiently compact mass can deform spacetime to form a black hole. The boundary of the region from which no escape is possible is called the event horizon. Although the event horizon has an enormous effect on the fate of an object crossing it, it has no locally detectable features. In many ways, a black hole acts like an ideal black body, as it reflects no light. Moreover, quantum field theory in curved spacetime predicts that event horizons emit Hawking radiation.;Google
Allopatric speciation;Allopatric speciation occurs when a biological population becomes geographically isolated by a physical barrier, such as a mountain range or waterway. This isolation prevents gene flow between the separated groups, allowing each to evolve independently under different selective pressures and through random genetic drift. Over many generations, unique mutations and adaptations accumulate within each lineage. These genetic changes eventually lead to reproductive isolation, meaning the groups can no longer produce viable offspring together. Consequently, the original population diverges into two or more distinct species. This process is a primary driver of biodiversity and was famously documented in Darwin's study of island finches.;Google
Instrumental variable;An instrumental variable is a tool used in statistics and econometrics to estimate causal relationships when controlled experiments are not feasible or endogeneity exists. Endogeneity occurs when an explanatory variable correlates with the error term, often due to omitted variable bias or measurement error. An instrument must satisfy two primary conditions: it must be correlated with the endogenous explanatory variable and remain uncorrelated with the error term in the outcome equation. By leveraging variation in the explanatory variable driven solely by the instrument, researchers isolate the causal effect of interest, effectively bypassing the bias typically caused by confounding factors in observational data.;Google
Nutation;Nutation is a small, periodic oscillation in the rotational axis of a celestial body, most commonly observed in Earth. It occurs as a secondary motion superimposed on axial precession, causing the poles to follow a wavy path rather than a smooth circle over time. This phenomenon primarily results from the varying gravitational forces exerted by the Moon and Sun on Earth's equatorial bulge. The largest component of Earth's nutation has a period of approximately eighteen point six years, corresponding to the precession of the Moon's orbital nodes. Astronomers must account for these subtle shifts to maintain the precision of celestial coordinate systems and long-term navigational tracking.;Google
Food web;A food web represents the complex network of feeding relationships within an ecological community. Unlike a linear food chain, which tracks a single path of energy flow, a food web illustrates how multiple organisms interact across various trophic levels. It typically begins with primary producers, such as plants or algae, which capture solar energy through photosynthesis. Primary consumers, or herbivores, eat these producers, while secondary and tertiary consumers, including predators and omnivores, feed on other animals. Decomposers eventually break down organic matter, recycling nutrients back into the soil. This interconnected system demonstrates the flow of energy and the cycling of matter, highlighting the biodiversity and stability of natural ecosystems.;Google
Toluene;Toluene, also known as methylbenzene, is a clear, water-insoluble liquid with a distinct smell associated with paint thinners. It is an aromatic hydrocarbon that occurs naturally in crude oil and is produced during the manufacturing of gasoline and other fuels. Chemically, it consists of a benzene ring linked to a methyl group. This compound serves as a common solvent in various industrial processes, including the production of paints, lacquers, adhesives, and rubber. While it is widely used as a feedstock for synthesizing chemicals like benzene and trinitrotoluene, exposure can pose significant health risks. It primarily affects the central nervous system, and long-term inhalation can lead to neurological damage.;Google
Hydrogel;A hydrogel is a three-dimensional network of cross-linked hydrophilic polymer chains that possess the ability to absorb and retain significant volumes of water or biological fluids within their structures. Despite their high water content, hydrogels maintain a solid-like integrity due to chemical or physical cross-links that prevent the polymer chains from dissolving. These materials are highly valued in biomedical engineering for their biocompatibility and structural similarity to the natural extracellular matrix. Common applications include contact lenses, drug delivery systems, and tissue engineering scaffolds. Their physical properties can be precisely tuned by adjusting the cross-linking density, allowing for controlled swelling behaviors and mechanical strength in various environments.;Google
Chemotherapy;Chemotherapy is a type of cancer treatment that utilizes potent chemical substances to destroy rapidly dividing cells within the body. While primarily used to treat malignant neoplasms, it can also manage certain autoimmune diseases. These therapeutic agents work by interrupting the cell cycle, thereby preventing the replication and spread of cancerous growth. Because the drugs often cannot distinguish between malignant and healthy fast-growing cells, patients frequently experience systemic side effects such as hair loss, nausea, and suppressed immune function. Administration occurs through various routes, including intravenous infusions or oral medications, often as part of a multimodal treatment regimen alongside surgery and radiation therapy.;Google
Conserved sequence;In evolutionary biology, a conserved sequence refers to a string of nucleic acids or amino acids that remains relatively unchanged across different species or over long periods of evolutionary time. These persistent patterns indicate that the sequence performs a vital biological function, making it resistant to significant mutation through the process of natural selection. Functional areas, such as protein-coding regions or regulatory elements, are frequently conserved because alterations often impair an organism's fitness. By identifying these sequences through comparative genomics, scientists can discern critical genetic components and trace phylogenetic relationships among diverse organisms, highlighting the shared molecular foundations essential for various life forms.;Google
Synaptogenesis;Synaptogenesis is the biological process describing the formation of synapses between neurons in the nervous system. Although it occurs throughout a healthy person's lifespan, an explosion of synapse formation happens during early brain development, a phase often referred to as exuberant synaptogenesis. This intricate process is fundamental for establishing neural pathways and complex cognitive functions. It involves the precise guidance of axons and dendrites toward one another through molecular signaling. Once physical contact is established, specialized proteins assemble to create the functional junction where chemical neurotransmission occurs. While most intense during infancy, synaptogenesis continues through adulthood to support learning, memory, and structural plasticity within the brain.;Google
Small molecule;A small molecule is a low molecular weight organic compound that serves as a regulator of biological processes. Generally defined by a size of less than 900 daltons, these molecules are significantly smaller than macromolecules such as proteins or nucleic acids. Because of their compact structure, they can often diffuse across cell membranes to reach internal targets. In pharmacology, the majority of therapeutic drugs belong to this category due to their predictable chemical properties and oral bioavailability. Small molecules function by binding to specific proteins, altering their activity and influencing signaling pathways. They are essential tools in both medicinal research and the development of traditional pharmaceutical treatments for various diseases.;Google
Processivity;Processivity describes the ability of an enzyme to catalyze multiple consecutive reactions on a single substrate without dissociating. This property is particularly significant in molecular biology, where it characterizes the efficiency of enzymes like DNA polymerases and motor proteins. A high degree of processivity allows a polymerase to synthesize long strands of genetic material rapidly by remaining attached to the DNA template through thousands of catalytic cycles. Conversely, distributive enzymes detach after each individual reaction. This continuous action is essential for rapid genomic replication and efficient intracellular transport. The level of processivity is typically measured as the average number of catalytic events occurring per single binding event between the enzyme and its substrate.;Google
CNO cycle;The CNO cycle, or carbon-nitrogen-oxygen cycle, is one of two catalytic sets of fusion reactions by which stars convert hydrogen into helium. While the proton-proton chain dominates in smaller stars like the Sun, the CNO cycle is the primary energy source for stars more massive than 1.3 solar masses. During this process, carbon, nitrogen, and oxygen nuclei act as catalysts to facilitate the fusion of four protons into a single alpha particle. These reactions require extremely high temperatures to overcome the electrostatic repulsion between nuclei. Consequently, the CNO cycle becomes increasingly efficient as stellar core temperatures rise, ultimately driving the evolution and luminosity of massive stars.;Google
Metabolism;Metabolism encompasses the complete set of life-sustaining chemical reactions within the cells of living organisms. These processes allow organisms to grow, reproduce, maintain their structures, and respond to their environments. Metabolism is typically divided into two categories: catabolism, the breaking down of organic matter to harvest energy through cellular respiration, and anabolism, the use of energy to construct components of cells such as proteins and nucleic acids. Metabolic pathways are organized sequences of reactions catalyzed by enzymes, which regulate the flow of energy and materials. The metabolic rate influences how quickly an individual burns calories and sustains vital physiological functions.;Google
Bacteriophage;A bacteriophage, often shortened to phage, is a type of virus that specifically infects and replicates within bacteria and archaea. These biological entities are incredibly diverse and represent the most abundant organisms in the biosphere. Structurally, they typically consist of a protein capsid enclosing a genetic payload of either DNA or RNA. Upon encountering a compatible host cell, the phage attaches to specific surface receptors and injects its genetic material. It then initiates either a lytic cycle, leading to host cell destruction and progeny release, or a lysogenic cycle, where its genome integrates into the host's chromosome. Phages play critical roles in microbial ecology and are increasingly studied for medical applications like phage therapy.;Google
Fourier transform;The Fourier transform is a fundamental mathematical operation that decomposes a function or signal into its constituent frequencies. It bridges the gap between the time domain and the frequency domain, representing a complex waveform as a sum of sinusoidal waves. Originally developed by Joseph Fourier for heat conduction studies, the transform is now crucial in physics, engineering, and signal processing. By converting a signal into its spectrum, it allows for easier analysis and manipulation of data. Applications include image compression, audio processing, and quantum mechanics. The transform provides a unique representation where every point in the frequency domain contains information about the entire original signal.;Google
String theory;String theory is a theoretical framework in physics that proposes that the fundamental constituents of the universe are not point-like particles but rather one-dimensional oscillating objects called strings. These strings vibrate at specific frequencies, with each vibration corresponding to a different elementary particle, such as electrons or quarks. One significant feature of string theory is that it naturally includes gravity, making it a candidate for a theory of everything. However, the theory requires additional spatial dimensions beyond the four we observe. While mathematically elegant, string theory remains difficult to verify experimentally because the strings are far too small for current technology to observe directly.;Google
Aneuploidy;Aneuploidy is a chromosomal abnormality characterized by an extra or missing chromosome within a cell. This condition typically arises from nondisjunction, a process where homologous chromosomes or sister chromatids fail to separate correctly during cell division, specifically meiosis or mitosis. Common forms include trisomy, where three copies of a specific chromosome are present, and monosomy, where only one copy remains. In humans, autosomal aneuploidies often lead to significant developmental issues or miscarriage, though some instances like Trisomy 21 are viable. Sex chromosome variations, such as Turner syndrome or Klinefelter syndrome, typically present with milder phenotypes but often impact physical development and fertility.;Google
Vulcanization;Vulcanization is a chemical process used to transform natural rubber and related polymers into more durable materials through the addition of sulfur or other curatives. By applying heat, the process creates cross-links between individual polymer chains, significantly enhancing the material's structural integrity and elasticity. This chemical modification reduces the stickiness of raw rubber while increasing its resistance to temperature fluctuations and chemical degradation. Patented by Charles Goodyear in the mid-nineteenth century, vulcanization remains fundamental to modern industrial manufacturing. It is primarily utilized in the production of automotive tires, mechanical seals, and waterproof footwear, providing the necessary resilience for demanding engineering applications.;Google
Living fossil;A living fossil is an extant species that closely resembles organisms otherwise known only from the fossil record. These organisms typically exhibit minimal morphological change over millions of years and belong to lineages with low taxonomic diversity. While the term suggests a stasis in evolution, these species undergo genetic modifications even if their physical appearances remain stable. Prominent examples include the coelacanth, the horseshoe crab, and the ginkgo tree. These taxa provide valuable insights into ancient ecosystems and ancestral biological traits. Despite its widespread use, some biologists criticize the term for implying that evolution has stopped, which is scientifically inaccurate since all lineages continue to adapt at a molecular level.;Google
Geoengineering;Geoengineering refers to the deliberate large-scale intervention in the Earth's climate system to mitigate the adverse effects of global warming. This field is primarily divided into two main categories: solar radiation management and carbon dioxide removal. Solar radiation management techniques, such as stratospheric aerosol injection, aim to reflect a portion of the Sun's energy back into space. Conversely, carbon dioxide removal methods focus on extracting greenhouse gases directly from the atmosphere through biological or technological means. While these technologies offer potential solutions to stabilize global temperatures, they also introduce significant environmental risks and ethical dilemmas. Consequently, geoengineering remains a highly debated topic among scientists and global policymakers.;Google
Photocatalysis;Photocatalysis is a chemical process where a substance, known as a photocatalyst, accelerates a light-induced reaction without being consumed itself. This phenomenon typically occurs when a semiconductor material, such as titanium dioxide, absorbs photons with energy equal to or greater than its band gap. This absorption excites electrons from the valence band to the conduction band, creating electron-hole pairs. These reactive species participate in oxidation-reduction reactions on the material surface, effectively decomposing organic pollutants or splitting water into hydrogen and oxygen. Photocatalysis is widely researched for applications in environmental remediation, sustainable energy production, and self-cleaning surfaces due to its efficiency and utilization of solar energy.;Google
Universal grammar;Universal grammar is a theoretical framework in modern linguistics suggesting that the human brain possesses innate genetic information for language acquisition. Proposed primarily by Noam Chomsky, this theory posits that all human languages share a common underlying structural foundation. It argues that children are born with a language acquisition device containing universal principles and parameters. This biological endowment allows infants to rapidly master complex grammatical structures despite receiving limited linguistic input from their environment. While controversial among some cognitive scientists who favor learned behavior models, universal grammar remains a cornerstone of generative linguistics. It emphasizes that the capacity for language is a uniquely human biological trait rather than a purely cultural development.;Google
Tunnel magnetoresistance;Tunnel magnetoresistance is a quantum mechanical phenomenon occurring in a magnetic tunnel junction, which consists of two ferromagnetic electrodes separated by a thin insulating barrier. When the insulator is sufficiently thin, electrons can tunnel through the barrier. The electrical resistance of this structure depends on the relative orientation of the magnetization in the two magnetic layers. Resistance is typically lower when the magnetizations are parallel and significantly higher when they are antiparallel. This effect arises from the spin-polarization of electrons and the density of states. TMR is a cornerstone of spintronics, widely utilized in magnetic sensors, hard disk read heads, and magnetoresistive random-access memory.;Google
Gadolinium;"Gadolinium is a chemical element with the symbol Gd and atomic number 64. It is a silvery-white, malleable, and ductile rare-earth metal found in the lanthanide series of the periodic table. Gadolinium is unique for its exceptional magnetic properties; it is ferromagnetic at temperatures below 20 degrees Celsius. In medicine, gadolinium-based contrast agents are frequently injected into patients to enhance the clarity of images produced by magnetic resonance imaging. Furthermore, the element has a very high cross-section for neutron capture, making it valuable in nuclear reactor shielding and control rods. Due to its toxicity in free ionic form, it is typically administered as a stable chelate in clinical applications.";Google
Beta particle;A beta particle is a high-energy, high-speed electron or positron emitted by the radioactive decay of an atomic nucleus during the process of beta decay. There are two forms of beta decay: beta minus and beta plus. In beta minus decay, a neutron is transformed into a proton, releasing an electron and an antineutrino. Conversely, beta plus decay involves a proton converting into a neutron, emitting a positron and a neutrino. These particles possess greater ionizing power than gamma rays but less than alpha particles. They can be shielded by materials like aluminum or plastic. Beta radiation is significant in medical treatments and industrial gauges.;Google
Interstellar medium;The interstellar medium is the matter and radiation that exist in the space between the star systems within a galaxy. This material includes gas in ionic, atomic, and molecular forms, as well as dust and cosmic rays. It consists primarily of hydrogen, followed by helium with trace amounts of heavier elements. The density of this medium is extremely low, yet it plays a crucial role in astrophysics by serving as the site for new star formation. As stars age and explode, they return enriched material back into the surrounding medium. This continuous cycle of birth and death drives the chemical evolution of galaxies over cosmic timescales.;Google
Mantle convection;Mantle convection is the slow, creeping motion of Earth's solid silicate mantle caused by convection currents carrying heat from the planetary interior to the surface. Heat originates from both the core and radioactive decay within the mantle itself. This process causes warmer, less dense material to rise toward the crust while cooler, denser material sinks toward the core. These movements form massive circulation cells that serve as the primary driver for plate tectonics. Consequently, mantle convection is responsible for geological phenomena such as seafloor spreading, continental drift, and mountain formation. Although the mantle is solid, it behaves as a highly viscous fluid over vast geological timescales.;Google
Gene expression;Gene expression is the fundamental biological process through which information encoded within a gene is utilized to synthesize functional products, typically proteins or functional RNA molecules. This multi-step pathway is essential for all known life, enabling the creation of cellular machinery. The process primarily involves transcription, where a specific DNA segment is copied into messenger RNA, followed by translation, where ribosomes interpret this genetic code to assemble polypeptide chains. By regulating this expression, organisms can control the timing and amount of specific proteins produced, allowing for cellular differentiation and adaptation to environmental changes. This regulation is crucial for maintaining homeostasis and governing developmental processes.;Google
Acid rain;Acid rain refers to any form of precipitation containing acidic components, such as sulfuric or nitric acid, that reaches the ground in wet or dry forms. This includes rain, snow, fog, and hail, as well as acidic dust. The phenomenon occurs when sulfur dioxide and nitrogen oxides are emitted into the atmosphere and transported by prevailing winds. These gases undergo chemical reactions with water and oxygen to produce acidic compounds. Anthropogenic activities, primarily the combustion of fossil fuels, represent the leading cause of these emissions. Environmental consequences include the degradation of soil quality, the acidification of aquatic habitats, and the corrosion of infrastructure.;Google
Quantum spin liquid;A quantum spin liquid is a state of matter characterized by a lack of long-range magnetic order, even at absolute zero temperatures. Unlike conventional magnets, where electron spins align in specific patterns, spins in a QSL remain in a state of constant flux due to strong quantum fluctuations and geometric frustration. This liquid-like behavior prevents the formation of a rigid lattice of spins. Instead, the system exhibits long-range quantum entanglement and can support fractionalized excitations, such as spinons. Theoretical models, like the Kitaev honeycomb model, predict these states in certain materials. Research into QSLs is crucial for understanding high-temperature superconductivity and developing stable qubits for quantum computing.;Google
Survival analysis;Survival analysis is a branch of statistics that deals with death in biological organisms and failure in mechanical systems. This topic is more generally called event history analysis in sociology and reliability theory in engineering. It involves modeling the time until a specific event of interest occurs, such as death, disease recurrence, or equipment malfunction. A central challenge in this field is handling censored data, which happens when the event has not occurred for some subjects by the end of the study. Common tools include the Kaplan-Meier estimator for survival curves and the Cox proportional hazards model for assessing the effects of various risk factors on event timing.;Google
Limiting reagent;A limiting reagent, or limiting reactant, is the substance in a chemical reaction that is completely consumed first, thereby determining the maximum amount of product that can be formed. In stoichiometry, reactions often involve reactants provided in non-stoichiometric ratios. Once the limiting reagent is exhausted, the reaction ceases, regardless of the quantity of other reactants present. These remaining substances are termed excess reagents. To identify the limiting reagent, chemists compare the mole ratios of the reactants used to the balanced chemical equation. This concept is fundamental for calculating theoretical yield and optimizing industrial processes to minimize waste and reduce production costs effectively.;Google
Quantum mechanics;Quantum mechanics is a fundamental theory in physics that describes the behavior of matter and energy at the scale of atoms and subatomic particles. It replaces classical mechanics at the microscopic level, where particles exhibit wave-particle duality and uncertainty. Key principles include quantization, where energy exists in discrete units, and superposition, which allows particles to exist in multiple states simultaneously until measured. This framework also introduces entanglement, a phenomenon where particles remain interconnected regardless of distance. Quantum mechanics provides the foundation for modern technology, including semiconductors and lasers, and remains essential for understanding the underlying nature of the physical universe.;Google
Mental rotation;Mental rotation is the cognitive process of imagining a two-dimensional or three-dimensional object turning in three-dimensional space. First systematically studied by Roger Shepard and Jacqueline Metzler in 1971, the phenomenon demonstrates that humans can mentally manipulate internal representations of physical shapes. Research indicates that the time required to perform a mental rotation task is directly proportional to the angular displacement between the original and target orientations. This linear relationship suggests that mental imagery mimics physical movement through space. Neural activity during these tasks is primarily localized in the parietal lobe. This spatial ability is fundamental to various complex human activities, including navigation, engineering, and architectural design.;Google
Type Ia supernova;A Type Ia supernova is a category of stellar explosion occurring in binary star systems where one star is a white dwarf. This phenomenon typically happens when a carbon-oxygen white dwarf accretes matter from a companion or merges with another white dwarf, eventually reaching the critical Chandrasekhar limit of approximately 1.4 solar masses. At this threshold, the increased pressure triggers a runaway thermonuclear reaction, completely destroying the star. Because these explosions produce a nearly uniform peak luminosity, astronomers utilize them as standard candles to measure vast astronomical distances. These observations were instrumental in discovering that the expansion of the universe is currently accelerating due to dark energy.;Google
Optical tweezers;Optical tweezers are scientific instruments that use a highly focused laser beam to provide an attractive or repulsive force to physically hold and move microscopic objects. This technique utilizes the momentum of light to exert tiny forces on dielectric particles, ranging in size from nanometers to micrometers. When light passes through a particle, its path changes due to refraction, leading to a momentum transfer that creates a stable trap. Arthur Ashkin pioneered this technology, earning the Nobel Prize in Physics for his work. Today, optical tweezers are essential in biological research for manipulating single cells, proteins, and DNA molecules without physical contact or damage.;Google
Quantum wire;A quantum wire is an electrically conducting wire in which quantum effects dominate the transport properties. In these structures, electrons are confined in two directions, while they are free to move in the third direction. This confinement leads to the quantization of energy levels, resulting in discrete energy states rather than a continuous band. Quantum wires are typically fabricated using semiconductor materials with diameters on the nanometer scale. Due to their unique electronic properties, they exhibit phenomena like conductance quantization. These structures are essential components in the development of future nanoelectronic devices, offering potential for high-speed transistors and efficient light-emitting diodes through precise control over electron flow.;Google
Partial differential equation;A partial differential equation is a mathematical equation that relates a multivariable function to its partial derivatives. Unlike ordinary differential equations, which involve functions of a single variable, these equations describe systems where multiple independent variables, such as spatial coordinates and time, influence the outcome simultaneously. They are essential in science and engineering for modeling complex physical phenomena including heat transfer, fluid flow, wave motion, and quantum mechanics. Prominent examples include the heat equation and Maxwell's equations. Because analytical solutions are often difficult to obtain, researchers frequently employ numerical analysis and computer simulations to approximate how these systems behave over time and across various physical dimensions.;Google
Nash equilibrium;Nash equilibrium is a central concept in game theory, named after the mathematician John Nash. It describes a situation in a non-cooperative game where no player can benefit by unilaterally changing their strategy, assuming all other participants keep their strategies unchanged. In this state, every player’s strategy is optimal given the strategies chosen by everyone else. This equilibrium represents a point of stability where individual rational choices lead to a predictable collective outcome. Widely applied in economics, political science, and evolutionary biology, the Nash equilibrium provides a framework for analyzing complex interactions where the payoff for each individual depends on the decisions made by all parties involved.;Google
Flow battery;A flow battery is an electrochemical cell where energy is stored in liquid electrolytes contained in external tanks. These liquids are pumped through a central stack separated by a semipermeable membrane. During operation, ion exchange occurs across the membrane to facilitate charge or discharge. Unlike conventional batteries where electrodes contain the active materials, flow batteries decouple energy capacity from power output. Power is determined by the electrode surface area, while energy depends on the electrolyte volume. This scalability makes them ideal for grid-level storage and renewable energy integration. Vanadium redox systems are the most commercially mature variety, utilizing the element's multiple oxidation states to store and release electricity efficiently.;Google
Spin Hall effect;The Spin Hall effect is a transport phenomenon where an electrical current flowing through a material generates a transverse spin current. This results in the accumulation of electrons with opposite spin orientations at the lateral edges of the conductor. Unlike the conventional Hall effect, this process occurs without an external magnetic field. It is primarily driven by spin-orbit coupling, which causes spin-dependent deflection of charge carriers. Mechanisms are categorized as either intrinsic, arising from the material’s electronic band structure, or extrinsic, caused by asymmetric scattering from impurities. The effect is a cornerstone of modern spintronics, enabling the generation and manipulation of spin information in non-magnetic systems.;Google
Supercapacitor;A supercapacitor, also known as an ultracapacitor, is a high-capacity electrochemical capacitor that bridges the gap between traditional capacitors and rechargeable batteries. Unlike conventional capacitors that store energy through an electric field between two plates, supercapacitors primarily utilize two mechanisms: electric double-layer capacitance and pseudocapacitance. The former involves the physical separation of charges at the interface between an electrode and an electrolyte, while the latter relies on rapid faradaic redox reactions. These devices offer significantly higher power density and faster charge-discharge cycles than batteries, although they generally possess lower energy density. They are widely employed in applications requiring rapid bursts of energy, such as regenerative braking systems in vehicles.;Google
Hsp90;Heat Shock Protein 90 is a highly conserved molecular chaperone essential for maintaining cellular proteostasis in eukaryotes. It assists in the folding, maturation, and stabilization of a wide array of client proteins, including kinases and steroid hormone receptors. Unlike general chaperones, Hsp90 predominantly interacts with proteins that have achieved significant tertiary structure. The protein operates through an ATP-dependent cycle that involves structural rearrangements and cooperation with various co-chaperones. In oncology, Hsp90 is a prominent drug target because it buffers mutations and stabilizes oncogenic drivers, allowing cancer cells to thrive under proteotoxic stress. Therapeutic inhibition of Hsp90 promotes the degradation of these clients via the ubiquitin-proteasome pathway, disrupting multiple signaling networks simultaneously.;Google
Galvanic corrosion;Galvanic corrosion is an electrochemical process that occurs when two dissimilar metals are in electrical contact while immersed in a common electrolyte. One metal, the anode, corrodes more rapidly than it would individually, while the other, the cathode, corrodes more slowly or not at all. This phenomenon is driven by the potential difference between the materials, as defined by the galvanic series. Factors influencing the rate of corrosion include the relative surface areas of the metals, the conductivity of the electrolyte, and environmental conditions. Engineers often prevent this degradation by using insulation, applying protective coatings, or selecting materials with similar electrochemical potentials to ensure long-term structural integrity.;Google
Language acquisition;Language acquisition refers to the process by which humans perceive and comprehend language, as well as produce and use words and sentences to communicate. It is a fundamental aspect of cognitive development and linguistics. Developmental psychologists identify a critical period for language learning, typically spanning from early childhood to puberty. During this time, the brain displays high plasticity, allowing infants to subconsciously absorb complex grammatical structures and phonetics through social interaction. Theoretical perspectives vary, with nativists like Noam Chomsky proposing an innate language acquisition device, while empiricists emphasize environmental exposure and learning. Regardless of the framework, the journey from babbling to fluent speech represents a remarkable biological and social milestone.;Google
Molecular dynamics;Molecular dynamics is a computational simulation method used to study the physical movements of atoms and molecules over time. By numerically solving Newton's equations of motion for a system of interacting particles, researchers can predict the trajectories of individual constituents. The forces between particles are typically derived from interatomic potentials or molecular mechanics force fields, which define how atoms interact based on distance and orientation. This approach provides detailed insights into thermodynamic properties and structural transitions at the microscopic level. Originally developed for theoretical physics, molecular dynamics is now widely employed in chemistry, materials science, and structural biology to explore complex systems like proteins and polymers.;Google
Protecting group;A protecting group is a chemical substituent introduced into a molecule by chemical modification of a functional group to prevent its reactivity in subsequent reactions. In multistep organic synthesis, molecules often possess multiple reactive sites, necessitating the temporary masking of certain functional groups to achieve chemoselectivity. A suitable protecting group must be easily attached, stable under the specific reaction conditions employed, and selectively removable, a process known as deprotection, without degrading the rest of the molecular framework. Common examples include acetals for protecting aldehydes or ketones and silyl ethers for alcohols. This strategic manipulation allows chemists to synthesize complex structures like pharmaceuticals with high precision and yield.;Google
Peristalsis;Peristalsis is a series of wave-like muscle contractions that move food through the digestive tract. It starts in the esophagus when a bolus of food is swallowed. The process involves both circular and longitudinal smooth muscles. Circular muscles contract behind the food to prevent it from moving backward, while longitudinal muscles contract in front to shorten the path. This involuntary reflex is controlled by the enteric nervous system. Beyond digestion, similar movements occur in the ureters to transport urine from the kidneys to the bladder and in the bile ducts. This coordinated movement is essential for efficient nutrient processing and waste elimination in many biological systems.;Google
Telomerase;Telomerase is a ribonucleoprotein enzyme that adds repetitive nucleotide sequences, known as TTAGGG in humans, to the ends of chromosomes called telomeres. These regions protect genomic stability but shorten during each round of cell division due to the end-replication problem. By extending telomeres using an RNA template, telomerase prevents cellular senescence and apoptosis. While active in germ cells and stem cells, it is largely silenced in most adult somatic cells. However, its reactivation is observed in approximately ninety percent of human cancers, enabling the limitless proliferative capacity characteristic of malignant tumors. Understanding telomerase is crucial for aging research and oncology.;Google
Zeeman effect;The Zeeman effect is a physical phenomenon involving the splitting of a spectral line into several components in the presence of a static magnetic field. Discovered by Dutch physicist Pieter Zeeman in 1896, this effect occurs because the external magnetic field interacts with the magnetic dipole moment associated with the orbital and spin angular momentum of electrons. This interaction shifts the energy levels of the atoms, resulting in the separation of previously degenerate states. The effect is classified into normal and anomalous types depending on the presence of electron spin. It serves as a vital tool in astrophysics for measuring the magnetic fields of stars and the Sun.;Google
