Termo;Text;Label
Predation;Predation, a fundamental ecological interaction, describes the process where one organism, the predator, consumes another, the prey. This relationship profoundly shapes populations and ecosystems, driving evolutionary adaptations in both species. Predator-prey dynamics often exhibit cyclical patterns, with predator populations fluctuating based on prey abundance, a phenomenon known as the Lotka-Volterra model. Factors like habitat availability, prey defenses, and predator hunting strategies all contribute to the intensity and success of predation. The energy flow from prey to predator is a cornerstone of food webs, impacting biodiversity and overall ecosystem health.;Google
Stem cell;Stem cell research represents a pivotal area within developmental biology and regenerative medicine. Stem cells are undifferentiated cells possessing the unique ability to self-renew and differentiate into specialized cell types, mirroring the processes occurring during embryonic development. There are primarily two main categories: embryonic stem cells, derived from the blastocyst, and adult stem cells, found within various tissues like bone marrow and skin. Scientists investigate stem cells to understand tissue repair, disease modeling, and potential therapies for conditions such as diabetes, Parkinson’s disease, and spinal cord injury. Ethical considerations surrounding embryonic stem cell research remain a significant topic of discussion.;Google
Neuroprotection;Neuroprotection encompasses a multifaceted area of biomedical research focused on safeguarding neurons from damage and degeneration. It addresses conditions where neuronal loss contributes to diseases such as stroke, Alzheimer’s disease, Parkinson’s disease, traumatic brain injury, and spinal cord injury. The fundamental goal is to mitigate the harmful effects of excitotoxicity, oxidative stress, inflammation, and apoptosis – key mechanisms involved in neuronal death. Research explores various strategies, including pharmacological interventions utilizing neurotrophic factors, antioxidants, and anti-inflammatory agents, alongside techniques like stem cell transplantation and gene therapy, aiming to promote neuronal survival and functional recovery.;Google
Bone marrow;"Bone marrow, primarily found within the hollow interiors of bones, is a soft, spongy tissue crucial to hematopoiesis – the production of all blood cells. It’s divided into red marrow, abundant in younger individuals and those undergoing rapid growth, and yellow marrow, which primarily stores fat and develops in older adults. Hematopoietic stem cells reside within the marrow, capable of differentiating into various blood cell lineages, including erythrocytes, leukocytes, and thrombocytes. Disruptions to bone marrow function, such as leukemia or aplastic anemia, can severely compromise blood cell production, leading to life-threatening conditions. The marrow’s role extends beyond simply generating blood; it also serves as a microenvironment for immune cell development.";Google
Synaptic pruning;Synaptic pruning is a fundamental process in neuroscience describing the elimination of synapses, or connections, between neurons. Primarily occurring during development, particularly in the brain of infants and children, it is a critical mechanism for refining neural circuits. Initially, the brain generates an overabundance of synapses, a phenomenon termed “synaptic exuberance.” Subsequently, weakened or rarely used synapses are selectively removed, primarily by microglia, immune cells of the brain. This process optimizes neural networks for efficiency and specialized function, analogous to sculpting a statue from a large block of stone. Synaptic pruning is vital for learning, memory, and adaptive behavior.;Google
Mucosa-associated lymphoid tissue;Mucosa-associated lymphoid tissue represents a crucial component of the adaptive immune system, primarily located in mucosal surfaces throughout the body, including the gut, respiratory tract, and conjunctiva. These lymphoid aggregates, such as Peyer’s patches in the small intestine and tonsils, are strategically positioned to encounter antigens originating from the external environment. MALT houses specialized immune cells, including B lymphocytes and T lymphocytes, which initiate and orchestrate immune responses against pathogens. This localized immune surveillance is vital for preventing infection and maintaining immunological tolerance to harmless antigens, contributing significantly to both immunity and preventing autoimmune reactions.;Google
Volcanism;Volcanism encompasses the processes by which molten rock, known as magma, erupts onto the Earth’s surface. This phenomenon is primarily driven by plate tectonics, specifically at divergent boundaries where plates separate, and convergent boundaries where they collide. Magma formation occurs due to reduced pressure, often associated with mantle plumes – columns of hot rock rising from deep within the Earth. Eruptions vary significantly, ranging from effusive flows of basaltic lava to explosive events involving viscous, silica-rich magma. The resulting volcanic landforms include shield volcanoes, stratovolcanoes, and calderas, each reflecting the magma's composition and eruptive style.;Google
Pentose phosphate pathway;The pentose phosphate pathway, often abbreviated as PPP, is a crucial metabolic route within cells that diverges from glycolysis. Primarily occurring in the cytoplasm, it’s responsible for generating NADPH and ribose-5-phosphate, essential cofactors and a precursor for nucleotide biosynthesis, respectively. Unlike glycolysis, the PPP doesn’t directly produce ATP. Instead, it utilizes glucose-6-phosphate, converting it through a series of enzymatic reactions. This pathway is particularly important in tissues with high energy demands, such as red blood cells, and plays a critical role in antioxidant defense by producing NADPH, which reduces reactive oxygen species.;Google
Attenuated vaccine;An attenuated vaccine utilizes weakened versions of a pathogen, typically a virus or bacterium, to stimulate an immune response without causing significant illness. These attenuated microorganisms have been deliberately weakened through processes like serial passage, chemical treatment, or genetic modification, reducing their ability to replicate fully within the host. Crucially, despite their diminished virulence, attenuated vaccines still retain enough antigens – molecules recognized by the immune system – to trigger the production of antibodies and memory cells. This leads to long-term immunity. Common examples include measles, mumps, and rubella vaccines, providing protection against serious diseases while minimizing the risk of severe complications.;Google
Carrying capacity;"Carrying capacity, a central concept in ecology, describes the maximum population size of a species that an environment can sustainably support. This limit isn’t solely determined by resource availability; it’s a dynamic interplay between population growth rate and the rate at which resources are consumed and waste products are eliminated. Factors influencing carrying capacity include food supply, water, shelter, and predation pressure. As a population approaches its carrying capacity, competition for resources intensifies, leading to increased mortality rates and potentially reduced birth rates. The concept highlights the delicate balance between a population and its environment, and is frequently used to model population dynamics and understand ecosystem stability.";Google
Quantum dot;"Quantum dots are semiconductor nanocrystals, typically ranging from 2 to 10 nanometers in diameter, that exhibit quantum mechanical properties due to their extremely small size. Their confinement of electrons and holes leads to quantized energy levels, meaning electrons can only occupy specific energy states. This results in the emission of light with a size-dependent wavelength, analogous to the color of a rainbow. The color of light emitted by a quantum dot is determined by its diameter; smaller dots emit blue light, while larger dots emit red light. This tunable optical property makes them valuable in applications like displays, bioimaging, and solar cells.";Google
Lock and key;The “lock and key” concept, formally known as substrate specificity, describes the highly selective interaction between biological molecules. Initially observed with digestive enzymes, it posits that an enzyme possesses a unique three-dimensional structure perfectly tailored to bind with a specific substrate. This precise fit is governed by complementary shapes and chemical properties, maximizing the rate of a chemical reaction. Deviation from this ideal fit significantly reduces or eliminates the interaction. The principle extends beyond enzymes to encompass receptor-ligand interactions, antibody-antigen binding, and many other biological processes, highlighting the importance of molecular complementarity in biological function.;Google
Extracellular matrix;The extracellular matrix represents a complex, three-dimensional network surrounding cells in all multicellular organisms. Primarily composed of proteins like collagen, elastin, and fibronectin, alongside polysaccharides like glycosaminoglycans, the ECM provides structural support, influences cell behavior, and regulates tissue organization. It’s critical for development, wound healing, and maintaining tissue homeostasis. The ECM’s composition varies depending on tissue type and function, affecting cell adhesion, migration, and differentiation. Mechanical forces exerted on the ECM can also directly impact cell signaling pathways, highlighting its central role in tissue mechanics and biological processes.;Google
Oceanography;Oceanography is the multidisciplinary study of the ocean, encompassing its physical, chemical, geological, and biological aspects. It investigates the complex interactions within the marine environment, examining phenomena such as ocean currents, tides, and wave formation through the principles of physics. Chemical oceanography focuses on salinity, nutrient distribution, and the impact of human activities on water quality. Geological oceanography explores seafloor formation, plate tectonics, and marine sediments. Biological oceanography studies marine life, ecosystems, and the effects of climate change on ocean organisms. Ultimately, oceanography strives to understand the vast and vital role the ocean plays in regulating Earth’s climate and supporting life.;Google
Toughness;Toughness, within materials science, represents a material’s ability to absorb energy and plastically deform before fracturing. It’s a complex mechanical property that goes beyond simple hardness or yield strength. Specifically, toughness is quantified by the area under a stress-strain curve during the elastic-plastic deformation phase. Factors influencing a material’s toughness include its microstructure, including grain size, material composition, and the presence of defects. Ductile materials generally exhibit higher toughness due to their capacity for significant plastic deformation. Commonly used in engineering applications, understanding toughness is crucial for predicting a material's behavior under load and ensuring structural integrity.;Google
Gamma-ray burst;Gamma-ray bursts are the most luminous electromagnetic events known in the universe, originating from cataclysmic astrophysical processes. These extremely intense bursts, lasting from milliseconds to minutes, are typically associated with the collapse of massive stars – known as core-collapse supernovae – or the merger of compact objects like neutron stars or black holes. GRBs emit intense bursts of gamma rays, which then cascade down to lower energy photons across the electromagnetic spectrum, including X-rays, optical light, and radio waves. Scientists study GRBs to understand extreme physics, such as jet formation and the behavior of matter under immense gravitational forces and energy densities, offering insights into the early universe.;Google
Embedding;Embedding, in the context of machine learning and artificial intelligence, refers to the process of representing discrete data – such as words, images, or users – as dense, low-dimensional vectors. These vectors, often learned through models like word embeddings or autoencoders, capture semantic relationships and similarities between the original data points. The resulting embedding space allows for mathematical operations, enabling algorithms to understand and reason about the underlying meaning. For example, word embeddings place words with similar meanings closer together in the vector space, facilitating tasks like sentiment analysis and machine translation. The quality of the embedding directly impacts the performance of downstream applications.;Google
Neuroinflammation;Neuroinflammation represents a complex immunological response within the central nervous system, distinct from systemic inflammation. Initially, it’s a protective mechanism triggered by injury, infection, or aberrant protein aggregation like those seen in Alzheimer’s disease. Activated microglia, the brain’s resident immune cells, release inflammatory mediators such as cytokines and reactive oxygen species, attempting to clear the threat. However, prolonged or excessive neuroinflammation can exacerbate neuronal damage and contribute to chronic neurological disorders. Research increasingly focuses on understanding the intricate interplay between neuroinflammation and neurodegenerative diseases, exploring potential therapeutic targets to modulate this inflammatory cascade and protect brain health.;Google
Cache coherence;Cache coherence is a fundamental concept in computer architecture addressing the issue of multiple processors accessing and modifying shared memory. Modern computer systems utilize caches – small, fast memory stores – to speed up data access. When several processors have copies of the same data stored in their respective caches, inconsistencies can arise if one processor modifies its cached copy without notifying the others. Cache coherence protocols, such as snooping or directory-based approaches, ensure that all processors maintain a consistent view of memory. These protocols monitor cache activity and implement mechanisms like invalidation or update propagation to maintain data integrity across the system’s distributed caches.;Google
Single-cell analysis;Single-cell analysis represents a revolutionary approach in biological research, focusing on studying individual cells rather than bulk tissue samples. Techniques like droplet microfluidics and fluorescence-activated cell sorting enable the isolation and characterization of cells based on their unique molecular profiles. These profiles, often assessed through methods such as RNA sequencing and protein analysis, reveal previously hidden cellular heterogeneity within populations. This allows researchers to identify rare cell types, understand developmental processes, track disease progression at a granular level, and investigate cellular responses to stimuli. Single-cell analysis is transforming fields ranging from oncology and immunology to developmental biology and neuroscience.;Google
Triple-alpha process;The triple-alpha process is a crucial nuclear fusion reaction occurring within stars, primarily in evolved red giants. It represents the primary mechanism for synthesizing heavier elements, specifically helium, during the later stages of stellar evolution. This process involves the fusion of three helium nuclei into one carbon nucleus. The reaction is represented as 3 ⁴He → ⁸Be + ⁴He → ¹²C + γ, where ⁸Be rapidly decays into ⁴He and gamma radiation. The rate of the triple-alpha process is influenced by a complex “freeze-out” mechanism involving the buildup of carbon, temporarily halting further reactions until the carbon concentration increases sufficiently.;Google
Leaving group;"In chemical reactions, a leaving group is an atom or group of atoms that departs from a molecule, facilitating the formation of a new chemical bond. It’s central to processes like substitution and elimination reactions. The strength of the leaving group significantly impacts the reaction rate; weaker leaving groups readily depart, accelerating the reaction. Common examples include halides like chloride and bromide as well as hydroxide. The stability of the resulting anion after departure contributes to the leaving group's ability to detach. Effective leaving groups are typically weak bases, meaning they are not strongly attracted to the positively charged cation formed during the reaction.";Google
Holographic principle;The holographic principle posits a fundamental connection between gravity and information, suggesting that our three-dimensional universe may be an emergent property of a two-dimensional surface. Proposed by Gerard ‘t Hooft and Leonard Susskind, it stems from black hole thermodynamics, specifically the area of a black hole’s event horizon being proportional to the entropy it contains. This implies that all the information about the volume of space is encoded on its boundary. Essentially, a region of space’s information content is limited by the area of its surface. The principle suggests that the universe as we experience it isn’t fundamental but arises from a holographic projection, a concept currently intensely researched in theoretical physics and cosmology.;Google
Endospore;Endospores are highly resistant, dormant structures produced by certain bacteria, primarily members of the genera *Bacillus* and *Clostridium*. These specialized cells form in response to harsh environmental conditions such as nutrient deprivation, extreme temperatures, or radiation. An endospore represents a state of suspended animation, containing a compact core of DNA and sufficient metabolic machinery to revive under favorable conditions. Endospores are extraordinarily durable, capable of surviving sterilization processes like autoclaving and remaining viable for potentially hundreds or even thousands of years. Their formation is a critical survival strategy for these bacteria, allowing them to endure periods of adversity and germinate when conditions improve.;Google
BCS theory;BCS theory, or Bardeen-Cooper-Schrieffer theory, is a fundamental explanation of superconductivity in many materials. Developed in 1957 by John Bardeen, Leon Cooper, and John Schrieffer, it describes how electrons can pair up to form what are known as Cooper pairs. These pairs, unlike individual electrons, can move through a material without resistance because they act as bosons, exhibiting wave-like behavior. The theory posits that thermal vibrations within the crystal lattice distort the potential energy, effectively creating an attraction between electrons of opposite spins. This pairing mechanism allows for the lossless flow of electric current below a critical temperature, a defining characteristic of superconducting materials.;Google
Cellular respiration;Cellular respiration is a fundamental metabolic process occurring in virtually all living organisms, converting biochemical energy from nutrients into adenosine triphosphate, the cell’s primary energy currency. It encompasses a series of interconnected reactions, primarily occurring within the mitochondria, and can be broadly categorized into glycolysis, the Krebs cycle, and the electron transport chain. Glycolysis occurs in the cytoplasm, while the Krebs cycle and electron transport chain occur within the mitochondrial matrix. Oxygen is crucial as the final electron acceptor, enabling the efficient production of ATP from glucose and other organic molecules. The process yields carbon dioxide and water as byproducts.;Google
Neural tissue engineering;Neural tissue engineering encompasses a multidisciplinary field focused on regenerating and repairing damaged neural tissue, primarily the central nervous system. Researchers utilize a combination of cell biology, biomaterials, and tissue engineering principles to create functional neural constructs. These approaches often involve seeding cells, such as stem cells or differentiated neurons, onto scaffolds mimicking the extracellular matrix. The goal is to stimulate cell growth, differentiation, and network formation, ultimately promoting nerve regeneration and functional recovery. Techniques include 3D bioprinting, microfluidic devices, and decellularized matrix scaffolds, offering potential therapies for conditions like spinal cord injury and stroke.;Google
Principal component analysis;Principal component analysis is a dimensionality reduction technique employed in statistics and machine learning. It identifies the directions of maximum variance within a dataset, transforming multiple correlated variables into a smaller set of uncorrelated principal components. These components are ordered by the amount of variance they explain, with the first component capturing the most significant variation and subsequent components capturing decreasing amounts. PCA is frequently used to simplify complex datasets, remove noise, and visualize high-dimensional data while retaining essential information. It's a powerful tool for feature extraction and data compression, impacting fields like image processing and genomics.;Google
Cloning;Cloning, in a scientific context, primarily refers to somatic cell nuclear transfer, a process utilized to create genetically identical copies of organisms. SCNT involves removing the nucleus from an egg cell and transplanting it into a suitable recipient egg cell, which has had its own nucleus removed. Stimulation then triggers cell division, eventually forming an embryo that mirrors the donor’s genetic makeup. This technique has been successfully employed in creating identical twins naturally, but also replicated in laboratory settings for animals like sheep and, controversially, for human therapeutic research. Ethical considerations and technical challenges remain central to the field.;Google
Game theory;Game theory is a mathematical framework analyzing strategic interactions between rational decision-makers, known as ‘players’. It explores scenarios where the outcome for each participant depends not only on their own actions but also on the actions of others. These interactions, termed “games,” can range from simple two-person scenarios like the Prisoner’s Dilemma to complex multi-player situations mirroring real-world competitions in economics, politics, and biology. The field utilizes concepts such as Nash equilibrium – a stable state where no player can improve their outcome by unilaterally changing their strategy – to predict and understand behavior in competitive environments. Game theory provides tools for modeling conflict and cooperation.;Google
Titration;Titration is a fundamental analytical chemistry technique used to determine the concentration of an unknown solution by reacting it with a solution of known concentration, called the titrant. This process relies on a stoichiometric chemical reaction where the titrant completely neutralizes or reacts with the analyte, the substance whose concentration is being sought. The titration is typically carried out using a burette to accurately measure the volume of titrant added. An indicator is often employed to signal the endpoint, the point at which the reaction is complete, visually confirming the equivalence point. Precise measurements and careful observation are crucial for accurate determination of the analyte’s concentration.;Google
Leukopoiesis;Leukopoiesis describes the complex biological process of white blood cell formation, also known as hematopoiesis. This fundamental process occurs primarily in the bone marrow, where hematopoietic stem cells differentiate into various types of blood cells, including neutrophils, lymphocytes, monocytes, eosinophils, and basophils. Leukopoiesis is tightly regulated by a network of growth factors, cytokines, and transcription factors that direct cell maturation and lineage commitment. Dysregulation of this process can lead to conditions like leukemia, where uncontrolled proliferation of immature white blood cells occurs. Research continues to explore the intricate mechanisms governing leukopoiesis to improve treatments for blood disorders and cancers.;Google
Molecular recognition;Molecular recognition describes the specific interactions between biological macromolecules, primarily proteins and nucleic acids, that drive essential cellular processes. It hinges on the complementary shapes and chemical properties of interacting molecules, a phenomenon often likened to a ‘lock and key’ mechanism. Hydrogen bonding, Van der Waals forces, and hydrophobic interactions are crucial forces facilitating these precise associations. This process underlies critical functions such as enzyme-substrate binding, DNA-protein interactions involved in gene regulation, and antibody-antigen interactions in the immune system. Molecular recognition is fundamental to virtually all biological phenomena, dictating specificity and efficiency within complex biochemical systems.;Google
Asymptotic giant branch;The asymptotic giant branch represents a crucial stage in the evolution of low- to intermediate-mass stars, typically those with masses roughly between 0.8 and 8 solar masses, after they have exhausted the hydrogen in their cores. During this phase, the star undergoes a series of pulsations and shell burning stages, primarily fueled by helium fusion in a shell surrounding an inert carbon-oxygen core. The star expands dramatically, increasing in luminosity and developing a pronounced hydrogen-rich outer atmosphere. This instability is characterized by bursts of energy and dredge-up of elements from the inner core to the surface. Ultimately, the AGB star will shed its outer layers, forming a planetary nebula, leaving behind a white dwarf remnant.;Google
Pi bond;Pi bonds, also known as π bonds, are a fundamental type of covalent bond formed between atoms sharing electrons. Unlike sigma bonds, which involve the direct overlap of atomic orbitals along the internuclear axis, pi bonds arise from the sideways overlap of p-orbitals. These p-orbitals, oriented perpendicular to the sigma bond axis, create a region of empty space between the nuclei. Electrons in pi bonds occupy this region, resulting in a weaker and more diffuse bond compared to sigma bonds. The presence of pi bonds significantly impacts a molecule's properties, including its rotational freedom and reactivity. The number of pi bonds determines a molecule's overall stability and susceptibility to chemical reactions.;Google
Hemoglobin;Hemoglobin is a complex metalloprotein found within red blood cells, playing a crucial role in oxygen transport throughout the body. Composed of four globin protein chains – two alpha and two beta – and a heme group containing an iron atom, hemoglobin’s primary function is to reversibly bind oxygen molecules in the lungs. The iron atom’s electronic structure facilitates this binding, and the protein chains stabilize the complex. Upon reaching tissues with lower oxygen concentrations, hemoglobin releases the bound oxygen. Furthermore, it also contributes to carbon dioxide transport and maintains blood pH, demonstrating its multifaceted importance in physiological processes.;Google
Computability;Computability explores the fundamental limits of what computers can calculate. It investigates whether any mathematical problem can be solved by an algorithm, a finite sequence of instructions. Alan Turing’s concept of the Turing machine, a theoretical device, became central to this field, demonstrating machines capable of performing any computable function. The central idea is that there exist problems, often referred to as undecidable problems, which no algorithm can solve for all possible inputs. These include the Halting Problem, which concerns determining whether an arbitrary program will eventually halt or run forever. Computability theory establishes a hierarchy of computable functions, categorizing problems based on their solvability.;Google
Apical ectodermal ridge;The apical ectodermal ridge is a specialized signaling center located at the distal tip of developing epithelial structures, primarily the outer surface of ears, pinnae, and nostrils. It plays a crucial role in orchestrating morphogenesis during embryonic development. The AER secretes a complex mixture of signaling molecules, including Sonic Hedgehog, which diffuses basipetally, inducing proliferation and differentiation of underlying mesenchymal cells. This Shh gradient directly governs the formation of the ear’s unique cartilage and bony structures. Disruptions to AER signaling can lead to congenital abnormalities, such as microtia or anotia.;Google
Spread spectrum;Spread spectrum technology is a communication technique that transmits data by modulating a wideband radio signal with a lower-bandwidth digital signal. Instead of concentrating power at a single carrier frequency, the signal’s energy is spread across a much wider range of frequencies, creating a “spread spectrum” waveform. This technique offers significant advantages including improved resistance to interference, jamming, and multipath fading, enhancing signal reliability. It’s commonly employed in military communications, wireless sensor networks, and satellite communication systems, allowing for efficient spectrum utilization and robust performance in challenging environments. The modulation process utilizes techniques like Direct-Sequence Spread Spectrum or Frequency-Hopping Spread Spectrum.;Google
Finite difference method;The finite difference method is a numerical technique employed to approximate solutions to differential equations. It transforms a continuous problem into a discrete one by replacing derivatives with finite differences, essentially calculating the slope of a function at a specific point using nearby values. This process creates a grid, and the solution is then approximated by assigning values to the grid points. FDM is particularly useful for solving partial differential equations in domains with simple geometries, offering a straightforward method for approximating solutions in fields like heat transfer, fluid dynamics, and electromagnetism. Accuracy is often enhanced by refining the grid resolution.;Google
Hsp70;Hsp70, or Heat Shock Protein 70, is a ubiquitous chaperone protein critical for maintaining cellular protein homeostasis. Synthesized in response to cellular stress, such as elevated temperatures or oxidative damage, Hsp70 actively prevents protein aggregation and promotes proper protein folding. It achieves this by binding to unfolded or misfolded proteins, temporarily stabilizing them to allow them to achieve their correct three-dimensional structure. Hsp70 utilizes the co-chaperone Hsp40 to facilitate this initial binding. Following folding, Hsp70 releases the protein, and the cycle repeats, playing a vital role in protein quality control and cellular survival under stressful conditions.;Google
Limb bud;A limb bud is a critical embryonic structure involved in the development of vertebrate limbs, including those of humans, amphibians, and reptiles. Initially, a limb bud appears as a small swelling on the body wall, primarily composed of mesoderm, the tissue layer responsible for forming muscles and bones. This swelling undergoes rapid growth, driven by reciprocal interactions between the underlying mesoderm and overlying ectoderm. The ectoderm differentiates into the skin and cartilage of the limb, while the mesoderm forms the bones and muscles. The precise shape and patterning of the limb bud are governed by signaling molecules like Sonic hedgehog and Wingless, orchestrating the complex process of limb formation and establishing the distinct digits.;Google
Biosignature;Biosignatures represent evidence of past or present life, critically important in the search for extraterrestrial life and for understanding Earth’s own history. These signatures aren’t necessarily fossilized remains, but rather detectable chemical or physical traces left by biological activity. Common biosignatures include atmospheric gases like oxygen, methane, and nitrous oxide, produced by organisms, alongside isotopic ratios reflecting biological processes. Mineral formations altered by microbial activity, such as stromatolites, also serve as biosignatures. Detection methods involve spectroscopy, remote sensing, and analysis of samples from planetary surfaces or subsurface environments. The identification of robust, unambiguous biosignatures remains a significant challenge in astrobiology.;Google
Hidden Markov model;A Hidden Markov model is a statistical Markov model used to represent systems that evolve over time, where the system’s state is ‘hidden’ but probabilistically linked to observable outputs. Essentially, it models sequences of events where the underlying process transitions between states according to a Markov property – the future state depends only on the present state, not the entire past. HMMs are particularly useful in scenarios involving uncertainty and incomplete data, like speech recognition, bioinformatics, and financial modeling. The model comprises a set of hidden states and a transition probability matrix, alongside an emission probability matrix that connects states to observed outputs.;Google
p-value;The p-value is a fundamental concept in statistical hypothesis testing. It quantifies the probability of observing data as extreme as, or more extreme than, the observed data, assuming the null hypothesis is true. Specifically, it represents the probability of obtaining a test statistic as extreme as the one calculated, if there is truly no effect or relationship being investigated. A small p-value suggests strong evidence against the null hypothesis, leading to its rejection. Conversely, a large p-value indicates insufficient evidence to reject the null hypothesis, meaning the observed data could reasonably have arisen under the null hypothesis assumption.;Google
Ubiquitin;Ubiquitin is a small regulatory protein involved in a vast array of cellular processes, primarily through its role in protein degradation and quality control. It functions as a molecular tag, attaching to target proteins via a process called ubiquitination. This modification often signals for the protein to be recognized and ultimately broken down by the proteasome, the cell’s main protein recycling machine. Ubiquitination also regulates other events, including DNA repair, signal transduction, and chromosome segregation. The ubiquitin system is remarkably dynamic, with ubiquitin chains forming complex topologies influencing the fate of the targeted protein. Dysregulation of ubiquitination is implicated in numerous diseases, including cancer and neurodegenerative disorders.;Google
Cell adhesion;Cell adhesion refers to the diverse set of interactions that govern the sticking together of cells, playing a critical role in tissue formation, wound healing, and immune responses. These interactions are primarily mediated by specialized cell surface molecules, including cadherins, integrins, and selectins, which engage with corresponding ligands on adjacent cells or the extracellular matrix. Cadherins, for instance, mediate homotypic adhesion between cells of the same type, while integrins facilitate heterotypic adhesion to the extracellular matrix. Selectins mediate initial interactions during leukocyte migration, contributing to inflammation and immune cell targeting. Understanding cell adhesion mechanisms is vital for comprehending developmental biology and treating diseases like cancer and inflammatory disorders.;Google
ABC transporter;ABC transporters, also known as ABC proteins, represent a large family of transmembrane proteins pivotal in cellular transport processes. These proteins facilitate the movement of ions, sugars, amino acids, and other molecules across biological membranes, primarily from inside to outside the cell. The ‘ABC’ designation refers to the conserved domains within these proteins: ATP-binding, Boothe domain, and C-terminal domain. These domains enable the coupling of ATP hydrolysis to the translocation of cargo. ABC transporters are crucial for diverse functions including nutrient uptake, detoxification, and maintaining cellular homeostasis. Their involvement extends to bacterial virulence and drug resistance, making them a significant area of research in medicine and biotechnology.;Google
Causal dynamical triangulation;"Causal dynamical triangulation is a theoretical approach within loop quantum gravity that attempts to model spacetime geometry. It posits that spacetime emerges from the quantum dynamics of a network of interconnected, piecewise linear ""triangulations"" representing fundamental building blocks. These triangulations are constrained to maintain a causal structure, meaning that information can only propagate forward in time, reflecting a fundamental principle of physics. The evolution of these triangulations is governed by a stochastic process, yielding a spacetime geometry that appears to fluctuate at the Planck scale. CDT offers a potential solution to the singularity problem in black holes and the Big Bang, providing a dynamic and evolving spacetime rather than a static background.";Google
Calixarene;Calixarenes are cyclic oligomers of phenol molecules, typically consisting of hexameric or decameric structures, arranged like a bucket with a central cavity. These macrocyclic compounds are synthesized through acid-catalyzed condensation reactions and exhibit remarkable host-guest chemistry. The calixarene cavity’s size and shape can be precisely tailored by modifying the phenol substituents, allowing them to selectively bind to various molecules such as alcohols, phenols, and even proteins. This property makes calixarenes valuable in applications including catalysis, sensor development, and drug delivery systems. Their ability to encapsulate and transport substances has spurred significant research across multiple scientific disciplines.;Google
Particulate matter;Particulate matter, often abbreviated as PM, refers to a complex mixture of solid and liquid substances suspended in the air. These particles, ranging in size from micrometers to millimeters, originate from both natural and anthropogenic sources. Natural sources include dust storms, volcanic eruptions, and wildfires, while human activities such as combustion from vehicles and industrial processes are major contributors. PM is categorized by size, with PM2.5 posing the greatest health risk due to their ability to penetrate deep into the respiratory system. Exposure to PM is linked to respiratory and cardiovascular diseases and contributes significantly to air pollution levels globally.;Google
Peptidoglycan;Peptidoglycan is a structural component of bacterial cell walls, providing rigidity and protection. It's a unique polymer composed of glycan chains – repeating units of alternating N-acetylglucosamine and N-acetylmuramic acid – cross-linked by short peptide bridges. These peptide cross-links, variable in their amino acid composition, are crucial for cell wall strength and are the target of many antibiotic drugs, notably penicillin and vancomycin. Variations in peptidoglycan structure reflect differences between bacterial species and contribute significantly to bacterial classification. The synthesis and maintenance of peptidoglycan are vital processes for bacterial survival, making it a key area of research in combating infectious diseases.;Google
Antibody;Antibodies, also known as immunoglobulins, are Y-shaped proteins produced by the immune system in response to foreign substances called antigens. These antigens can be bacteria, viruses, toxins, or even the body's own cells when it encounters autoimmune diseases. Each antibody is specifically designed to recognize and bind to a particular antigen, initiating a chain reaction that ultimately neutralizes the threat. There are five main classes of antibodies – IgG, IgM, IgA, IgE, and IgD – each with distinct functions and locations within the body. Antibody production is a cornerstone of adaptive immunity, providing long-term protection against future exposures.;Google
Genetic drift;Genetic drift refers to random fluctuations in the frequencies of alleles within a population. Unlike natural selection, which favors advantageous traits, genetic drift occurs due to chance events – such as which individuals happen to reproduce – rather than adaptive value. This is particularly impactful in small populations where a single random event can significantly alter allele proportions. Bottleneck effects, where a population drastically reduces in size, and founder effects, where a new population is established by a small number of individuals, accelerate genetic drift. Consequently, genetic drift can lead to the loss of alleles and reduced genetic diversity within a population, irrespective of their potential benefits.;Google
RefSeq;RefSeq is a comprehensive, publicly available sequence database maintained by NCBI, the National Center for Biotechnology Information. It provides curated reference sequences for genes, transcripts, and proteins, representing the most well-characterized versions of these biological entities. These sequences are rigorously validated through a multi-step process including literature review, sequence analysis, and comparison to related sequences. RefSeq's primary purpose is to serve as a foundational resource for genomic research, facilitating accurate sequence alignment, gene identification, and variant annotation. It significantly enhances the reliability of biological data analysis across diverse scientific disciplines.;Google
Pseudogene;Pseudogenes are non-functional DNA sequences that resemble functional genes but have accumulated mutations over evolutionary time. They are prevalent in eukaryotic genomes and represent remnants of genes that once possessed a biological role. These sequences retain significant similarity to their original counterparts, allowing researchers to study gene evolution and regulation. Pseudogenes can arise through mutations, deletions, or insertions, and often accumulate throughout genome duplication events. While generally inactive, some pseudogenes can be reactivated and contribute to gene regulation or even encode proteins under specific circumstances. Their presence provides valuable insights into the processes of genetic change and genome complexity.;Google
Depth-first search;Depth-first search is a fundamental graph traversal algorithm employed in computer science. It systematically explores a graph by going as deep as possible along each branch before backtracking. The algorithm begins at a chosen starting node and recursively visits its unvisited neighbors, prioritizing those adjacent nodes that have not yet been explored. This “depth-first” approach continues until all reachable nodes from the initial node have been visited, or a designated termination condition is met, such as reaching a dead end. DFS is particularly useful for tasks like detecting cycles, finding paths, and topological sorting within graph structures.;Google
Topology;Topology is a branch of mathematics concerned with properties of shapes that are preserved under continuous deformations such as stretching, twisting, bending, and crumpling – but not tearing or gluing. Unlike geometry, which focuses on exact measurements like length and angles, topology deals with qualitative aspects like connectedness, number of holes, and boundaries. Topological spaces are defined by their relationships to one another rather than specific numerical attributes. This field has applications in diverse areas including physics, computer graphics, and data analysis, where understanding the underlying structure of complex objects is crucial. Concepts like homotopy and homology are fundamental tools within topological study.;Google
Optical flow;Optical flow is a fundamental concept in computer vision describing the apparent motion of objects and surfaces in a visual scene when the observer or camera is in motion. It represents the density of displacement of image brightness over an image field. Mathematically, it's calculated by analyzing the differences in image intensities between adjacent pixels, assuming brightness changes correspond to movement. Algorithms, such as the Lucas-Kanade method, track these intensity changes to estimate the velocity and direction of motion for each pixel. Optical flow provides crucial information for tasks like video stabilization, augmented reality, and self-driving car navigation, enabling systems to understand and react to movement in a dynamic environment.;Google
Folate;Folate, also known as vitamin B9, is a water-soluble vitamin crucial for numerous bodily functions. It’s a key component of the B vitamin family and exists in several forms, primarily as dietary folate and tetrahydrofolate, the active coenzyme form. THF participates in vital metabolic pathways, most notably the synthesis of DNA and RNA, essential for cell growth and division. Adequate folate intake is particularly critical during periods of rapid growth, such as pregnancy, to prevent neural tube defects in developing fetuses. Deficiency can lead to anemia and other health complications. Fortification of foods like flour and cereals significantly contributes to public folate levels.;Google
Sedimentary rock;Sedimentary rocks are formed through the accumulation and cementation of sediments, primarily fragments of other rocks, minerals, or organic material. The process begins with weathering and erosion, breaking down existing rocks into smaller pieces. These sediments are transported by agents like water, wind, or ice, eventually settling in layers. Over time, compaction – the weight of overlying sediments – reduces the pore space, and cementation – the precipitation of minerals like calcite or silica – binds the sediments together. Common types include sandstone, shale, and limestone, each reflecting the source material and depositional environment from which they originated. Sedimentary rocks represent a significant record of Earth’s past environments.;Google
Breadth-first search;Breadth-first search is a fundamental graph traversal algorithm employed in computer science and operations research. It systematically explores an unweighted or equally weighted graph, starting from a designated root node. BFS systematically expands nodes level by level, ensuring that all immediate neighbors of the root are visited before moving on to their neighbors. This approach guarantees finding the shortest path from the root to any other node in an unweighted graph, measured by the number of edges. BFS utilizes a queue data structure to maintain the order of nodes to be visited, making it particularly suitable for problems involving level-by-level exploration, such as network routing and maze solving.;Google
Tubulin;Tubulin is a family of structural proteins that form the major component of microtubules, crucial cytoskeletal elements found in eukaryotic cells. These proteins, primarily α-tubulin and β-tubulin, self-assemble into hollow, cylindrical tubes which play vital roles in cell division, intracellular transport, and maintaining cell shape. Microtubules are dynamic, exhibiting both polymerization and depolymerization processes regulated by GTP binding. Defects in tubulin function are linked to various diseases, including neurodegenerative disorders like Parkinson’s disease and cancers, highlighting its significance in cellular processes. Research continues to explore tubulin’s complex interactions and its potential as a therapeutic target.;Google
Thrust;Thrust is a fundamental concept in physics describing the force that propels an object forward, primarily associated with fluid dynamics. It arises from Newton’s Third Law of Motion, which states that for every action, there is an equal and opposite reaction. In the context of propulsion, this means a force exerted by a moving fluid against an object’s surface generates an equal and opposite force pushing the object forward. The magnitude of thrust depends on factors such as the fluid’s density, velocity, and the object’s surface area. Engineers utilize this principle in aircraft, rockets, and ships to achieve movement and overcome drag.;Google
Ozone depletion;Ozone depletion refers to the thinning of the stratospheric ozone layer, a region of Earth's atmosphere that absorbs most of the Sun’s ultraviolet radiation. This phenomenon primarily results from the release of man-made chemicals, notably chlorofluorocarbons, halons, and other ozone-depleting substances. These chemicals, once widely used in refrigerants and aerosols, are remarkably stable and can travel long distances in the atmosphere. Upon reaching the stratosphere, UV light breaks them down, releasing chlorine and bromine atoms that catalyze the destruction of ozone molecules. The critical hole over Antarctica is the most pronounced example, representing a significant increase in harmful UV radiation reaching the surface.;Google
Anesthesia;Anesthesia represents a complex field of pharmacology and physiology centered on the reversible loss of sensation and consciousness. Primarily, it involves the modulation of neuronal excitability, achieved through various agents including general anesthetics, regional anesthetics, and sedation techniques. General anesthetics, such as propofol and volatile agents, typically induce unconsciousness by suppressing brain activity within the thalamocortical network, disrupting synaptic transmission, and altering ion channel function. Regional anesthesia targets specific nerves or nerve plexuses, providing localized pain relief. Understanding these mechanisms is critical for optimizing anesthetic delivery and minimizing adverse effects during surgical procedures and other medical interventions.;Google
L-function;The L-function, denoted as L, is a complex analytic function central to the theory of modular forms and automorphic forms. Introduced by Gelfand, Jackson, and Schofield in 1966, it arises as the Mellin transform of the Fourier series of a modular form Γ. Specifically, L is defined for complex numbers ‘s’ and represents a sum over all modular forms in the given congruence group Γ. Its existence and properties provide a powerful tool for studying the arithmetic properties of these forms, linking them to number theory, particularly prime ideals in number fields. The L-function’s analytic continuation and zeros offer significant insights into the distribution of prime numbers.;Google
Lepton;A lepton is a fundamental subatomic particle that does not experience the strong nuclear force. They are classified into six types, known as the leptons, and are characterized by their electric charge, which is either -1 or 0. The six leptons are the electron, muon, and tau, along with their corresponding neutrinos: electron neutrino, muon neutrino, and tau neutrino. Leptons are considered elementary particles, meaning they are not composed of smaller constituents. They participate in fundamental interactions, primarily the weak and electromagnetic forces, and are crucial components of atoms and other matter. Their discovery significantly advanced our understanding of particle physics and the Standard Model.;Google
Mirror neuron;Mirror neurons are a type of neuron discovered in the brains of macaque monkeys and subsequently found in humans, exhibiting a unique firing pattern. These neurons fire both when an individual performs an action and when they observe another individual performing the same action. Initially proposed by Giacomo Rizzolatti and his team, the discovery suggested a neural mechanism underlying imitation, empathy, and understanding others’ intentions. Research indicates mirror neurons are active during a wide range of behaviors, including speech comprehension, tool use, and even emotional responses. While the precise role remains an active area of study, mirror neuron systems are believed to be fundamental to social cognition and our ability to connect with others.;Google
Loop quantum gravity;Loop quantum gravity is a theoretical framework attempting to unify quantum mechanics and general relativity, addressing fundamental questions about the nature of spacetime and gravity. It posits that space and time are not continuous, but instead quantized at the Planck scale – approximately 10^-35 meters. This quantization arises from the wave-like properties of spacetime itself, described by mathematical constructs called spin networks and spin foams. LQG predicts that spacetime possesses a granular structure, implying that areas and volumes cannot be infinitely small. The theory offers a potential resolution to singularities predicted by classical general relativity and remains an active area of research seeking a complete description of the universe’s most extreme conditions.;Google
Diffusion;"Diffusion is a fundamental physical process describing the net movement of particles from a region of high concentration to a region of low concentration. This movement occurs due to random molecular motion and is driven by the principle of minimizing free energy. The process is temperature-dependent; higher temperatures increase molecular kinetic energy, accelerating diffusion rates. Several types of diffusion exist, including simple diffusion where gases move through a fluid, and facilitated diffusion involving membrane transport proteins aiding the movement of specific molecules. Diffusion plays a critical role in numerous biological and chemical systems, encompassing respiration, nutrient absorption, and drug delivery.";Google
Prolactin;Prolactin is a hormone primarily produced by the pituitary gland, specifically the anterior pituitary, although the hypothalamus also plays a crucial regulatory role. Its primary function is to stimulate lactation in mammals, prompting mammary glands to produce milk after childbirth. However, prolactin’s effects extend beyond lactation, influencing reproductive processes in both sexes. In females, elevated prolactin levels can inhibit ovulation and reduce fertility. In males, it can contribute to decreased libido and erectile dysfunction. Measurement of prolactin levels in the blood is commonly used to diagnose conditions like hyperprolactinemia and pituitary tumors.;Google
Inattentional blindness;Inattentional blindness is a cognitive phenomenon demonstrating the limitations of human attention. It describes a situation where individuals fail to notice a salient stimulus when it is present, simply because their visual attention is focused elsewhere. This isn’t a genuine blindness, but rather a deficit in conscious awareness resulting from an allocation of attentional resources. Research, notably pioneered by Chunky and Gilmore, revealed this occurs when the visual system is processing a demanding task, diverting resources away from basic visual scanning. Participants routinely miss a sudden, dramatic event like a hat appearing in a crowded scene if they are engaged in a secondary, cognitively intensive process. The phenomenon highlights the selective nature of attention.;Google
Photon;A photon is the fundamental quantum of electromagnetic radiation, including light and other forms of energy like radio waves and X-rays. It’s a discrete particle possessing both wave-like and particle-like properties, a concept famously described by Albert Einstein’s theory of special relativity. Photons are massless and travel at the speed of light in a vacuum, possessing energy directly proportional to their frequency as dictated by Planck's equation. Their momentum is also defined, contributing to interactions with matter. The interaction of photons with charged particles is central to numerous phenomena, from photosynthesis to the operation of lasers and the detection of imaging technologies.;Google
Aquaporin;Aquaporins are a family of transmembrane proteins that facilitate the rapid transport of water across cell membranes. These channels, named for their Greek root “aqua” meaning water, exhibit remarkably high selectivity for water molecules compared to ions. Found in nearly all living organisms, aquaporins are crucial for processes such as maintaining cell volume, regulating water transport in plants, and enabling kidney function. There are several isoforms of aquaporin, each with slightly different properties and localization patterns within cells. Research continues to explore their roles in various diseases, including glaucoma and diabetes, and their potential as therapeutic targets.;Google
Optical coherence tomography;Optical coherence tomography is a non-invasive imaging technique that utilizes near-infrared light to generate high-resolution, three-dimensional images of biological tissues. It functions by illuminating a tissue sample with a low-coherence light wave, which scatters off interfaces within the tissue. These scattered waves interfere with the original beam, creating an interference pattern whose intensity reflects the tissue’s optical properties. This pattern is then captured by a sensitive detector. OCT’s resolution surpasses that of conventional ultrasound, making it ideal for diagnosing diseases like glaucoma, mapping retinal structures, and characterizing skin imperfections. The technique’s relative safety and portability have driven its increasing adoption in clinical and preclinical research.;Google
Beta-lactamase;Beta-lactamase enzymes represent a significant obstacle in antibiotic therapy, primarily due to their ability to degrade beta-lactam antibiotics. These antibiotics, including penicillins and cephalosporins, function by inhibiting bacterial cell wall synthesis. Beta-lactamases catalyze the hydrolysis of the beta-lactam ring, a crucial structural element for antibiotic activity, rendering the drug ineffective. Numerous types of beta-lactamases exist, varying in their substrate specificity and stability. Production of these enzymes is frequently observed in bacteria exposed to beta-lactam antibiotics, leading to resistance. Researchers are actively exploring strategies to circumvent beta-lactamase activity, such as developing beta-lactamase inhibitors and designing novel beta-lactam antibiotics.;Google
Checkpoint inhibitor;Checkpoint inhibitors represent a revolutionary approach in cancer immunotherapy. These drugs function by targeting specific proteins, known as immune checkpoints, that normally regulate the immune system’s response to prevent it from attacking healthy cells. Specifically, they block interactions between these checkpoints – such as PD-1 and PD-L1 – and their corresponding receptors on T cells, thus releasing the brakes on the immune system. This allows T cells to recognize and destroy cancer cells that were previously shielded from immune attack. Checkpoint inhibitors are primarily used in treating advanced cancers like melanoma, lung cancer, and kidney cancer, and are often combined with other therapies.;Google
RIG-I;RIG-I, short for Retinoic acid-inducible gene I, is a critical component of the innate immune system, specifically involved in detecting cytosolic viral RNA. It's an RNA sensor protein residing within the endoplasmic reticulum and mitochondria, responsible for recognizing short, untranslated RNA sequences associated with viruses like influenza and SARS-CoV-2. Upon encountering viral RNA, RIG-I undergoes conformational changes, triggering the activation of the interferon pathway. This pathway ultimately results in the production of interferons, signaling molecules that initiate an antiviral response, stimulating immune cell activity and inhibiting viral replication. Dysregulation of RIG-I has been implicated in autoimmune diseases.;Google
Sedimentary basin;A sedimentary basin is a depression in the Earth’s crust where thick accumulations of sedimentary rocks form. These basins develop through various geological processes, primarily subsidence – a lowering of the Earth’s surface – often associated with tectonic activity like faulting, folding, or volcanic uplift of adjacent areas. Water, wind, and ice transport sediments which then accumulate within the basin due to reduced rates of erosion. Different types of basins exist, including rift basins, foreland basins, and passive margins, each with distinct depositional environments and resulting rock sequences. Understanding sedimentary basins is crucial for locating fossil fuels and studying past geological events.;Google
Ductility;Ductility, in materials science, describes a metal’s ability to deform plastically under tensile stress without fracturing. It’s a fundamental mechanical property linked to the material’s microstructure and crystal structure. Specifically, ductile materials, like copper and aluminum, possess a significant number of mobile dislocations within their crystalline lattice. These dislocations allow atoms to slip past one another under applied force, enabling substantial elongation before failure. The higher the ductility, the greater the material’s capacity to be drawn into wires or formed into complex shapes. Ductility is quantified using the engineering stress-strain curve, noting the yield point and strain at fracture.;Google
Activation function;Activation functions are a crucial component of artificial neural networks, introducing non-linearity into the computation process. Following a weighted sum of inputs, an activation function determines the output of a neuron. Historically, functions like sigmoid and tanh were prevalent, mapping outputs to a range between 0 and 1 or -1 and 1, respectively. However, ReLU has gained significant popularity due to its computational efficiency and ability to mitigate the vanishing gradient problem, a common issue in deep networks. Ultimately, activation functions enable neural networks to learn complex patterns and represent non-linear relationships in data.;Google
Kerr effect;The Kerr effect describes the alteration of a material's optical properties—specifically its refractive index—in response to applied stress. Unlike linear birefringence, where the refractive index changes uniformly with stress, the Kerr effect exhibits a quadratic dependence, meaning the change is proportional to the square of the applied stress. This phenomenon arises from changes within the material’s electronic structure, particularly alterations in the polarization of electron orbitals. The Kerr effect is frequently observed in transparent materials like glass and quartz, and is utilized in devices such as optical switches and sensors. It’s a fundamental concept in nonlinear optics, demonstrating a deviation from classical wave behavior.;Google
Green chemistry;Green chemistry, formally known as sustainable chemistry, is an approach to chemical research and production that aims to reduce or eliminate the use or generation of hazardous substances. It originated in the 1990s as a response to growing environmental concerns surrounding traditional chemical processes. The core principle involves designing chemical products and processes that minimize negative impacts on human health and the environment. This is achieved through strategies such as atom economy, using safer solvents, designing for degradation, and employing renewable feedstocks. Green chemistry seeks to prevent pollution at its source, offering a more sustainable and environmentally responsible alternative to conventional chemical practices.;Google
Naphthalene;Naphthalene is a polycyclic aromatic hydrocarbon primarily derived from coal tar, recognized for its distinctive aroma and historical significance in various industrial applications. Its chemical structure consists of two fused benzene rings, conferring unique physical and chemical properties. Historically, naphthalene was extensively utilized as a moth repellent, a key component in mothballs, owing to its ability to disrupt insect nervous systems. It also served as a precursor in the production of phthalic anhydride, a vital chemical intermediate for plastics, resins, and dyes. Ongoing research explores naphthalene's potential in organic electronics and as a building block for advanced materials, while environmental concerns regarding its toxicity and persistence remain a critical focus.;Google
Chondrocyte;Chondrocytes are specialized cells responsible for the formation and maintenance of cartilage, a resilient connective tissue found throughout the body. These cells reside within the cartilage matrix, producing the collagen and proteoglycan components that provide cartilage with its characteristic strength and flexibility. Chondrocytes exist in varying arrangements depending on the cartilage type – solitary cells in hyaline cartilage, clusters in elastic cartilage, and groups within fibrocartilage. Their primary function involves synthesizing and remodeling the cartilage matrix, responding to mechanical stress and contributing to tissue repair. Dysfunction of chondrocytes is implicated in the development of osteoarthritis, a degenerative joint disease.;Google
Resonance;Resonance, in physics and chemistry, describes a phenomenon where a system vibrates with maximum amplitude at specific frequencies. This occurs when an external force or periodic disturbance matches the system’s natural frequency, causing repeated oscillations. In mechanics, resonance is evident in structures like bridges and buildings swaying violently when subjected to wind or waves. Chemically, resonance describes the delocalization of electrons in molecules, represented by multiple possible Lewis structures. This stabilization contributes to the molecule's overall properties and reactivity. The phenomenon is fundamental in understanding everything from musical instruments to nuclear reactions, demonstrating the importance of matching frequencies for efficient energy transfer.;Google
Inner cell mass;The inner cell mass represents a crucial group of pluripotent embryonic stem cells formed during early mammalian development. Specifically, it arises within the blastocyst, a fluid-filled structure formed after fertilization, and is located within the trophectoderm layer. These cells possess the remarkable ability to differentiate into all the cell types of the adult organism – including tissues like muscle, nerve, and skin – making them a primary source of cells for regenerative medicine. Research focuses on understanding the signaling pathways regulating inner cell mass development and maintaining their stem cell characteristics, with potential implications for creating replacement tissues and treating diseases.;Google
Dermal fibroblast;Dermal fibroblasts are mesenchymal stem cells residing within the dermis, the deepest layer of the skin. These cells play a crucial role in maintaining skin homeostasis through various functions. Primarily, fibroblasts synthesize and remodel the extracellular matrix, composed largely of collagen and elastin, providing structural support and elasticity to the skin. They also produce dermal components like glycosaminoglycans, which contribute to hydration. Furthermore, fibroblasts respond to mechanical stress and inflammation, initiating repair processes. Research increasingly focuses on dermal fibroblasts in wound healing, aging, and as potential therapeutic targets for skin disorders due to their multifaceted roles.;Google
Standard Model;The Standard Model of particle physics is a theoretical framework describing the known fundamental particles and three of the four fundamental forces in nature: the electromagnetic, weak, and strong forces. Developed throughout the 20th century, it postulates that all matter is composed of elementary fermions – quarks and leptons – which interact via these forces mediated by force-carrying particles called bosons. The model successfully predicts many experimental results, including the properties of protons, neutrons, and electrons. However, it doesn’t account for gravity or explain dark matter and dark energy, leading to ongoing research for a more comprehensive theory.;Google
Wax ester;Wax esters are a class of chemical compounds formed through the esterification of fatty acids with aliphatic alcohols, resulting in a mixture of long-chain esters. They are predominantly found in natural sources like beeswax, carnauba wax, and lanolin, contributing significantly to their characteristic waxy texture and properties. These esters possess varying degrees of hardness and melting points depending on the specific fatty acid and alcohol components. Wax esters are utilized across diverse industries including cosmetics, pharmaceuticals, and polishes due to their emollient properties, ability to reduce friction, and film-forming capabilities. Their biodegradability is also an area of ongoing research and development.;Google
Photon statistics;Photon statistics describe the distribution of energy among the photons comprising a light beam. Unlike classical electromagnetism which assumes photons are identical, photon statistics acknowledge that photons possess varying energies. The most common statistical distributions are Poisson statistics, representing an equal distribution of photon energies, and coherent photon statistics, prevalent in lasers where photons are highly correlated. Coherent statistics are further categorized as Fock and squeezed states, reflecting different degrees of correlation in photon arrival times and energies. These statistical properties profoundly impact phenomena like fluorescence, spontaneous emission, and the behavior of light in quantum optics experiments, impacting our understanding of light's fundamental nature.;Google
Atopy;Atopy refers to a genetically determined predisposition to develop allergic diseases, primarily asthma, allergic rhinitis, and eczema. It’s characterized by elevated levels of allergen-specific immunoglobulin E antibodies in the blood, indicating a heightened immune response to common environmental allergens like pollen, dust mites, and pet dander. Individuals with atopy frequently experience symptoms such as wheezing, nasal congestion, itching, and skin rashes upon exposure to these triggers. The underlying mechanism involves a dysregulated immune system, often involving T helper 2 cell dominance, leading to excessive inflammation. Research continues to explore the complex interplay of genetics and environmental factors contributing to atopic disease development.;Google
Atomic force microscopy;Atomic force microscopy is a powerful imaging technique used to determine the surface topography and properties of materials at the nanoscale. It operates by scanning a sharp tip, typically made of silicon or silicon nitride, across a sample surface. The tip’s interaction with the surface, governed by forces like van der Waals attraction, electrostatic forces, and adhesion, causes it to vibrate. These vibrations are monitored and used to generate a topographical image of the sample, providing information about features smaller than conventional optical microscopes can resolve. AFM is utilized in diverse fields including materials science, biology, and nanotechnology.;Google
Etiology;Etiology, derived from the Greek word “aitios,” refers to the scientific study of the cause or origin of a phenomenon, most commonly disease. It represents a comprehensive investigation seeking to identify the specific factors—biological, environmental, or behavioral—responsible for a particular condition’s development. Etiological research employs diverse methodologies, including epidemiology, genetics, and clinical trials, to trace disease pathways. Determining etiology is crucial for devising effective prevention strategies and targeted treatments. Historically, etiology focused primarily on miasmas and imbalances, but modern approaches increasingly incorporate molecular and immunological mechanisms. Understanding etiology remains fundamental to public health and clinical medicine.;Google
Gel electrophoresis;Gel electrophoresis is a laboratory technique used to separate macromolecules, primarily DNA, RNA, and proteins, based on their size and electrical charge. A gel matrix, typically agarose or polyacrylamide, acts as a sieve, allowing smaller molecules to move through the gel more quickly than larger ones. An electric field is applied, causing the charged molecules to migrate towards the electrode with the opposite charge. This differential migration results in distinct bands representing different molecular sizes, facilitating analysis and quantification. Gel electrophoresis is fundamental in molecular biology, genetics, and forensic science, playing a crucial role in DNA fingerprinting and protein analysis.;Google
Inhibitory control;Inhibitory control is a core cognitive function encompassing the ability to suppress impulsive responses and focus attention on relevant stimuli. Scientifically, it’s rooted in the prefrontal cortex, a brain region crucial for executive functions, and relies heavily on inhibitory neurotransmitters, primarily GABA. Research suggests deficits in inhibitory control are linked to various neurological and psychiatric disorders, including ADHD, autism spectrum disorder, and addiction. Specifically, it involves modulating the activity of excitatory neurons through GABAergic pathways, preventing over-excitation and allowing for deliberate action. Studies using tasks like the Stroop test demonstrate impaired inhibitory control when individuals struggle to resist automatic responses.;Google
Protein Data Bank;The Protein Data Bank is a globally recognized repository of experimentally derived three-dimensional structural data for biological macromolecules. Established in 1971, it serves as the primary resource for researchers studying protein structure and function. The PDB houses a vast collection of atomic coordinates obtained primarily through X-ray crystallography, nuclear magnetic resonance spectroscopy, and cryo-electron microscopy. These structures are typically determined for proteins, nucleic acids, and other biomolecules, providing crucial information for understanding biological processes, drug design, and evolutionary relationships. Access to the PDB is freely available, fostering collaboration and accelerating scientific discovery across numerous disciplines.;Google
Transition state;The transition state, often denoted as the saddle point, represents a fleeting, high-energy intermediate structure within a chemical reaction. It exists only momentarily during a reaction, representing the point of maximum potential energy along the reaction coordinate. Crucially, it’s not a stable molecule but a distorted arrangement of atoms where bonds are simultaneously breaking and forming. Identifying the transition state is central to understanding reaction rates and mechanisms. Computational chemistry, particularly density functional theory, is frequently employed to locate and characterize these states, providing valuable insights into the energetics and pathways of chemical transformations. It’s a pivotal concept in kinetics and catalysis.;Google
Abrupt climate change;Abrupt climate change refers to exceptionally rapid shifts in climate conditions, occurring over decades to centuries, rather than the gradual changes typically associated with long-term climate modeling. These events are often triggered by amplifying feedback mechanisms within the Earth system, such as the collapse of major ice sheets or widespread changes in ocean circulation. Examples include the Dansgaard-Oeschger event during the last ice age and more recent, concerning shifts observed in the Arctic. Scientists investigate abrupt climate change to understand the thresholds at which these rapid transformations occur and to improve predictions regarding future, potentially destabilizing, climate scenarios. The study focuses on identifying the drivers and consequences of these unexpected climatic shifts.;Google
Nuclear medicine;Nuclear medicine utilizes radioactive tracers, often isotopes of elements like iodine, thallium, or technetium, to diagnose and treat diseases. These tracers are administered intravenously, orally, or inhaled, allowing physicians to visualize organ function and identify abnormalities through imaging techniques such as single-photon emission computed tomography and positron emission tomography. The tracers accumulate in areas of increased metabolic activity, characteristic of disease states like cancer or heart disease. The emitted radiation is detected by specialized cameras, creating images that reveal detailed information inaccessible through conventional radiology. Nuclear medicine’s applications extend beyond diagnosis to targeted radiotherapy for cancer treatment.;Google
Carbon footprint;Carbon footprint analysis is a scientific approach rooted in thermodynamics and greenhouse gas science, assessing the total greenhouse gas emissions caused by an individual, organization, event, product, or service. It fundamentally relies on calculating the energy embodied in a system, typically expressed in equivalent kilograms of carbon dioxide. The analysis begins with quantifying all fuel combustion – including fossil fuels for energy generation and transportation – and then converts these energy inputs into their respective CO2 equivalents using established emission factors. Sophisticated models account for various processes, such as manufacturing, agriculture, and waste disposal, to provide a comprehensive estimate of the overall impact on atmospheric climate change.;Google
Non-coding RNA;Non-coding RNAs represent a significant portion of the eukaryotic genome yet do not translate into proteins. These RNA molecules play diverse regulatory roles within the cell. Initially considered “junk DNA,” ncRNAs are now recognized as crucial players in gene expression, influencing processes from development to disease. Different types exist, including microRNAs which regulate gene expression by binding to mRNA, and long non-coding RNAs involved in chromatin modification and transcriptional regulation. Research into ncRNAs is rapidly expanding, revealing their involvement in various cellular pathways and offering potential targets for therapeutic intervention.;Google
Negishi coupling;Negishi coupling is a palladium-catalyzed cross-coupling reaction utilized in organic chemistry to form carbon-carbon bonds. Specifically, it facilitates the joining of an organozinc reagent with an organic halide or pseudohalide. The reaction proceeds through a catalytic cycle involving oxidative addition of the halide to palladium, transmetalation with the zinc reagent, and reductive elimination to generate the desired coupled product and regenerate the palladium catalyst. Negishi coupling is particularly valuable for synthesizing complex molecules, often employed in the pharmaceutical industry and materials science due to its relatively mild conditions and broad functional group tolerance. It remains a cornerstone methodology for efficient carbon-carbon bond formation.;Google
Sagnac effect;The Sagnac effect, named after French physicist Georges Sagnac, demonstrates the existence of space-time itself. It’s a phenomenon observed in rotating reference frames, specifically within a closed loop, where photons exhibit a phase shift relative to those stationary in the same frame. As the loop rotates, the photons travel different distances due to the changing velocity of the rotating frame. This difference in path length leads to a measurable interference pattern, evidenced by a change in polarization. The Sagnac effect is a cornerstone of gyroscope technology and provides strong evidence for the inherent properties of space and time, fundamentally linking them. Its magnitude is proportional to the rotation rate and the speed of light.;Google
P-type ATPase;P-type ATPases are a superfamily of membrane proteins that catalyze the hydrolysis of adenosine triphosphate to generate energy for various cellular processes. These enzymes utilize the energy released from ATP cleavage to actively transport ions across biological membranes, against their electrochemical gradients. Their unique structural feature involves a conserved aspartate residue within the catalytic core, which plays a crucial role in the ATP hydrolysis mechanism. P-type ATPases are widespread, found in bacteria, plants, and animals, and are involved in functions such as muscle contraction, neuronal signaling, and maintaining cellular homeostasis. They represent a fundamental energy transduction system within living organisms.;Google
Laminar flow;Laminar flow describes a fluid motion characterized by smooth, parallel layers with minimal mixing between them. This orderly flow occurs when inertial forces dominate viscous forces, typically at relatively low Reynolds numbers. Within laminar flow, fluid particles move in straight lines, following streamlines, without significant deformation of the fluid layers. The flow is predictable and stable, exhibiting consistent velocity profiles. It’s commonly observed in applications like oil flowing through pipes and air moving over streamlined surfaces. Increasing the flow rate or introducing disturbances can transition the flow to a turbulent state. Laminar flow is fundamental in many fluid dynamics analyses and provides a baseline for understanding more complex flow behaviors.;Google
Glacier mass balance;Glacier mass balance represents a critical indicator of the health and future behavior of glaciers globally. It’s defined as the net change in a glacier's total mass over a specific period, typically a year, and is calculated as the difference between accumulation and ablation. Accumulation encompasses all snow and ice additions due to snowfall, while ablation includes meltwater runoff, calving, and sublimation – the direct conversion of ice to water vapor. A positive mass balance signifies ice gain, potentially leading to glacier growth, whereas a negative balance indicates ice loss, often associated with warming temperatures and accelerated melting. Monitoring mass balance provides crucial data for climate modeling and understanding glacier response to environmental change.;Google
Taxonomy;Taxonomy, derived from the Greek word for “arrangement,” is the scientific discipline concerned with the systematic classification of living organisms. It establishes a hierarchical system, typically utilizing characteristics like morphology, genetics, and behavior, to group organisms into increasingly specific categories – from Domains and Kingdoms down to Species. Linnaeus’s work in the 18th century laid the foundation, but modern taxonomy increasingly relies on molecular data, particularly DNA sequences, for greater accuracy. Phylogenetic taxonomy aims to represent evolutionary relationships, visually depicting the tree of life based on shared ancestry. The goal is to provide a standardized framework for biodiversity research and conservation efforts.;Google
Quantum Hall effect;The Quantum Hall Effect describes a remarkable phenomenon observed in two-dimensional electron systems subjected to strong magnetic fields at low temperatures. Essentially, the Hall resistance—the voltage across a conductor perpendicular to current—behaves discontinuously rather than continuously as the magnetic field is increased. This discontinuity occurs at precisely quantized values, multiples of h/ν, where h is Planck's constant and ν is an integer. These quantized plateaus are a direct consequence of the formation of highly degenerate Landau levels, where electrons are forced into distinct energy states by the magnetic field. The QHE provides a precise test of quantum mechanics and has applications in sensitive magnetic field sensors.;Google
Boiling water reactor;A Boiling Water Reactor is a type of nuclear reactor employing a fundamentally different design compared to Pressurized Water Reactors. In a BWR, water acts both as the moderator and coolant, circulating directly through the reactor core where nuclear fission occurs. This generates steam, bypassing the need for a separate heat exchanger. The steam then drives the turbine to produce electricity. The water returning to the core contains dissolved radioactive materials, necessitating careful monitoring and control of the reactor’s chemistry. BWRs represent a significant portion of the world’s nuclear power capacity due to their relative simplicity and cost-effectiveness.;Google
Solid-state battery;Solid-state batteries represent a significant advancement in energy storage technology, differing fundamentally from conventional lithium-ion batteries which utilize liquid electrolytes. These batteries replace the flammable liquid electrolyte with a solid, typically ceramic, polymer, or glass material. This shift offers numerous potential advantages, including enhanced safety due to the non-flammable nature of the solid electrolyte, increased energy density, and improved cycle life. The solid electrolyte facilitates direct lithium-ion conduction, potentially eliminating the “jellies” that cause capacity fade in liquid-based batteries. Research focuses on improving ionic conductivity and interfacial contact between the solid electrolyte and electrodes for optimal battery performance and longevity.;Google
Solar cell;Solar cells, also known as photovoltaic cells, convert sunlight directly into electricity through the photovoltaic effect. This process relies on semiconductor materials, typically silicon, which are doped with impurities to create an electric field. When photons from sunlight strike the cell, they excite electrons within the silicon, freeing them to move and generate an electric current. The specific design and materials employed dictate the cell's efficiency, which represents the percentage of sunlight converted into usable electricity. Current research focuses on enhancing light absorption and minimizing energy loss to improve solar cell performance and reduce costs.;Google
Semidefinite programming;Semidefinite programming is a mathematical optimization technique that deals with linear constraints involving positive semidefinite matrices. It seeks to minimize or maximize a linear function subject to these constraints, where the matrices must remain positive semidefinite throughout the solution process. SDP is particularly powerful because it can effectively handle problems involving quadratic terms and second-order conditions, which are common in many applications. The constraints are expressed as inequalities involving the matrix variables, ensuring they remain semi-positive definite. SDP finds widespread use in fields such as machine learning, control theory, and signal processing, offering efficient solutions to complex optimization challenges.;Google
MicroRNA;MicroRNAs are small, non-coding RNA molecules, typically 21-23 nucleotides in length, that play a crucial role in gene regulation within eukaryotic cells. They function primarily by binding to messenger RNA molecules, leading to either mRNA degradation or translational repression. This interaction fine-tunes protein expression levels, impacting diverse biological processes including development, cell differentiation, and disease. miRNAs are generated from longer precursor transcripts and are highly conserved across various organisms, highlighting their fundamental importance. Research increasingly demonstrates their involvement in cancer, cardiovascular disease, and neurological disorders, making them a promising target for therapeutic intervention.;Google
Aphasia;Aphasia is a language disorder primarily resulting from damage to areas of the brain responsible for speech, language comprehension, and writing. Typically caused by stroke, traumatic brain injury, or progressive neurological conditions like Alzheimer’s disease, it disrupts the intricate neural networks involved in linguistic processing. Symptoms vary widely, ranging from difficulty understanding spoken language to an inability to formulate sentences. The specific deficits depend on the location and extent of the brain damage. Rehabilitation through speech-language therapy aims to retrain these neural pathways, helping individuals regain communicative abilities through targeted exercises and techniques. Understanding the neuroanatomical basis of aphasia remains a key area of ongoing research.;Google
Endoscopy;Endoscopy is a medical procedure employing an endoscope, a flexible tube with a camera and light source, to visualize the internal organs of the body. These instruments allow physicians to directly examine the gastrointestinal tract, including the esophagus, stomach, and colon, as well as the bladder, bile ducts, and parts of the respiratory system. Endoscopy facilitates the detection of abnormalities such as inflammation, tumors, ulcers, and polyps. Different types of endoscopes exist, tailored for specific areas and procedures. Diagnostic endoscopy focuses on observation, while therapeutic endoscopy incorporates techniques like biopsies, polyp removal, and even targeted drug delivery within the examined organ.;Google
Gravity;Gravity is a fundamental force of attraction between any two objects with mass. According to Newton’s Law of Universal Gravitation, the force is directly proportional to the product of the masses and inversely proportional to the square of the distance between them. This means larger masses exert a stronger gravitational pull, and the force diminishes rapidly with increasing distance. Einstein’s theory of General Relativity revolutionized our understanding, describing gravity not as a force, but as a curvature in spacetime caused by mass and energy. Objects then follow the curves in this spacetime, appearing to be attracted to massive bodies. This theory accurately explains phenomena like the precession of Mercury’s orbit.;Google
Holography;Holography is a remarkably complex optical phenomenon reliant on wave interference and diffraction to record and reconstruct a three-dimensional image. Unlike traditional photography which captures a two-dimensional representation of light, holography records the entire wavefront reflected from an object. This is achieved using a coherent light source, typically a laser, and a photographic plate. The plate records both the amplitude and phase information of the reflected light, creating a complex interference pattern. When illuminated with the same coherent light, this interference pattern diffracts, recreating a faithful three-dimensional replica of the original object. Holograms can be viewed in relief, allowing for true depth perception.;Google
UniProt;UniProt is a comprehensive, freely available database providing information about proteins from across the biological spectrum. Primarily, it focuses on protein sequence analysis and annotation, acting as a central repository for the scientific community. UniProt organizes protein data based on its structure, function, and evolutionary relationships, utilising a standardized nomenclature system – UniProt accession numbers – to uniquely identify each protein. The database incorporates data from numerous sources, including experimental results and computational predictions, offering detailed annotations regarding protein isoforms, post-translational modifications, and interactions. It’s a critical resource for researchers in genomics, proteomics, and bioinformatics.;Google
Prokaryote;Prokaryotes represent a foundational domain of life, distinguished by their cellular structure and evolutionary history. These organisms, including bacteria and archaea, are characterized by the absence of a membrane-bound nucleus and other complex organelles present in eukaryotes. Genetic material, typically a single circular chromosome, resides within the cytoplasm. Prokaryotic cell walls are composed of peptidoglycan or other unique substances. Reproduction primarily occurs through asexual means, such as binary fission, allowing for rapid population growth. The study of prokaryotes is crucial to understanding the origins of life and plays a significant role in processes like nutrient cycling and human health, impacting areas like antibiotic resistance and microbiome research.;Google
Hematopoietic stem cell;Hematopoietic stem cells are multipotent cells residing primarily in the bone marrow that are responsible for generating all blood cell types throughout an individual’s life. These cells possess the remarkable ability to self-renew, creating more HSCs, and to differentiate into erythrocytes, leukocytes, and thrombocytes. HSCs are categorized as either multipotent or pluripotent, with multipotents capable of forming all blood cells while pluripotent HSCs can develop into any cell type within the blood lineage. Harnessing HSCs is central to bone marrow transplantation, a critical therapy for treating hematological malignancies and immune deficiencies, offering the potential for cellular regeneration.;Google
Helicase;Helicase is a remarkable enzyme central to DNA replication and repair processes within living organisms. Its primary function is to unwind the tightly wound double helix of DNA, facilitating access for other enzymes involved in these critical cellular activities. The ‘helicase’ name derives from its ability to ‘unwind’ or ‘helicize’ the DNA strands. This unwinding action is powered by ATP hydrolysis, converting chemical energy into mechanical force. Different types of helicases exist, each specialized for specific roles, including chromosomal segregation during cell division and the repair of damaged DNA. Proper helicase function is vital for maintaining genomic stability.;Google
Quantum gravity;Quantum gravity is a field of theoretical physics seeking to unify quantum mechanics with general relativity. These two foundational theories describe the universe at vastly different scales: quantum mechanics governs the behavior of particles and forces at the atomic and subatomic levels, while general relativity describes gravity as the curvature of spacetime caused by mass and energy. The challenge arises because their mathematical frameworks are incompatible. Attempts to directly apply quantum mechanics to gravity lead to nonsensical results, like infinities. Current approaches include string theory, loop quantum gravity, and causal set theory, all striving to formulate a consistent theory of quantum spacetime.;Google
Dark matter;Dark matter constitutes a significant portion of the universe’s mass, yet it doesn’t interact with light, rendering it invisible to telescopes. Its existence is inferred through its gravitational effects on visible matter, such as galaxies rotating faster than predicted by their visible mass alone, and the gravitational lensing of light by massive structures. Cosmological models suggest dark matter makes up approximately 85% of the universe’s total mass-energy density. Several theoretical candidates exist, including Weakly Interacting Massive Particles and axions, though direct detection remains elusive. Ongoing research employs underground detectors and large-scale surveys to map the distribution of dark matter and eventually uncover its fundamental nature, revolutionizing our understanding of cosmology.;Google
Chiral pool;The chiral pool is a strategy in organic synthesis utilizing readily available, enantiomerically pure natural products as building blocks for complex molecules. These compounds, often amino acids like D-alanine or L-serine, possess inherent chirality that is directly transferred to the newly synthesized target molecule. This method avoids the need for expensive chiral catalysts or resolution steps, significantly simplifying the production of enantiomerically enriched compounds. The ‘pool’ represents a collection of these naturally occurring chiral synthons, providing a cost-effective and predictable route to synthesize a diverse array of pharmaceuticals and agrochemicals. This approach leverages existing chirality to streamline synthetic processes.;Google
Escape velocity;Escape velocity is a fundamental concept in physics describing the minimum speed an object must attain to break free from the gravitational pull of a massive body, such as a planet or star. It’s directly proportional to the gravitational constant, the mass of the celestial body, and inversely proportional to the distance from its center. Specifically, escape velocity from Earth is approximately 11.2 kilometers per second. As an object approaches escape velocity, its kinetic energy increases, eventually exceeding the gravitational potential energy, allowing it to overcome the gravitational force and travel indefinitely into space. This principle is crucial for spacecraft propulsion and understanding planetary formation.;Google
Surface plasmon polariton;Surface plasmon polaritons are electromagnetic waves generated at the interface between a metal and a dielectric material, typically a prism or glass. They arise from the collective oscillation of conduction electrons at the metal surface, driven by the incident light. These polaritons possess a unique propagation behavior, exhibiting strong confinement and enhanced interaction with the surrounding medium. SPPs are characterized by their wavelength, which is typically smaller than the wavelength of the incident light, leading to increased field intensity near the interface. They are widely utilized in biosensing, spectroscopy, and metamaterials due to their sensitivity to changes in refractive index and their ability to manipulate light at the nanoscale.;Google
Cognitive load;"Cognitive load theory posits that learning is most effective when the mental demands placed on a learner’s working memory are appropriately managed. It distinguishes between three types of cognitive load: intrinsic, representing the inherent difficulty of the learning material; extraneous, arising from poorly designed instructional methods or distractions; and germane, reflecting the effort dedicated to building schemas and understanding. High extraneous load hinders learning, while a balance between intrinsic and germane load optimizes knowledge acquisition and retention. Instructional design should therefore minimize extraneous load and actively promote germane processing to facilitate deeper understanding and long-term memory formation.";Google
Circulating tumor DNA;Circulating tumor DNA represents fragmented DNA released from tumor cells into the bloodstream. These DNA fragments originate from mutations within the tumor’s genome, offering a non-invasive window into the tumor’s genetic makeup. Analysis of ctDNA allows for the detection of specific tumor mutations, enabling personalized cancer monitoring and treatment selection. It’s utilized in early cancer detection, tracking treatment response, and identifying resistance mechanisms. The quantity of ctDNA present is often correlated with tumor burden, and its detection relies on highly sensitive molecular techniques such as PCR and next-generation sequencing. ctDNA analysis is increasingly vital in oncology research and clinical practice.;Google
Divergent evolution;Divergent evolution describes the evolutionary process where two or more closely related populations or species gradually become increasingly dissimilar over time. This occurs primarily through the accumulation of genetic differences resulting from natural selection acting upon different environmental pressures. Initially sharing a common ancestor, populations may adapt to distinct niches, leading to variations in morphology, physiology, and behavior. Continued independent evolution along these divergent paths ultimately results in these groups becoming reproductively isolated, preventing gene flow and solidifying their differences. The extent of divergence reflects the duration and strength of these selective pressures.;Google
Polyploidy;Polyploidy describes a condition where an organism possesses more than two complete sets of chromosomes. This chromosomal abnormality arises from errors during cell division, specifically meiosis or mitosis, leading to cells with a higher-than-normal chromosome count. Common forms include triploidy, tetraploidy, and hexaploidy. Polyploidy is frequently observed in plants, significantly contributing to genetic diversity and adaptation, allowing for the creation of new species. However, it's rare in animals, often resulting in non-viable offspring. The extra sets of chromosomes can profoundly impact an organism's characteristics, including size, vigor, and reproductive capabilities.;Google
Electromagnetism;Electromagnetism describes the fundamental interaction between electrically charged particles, encompassing electricity and magnetism as two aspects of the same phenomenon. It’s governed by classical electromagnetism, primarily formulated by James Clerk Maxwell, which revolutionized physics with its equations expressing relationships between electric and magnetic fields. These fields are generated by moving electric charges and, conversely, a changing magnetic field induces an electric field. This interaction results in forces between charges, and is responsible for phenomena like light, radio waves, and the operation of electric motors and generators. The concept of electromagnetic waves, traveling at the speed of light, is a cornerstone of modern physics.;Google
Particle accelerator;Particle accelerators are complex scientific instruments designed to accelerate charged particles to extremely high speeds, approaching the speed of light. These devices utilize electromagnetic fields – specifically electric and magnetic fields – to manipulate and propel the particles along a defined trajectory. Different types exist, including linear accelerators which accelerate particles in a straight line, and circular accelerators like synchrotrons, where particles travel in a loop, maintaining constant velocity through synchronized field adjustments. Accelerators are crucial for fundamental research in particle physics, enabling scientists to probe the structure of matter and investigate fundamental forces, as well as having applications in medical imaging and cancer therapy.;Google
Synthetic lethality;Synthetic lethality is a genetic interaction where the simultaneous loss of function of two or more genes results in cell death, a phenomenon far greater than the loss of either gene alone. This occurs when each gene is essential for a separate, non-overlapping pathway required for cell survival. If one gene is defective, the cell can compensate through the other. However, when both genes are inactivated, the cell’s survival mechanisms collapse. Synthetic lethality is a powerful tool in research, particularly in cancer genetics, as it allows researchers to identify genes critical for tumor cell survival and develop targeted therapies. It’s often exploited in the development of personalized cancer treatments.;Google
MIMO;Multiple-Input Multiple-Output technology represents a significant advancement in wireless communication. It leverages multiple antennas at both the transmitting and receiving ends to dramatically improve data rates and signal reliability. MIMO exploits spatial diversity, meaning it transmits multiple data streams simultaneously over the same frequency channel, effectively multiplying the available bandwidth. This spatial multiplexing increases data throughput and mitigates the effects of fading and interference, a common problem in wireless environments. Sophisticated signal processing techniques are employed to intelligently combine the signals received from multiple antennas, resulting in enhanced performance compared to traditional single-antenna systems.;Google
Randomization;Randomization is a fundamental statistical technique employed to minimize bias in experimental designs and data collection. Its core principle involves introducing unpredictability, typically through methods like randomization or pseudo-random number generation, to assign subjects or experimental units to different treatment groups. This ensures groups are as similar as possible at the outset, preventing systematic differences caused by confounding variables. Randomization helps isolate the effect of the independent variable by making group assignments unpredictable. Consequently, any observed differences between groups are more likely to be due to the treatment itself rather than pre-existing characteristics. This process is crucial for robust statistical inference and reliable conclusions.;Google
Glass transition;The glass transition is a fundamental phenomenon observed in amorphous materials, particularly polymers and glasses, representing a distinct phase change rather than a traditional melting point. It describes the transformation of a material from a hard, brittle, glassy state to a more rubbery, viscous state as temperature increases. Below the glass transition temperature, the material exhibits a rigid, disordered molecular structure. Above Tg, molecular motion becomes significantly enhanced, leading to increased mobility and the loss of its glassy characteristics. This transition is characterized by a gradual change in properties such as stiffness and tensile strength, often accompanied by a step change in heat capacity.;Google
Alpha helix;The alpha helix is a highly regular secondary structure commonly found in proteins, formed through hydrogen bonding interactions. It’s characterized by a coiled, rod-like shape where the polypeptide backbone adopts a specific arrangement. Approximately three amino acids per turn are involved, with the peptide bonds forming hydrogen bonds between the carbonyl oxygen and amide nitrogen atoms of residues separated by six or seven bonds. This stabilizing hydrogen bonding network dictates the helix’s stability and contributes significantly to protein structure. Alpha helices are frequently observed in transmembrane proteins and globular proteins, playing crucial roles in various biological processes.;Google
Optogenetics;Optogenetics is a rapidly developing field of neuroscience that utilizes genetically engineered light-sensitive proteins to control the activity of specific neurons. These proteins, often channelrhodopsins derived from algae, are expressed in targeted neuronal populations through viral vectors. When exposed to precisely tuned pulses of light, these opsins trigger rapid changes in membrane potential, effectively turning neurons “on” or “off”. This technique allows researchers to dissect neural circuits with unprecedented temporal resolution, offering a powerful tool for studying brain function and potentially treating neurological disorders like Parkinson’s disease and depression. Further research focuses on developing more sophisticated opsins and light delivery methods.;Google
Pulsar;Pulsars are highly magnetized rotating neutron stars that emit beams of electromagnetic radiation. Formed from the collapsed core of massive stars during supernova events, they possess incredibly strong gravitational fields and rapid rotational speeds, often spinning multiple times per second. These rotations generate powerful magnetic fields that channel radiation along their magnetic poles, creating observable pulses. The beams sweep across space like a lighthouse, and as the pulsar rotates, these beams periodically intersect with Earth, resulting in the detection of distinct pulses. Scientists study pulsars to understand extreme physics, test general relativity, and investigate the properties of neutron stars.;Google
Enthalpy;Enthalpy is a thermodynamic property of a system that describes the total heat content at constant pressure. It’s fundamentally linked to a system’s internal energy, plus the product of its pressure and volume. Mathematically, enthalpy is defined as H = U + pV, where U represents internal energy and pV is the pressure times volume. Changes in enthalpy, denoted as ΔH, are crucial in determining the spontaneity of chemical reactions and physical transformations. Exothermic reactions, releasing heat to the surroundings, have a negative ΔH, while endothermic reactions, absorbing heat, possess a positive ΔH. Enthalpy calculations are vital in diverse fields including chemistry, physics, and engineering.;Google
Grignard reaction;The Grignard reaction is a cornerstone of organic synthesis, representing a powerful method for forming carbon-carbon bonds. It involves the reaction of an alkyl or aryl halide, typically an ether like diethyl ether or tetrahydrofuran, with magnesium metal to generate a Grignard reagent – an organomagnesium halide. These reagents are highly nucleophilic and react readily with a wide range of electrophiles such as aldehydes, ketones, esters, and epoxides. The reaction proceeds through a carbanion intermediate. Importantly, Grignard reagents must be prepared and utilized under strictly anhydrous conditions to prevent their decomposition by protic solvents like water. This reaction is extensively utilized in synthesizing complex organic molecules.;Google
Crystallization;Crystallization is a fundamental process in materials science and chemistry involving the formation of ordered, repeating structures from a disordered state, typically a liquid or gas. This occurs when a solution becomes supersaturated, meaning it contains more solute than it can normally dissolve at a given temperature. Nucleation, the initial formation of tiny crystal seeds, is followed by crystal growth as solute molecules attach to these seeds. Factors such as temperature, concentration, and stirring significantly influence crystallization rates and crystal size. Crystallization is crucial in producing gemstones, pharmaceuticals, and various industrial materials, with precise control over crystal morphology highly valued.;Google
Prophage;Prophage refers to a bacteriophage DNA genome that has integrated itself into the host bacterial chromosome, remaining dormant for extended periods. These temperate phages, unlike their virulent counterparts, do not immediately lyse the host cell. Instead, the integrated DNA, known as a prophage, is stably maintained through bacterial DNA replication. The prophage can be mobilized, either spontaneously or through transduction, allowing the phage DNA to excise from the chromosome and initiate a lytic infection. Prophages are incredibly common in bacterial populations and represent a significant reservoir of genetic diversity, contributing to bacterial evolution and adaptation.;Google
Quantum Fourier transform;The Quantum Fourier Transform is a quantum algorithm analogous to the classical Discrete Fourier Transform. It operates on quantum states representing periodic waveforms, efficiently determining the amplitude and phase of each frequency component. Unlike its classical counterpart, the QFT exploits quantum superposition and interference to perform this transformation with a single quantum operation, dramatically reducing the computational resources compared to a classical DFT. The QFT is a core component of Shor’s algorithm for integer factorization and other quantum algorithms, demonstrating a significant advantage in computational speed for certain problems. Its implementation utilizes controlled phase shifts based on Hadamard tests, generating correlations within the quantum system.;Google
Post-translational modification;Post-translational modification refers to a vast array of biochemical changes occurring to proteins after they have been synthesized by ribosomes. These modifications significantly expand the functional diversity of proteins beyond the genetic code itself. Common PTMs include phosphorylation, glycosylation, ubiquitination, and methylation, each catalyzed by specific enzymes. Phosphorylation, for instance, adds phosphate groups, altering protein activity and interactions. Glycosylation involves attaching carbohydrate chains, influencing protein folding and targeting. PTM plays a critical role in cellular signaling, protein degradation, and maintaining protein homeostasis, representing a major regulatory layer in biological systems.;Google
Milankovitch cycles;"Milankovitch cycles describe cyclical variations in Earth’s orbit and axial tilt that influence long-term climate change. These cycles, proposed by Milutin Milankovitch in the 1970s, operate over tens of thousands to hundreds of thousands of years. Three primary cycles are involved: eccentricity, which alters Earth’s orbital shape; obliquity, referring to the angle of Earth’s axial tilt; and precession, a wobble in Earth’s axis. Changes in these parameters affect the amount and distribution of solar radiation reaching Earth’s surface, triggering glacial and interglacial periods within the ice age cycle. Understanding Milankovitch cycles is crucial for reconstructing past climate patterns and modeling future climate scenarios.";Google
Notochord;The notochord is a defining characteristic of chordates, a phylum encompassing animals like fish, amphibians, reptiles, birds, and mammals. It’s a flexible, rod-shaped structure composed primarily of cartilage, providing skeletal support during embryonic development. Initially, the notochord serves as the primary axis of the developing embryo, directing body plan formation. In vertebrates, the notochord is transient, eventually replaced by the vertebral column, which provides permanent skeletal support. Its presence is a key evolutionary innovation linked to increased mobility and complex body organization within this group of animals. The notochord's development and maintenance are critical for proper embryonic development and overall animal health.;Google
Germinal center;The germinal center is a specialized microenvironment within lymphoid organs, primarily the B cell follicles of lymph nodes and the bone marrow, crucial for initiating adaptive immune responses against pathogens. Following antigen recognition by B cells, these cells migrate to the germinal center where they undergo rapid proliferation and affinity maturation. This process involves iterative rounds of somatic hypermutation in the B cell receptor genes, followed by selection of B cells expressing receptors with higher affinity for the antigen. Furthermore, differentiation of germinal center B cells into short-lived plasma cells and long-lived memory B cells occurs within this dynamic structure, ultimately generating a robust and long-lasting antibody response.;Google
Endoderm;Endoderm represents one of the three primary germ layers formed during animal embryonic development, following gastrulation. Originating from the inner cell mass, the endoderm gives rise to several vital tissues and organs. These include the lining of the digestive tract – encompassing the esophagus, stomach, intestines, and associated glands like the liver and pancreas. The development of the respiratory system, specifically the trachea and lungs, is also directly derived from the endoderm. Signaling pathways, notably through transcription factors like FoxA, are crucial in establishing and maintaining endodermal identity, controlling gene expression and orchestrating the formation of these essential structures.;Google
White dwarf;A white dwarf is the dense remnant core of a low- to medium-mass star after it has exhausted its nuclear fuel. Formed during the planetary nebula phase, these stellar remnants are primarily composed of electron-degenerate matter, primarily carbon and oxygen. Their immense gravity compresses the core to an extraordinary density – roughly equivalent to that of an entire car squeezed into a sugar cube. White dwarfs do not produce energy through nuclear fusion, instead, they slowly cool and fade over billions of years. They are supported against gravitational collapse by this electron degeneracy pressure. Ultimately, a white dwarf will theoretically become a black dwarf, though the timescales involved are far longer than the current age of the universe.;Google
Allergy;Allergy, scientifically termed allergic disease, represents an abnormal immune response to typically harmless substances known as allergens. These allergens, which can include pollen, dust mites, foods, or insect venom, trigger the body’s immune system to mistakenly identify itself as a threat. This process involves the production of immunoglobulin E antibodies, leading to the release of inflammatory mediators like histamine. Symptoms range from mild reactions such as skin rashes and sneezing to severe, life-threatening anaphylaxis. Genetic predisposition and environmental factors play significant roles in determining an individual’s susceptibility to allergic reactions.;Google
Glycogenesis;Glycogenesis is the biochemical process by which the carbohydrate glucose is synthesized into glycogen, a storage form of glucose, primarily within the liver and muscle tissues of animals. This anabolic pathway is initiated by glycogen synthase, which catalyzes the addition of glucose molecules to a growing glycogen chain. Prior to this, glycogen phosphorylase breaks down glycogen into glucose-1-phosphate, providing the substrate needed for glycogenesis. Hormonal regulation, particularly insulin’s stimulation, promotes glycogenesis, while glucagon inhibits it. Maintaining adequate glucose levels in the bloodstream is a key function of this process, ensuring a readily available energy source.;Google
Spatial transcriptomics;Spatial transcriptomics is a revolutionary technology combining transcriptomics – the study of RNA – with spatial information to map gene expression within complex tissues. Unlike traditional RNA sequencing which requires tissue dissociation, spatial transcriptomics allows researchers to analyze gene activity directly within its native context. Techniques like Visium and SlideHunter capture mRNA molecules from individual cells, creating detailed maps of gene expression across a tissue section. This provides unprecedented insight into cell-cell interactions, tissue architecture, and disease progression. The data reveals how gene expression varies based on location, offering a powerful tool for understanding developmental biology, immunology, and cancer research.;Google
Spin foam;Spin foam is a mathematical model in theoretical physics attempting to provide a continuum spacetime description from the fundamental level. It represents spacetime as a stack of spin networks, each node in the network carrying information about the quantum states of space at that point. These spin networks evolve continuously over time, forming a foam-like structure, effectively smoothing out the discrete, quantum nature of spacetime. Developed primarily by Edward Witten, spin foam offers a potential resolution to the problem of quantizing gravity, suggesting that spacetime itself emerges from the quantum entanglement of fundamental particles. It remains a highly complex and actively researched area with significant implications for our understanding of the universe’s earliest moments.;Google
Cyclic voltammetry;Cyclic voltammetry is an electrochemical technique used to investigate redox reactions occurring at an electrode-electrolyte interface. It systematically varies the applied potential between two limits, creating a triangular waveform. As the potential cycles, the current flowing through the system is measured. This current reflects the number of electrons transferred during oxidation or reduction processes. The resulting voltammogram, a plot of current versus potential, provides information about the redox kinetics, reversibility, and qualitative nature of the reactions. Cyclic voltammetry is extensively employed in analytical chemistry, materials science, and biochemistry to study electrochemical sensors and characterize electrode materials.;Google
Plasmid;A plasmid is an extrachromosomal, circular DNA molecule found in bacteria and some archaea. These small, self-replicating DNA fragments are distinct from the main bacterial chromosome and typically carry genes that provide advantages to the host cell, such as antibiotic resistance or the ability to metabolize specific compounds. Plasmids vary considerably in size and genetic content, and their ease of replication allows for rapid genetic exchange between bacteria through processes like conjugation. They are crucial tools in molecular biology, utilized extensively in genetic engineering for cloning and gene transfer applications, significantly impacting biotechnology and research.;Google
DNA sequencing;DNA sequencing is the process of determining the precise order of nucleotide bases – adenine, guanine, cytosine, and thymine – within a DNA molecule. It’s fundamental to modern biology, underpinning genomics and genetic research. Several techniques exist, including Sanger sequencing and Next-Generation Sequencing, each offering varying levels of speed and accuracy. Sanger sequencing utilizes chain-terminating dideoxynucleotides to create fragments, while NGS methods, like Illumina, simultaneously sequence millions of DNA fragments. Accurate DNA sequencing enables identification of genes, diagnosis of diseases, and understanding evolutionary relationships. The resulting data, known as a sequence, represents the complete genetic blueprint.;Google
Exoplanet;Exoplanets, or planets orbiting stars other than our Sun, represent a burgeoning area of astrophysical research. Their study primarily falls under the domain of exoplanetology, a field combining astronomy, planetary science, and astrophysics. Scientists investigate exoplanets through techniques like the transit method, observing dips in a star’s brightness as a planet passes in front of it, and radial velocity measurements, detecting wobbles in a star’s motion caused by the planet’s gravitational pull. Characterizing exoplanet atmospheres is a key focus, utilizing spectroscopy to analyze light absorbed or emitted by the planet. The discovery and investigation of these distant worlds offers profound insights into planet formation and the potential for life beyond Earth.;Google
Mannich reaction;The Mannich reaction is a versatile organic reaction utilized for the synthesis of β-amino ketones and related compounds. It involves the condensation of a ketone or aldehyde, an amine, and formaldehyde. Typically, the reaction proceeds under mild conditions, often catalyzed by an acid or base. The initial step involves the formation of an iminium ion from the amine and formaldehyde. This iminium ion then undergoes nucleophilic attack by the enol form of the ketone, generating the desired β-amino ketone product. The Mannich reaction is widely employed in pharmaceutical and fine chemical synthesis due to its relative simplicity and broad applicability.;Google
Lupus;Systemic lupus erythematosus, commonly known as lupus, is a chronic autoimmune disease characterized by the immune system mistakenly attacking its own tissues and organs. The precise cause remains unknown, but genetic predisposition and environmental triggers, such as ultraviolet radiation and certain infections, are implicated. Lupus predominantly affects women and is marked by inflammation in multiple systems, including the skin, joints, kidneys, and nervous system. Pathologically, the disease involves the production of autoantibodies that target various cellular components. Symptoms vary widely and can include fatigue, joint pain, skin rashes, and fever. Treatment focuses on managing symptoms and suppressing the immune response.;Google
Keystone species;Keystone species represent a critical concept in ecology, illustrating the disproportionate influence a single species can have on an entire ecosystem. These organisms, often predators or herbivores, maintain the structure and diversity of a community despite potentially not being the most abundant. Their removal triggers a cascade of effects, leading to significant declines in other species and a simplification of the overall habitat. Classic examples include sea otters, which control sea urchin populations and protect kelp forests, or prairie dogs, which shape grassland ecosystems through burrowing activities. Understanding keystone species is vital for conservation efforts, as their protection is frequently paramount to preserving an ecosystem's integrity.;Google
Gravitational wave;Gravitational waves are ripples in the fabric of spacetime, predicted by Albert Einstein's theory of general relativity. These waves are generated by accelerating massive objects, such as colliding black holes or neutron stars. Unlike electromagnetic waves, which travel through a medium, gravitational waves propagate through spacetime itself, carrying information about their origin. Their detection, first achieved in 2015 by the LIGO, confirmed a key prediction of general relativity and opened a new window into observing the universe. Measuring these incredibly faint distortions provides unique insights into extreme astrophysical events and the fundamental nature of gravity.;Google
Estrogen;Estrogen is a group of steroid hormones primarily known for their role in female sexual development and reproduction. Chemically, estrogens are collectively referred to as estrogens, with estradiol being the most abundant and physiologically active form in humans. These hormones regulate the menstrual cycle, maintain pregnancy, and influence the development of female secondary sexual characteristics such as breast growth and fat distribution. Estrogen also impacts bone density and cardiovascular health. Production is primarily controlled by the ovaries, with smaller amounts produced by the adrenal glands and, after menopause, by converted androgens. Synthetic estrogens are widely utilized in hormone replacement therapy and various medical applications.;Google
Chemical biology;Chemical biology is an interdisciplinary field that applies chemical principles and techniques to biological systems. It investigates molecular interactions and processes at the interface of chemistry and biology, often employing synthetic chemistry to create novel probes and tools. Researchers utilize chemical biology to study complex biological phenomena, such as protein folding, enzyme mechanisms, and signal transduction pathways. Techniques include chemical modification of biomolecules, creating fluorescent probes for imaging, and designing small molecules to modulate biological activity. The goal is to achieve a deeper understanding of biological systems by utilizing sophisticated chemical approaches. Ultimately, chemical biology contributes to advancements in medicine, biotechnology, and fundamental biological research.;Google
Gene duplication;Gene duplication is a fundamental process in evolutionary biology wherein a segment of DNA is copied, resulting in multiple copies of a gene within an organism’s genome. These duplications can occur through various mechanisms, including unequal crossing over during meiosis or whole-genome duplication events. Initially, the redundant copies allow for evolutionary experimentation, as one copy retains its original function while the other can accumulate mutations without significantly impacting the organism’s fitness. Over time, these duplicate genes can diverge, leading to novel functions and ultimately contributing to the diversification of species and the evolution of complex biological systems.;Google
Chirality;Chirality, derived from the Greek word “chires,” describes a property exhibited by certain molecules that lack a mirror image symmetry. Specifically, chiral molecules are non-superimposable on their mirror images, much like our left and right hands. This asymmetry arises from a central atom, often carbon, bonded to four different groups. These groups create a stereocenter, resulting in two distinct enantiomers – mirror images that interact differently with polarized light. The most common example is amino acids, which exist as left-handed and right-handed forms. Chirality plays a fundamental role in biological systems, influencing drug effectiveness and protein structure. It's a critical concept in organic chemistry and biochemistry.;Google
DNA methylation;DNA methylation is a fundamental epigenetic mechanism involving the addition of a methyl group to a DNA base, typically cytosine. This process doesn’t alter the DNA sequence itself but profoundly influences gene expression. Methylation patterns are established during development and can be dynamically altered throughout life, responding to environmental cues. Generally, methylation of promoter regions silences genes, preventing their transcription. However, methylation can also activate genes in specific genomic contexts. DNA methylation is crucial for cellular differentiation, genomic stability, and plays a role in aging and various diseases, including cancer. It's a reversible modification, making it a key target for epigenetic therapies.;Google
Long-term potentiation;Long-term potentiation is a persistent strengthening of synapses based on recent patterns of activity. It’s a fundamental mechanism underlying learning and memory within the brain, particularly in the hippocampus and cortex. The process typically involves repeated stimulation of a synapse, often between a presynaptic neuron and a postsynaptic neuron containing the neurotransmitter glutamate. This stimulation induces a long-lasting increase in the postsynaptic neuron's responsiveness to glutamate. LTP is thought to involve changes in the number or efficacy of receptors on the postsynaptic neuron, effectively enhancing signal transmission. Research continues to investigate the precise molecular details of LTP and its role in various cognitive functions.;Google
Zero-shot learning;Zero-shot learning is a machine learning paradigm addressing the challenge of recognizing unseen classes during training. Traditional supervised learning requires labeled data for every class the model should recognize. Zero-shot learning overcomes this limitation by leveraging semantic relationships between known and unknown classes. Models are trained on a set of labeled classes with descriptive attributes or embeddings, often using techniques like word embeddings. Subsequently, they can classify instances from entirely new, unseen classes based on their attributes, effectively “imagining” their features. This relies on a shared embedding space where concepts are related, allowing generalization to novel categories without direct training examples.;Google
Mast cell;Mast cells are a type of immune cell residing predominantly in tissues throughout the body, particularly skin, lungs, and gut. These cells play a crucial role in immediate hypersensitivity reactions, commonly known as allergies. They store large quantities of mediators like histamine, heparin, and proteases, which are rapidly released upon activation, typically by IgE antibodies binding to allergens. This release causes characteristic allergic symptoms such as itching, swelling, and bronchoconstriction. Mast cells also participate in inflammatory responses during infections and tissue repair. Research continues to explore their involvement in chronic inflammatory diseases and potential therapeutic targets.;Google
Population dynamics;Population dynamics examines the changes in the size and structure of populations over time. It’s a fundamental area of ecology investigating factors influencing birth rates, death rates, immigration, and emigration. Mathematical models, such as the logistic model, are frequently employed to predict population growth or decline based on carrying capacity – the maximum population size an environment can sustain. Density-dependent factors like competition and disease, alongside density-independent factors like climate, significantly shape population fluctuations. Population dynamics is crucial for understanding species distributions, conservation efforts, and predicting the impact of human activities on ecosystems. The field integrates biology, mathematics, and statistics to provide a comprehensive view of population trends.;Google
Inflammasome;The inflammasome is a multiprotein complex central to innate immune defense against intracellular pathogens and cellular damage. Primarily found within macrophages and other immune cells, it’s activated by various stimuli including bacterial toxins, viral RNA, and cellular stress. Upon activation, the inflammasome triggers the maturation and release of interleukin-1β and interleukin-18, potent pro-inflammatory cytokines. This cascade amplifies inflammation, crucial for fighting infection but can also contribute to chronic inflammatory diseases like arthritis, Crohn’s disease, and even sepsis when dysregulated. Research continues to explore the inflammasome's role in diverse human pathologies.;Google
Microprocessor;A microprocessor is a central processing unit on a single integrated circuit, fundamentally underpinning modern computing. Its development represents a significant advancement in electronics, moving away from discrete transistor designs to a more compact and efficient solution. At its core, a microprocessor executes instructions by fetching, decoding, and executing them, utilizing logic gates and registers to perform arithmetic and logical operations. The architecture, including features like caches and pipelines, determines its speed and efficiency. Microprocessors are integral to personal computers, smartphones, and countless embedded systems, driving technological innovation across numerous industries. Their continued miniaturization and increasing processing power remain central to advancements in digital technology.;Google
Giant magnetoresistance;Giant magnetoresistance is a remarkably large change in electrical resistance that occurs when a voltage is applied across a magnetic material multilayered structure. Typically, this involves alternating layers of ferromagnetic materials, such as iron and nickel, and non-magnetic materials like copper or silver. The resistance dramatically increases in one direction when the magnetic layers are aligned, and decreases when they are anti-aligned. This effect is significantly larger than conventional magnetoresistance. GMR is crucial in high-density magnetic data storage devices, enabling faster and more efficient reading of data from hard drives and magnetic random access memory. Recent research focuses on enhancing GMR for even more advanced applications.;Google
Language model;Language models represent a significant area within artificial intelligence, specifically within the field of Natural Language Processing. These models, predominantly based on deep learning architectures like transformers, are trained on massive datasets of text and code to predict the probability of sequential elements – words, characters, or tokens – in a given language. The underlying scientific principles involve statistical modeling, where the model learns complex relationships and patterns within the training data. This allows them to generate coherent text, translate languages, answer questions, and perform other language-related tasks. Ongoing research focuses on improving model accuracy, reducing bias, and enhancing their understanding of context.;Google
Anthracene;Anthracene is a polycyclic aromatic hydrocarbon composed of three fused benzene rings, existing primarily as a crystalline solid with a distinct purple hue. Its synthesis originates primarily from coal tar distillation, a significant byproduct of coke production. Chemically, anthracene serves as a crucial intermediate in the manufacturing of dyes, plastics, and notably, high-performance polymers like polyanthracene. Historically, it was widely used in the production of carbonized black, utilized for reinforcing rubber. Current research explores its potential applications in organic light-emitting diodes and as a component in advanced solar cells, capitalizing on its unique optical and electronic properties.;Google
Millisecond pulsar;Millisecond pulsars are rapidly rotating neutron stars, remnants of collapsed massive stars, distinguished by their exceptionally short periods of rotation – typically less than one millisecond. These pulsars possess strong magnetic fields and are often found in binary systems where mass transfer from a companion star continuously spins them up. This accretion of matter increases their rotation rate, dramatically shortening their periods. The precise timing of these pulses, measured with high accuracy, makes millisecond pulsars invaluable tools for testing general relativity, particularly the perihelion precession of Mercury. Furthermore, they offer insights into extreme physics within dense, magnetized stellar environments.;Google
Pair production;Pair production is a quantum mechanical process wherein a high-energy photon, typically a gamma ray, spontaneously converts into a particle and its antiparticle, most commonly an electron and a positron. This phenomenon is predicted by Einstein’s famous equation, E=mc², illustrating the equivalence of energy and mass. The photon’s energy must exceed a certain threshold, approximately 1.022 MeV, for pair production to occur. The resulting particle and antiparticle emerge from the same point in space, with the photon’s momentum conserved. Pair production is a vital process studied in astrophysics, particularly in understanding the spectra of highly energetic objects, and has been experimentally confirmed in particle accelerators.;Google
Dimensionality reduction;Dimensionality reduction is a technique employed in data analysis and machine learning to reduce the number of variables in a dataset while preserving essential information. High-dimensional data, characterized by a large number of features, can lead to issues like the “curse of dimensionality,” hindering model performance and increasing computational costs. Methods like Principal Component Analysis and t-distributed Stochastic Neighbor Embedding aim to transform the original data into a lower-dimensional representation. This transformation identifies underlying patterns and correlations, effectively capturing the most significant variance in the data. Ultimately, dimensionality reduction simplifies data, improves model accuracy, and enables visualization in lower dimensions.;Google
Paleontology;Paleontology is the scientific study of life from the distant past, primarily through the examination of fossils. Paleontologists investigate a wide range of evidence, including fossilized remains, footprints, and trace fossils, to reconstruct ancient ecosystems and understand the evolution of life on Earth. The field utilizes principles of geology, biology, and chemistry to determine the age of fossils, identify the organisms they represent, and analyze their relationships to modern species. Research focuses on documenting the history of life, understanding major evolutionary transitions, and exploring the environmental conditions that shaped prehistoric environments. Paleontology plays a crucial role in our understanding of biodiversity and planetary history.;Google
Serology;Serology is the branch of forensic science and clinical medicine focused on the study of biological fluids, primarily blood, urine, semen, saliva, and spinal fluid. It involves the analysis of these fluids to identify and characterize substances produced by living organisms. Key techniques within serology include immunoassays, which utilize antibodies to detect and quantify specific antigens, like proteins or microorganisms. These assays are fundamental in diagnosing infectious diseases, determining blood type, and identifying foreign DNA in criminal investigations. Serological tests provide crucial evidence for establishing paternity, identifying perpetrators, and tracking disease outbreaks. The accuracy of serological results relies heavily on proper sample collection and rigorous laboratory procedures.;Google
Long-term depression;Long-term depression is a chronic neurological condition characterized by a persistent, pervasive low-mood state, often accompanied by anhedonia—the inability to experience pleasure—and psychomotor retardation. Primarily affecting older adults, TDP is distinguished from typical depression by its enduring nature and relatively unaltered response to conventional antidepressant medications. Neuroimaging studies reveal structural and metabolic changes within the brain, particularly in areas associated with reward processing, motivation, and executive function, including the striatum and frontal cortex. TDP’s etiology remains complex, potentially involving age-related neurodegeneration and accumulating biological stressors. Diagnostic criteria are still under development, representing a significant area of ongoing research.;Google
Metamorphic rock;Metamorphic rocks are rocks that have been transformed by heat, pressure, or chemically active fluids. This process, known as metamorphism, occurs when existing rocks—igneous, sedimentary, or even other metamorphic rocks—are subjected to conditions different from those in which they formed originally. Increased temperature and pressure cause minerals within the parent rock to recrystallize, forming new minerals and often creating a layered or foliated texture, like slate or gneiss. There are two primary types of metamorphism: regional, driven by large-scale tectonic forces, and contact, caused by the heat from nearby magma intrusions. Metamorphism significantly alters a rock’s composition and structure, creating a wide variety of rock types.;Google
Linear algebra;Linear algebra is a branch of mathematics concerned with vector spaces and linear transformations between them. It provides a framework for representing and manipulating data, particularly in fields like computer science, engineering, and statistics. The core concepts involve vectors, matrices, and linear equations. Matrices are used to represent linear transformations, which essentially rotate, scale, or shear data. Solutions to systems of linear equations, often expressed in matrix form, determine relationships between variables. Singular value decomposition and eigenvalue decomposition are fundamental techniques for analyzing and simplifying matrices, revealing underlying structure and properties within the data.;Google
Viscosity;Viscosity describes a fluid’s resistance to flow, often characterized as its “thickness.” It’s fundamentally a measure of the internal friction within a fluid, resulting from the cohesive forces between its constituent molecules. Liquids typically exhibit greater viscosity than gases due to stronger intermolecular interactions. Newtonian fluids, such as water and oil, have a viscosity that remains constant regardless of the applied shear stress. However, non-Newtonian fluids, like paint or blood, demonstrate varying viscosities dependent on the stress applied – becoming thicker or thinner under force. Viscosity is crucial in diverse fields including engineering, meteorology, and biological systems.;Google
Reaction mechanism;A reaction mechanism describes the step-by-step sequence of elementary reactions that constitute a chemical reaction. Unlike a simple overall balanced equation, it provides a detailed pathway illustrating the transformation of reactants into products. Each step, known as a mechanistic step, involves the formation and breakage of chemical bonds, often proceeding through unstable intermediates called transition states. Mechanisms are often proposed based on experimental evidence, such as kinetic data and spectroscopic observations. Determining the precise mechanism is crucial for understanding reaction rates, predicting product distributions, and designing synthetic routes. Computational chemistry increasingly contributes to mechanism elucidation by simulating reaction pathways and transition state energies.;Google
Lipid bilayer;The lipid bilayer, also known as the phospholipid bilayer, is the fundamental structural component of cell membranes throughout all known living organisms. It’s formed by a double layer of lipid molecules, primarily phospholipids, where the hydrophilic heads face outwards, interacting with the aqueous environment, and the hydrophobic tails face inwards, shielded from water. These lipids are arranged with their fatty acid tails oriented towards each other, stabilized by van der Waals forces. This arrangement creates a selectively permeable barrier, controlling the passage of substances into and out of the cell, and is crucial for maintaining cellular organization and function.;Google
Rosetta;The Rosetta Stone is a fragment of an ancient Egyptian stele, central to deciphering Egyptian hieroglyphs. Discovered in 1799 during Napoleon’s Egyptian campaign, the stone contains the same decree inscribed in three scripts: hieroglyphic, demotic, and Ancient Greek. Greek was known to be translatable, providing the key to unlocking the phonetic values of the hieroglyphs and demotic. This trilingual inscription allowed scholars, most notably Jean-François Champollion, to systematically decode the complex system of hieroglyphic writing. The Rosetta Stone remains a vital artifact in understanding ancient Egyptian culture and history, offering invaluable insights into their language and beliefs.;Google
Differential geometry;Differential geometry is a branch of mathematics that studies curves and surfaces by using calculus. It moves beyond traditional Euclidean geometry’s focus on rigid shapes and instead examines the properties of geometric objects defined by smooth, continuous functions. Key concepts involve tangent vectors, curvature, and torsion, which quantify how a curve or surface changes direction and its local shape. The field employs concepts like manifolds, allowing geometric objects to be represented in higher dimensions, and provides tools to analyze their intrinsic properties. Differential geometry finds applications in physics, computer graphics, and engineering, notably in describing the shapes of objects in curved space.;Google
Isothermal titration calorimetry;Isothermal titration calorimetry is a quantitative analytical technique used to measure the heat released or absorbed during a chemical reaction. It employs a specialized instrument, the calorimeter, which precisely measures temperature changes as a titrant is gradually added to a solution containing the analyte of interest. The rate of temperature change is directly proportional to the moles of reactant consumed, providing a highly accurate determination of the reaction's enthalpy change. This method is particularly valuable for studying association reactions, such as protein-ligand binding, where the heat evolved reflects the formation of new interactions. The technique operates under constant temperature conditions, hence the term “isothermal”.;Google
Q-switching;"Q-switching is a technique employed in lasers to rapidly switch between a low-power “off” state and a high-power “on” state. It utilizes a controllable optical element, typically a shutter or modulator, to periodically block or allow pump light to reach the laser medium. This process creates a cycle of population inversion and de-population, resulting in bursts of high-intensity light when the modulator is opened. The term ""Q-factor"" refers to the efficiency of light amplification within the laser cavity; Q-switching aims to maximize this factor, producing short, intense pulses. Different types of lasers, including solid-state and fiber lasers, utilize this principle for applications like pulsed lasers and optical communications.";Google
Biosensor;A biosensor is an analytical device that detects and responds to a specific biological or biochemical analyte. These devices integrate a biological recognition element – such as enzymes, antibodies, DNA, or cells – with a transducer. The biological element interacts with the target analyte, initiating a physical or chemical change. This change is then converted into a measurable signal, typically electrical, optical, or mechanical, by the transducer. Biosensors are utilized across diverse fields including medical diagnostics, environmental monitoring, food safety, and industrial process control. Their portability, sensitivity, and ability to perform real-time measurements make them increasingly important in various analytical applications.;Google
Parkinson's disease;Parkinson’s disease is a progressive neurological disorder primarily characterized by the degeneration of dopamine-producing neurons in the substantia nigra, a region of the midbrain. This neuronal loss leads to a deficiency of dopamine, a neurotransmitter crucial for motor control, resulting in hallmark symptoms such as tremors, rigidity, bradykinesia, and postural instability. While the exact cause remains unclear, genetics and environmental factors are implicated. Research increasingly focuses on the role of alpha-synuclein aggregation, forming Lewy bodies, as a key pathological feature. Treatments typically involve medications aimed at mimicking or compensating for dopamine’s effects, alongside therapies to manage symptoms and maintain quality of life.;Google
Progress zone;The “Progress Zone” concept, frequently utilized in psychology and performance coaching, refers to a distinct psychological state observed during challenging tasks. Scientifically, this phenomenon aligns with research on flow states and cognitive absorption. Individuals within a progress zone exhibit heightened focus, intrinsic motivation, and a diminished sense of self-consciousness. Neuroimaging studies suggest increased activity in the prefrontal cortex and reward centers of the brain, coinciding with a positive feedback loop created by incremental achievements. This zone is characterized by a balance between challenge and skill level, fostering optimal performance and sustained engagement as individuals experience a sense of mastery.;Google
Cerebrospinal fluid;Cerebrospinal fluid, or CSF, is a clear, watery fluid that surrounds the brain and spinal cord, providing crucial protection and support. Produced by the choroid plexus within the ventricles of the brain, CSF performs several vital functions including maintaining intracranial pressure, removing metabolic waste products from the brain tissue, and transporting nutrients. It facilitates neural communication by acting as a buoyant medium, aiding in the rapid spread of electrical impulses. Abnormal CSF production, absorption, or composition can indicate neurological conditions such as meningitis, encephalitis, and hydrocephalus, prompting diagnostic testing and treatment strategies. CSF analysis remains a cornerstone in diagnosing and monitoring a wide range of neurological disorders.;Google
Tenascin;Tenascin is a large, highly sulfated proteoglycan primarily expressed in extracellular matrices, playing a crucial role in various biological processes, particularly within tissues undergoing repair or inflammation. Initially identified as a component of tenocytes in cartilage, tenascin is now recognized as a key regulator of cell adhesion, migration, and signaling. Its molecular weight is substantial, contributing to its ability to bind numerous growth factors and cytokines. Tenascin’s expression is upregulated during wound healing, fibrosis, and tumorigenesis, often influencing the behavior of fibroblasts and immune cells. Research continues to explore its potential as a therapeutic target for conditions involving aberrant extracellular matrix remodeling.;Google
Organogenesis;Organogenesis describes the complex process of embryonic development during which tissues and organs form from the primary germ layers – ectoderm, mesoderm, and endoderm – following fertilization. Initially, the blastocyst develops into a gastrula, establishing these three layers. Subsequently, signals and cellular interactions drive regional specification, leading to the formation of specific organ systems. The ectoderm gives rise to the skin and nervous system, the mesoderm generates muscles, bones, and circulatory systems, while the endoderm forms the lining of the digestive and respiratory tracts. Precise timing and spatial regulation are crucial for successful organogenesis, with disruptions potentially leading to congenital abnormalities.;Google
Clinical trial;Clinical trials are a cornerstone of biomedical research, fundamentally relying on statistical principles to evaluate the efficacy and safety of medical interventions. These trials systematically assess a new treatment, drug, device, or preventative measure on human volunteers, meticulously designed to demonstrate a causal relationship between the intervention and an observed outcome. Statistical methods, including randomization and blinding, are employed to minimize bias and ensure the results are reliable. Key statistical concepts such as sample size calculation, hypothesis testing, and confidence intervals determine the statistical significance of observed differences. Data analysis focuses on determining p-values and effect sizes to quantify the treatment’s impact and inform future research.;Google
Mach number;Mach number is a dimensionless quantity used in fluid dynamics and aerodynamics to characterize the speed of a fluid flow relative to the local speed of sound. It is defined as the ratio of the flow velocity to the speed of sound at that specific point in the flow. This speed of sound depends on temperature and atmospheric conditions. Mach number is crucial for understanding and predicting phenomena like shock waves, turbulence, and drag in high-speed flows. Values below one indicate subsonic flow, between one and approximately one-to-one indicate transonic flow, while values greater than one represent supersonic flow. The concept simplifies complex flow equations, allowing engineers to analyze and design vehicles and systems operating at these speeds.;Google
Decellularization;Decellularization is a process utilized in tissue engineering involving the removal of a host animal's extracellular matrix from a tissue or organ. This process essentially leaves behind a “scaffold” composed solely of the structural proteins like collagen and elastin, without the supporting cells. The ECM, which provides mechanical cues and biochemical signals, is meticulously eliminated through methods such as freeze-thawing, enzymatic digestion, or chemical treatments. Decellularized tissues retain their native architecture and biomaterial properties, offering a robust foundation for the subsequent redeposition of cells and growth factors. This approach is crucial for creating functional, three-dimensional tissue constructs for regenerative medicine applications.;Google
Shock wave;A shock wave is a propagating disturbance in a fluid, typically a gas, caused by a sudden, highly localized energy release. These waves form when a rapidly expanding volume of material exceeds the speed of sound within that medium. Characterized by a steep pressure gradient and a sharp density change, shock waves are often associated with explosive events, supersonic aircraft, and natural phenomena like lightning. The formation of a shock wave involves the compression and rapid heating of the fluid ahead of the wave’s front. Studying shock waves is crucial in fields ranging from aerospace engineering to seismology, providing insights into extreme conditions and offering tools for wave propagation analysis and energy transfer understanding.;Google
Coding theory;Coding theory is a branch of information theory concerned with designing and analyzing methods for reliable transmission or storage of digital data. It deals primarily with error detection and correction, crucial for applications like digital communication, data storage, and satellite communications. The core principle involves adding redundancy to information – known as codewords – allowing the receiver to identify and correct errors introduced during transmission. Key concepts include channel capacity, source coding, and various coding schemes such as linear block codes like Hamming codes and convolutional codes, all striving to maximize data throughput while maintaining a desired level of error correction performance.;Google
Forest plot;A forest plot is a graphical representation used in meta-analysis to visually summarize the results of multiple independent studies examining a statistical effect. Developed by Julian Rainey, it displays the effect size for each study alongside its associated confidence interval. The plot resembles a forest, with each study represented as a vertical line, and the length of the line reflects the precision of the estimate. The confidence interval intersects the x-axis, providing an indication of the overall certainty surrounding the true effect size across all included studies. Forest plots are crucial tools for assessing the consistency and strength of evidence.;Google
Gluconeogenesis;Gluconeogenesis is a metabolic pathway that synthesizes glucose from non-carbohydrate precursors, primarily lactate, glycerol, and amino acids. It occurs predominantly in the liver and, to a lesser extent, in the kidneys. This process is essential for maintaining blood glucose levels during fasting, starvation, or intense exercise when glycogen stores are depleted. Gluconeogenesis effectively reverses the reactions of glycolysis, utilizing pyruvate and other molecules to generate glucose. Hormonal regulation, particularly by glucagon and epinephrine, stimulates gluconeogenesis. The pathway ensures a continuous supply of glucose for vital organs like the brain, which relies heavily on this fuel source.;Google
Electrophysiology;Electrophysiology is a branch of physiology concerned with the study of the electrical properties of biological cells and tissues. It investigates how these cells generate, conduct, and respond to electrical signals, crucial for various physiological processes. Techniques employed include patch clamping, microelectrode recording, and electrophysiology-based imaging, allowing researchers to measure membrane potentials, action potentials, and ion channel currents. This field is fundamental to understanding nerve impulse transmission, muscle contraction, cardiac function, and the mechanisms underlying neurological disorders like epilepsy and Parkinson's disease. Advancements in electrophysiology continue to illuminate the complexities of cellular communication.;Google
Action potential;An action potential is a fundamental electrical signal that travels along the axon of neurons, enabling rapid communication within the nervous system. It originates from a change in membrane permeability to ions, primarily sodium and potassium, driven by the influx of sodium ions during depolarization. This depolarization propagates down the axon due to the ‘action potential’ mechanism, a self-regenerating wave. Resting membrane potential is maintained by ion gradients established by ion pumps. Repolarization occurs as potassium channels open, restoring the negative membrane potential. The speed of action potential propagation is influenced by axon diameter and myelin sheath insulation, significantly impacting neuronal signaling.;Google
Hygiene hypothesis;The hygiene hypothesis, initially proposed in the 1970s, suggests a link between reduced microbial exposure in modern societies and an increased susceptibility to allergic diseases and autoimmune disorders. Historically, children were routinely exposed to diverse microbes through contact with animals, soil, and other people, which shaped the development of their immune systems. This exposure promoted tolerance and prevented excessive inflammatory responses. As hygiene standards improved and populations shifted to more sterile environments, this crucial immune “training” was lost. Consequently, individuals may become more prone to developing conditions like asthma, eczema, and inflammatory bowel disease, particularly those with a genetic predisposition. Research continues to investigate the specific microbial influences on immune development.;Google
Synaptic vesicle;Synaptic vesicles are specialized membrane-bound sacs within neurons that play a crucial role in neurotransmission. These vesicles are packed with neurotransmitters, chemical messengers that transmit signals across synapses – the junctions between neurons. Upon neuronal stimulation, calcium ions trigger a rapid influx, causing the vesicles to fuse with the presynaptic membrane. This fusion releases the neurotransmitters into the synaptic cleft, allowing them to bind to receptors on the postsynaptic neuron. Following neurotransmitter release, vesicles are either recycled to refill their contents or are eliminated through endocytosis. The precise regulation of synaptic vesicle trafficking is fundamental to efficient and reliable neural communication.;Google
Collagen;Collagen is the most abundant protein in the animal kingdom, playing a crucial role in the structural integrity of tissues throughout the body. It’s a fibrous protein, primarily composed of amino acids glycine, proline, and hydroxyproline, arranged in a unique triple-helix structure. There are various types of collagen, categorized primarily by the organization of their triple helices and the presence or absence of certain modifications. Type I collagen is the most prevalent, found in skin, tendons, and bone, while Type II is dominant in cartilage. Collagen’s production is stimulated by factors like vitamin C, and its degradation is influenced by aging and mechanical stress, contributing significantly to tissue repair and overall health.;Google
Transfer learning;Transfer learning is a machine learning technique that leverages knowledge gained from solving one problem and applies it to a different but related problem. Initially, a model is trained on a large dataset, often referred to as the ‘source’ task, developing learned features and patterns. Subsequently, this pre-trained model’s learned weights are then utilized as a starting point for a new model tackling a ‘target’ task, frequently with a smaller dataset. This reduces training time and computational resources, and can improve performance, particularly when the target task has limited labeled data. Common applications include image recognition and natural language processing.;Google
Risk aversion;Risk aversion is a core concept in economics and finance describing an individual’s preference for a certain outcome over a risky one of equal expected value. It implies a diminishing marginal utility of wealth – each additional unit of wealth provides less satisfaction than the previous one. Consequently, investors and individuals exhibiting risk aversion will typically forgo potential gains from investments with uncertain returns to maintain a stable level of wealth. This behavior is central to understanding asset pricing, portfolio construction, and decision-making under uncertainty. Numerous models, such as the mean-variance framework, utilize risk aversion to analyze investment choices and market dynamics, reflecting the inherent human tendency to avoid potential losses.;Google
Deep brain stimulation;Deep brain stimulation is a neurosurgical procedure utilizing electrodes implanted in specific areas of the brain to treat neurological and psychiatric disorders. The technique involves delivering high-frequency electrical impulses to modulate neuronal activity. Historically, DBS was primarily employed for Parkinson’s disease, alleviating tremors and rigidity. Research has expanded DBS applications to encompass obsessive-compulsive disorder, depression, and dystonia. The precise mechanisms are complex, but DBS is believed to influence neurotransmitter systems, particularly dopamine, serotonin, and glutamate. Stimulation parameters, including electrode placement and pulse frequency, are carefully calibrated to achieve therapeutic effects, though the exact pathways remain an area of ongoing investigation.;Google
Thermodynamics;Thermodynamics is a fundamental branch of physics concerned with heat, work, and energy, exploring their relationships and transformations. It’s primarily based on four fundamental laws, each defining a specific principle governing energy interactions. The first law, the law of conservation of energy, dictates that energy cannot be created or destroyed, only transferred or changed form. The second law introduces entropy, indicating that natural processes always increase the disorder of a system. The third law concerns absolute zero, and the fourth law deals with the unattainability of true zero temperature. Thermodynamics finds widespread application in engineering, chemistry, and meteorology.;Google
Multilevel model;A multilevel model is a statistical technique designed to analyze data where observations are nested within multiple hierarchical levels. These models are particularly useful when dealing with clustered data, such as students within classrooms, patients within hospitals, or individuals within communities. Unlike traditional regression, multilevel models account for the correlation among observations within the same level, acknowledging that these groups share characteristics. The model estimates both level-one parameters and level-two parameters. This approach provides more accurate and nuanced estimates compared to ignoring the nested structure of the data, leading to more robust conclusions about relationships between variables.;Google
Power electronics;Power electronics is a branch of electrical engineering concerned with the efficient control and conversion of electrical power. It utilizes semiconductor devices, primarily diodes, thyristors, and transistors, to modify AC voltage levels, control motor speeds, and convert DC to AC or vice versa. Key applications span across various industries, including renewable energy systems, electric vehicles, industrial motor drives, and power supplies for electronic devices. Sophisticated control techniques, such as Pulse Width Modulation, are employed to optimize energy conversion efficiency and minimize harmonic distortion. The field continually advances with new materials and topologies for improved performance and reduced energy losses.;Google
Configuration interaction;Configuration interaction theory is a method in quantum mechanics used to calculate the wavefunctions and energies of systems with multiple electronic states, particularly in molecules. It addresses situations where a molecule’s electronic wavefunction cannot be accurately described by a single, simple term. The method involves mathematically combining the wavefunctions of the individual electronic configurations, often referred to as ‘major’ configurations, to generate a more accurate, ‘CI’ wavefunction. The order of the CI expansion – the number of major configurations included – determines the accuracy of the approximation. This technique is commonly applied in spectroscopy and chemical calculations to predict molecular spectra and properties.;Google
Gibbs free energy;Gibbs free energy, denoted as G, is a thermodynamic potential that combines enthalpy and entropy to predict the spontaneity of a process occurring at constant temperature and pressure. It represents the amount of energy available in a system to do useful work. The equation for Gibbs free energy is G = H - TS, where H is enthalpy, T is temperature, and S is entropy. A negative change in Gibbs free energy indicates a spontaneous process, meaning the reaction will proceed without external energy input. Conversely, a positive ΔG signifies a non-spontaneous process. Gibbs free energy is fundamental in determining equilibrium conditions for chemical reactions and biological systems.;Google
Seismology;Seismology is the scientific study of earthquakes and the propagation of seismic waves through Earth. It encompasses the investigation of the Earth’s internal structure, utilizing the analysis of ground motion recorded by seismographs. Seismic waves, generated by sudden movements within the Earth such as earthquakes or volcanic eruptions, are classified into body waves and surface waves. Scientists employ these waves to determine the location, magnitude, and depth of earthquakes, as well as to map the composition and physical properties of the Earth’s crust and mantle. Advanced seismological techniques contribute to hazard assessment and early warning systems.;Google
Nucleolus;The nucleolus is a distinct submicroscopic structure within the nucleus of eukaryotic cells, primarily responsible for ribosome biogenesis. It's a dynamic organelle, fluctuating in size and activity depending on the cell's needs. Within the nucleolus, ribosomal RNA genes are transcribed and processed, followed by the assembly of rRNA molecules with ribosomal proteins. These newly formed ribosomal subunits then migrate to the cytoplasm, where they play a crucial role in protein synthesis. The nucleolus also participates in DNA repair and regulation, and its formation is intricately linked to cell cycle progression, highlighting its central importance in cellular function.;Google
Surfactant;Surfactants, short for surface-active agents, are amphiphilic molecules composed of both hydrophilic and hydrophobic portions. This dual nature is key to their functionality. They concentrate at interfaces, particularly between oil and water, reducing surface tension. This reduction allows for processes like emulsification, where fats and oils are dispersed in water, and foaming, creating stable bubbles. Surfactants are ubiquitous in detergents, cosmetics, pharmaceuticals, and industrial applications, relying on their ability to dramatically alter interfacial properties. Their effectiveness stems directly from the balance between their hydrophilic and hydrophobic segments.;Google
Cooper pair;A Cooper pair is a fundamental concept in the field of superconductivity, describing the pairing of electrons that allows for lossless electrical current flow in certain materials at extremely low temperatures. This phenomenon arises from quantum mechanical effects, specifically the binding of two electrons with opposite spins and momenta through phonon vibrations – quantized lattice vibrations. Crucially, these electrons remain bound even when separated by significant distances, unlike ordinary electron pairs. This unique pairing eliminates electrical resistance, as the Cooper pairs move coherently without scattering off the material’s lattice. The formation of Cooper pairs is the core mechanism underlying the macroscopic quantum behavior observed in superconducting materials, enabling their remarkable properties.;Google
Density functional theory;Density functional theory is a quantum mechanical method widely used in computational physics and chemistry to calculate the electronic structure of materials. Unlike traditional methods that solve the complex Schrödinger equation for each electron, DFT focuses on the electron density as the fundamental quantity. This approach simplifies calculations dramatically, especially for large systems. The theory relies on the Hohenberg-Kohn theorems, which establish that the ground-state electron density uniquely determines all other properties of the system. DFT’s approximations, like the exchange-correlation functional, account for the many-body effects not explicitly included in the original formulation. It’s commonly applied to study materials properties like bonding, stability, and reaction mechanisms.;Google
Leptin;Leptin is a hormone primarily produced by adipose tissue, playing a crucial role in regulating energy balance and appetite. Initially discovered in 1999, leptin acts as a signal to the brain, particularly the hypothalamus, indicating the body’s energy stores. Elevated leptin levels reflect increased fat mass, suppressing appetite and increasing energy expenditure. Conversely, low leptin levels, often associated with obesity, fail to adequately signal satiety, leading to continued overeating and metabolic dysfunction. Dysregulation of the leptin pathway is implicated in various weight-related disorders, and research explores its potential as a therapeutic target for obesity and related metabolic diseases.;Google
Polymerase;Polymerase enzymes are a class of enzymes crucial to molecular biology, primarily known for their role in DNA replication. These enzymes catalyze the synthesis of new DNA strands from a template strand, adding nucleotides one by one in a process mirroring cellular DNA replication. Specifically, DNA polymerases are responsible for extending DNA chains during replication and repair. Reverse transcriptase, a specialized polymerase, can synthesize DNA from an RNA template, facilitating techniques like cDNA library construction. Different polymerases exhibit varying properties concerning temperature stability, processivity, and proofreading accuracy, making them essential tools in genetic research and biotechnology applications.;Google
Eutrophication;Eutrophication is the process by which a body of water, typically a lake or coastal area, becomes overly enriched with nutrients, primarily nitrogen and phosphorus. These nutrients, often originating from agricultural runoff, sewage discharge, or industrial waste, stimulate excessive plant and algae growth, leading to a phenomenon known as an algal bloom. As the algae die and decompose, the process consumes large amounts of oxygen, creating “dead zones” where aquatic life cannot survive. This cascading effect disrupts the ecosystem's balance and can significantly degrade water quality, impacting biodiversity and recreational uses. The severity of eutrophication depends on factors like nutrient loading rates and water circulation patterns.;Google
Auction theory;Auction theory is a branch of economics and game theory that analyzes strategic bidding behavior in auction settings. It explores how participants, motivated by profit maximization or utility maximization, determine optimal bidding strategies based on their private information about the value they place on an item. Models typically consider different auction formats, including English, Dutch, and sealed-bid first-price auctions. Key concepts include bidder valuation, reserve prices, and the impact of incomplete information on outcomes. Researchers investigate how strategic bidding influences auction revenue and the efficiency of resource allocation, often utilizing mathematical models to predict and understand auction dynamics.;Google
Plasmon;A plasmon is an oscillatory propagation of electromagnetic field modes confined to the space within a metal, typically a thin film or nanoparticle. These collective oscillations arise from the synchronized response of many free electrons to an incident light wave. The wavelength of a plasmon, known as the plasmon resonance wavelength, is significantly shorter than the wavelength of the incident light, leading to strong light-matter interactions. Plasmonic phenomena are observed in various applications, including surface-enhanced spectroscopy, sensing, and nonlinear optics. The frequency of oscillation is dependent on the material properties of the metal, its thickness, and the surrounding environment, offering a tunable optical response.;Google
Mutation rate;Mutation rate refers to the frequency with which new genetic mutations arise in a population. These random changes in DNA sequences are the ultimate source of all genetic variation. Rates vary considerably across organisms and genomic regions, influenced by factors such as DNA replication fidelity, DNA repair mechanisms, and exposure to mutagens like radiation or chemicals. Some genes, particularly those involved in essential cellular processes, tend to have lower mutation rates due to robust repair systems. Conversely, non-coding regions often exhibit higher mutation rates. Measuring mutation rate is crucial for understanding evolutionary processes, predicting disease susceptibility, and assessing the impact of environmental stressors on genetic diversity.;Google
Catabolism;Catabolism refers to a suite of metabolic processes primarily concerned with the breakdown of complex organic molecules into simpler ones. These reactions release energy, often in the form of adenosine triphosphate, which fuels cellular activities. Catabolic pathways typically begin with large macromolecules like carbohydrates, proteins, and lipids, dismantling them through processes such as hydrolysis. Glycolysis, the Krebs cycle, and oxidative phosphorylation are key catabolic reactions central to energy production. Waste products generated during catabolism are generally non-toxic and readily eliminated by the body. Essentially, catabolism represents the energy-yielding side of metabolism, contrasting with anabolism, which builds up complex molecules.;Google
Molality;Molality is a measure of concentration in solutions expressed as the number of moles of solute per kilogram of solvent. Unlike molarity, which uses liters of solution, molality accounts for the volume changes that occur when substances dissolve, providing a more accurate representation of concentration, particularly at higher concentrations. The calculation involves determining the moles of solute and then dividing by the mass of solvent in kilograms. This system is favored in chemistry and biology because it remains constant regardless of temperature variations, unlike molarity which changes with temperature due to volume fluctuations. Consequently, molality is frequently used in determining osmotic pressure and colligative properties.;Google
Affinity maturation;Affinity maturation is a crucial process within the adaptive immune system, primarily observed during secondary immune responses following initial antigen exposure. It describes the gradual refinement of antibody specificity and affinity for a particular antigen, enhancing the effectiveness of the immune response. Initially, the antibody population possesses low affinity for the antigen. Through a process involving somatic hypermutation and selective affinity-based B-cell survival, B cells producing antibodies with higher affinity are favored. These high-affinity cells then differentiate into plasma cells and memory B cells, ultimately leading to a more potent and targeted response upon subsequent encounters with the same antigen.;Google
Stratigraphy;Stratigraphy is the study of layered rock and sedimentary deposits, forming the foundation of geological timekeeping. It relies on the principle of superposition, which dictates that in undisturbed sequences, the oldest layers are at the bottom and the youngest at the top. Geologists analyze the sequence, composition, and fossil content of these strata to reconstruct Earth's history and understand past environments. Stratigraphic methods include correlating rock layers across geographically distant locations and using relative dating techniques to establish the timing of geological events. The study of cross-cutting relationships, such as faults and intrusions, further refines stratigraphic interpretations, providing crucial evidence for understanding Earth’s dynamic processes.;Google
Kolmogorov complexity;Kolmogorov complexity, named after Andrey Kolmogorov, provides a way to quantify the algorithmic complexity of a string of data. It’s defined as the length of the shortest computer program, expressed in a fixed universal programming language, that can produce that string. Essentially, it measures how compressible a string is. A string with low Kolmogorov complexity is highly predictable and can be described concisely, while a complex string requires a lengthy, specific program to generate. This concept bridges information theory and computation, offering a fundamental measure of randomness and surprise within data. Kolmogorov complexity remains a central concept in areas like theoretical computer science and statistical mechanics.;Google
Neurulation;Neurulation is a fundamental process in vertebrate embryonic development, representing the formation of the neural tube and associated structures from the dorsal mesoderm and ectoderm. Initiated around the third week of gestation, it involves a coordinated series of events. The ectoderm overlying the notochord thickens to form the neural plate, which subsequently folds inwards, creating a groove that becomes the neural furrow. The neural plate neuralizes, establishing a distinct neural crest, and the groove closes to form the neural tube, the precursor to the central nervous system. This process is crucial for establishing brain and spinal cord development, highlighting its significance in early animal biology.;Google
Neutrino;Neutrinos are fundamental subatomic particles, nearly massless and electrically neutral, that interact very weakly with matter. They are produced in various processes, including nuclear reactions in the sun, supernovae, and radioactive decay. Originally predicted by Wolfgang Pauli, their existence was confirmed in 1956, revolutionizing particle physics. There are three known neutrino flavors: electron neutrinos, muon neutrinos, and tau neutrinos, each associated with a different charged lepton. Neutrinos exhibit a phenomenon called neutrino oscillation, where they change flavor as they travel, implying they possess mass—a surprising discovery that challenges the Standard Model. Scientists study neutrinos to understand the universe's matter-antimatter asymmetry.;Google
Decomposer;Decomposition is a critical ecological process driven by the activities of decomposers, primarily bacteria and fungi, that break down dead organic matter. This process transforms complex plant and animal remains into simpler inorganic substances, releasing essential nutrients back into the environment. Decomposers secrete enzymes that catalyze the decomposition of cellulose, lignin, proteins, and other organic compounds. Without decomposition, nutrients would remain locked within dead organisms, severely limiting the productivity of ecosystems. The rate of decomposition is influenced by factors like temperature, moisture, and the availability of oxygen, playing a vital role in nutrient cycling and overall ecosystem health.;Google
Weak localization;"Weak localization is a theoretical model in condensed matter physics describing the influence of electron coherence in disordered conductors. It arises when electrons, due to interactions, begin to respond collectively to an applied electric field, rather than independently. This effect is particularly pronounced in narrow, high-mobility materials where electron-electron scattering is significant but not completely random. Unlike strong localization, weak localization doesn't lead to complete localization; instead, it introduces a resistance peak at a specific temperature, known as the weak localization peak. This peak represents the transition from ballistic to diffusive transport as the coherent response strengthens.";Google
Transcranial magnetic stimulation;Transcranial magnetic stimulation is a non-invasive neurostimulation technique utilizing a magnetic pulse to induce electrical activity in specific regions of the brain. A coil placed against the scalp generates a rapidly changing magnetic field, effectively depolarizing neurons within the targeted area. This stimulation can either excite or inhibit neuronal firing, depending on the pulse parameters. TMS is primarily used in research to investigate brain function, mapping neural circuits, and modeling neurological disorders. Clinically, it is employed as a treatment option for depression, obsessive-compulsive disorder, and chronic pain, and is increasingly explored for stroke rehabilitation and cognitive enhancement.;Google
Golgi apparatus;The Golgi apparatus, also known as the Golgi body or Golgi complex, is a vital organelle found in eukaryotic cells. Its primary function is the processing and packaging of proteins and lipids synthesized within the cell, particularly those destined for secretion or delivery to other organelles. The Golgi structure consists of flattened, membrane-bound sacs called cisternae, arranged in stacks. These cisternae sequentially modify proteins through glycosylation, phosphorylation, and other chemical reactions, adding complex carbohydrates to create glycoproteins. The Golgi also plays a crucial role in forming lysosomes and shipping vesicles containing various cellular products. Its organization and function are essential for maintaining cellular homeostasis and communication.;Google
Pyroptosis;Pyroptosis, derived from the Greek words “pyro” and “ptosis”, is a specific form of inflammatory programmed cell death. It distinguishes itself from apoptosis by inducing a robust inflammatory response. Triggered primarily by intracellular pathogens, such as bacteria and viruses, pyroptosis involves membrane pore formation due to gasdermin D activation. This pore formation leads to osmotic imbalance and cell lysis, releasing intracellular contents, including pathogen-associated molecular patterns, that dramatically amplify the inflammatory cascade. This ‘inflammatory pyroptosis’ is a critical defense mechanism, recruiting immune cells to combat infection, but uncontrolled pyroptosis contributes to inflammatory diseases.;Google
Grid cell;Grid cells are a fundamental component of the mammalian brain's internal navigation system, primarily found within the hippocampus. These neurons fire reliably and repeatedly in response to changes in spatial location, creating a cognitive map of the environment. Each grid cell is tuned to a specific hexagonal ‘place field’, a defined area within its surroundings where it exhibits high firing rates. Multiple grid cells, each with distinct place fields, work together to provide a precise, metric representation of space, allowing for accurate orientation and movement. Research suggests these cells operate by integrating information about speed and direction, contributing to our sense of position and direction-finding abilities.;Google
Eukaryote;Eukaryotes represent a diverse group of organisms characterized by their complex cellular organization, fundamentally distinguished from prokaryotes. These cells possess membrane-bound organelles, including a nucleus that houses their genetic material, and other specialized structures such as mitochondria for energy production and endoplasmic reticulum for synthesis. Eukaryotic evolution is believed to have originated approximately 2.1 billion years ago, with the emergence of the first eukaryotic cells occurring through endosymbiosis – a process where prokaryotic cells were engulfed and eventually became organelles within a larger cell. This group encompasses protists, fungi, plants, and animals, reflecting a remarkable range of adaptations and biological complexity.;Google
Dark energy;Dark energy represents a profound mystery in modern cosmology, accounting for approximately 68% of the universe’s total energy density. Its existence is inferred from observations of the accelerating expansion of the universe, a phenomenon first recognized in the late 1990s. Current models suggest that dark energy isn’t a traditional form of energy but rather a property of space itself—often referred to as the cosmological constant. This ‘vacuum energy’ exerts a negative pressure, driving galaxies apart at an ever-increasing rate. Despite extensive research, the precise nature and origin of dark energy remain one of the biggest open questions in physics.;Google
Plasma cell;A plasma cell is a mature, differentiated B lymphocyte responsible for producing large quantities of antibodies. These cells originate from B-cell precursors in the bone marrow and migrate to lymphoid organs, where they become terminally differentiated. Plasma cells are characterized by abundant cytoplasm containing prominent ribosomes, reflecting their intense antibody synthesis. They are crucial in humoral immunity, secreting monoclonal antibodies that specifically target and neutralize pathogens or cancerous cells. The number of plasma cells present at a site of infection or inflammation is directly correlated with the strength of the antibody response. Dysregulation of plasma cell activity is implicated in several autoimmune diseases.;Google
Monoclonal antibody;Monoclonal antibodies represent a cornerstone of modern biotechnology and immunology. These antibodies are all identical and produced by a single clone of cells, created through a process called hybridoma technology. Initially, a mouse is immunized with a specific antigen, triggering an immune response. Subsequently, B cells that produce antibodies against that antigen are fused with myeloma cells to generate hybridomas. These hybridomas continuously produce the desired antibody, offering exceptional specificity and consistency. Monoclonal antibodies are now widely used in diagnostics, therapeutics, and research, targeting diseases like cancer, autoimmune disorders, and infectious diseases.;Google
Critical period;The critical period refers to a specific timeframe in development, typically spanning infancy through early childhood, during which the brain exhibits heightened plasticity and sensitivity to environmental input. This heightened plasticity allows for rapid and efficient learning of language, motor skills, and social behaviors. During this period, the brain establishes neural pathways more readily in response to experiences. After the critical period closes, typically around adolescence, the brain becomes less adaptable, making it significantly harder to acquire these skills to the same degree. Research continues to explore the precise timing and mechanisms underlying this remarkable window of opportunity for development.;Google
Autoimmunity;Autoimmunity refers to a complex immunological disorder in which the body’s immune system mistakenly identifies its own tissues as foreign invaders. This aberrant response is primarily mediated by T cells and B cells, which produce antibodies that target self-antigens – molecules normally present within healthy cells. The precise cause of autoimmunity remains largely unknown, but genetic predisposition, environmental triggers, and disruptions in immune regulation are implicated. Common autoimmune diseases include rheumatoid arthritis, lupus, and type 1 diabetes, each characterized by distinct patterns of tissue damage and inflammation. Diagnosis often involves identifying specific autoantibodies and assessing clinical manifestations.;Google
Matrix decomposition;Matrix decomposition is a fundamental technique in linear algebra and data science, focusing on representing a matrix as an approximate sum of simpler matrices. The core idea is to break down a potentially complex matrix into a set of matrices that are easier to work with, particularly for computations like solving linear systems or performing dimensionality reduction. Common methods include Singular Value Decomposition, which decomposes a matrix into its singular values and vectors, and Principal Component Analysis, a specific application of SVD used for data compression and feature extraction. These decompositions are vital in various fields including image processing, recommendation systems, and machine learning.;Google
Nucleophile;A nucleophile is a chemical species with a lone pair of electrons or an anion possessing a free pi electron system, capable of donating these electrons to form a chemical bond. The term originates from the Greek “nucleos,” meaning “nucleus,” reflecting their tendency to attack electron-deficient centers in molecules, often cations or positively polarized bonds. Nucleophiles are fundamental to many organic reactions, particularly those involving bond formation, such as SN1 and SN2 reactions. Their reactivity is determined by factors like charge, size, and polarity, with stronger nucleophiles generally exhibiting greater reactivity. Common examples include hydroxide ions and cyanide ions.;Google
Martensite;Martensite is a distinctive, very hard, and brittle iron alloy strengthening phase formed through a diffusionless heat treatment process known as martensitic transformation. It arises when a hypoeutectoid steel is rapidly cooled, typically by quenching in water or oil. This rapid cooling prevents carbon atoms from diffusing out of the iron lattice, resulting in a highly distorted, needle-like crystal structure. The constrained lattice structure creates significant internal stresses, leading to the material’s exceptional hardness and resistance to deformation. Martensite is commonly found in tools and knives and is susceptible to cracking under impact due to its brittleness.;Google
Trophic level;Trophic levels represent a fundamental concept in ecology describing the position of organisms within a food chain or food web. They are defined by an organism’s primary source of energy, with each level representing a step in the transfer of energy through an ecosystem. The first trophic level consists of producers, primarily plants, which convert sunlight into energy. Herbivores occupy the second level, consuming plants, while carnivores consume herbivores, forming the third level. Decomposers, like bacteria and fungi, occupy the final level, breaking down dead organisms and returning nutrients to the soil, completing the cycle. The stability and health of an ecosystem are closely linked to the integrity of these trophic relationships.;Google
Wave function;"The wave function is a central concept in quantum mechanics, describing the state of a quantum system, such as an electron or atom. Mathematically represented by the Greek letter Ψ, it’s a complex-valued function that contains all the information about the system’s possible states. The wave function’s square modulus, |Ψ|², gives the probability density of finding the particle at a particular location and time. Crucially, the wave function doesn't represent a physical wave in the classical sense; rather, it's a mathematical tool. Changes in the wave function, governed by the Schrödinger equation, dictate how the system evolves. Observing a system fundamentally alters its wave function, collapsing it into a definite state.";Google
Consciousness;Consciousness, a central and profoundly complex topic in neuroscience and philosophy, refers to the subjective experience of being aware – our first-person perception of the world and ourselves. Scientifically, it’s investigated through various disciplines attempting to understand the neural correlates of consciousness, the specific brain activity patterns consistently associated with conscious states. Theories range from integrated information theory, proposing consciousness arises from a system’s capacity to integrate information, to global workspace theory, suggesting consciousness emerges when information is broadcast widely across the brain. Despite significant progress, a complete explanation of how physical processes generate subjective experience remains a major unsolved challenge.;Google
Cardiac output;Cardiac output represents the total volume of blood pumped by the heart per minute, a cornerstone measurement in cardiovascular physiology. It's determined by the product of stroke volume – the amount of blood ejected with each heartbeat – and heart rate, the number of times the heart beats per minute. Factors influencing stroke volume include preload, afterload, and contractility, while heart rate is largely controlled by the autonomic nervous system and hormonal regulation. Alterations in cardiac output directly impact tissue perfusion, affecting oxygen delivery and waste removal. Measurement of cardiac output is crucial in diagnosing heart failure, assessing cardiovascular responses to stress, and monitoring treatment efficacy in various cardiac conditions.;Google
Multiverse;The concept of a multiverse proposes that our universe is not the only one, but rather one of potentially countless universes existing simultaneously. This idea stems from various theoretical frameworks within physics, primarily stemming from inflationary cosmology and string theory. Inflation suggests that our observable universe is just a bubble within a much larger, eternally inflating space. String theory posits that our universe exists on a brane – a membrane – within a higher-dimensional space, with other branes potentially hosting separate universes. These universes may have different physical laws, constants, and even dimensions. While currently lacking direct observational evidence, the multiverse remains a compelling, albeit speculative, area of research exploring the fundamental nature of reality.;Google
Fibrin;Fibrin is a complex protein involved in the coagulation cascade, the body’s process for stopping bleeding. Produced primarily by platelets and endothelial cells, fibrin polymerizes to form a mesh-like structure that stabilizes blood clots. Initially, fibrinogen, a soluble protein, is converted to fibrin by thrombin, an enzyme critical to coagulation. This fibrin mesh then traps blood cells and platelets, forming a solid clot. Dysregulation of fibrin production or breakdown contributes to conditions like thrombosis and excessive bleeding. Understanding fibrin’s role is central to treating cardiovascular diseases and managing bleeding disorders, with anticoagulants often targeting specific steps in its formation.;Google
Dye-sensitized solar cell;Dye-sensitized solar cells represent a promising alternative to traditional silicon-based photovoltaics. These devices utilize a photosensitive dye, typically a ruthenium complex, adsorbed onto a wide-bandgap semiconductor, most commonly titanium dioxide. When light strikes the dye, it excites electrons, initiating an electrical current. A redox electrolyte facilitates electron transfer between the dye and the semiconductor. DSSCs offer advantages such as lower manufacturing costs and flexibility compared to silicon cells. However, they currently face challenges regarding long-term stability and efficiency, with ongoing research focused on improving dye stability and electrolyte performance to enhance overall power conversion.;Google
Gene therapy;"Gene therapy represents a complex field within biomedical science focused on treating diseases by altering a person’s genetic material. It principally involves introducing, modifying, or suppressing genes within a patient’s cells to address underlying genetic disorders. There are several approaches, including gene augmentation, where a functional copy of a defective gene is delivered; gene silencing, which reduces the expression of harmful genes; and gene editing, utilizing tools like CRISPR-Cas9 to precisely alter DNA sequences. Delivery methods vary, often employing viral vectors to transport genetic material into target cells. While offering potential cures for previously incurable conditions, gene therapy research continues to refine techniques and address safety concerns related to immune responses and off-target effects.";Google
Intron;Introns are non-coding sequences within eukaryotic genes that are transcribed into pre-mRNA but subsequently removed during RNA splicing. These intervening sequences are interspersed between coding sequences, known as exons, which ultimately constitute the mature mRNA. Introns play a crucial role in gene regulation, influencing transcription rates and potentially providing alternative splicing options, leading to protein diversity. Their presence highlights the complexity of eukaryotic gene expression, distinguishing it from the simpler gene structure found in prokaryotes. The process of intron removal, mediated by spliceosomes, is a fundamental aspect of mRNA maturation.;Google
Representation theory;Representation theory is a branch of mathematics that explores the relationship between algebraic structures, such as groups and algebras, and vector spaces equipped with linear transformations. Essentially, it provides a way to visualize and understand abstract algebraic objects by representing them as linear transformations acting on vector spaces. A representation assigns each element of the group to a matrix, allowing for calculations using matrix operations. The study of irreducible representations, those that cannot be broken down further, is particularly central, offering insights into the structure and properties of the underlying group. This theory has profound applications in physics, particularly in quantum mechanics and particle physics.;Google
Q-learning;"Q-learning is a reinforcement learning algorithm that learns an optimal action-value function, often denoted as Q, which estimates the expected cumulative reward for taking action ‘a’ in state ‘s’. It operates within a Markov Decision Process, where an agent interacts with an environment to maximize its reward. Unlike traditional dynamic programming, Q-learning doesn't require a model of the environment; instead, it iteratively updates the Q-values based on observed rewards and the maximum Q-value attainable from the next state. This iterative process gradually converges towards the optimal Q-function, enabling the agent to select actions that yield the highest long-term rewards.";Google
X-ray binary;An X-ray binary is a fascinating and relatively common astronomical phenomenon involving a compact object – typically a neutron star or black hole – and a companion star. This system emits a significant amount of energy in the X-ray portion of the electromagnetic spectrum. The compact object’s intense gravity pulls matter from the companion star, forming an accretion disk around it. As this material spirals inward, it heats up to extreme temperatures due to friction, producing intense X-ray radiation. The orbital characteristics of the binary system, along with the observed X-ray emission, provide crucial data for studying the properties of these exotic objects and testing theories of gravity and accretion.;Google
Focal adhesion;Focal adhesions are dynamic protein complexes that mediate the interaction between the actin cytoskeleton and the extracellular matrix, primarily at the cell membrane. They represent key structures in cell adhesion, migration, and mechanotransduction – the process by which cells sense and respond to physical forces. Initially formed through the binding of integrins to the extracellular matrix, these adhesions involve proteins like talin, vinculin, and paxillin, creating a stable but adaptable interface. The assembly and disassembly of focal adhesions are tightly regulated, allowing cells to change their position and respond to external stimuli, playing a crucial role in processes such as wound healing and embryonic development.;Google
Genome browser;A genome browser is a powerful bioinformatics tool facilitating the visualization and analysis of genomic data. It employs sequence alignment algorithms, primarily based on dynamic programming, to display DNA or RNA sequences alongside associated experimental data like gene expression levels or protein localization. Users navigate through chromosomes, genes, and regulatory regions, often utilizing tracks representing various data types. Genome browsers rely on standardized genomic coordinates, typically derived from the Human Genome Project, enabling comparisons across different individuals and species. These tools are instrumental in understanding gene function, identifying disease-causing mutations, and exploring evolutionary relationships within genomes.;Google
CRISPR;CRISPR-Cas9 technology represents a revolutionary gene-editing tool derived from a bacterial defense mechanism. It utilizes a guide RNA molecule, engineered to match a specific DNA sequence, which directs the Cas9 enzyme – essentially molecular scissors – to that precise location within the genome. This targeted cleavage allows scientists to disrupt, modify, or replace DNA segments. The system's simplicity, efficiency, and relative affordability have propelled CRISPR-Cas9 to the forefront of biological research and therapeutic development. Applications range from correcting genetic diseases to developing new diagnostic tools, although ethical considerations surrounding its use remain a significant area of discussion.;Google
Digital filter;A digital filter is a mathematical algorithm used to process and modify digital signals, shaping their frequency content. These filters, implemented in software or hardware, selectively pass or attenuate specific frequencies, effectively removing noise or isolating desired signal components. Common types include low-pass filters which allow low frequencies to pass while blocking high ones, and high-pass filters with the opposite effect. Filter design utilizes concepts from signal processing, employing techniques like the impulse response and transfer function to characterize their behavior. Digital filters are ubiquitous in applications like audio processing, image sharpening, and communications systems, contributing significantly to data quality and signal clarity.;Google
Raman spectroscopy;Raman spectroscopy is a vibrational spectroscopic technique that provides detailed information about the molecular composition and structure of materials. It relies on the inelastic scattering of light, specifically, the shift in wavelength of photons after they interact with a sample. This shift, known as the Raman effect, is caused by the vibrational and rotational excitations within molecules. The intensity and wavelength position of the Raman peaks are characteristic of the specific molecule and its environment. Raman spectroscopy is particularly useful for studying solids and liquids, offering a non-destructive method for analysis across a wide range of applications including material science, pharmaceuticals, and biomedical research.;Google
Tonsil;The tonsils are paired lymphoid organs situated in the back of the throat, consisting of crypts of the pharyngeal tonsil and adenoids. Primarily, they are part of the innate immune system, playing a crucial role in initiating immune responses against inhaled pathogens. Tonsils trap bacteria and viruses entering through the nose and mouth, presenting these antigens to lymphocytes, which then activate and proliferate. Chronic tonsillitis, characterized by inflammation, often arises due to persistent bacterial infections. Tonsillectomy, the surgical removal of the tonsils, is a common treatment for severe recurrent infections or obstructive sleep apnea, though its long-term efficacy remains a subject of ongoing research.;Google
Magnetar;A magnetar is a highly magnetized neutron star, representing an extreme form of stellar remnant. Formed from the core collapse of massive stars during supernova events, magnetars possess magnetic field strengths estimated to be between 10¹¹ and 10¹⁴ Tesla – vastly exceeding those of typical neutron stars. This immense magnetic field is the primary driver of their unusual behavior. Magnetars exhibit bursts of high-energy radiation, including X-rays and gamma rays, often triggered by starquakes, where fractures propagate through the star’s crust. These bursts are exceptionally powerful and short-lived, making magnetars fascinating objects for studying extreme magnetism and particle acceleration in the universe.;Google
Prognosis;Prognosis, within the context of medicine and disease management, refers to the prediction of the likely course and outcome of a disease or condition. It’s fundamentally a clinical estimate, informed by a variety of factors including the patient’s specific symptoms, the type and stage of the illness, genetic predispositions, and response to treatment. Prognostic assessments can range from short-term predictions – anticipating immediate events – to long-term forecasts regarding survival or disease progression. Statistical prognosis utilizes data from large patient populations to generate probabilities, while clinical prognosis relies on a physician’s experience and judgment. Accurate prognosis guides treatment decisions and patient counseling.;Google
ATP hydrolysis;ATP hydrolysis is a fundamental biochemical reaction central to cellular energy transfer. Adenosine triphosphate, the primary energy currency of cells, undergoes a reaction where a phosphate group is cleaved, yielding adenosine diphosphate and a significant amount of energy. This process is catalyzed by enzymes and driven by the inherent instability of the ATP molecule. The released energy is primarily utilized to power various cellular processes including muscle contraction, nerve impulse transmission, and active transport across cell membranes. The reaction rate is highly dependent on factors such as pH and temperature, illustrating its crucial role in maintaining cellular function and responding to environmental conditions.;Google
Herd immunity;"Herd immunity describes a phenomenon where a significant portion of a population becomes immune to an infectious disease, thereby protecting those who are not immune. This protection arises because the spread of the disease is dramatically reduced when most individuals have resistance, making it difficult for the pathogen to find susceptible hosts. The threshold for herd immunity varies depending on the disease’s contagiousness; highly transmissible diseases require a higher percentage of the population to be immune. Achieving herd immunity can be accomplished through vaccination or natural infection, though vaccination is the preferred method due to its safety and control. Ultimately, herd immunity safeguards the entire community, including vulnerable individuals unable to be vaccinated.";Google
Anthropic principle;"The anthropic principle addresses the apparent fine-tuning of the universe for the existence of life. It posits that the physical constants and laws of nature appear precisely suited for the emergence of observers – specifically, humans. There are several formulations, broadly categorized as strong and weak. The weak anthropic principle suggests that we observe a universe capable of supporting our existence simply because we are here to observe it; it’s a selection effect. The strong anthropic principle goes further, proposing that the universe *must* have properties allowing for life to develop, implying a fundamental design or purpose.";Google
Quantum computing;Quantum computing represents a paradigm shift in computation, leveraging the principles of quantum mechanics to solve complex problems beyond the capabilities of classical computers. At its core, quantum computing utilizes qubits, which, unlike classical bits that represent 0 or 1, can exist in a superposition of both states simultaneously. This allows quantum computers to explore numerous possibilities concurrently. Entanglement, another key quantum phenomenon, enables correlated behavior between qubits, dramatically increasing computational power. Algorithms like Shor’s algorithm for factoring large numbers and Grover’s algorithm for database searching demonstrate the potential impact of this technology. Current research focuses on building stable and scalable quantum computers.;Google
Algebraic topology;Algebraic topology is a branch of topology that employs algebraic tools—such as groups, rings, and modules—to study the properties of topological spaces. It fundamentally seeks to understand shapes and spaces by analyzing their connectivity, holes, and other topological invariants. A key concept is the fundamental group, which characterizes the loops within a space and reveals information about its holes. Homotopy, the continuous deformation of paths, plays a central role. The field bridges topology’s geometric approach with algebra’s analytical methods, providing a powerful framework for describing and classifying manifolds and other complex shapes, frequently used in areas like physics and computer graphics.;Google
Neurogenesis;Neurogenesis refers to the birth of new neurons, or nerve cells, within the central nervous system. Historically, it was believed that neurogenesis ceased after early development, primarily occurring in regions like the hippocampus and olfactory bulb. However, research has increasingly demonstrated that neurogenesis continues throughout adulthood in these areas, playing a role in learning, memory, and emotional regulation. The process involves the proliferation of neural stem cells, followed by their differentiation into specific neuronal subtypes. Factors influencing neurogenesis include age, brain injury, and environmental stimuli, suggesting ongoing plasticity and repair mechanisms within the brain.;Google
Structural equation modeling;Structural equation modeling is a statistical technique used to examine complex relationships among multiple variables. It combines aspects of factor analysis and regression analysis, allowing researchers to test hypothesized causal pathways within a theoretical model. SEM assesses the fit of a proposed model to observed data, evaluating how well the relationships between variables align with the theoretical framework. The model specifies observed variables and latent variables and estimates their interrelationships. Commonly employed in social sciences, psychology, and marketing, SEM provides a powerful tool for understanding intricate, interconnected systems and confirming theoretical assumptions about causal influence.;Google
Stellar nucleosynthesis;Stellar nucleosynthesis describes the process by which elements heavier than hydrogen and helium are created within stars. This occurs through nuclear fusion reactions in stellar cores, primarily utilizing the energy generated by gravitational collapse. During these reactions, lighter atomic nuclei combine to form heavier nuclei, releasing enormous amounts of energy. The specific elements created depend on the star’s mass and stage of evolution. Massive stars fuse elements up to iron, while smaller stars like our Sun primarily produce carbon, oxygen, and nitrogen. Supernova explosions are crucial for producing elements beyond iron, scattering these newly formed elements into space, enriching the interstellar medium for subsequent generations of stars.;Google
Histology;Histology, also known as microscopic anatomy, is the study of the microscopic structure of tissues in organisms. It utilizes techniques like microscopy, staining, and sectioning to examine the organization and components of cells and tissues. The primary goal of histology is to understand how tissues are formed and function, providing critical insights into health and disease. Human histology specifically focuses on examining tissues from the body, including epithelial, connective, muscle, and nervous tissues. Histological examination is fundamental in diagnosing diseases like cancer, assessing tissue damage, and researching normal tissue development. It forms a cornerstone of medical and biological research.;Google
Myosin;Myosin is a superfamily of motor proteins found in all eukaryotic cells, playing a crucial role in muscle contraction, cellular movement, and intracellular transport. Composed of two main subunits – a heavy chain and a light chain – myosin hydrolyzes ATP to generate mechanical force, driving movement along actin filaments. This process, known as the myosin-actin interaction, is fundamental to muscle function, allowing for the sliding of actin filaments past each other. Different types of myosin exist, each specialized for distinct functions, including smooth muscle contraction, neuronal signaling, and cargo transport within the cell’s cytoplasm. Research continues to explore the diverse roles of myosin in human health and disease.;Google
Number needed to treat;"Number Needed to Treat is a statistical measure used to evaluate the efficacy of an intervention, typically a medical treatment. It represents the average number of patients who must be treated with a particular intervention before one patient achieves a desired outcome. A lower NNT indicates a more effective treatment; for instance, an NNT of 3 means that, on average, three patients would need to receive the treatment to observe the beneficial effect. NNT calculations are commonly employed in clinical trials and cost-effectiveness analyses to compare different treatment options. It’s a clinically relevant metric, offering a simpler interpretation than raw data, and is frequently reported alongside effect sizes.";Google
Peptide bond;A peptide bond is a covalent chemical link between two amino acids, forming the fundamental building blocks of proteins. This bond arises through a dehydration reaction, where a molecule of water is removed during the formation of the amide linkage. Specifically, the carboxyl group of one amino acid reacts with the amino group of another, creating a new amide bond. The peptide bond’s stability contributes significantly to the overall structural integrity of proteins, dictating their folding patterns and functions. Variations in amino acid sequence, linked by these peptide bonds, ultimately determine a protein’s unique characteristics.;Google
Eosinophil;Eosinophils are a type of white blood cell belonging to the granulocyte family, playing a crucial role in immune responses, particularly against parasitic infections and allergic reactions. Characterized by their distinctive bilobed nucleus and abundant eosinophilic granules filled with proteins like major basic protein and eosinophil cationic protein, these cells migrate to sites of inflammation guided by chemokines. Upon activation, eosinophils release these granules, contributing to tissue damage and modulating inflammatory pathways. They are frequently elevated in conditions such as asthma, eczema, and parasitic diseases, indicating an ongoing immune response. Eosinophil function is tightly regulated by cytokines and other mediators, highlighting their complex role in maintaining immune homeostasis.;Google
Meta-learning;Meta-learning, also known as “learning to learn,” investigates methods for algorithms to acquire and refine their learning processes themselves. Rather than training a model from scratch on each new task, meta-learning systems leverage experience gained from previous, related tasks. This “prior knowledge” is then applied to quickly adapt to novel situations with minimal training data. Essentially, meta-learning models learn a learning algorithm. Techniques include metric-based methods, optimization-based approaches, and model-agnostic meta-learning, all striving to build systems that can efficiently generalize learning strategies. This field addresses the limitations of traditional machine learning when facing diverse and changing environments.;Google
Aerogel;Aerogel represents a fascinating material arising from the scientific field of porous solids and materials science. Initially developed in the 1930s, aerogels are formed through the gelification of a liquid precursor, followed by supercritical drying – a process utilizing carbon dioxide to remove nearly all the liquid without causing the gel structure to collapse. This results in materials with exceptionally low densities, typically less than 10 kg/m³, making them the lightest solid materials known. Aerogels possess exceptional thermal and acoustic insulation properties due to their highly porous, airy structure. Current research explores their applications in diverse sectors including construction, aerospace, and biomedical engineering, continually refining their production and enhancing their performance.;Google
Inverse kinematics;Inverse kinematics is a fundamental problem in robotics and computer animation that addresses the challenge of determining the joint angles required for a robotic manipulator or articulated character to reach a desired position and orientation in space. Unlike forward kinematics, which calculates the end-effector's position based on joint angles, inverse kinematics seeks to find the joint angles necessary to achieve a specified target. This process involves solving a complex, non-linear system of equations due to the geometric constraints and dependencies between the robot's links. Algorithms like Jacobian transpose and iterative methods are frequently employed to approximate solutions, often requiring numerical techniques for practical implementation.;Google
Anderson localization;Anderson localization is a phenomenon in condensed matter physics describing the spatial spreading of an initially localized wave packet, typically an electron wave, within a disordered system. This occurs due to repeated scattering events by random potential fluctuations – imperfections in the material’s structure. The scattering effectively prevents the wave from propagating coherently over long distances. Instead, the wave’s amplitude decays exponentially, leading to a ‘delocalized’ state where the particle appears to be trapped in a small region. It’s a counterintuitive effect, contrasting with classical diffusion, and is influenced by factors like the disorder strength and the wave packet’s initial width.;Google
Lytic cycle;The lytic cycle is a central process in the replication strategy employed by bacteriophages, viruses that infect bacteria. Following initial attachment and penetration of the bacterial cell, the phage’s genetic material immediately takes control, hijacking the host cell’s machinery. This phase involves DNA replication and the synthesis of viral proteins, leading to the production of numerous new phage particles. These newly formed phages then lyse, or burst, the host cell, releasing the progeny virions to infect other bacteria. This rapid, destructive process contrasts with the lysogenic cycle, where phage DNA integrates into the host genome. The lytic cycle is the dominant strategy for many phage types, ensuring quick and efficient viral propagation.;Google
Balancing selection;Balancing selection describes evolutionary processes where multiple alleles for a single gene maintain themselves within a population, rather than converging to a single allele. This occurs when selection pressures favor heterozygotes or individuals with specific combinations of alleles, creating a stable equilibrium. Classic examples include the ABO blood group system and sickle-cell anemia, where heterozygotes exhibit resistance to malaria. Frequency-dependent selection, where fitness depends on an individual's genetic makeup relative to the population, is a key driver of balancing selection. Ultimately, it prevents the complete elimination of alleles and contributes to the genetic diversity observed in natural populations.;Google
Glycosylation;Glycosylation is a ubiquitous post-translational modification process in biological systems, primarily involving the enzymatic attachment of glycans—sugar chains—to proteins and lipids. These carbohydrate decorations significantly impact a molecule’s function, stability, and trafficking within cells. N-glycosylation, the most common type, adds a glycan to the asparagine residue of a protein, while O-glycosylation involves attachment to serine or threonine. Glycosylation plays crucial roles in protein folding, cell-cell recognition, immune responses, and the presentation of antigens. Abnormal glycosylation patterns are frequently observed in diseases such as cancer and diabetes, making glycosylation a valuable target for diagnostic and therapeutic intervention.;Google
Alpha particle;An alpha particle is a helium nucleus, consisting of two protons and two neutrons, emitted during radioactive decay from certain unstable atomic nuclei. Specifically, alpha decay is a type of alpha emission, a process where the nucleus transforms into a different element, reducing its atomic number by two. This occurs primarily in heavy, unstable nuclei attempting to approach a more stable configuration. Alpha particles are relatively massive and carry a positive charge, causing them to interact strongly with matter, resulting in significant energy loss through ionization. Due to their size and charge, alpha particles have a short range, typically only traveling a few centimeters in air.;Google
Majorana fermion;A Majorana fermion is a unique type of particle that is its own antiparticle. Unlike standard fermions, which have distinct particles and antiparticles, Majorana fermions exhibit complete symmetry between their mass and wavefunction. This arises due to the quantum mechanical relationship between the particle and its antiparticle being identical. Their existence is theorized within the context of topological superconductors, materials exhibiting exotic quantum properties. Detecting Majorana fermions is crucial for realizing topological quantum computing, as their robust nature makes them ideal candidates for storing and processing quantum information, resistant to environmental noise. Current research focuses on identifying materials and experimental techniques to confirm their elusive presence.;Google
Crohn's disease;Crohn’s disease is a chronic inflammatory bowel disease primarily affecting the small and large intestines, though it can involve any part of the digestive tract. The precise etiology remains complex, but research points to a combination of genetic predisposition and environmental triggers. A key immunological component involves an exaggerated immune response to gut bacteria, leading to persistent inflammation and ulceration. Specifically, T-helper 1 and Th17 cell responses are significantly elevated in Crohn’s patients. Disruptions in the gut microbiome – often characterized by reduced microbial diversity – further contribute to the disease process. Current understanding emphasizes the importance of modulating this aberrant immune response for effective treatment strategies.;Google
Kilonova;A kilonova is a brief, intense burst of electromagnetic radiation observed following the merger of two neutron stars or a neutron star and a black hole. These events, predicted by general relativity, involve the rapid heating and subsequent cooling of the resulting hypermassive neutron star. This cooling process emits a spectrum of light, primarily in the X-ray and gamma-ray bands, characteristic of a hot plasma. Kilonovae are significantly fainter and shorter-lived than supernovae, lasting only days to weeks. Their discovery provides a unique opportunity to study the extreme physics occurring in these mergers and to probe the formation of heavy elements, particularly r-process elements like gold and platinum.;Google
Grover's algorithm;Grover’s algorithm represents a significant advancement in quantum computing, offering a quadratic speedup for searching unsorted databases. Unlike classical algorithms which require examining each item sequentially, Grover’s leverages quantum superposition and interference to locate a specific item within a dataset with significantly reduced steps. The algorithm begins by creating a superposition of all possible database entries. Through an iterative process known as the “Grover diffusion operator,” it amplifies the amplitude of the target state while canceling out the amplitudes of other states. This ultimately leads to a high probability of measuring the correct solution. It’s crucial for applications requiring exhaustive searching in large, unstructured datasets.;Google
Extinction;Extinction, in the scientific context, refers to the complete disappearance of a species from Earth. This process occurs through various mechanisms, broadly categorized as background extinction, representing the natural loss of species over geological time, and mass extinction, characterized by a rapid and dramatic decrease in biodiversity. Causes of extinction encompass habitat destruction, climate change, invasive species, and overexploitation by humans. Paleontological evidence reveals several past mass extinction events, such as the Cretaceous-Paleogene extinction that wiped out the non-avian dinosaurs. The current rate of extinction is alarming, largely driven by human activity, raising serious concerns about the long-term health of the planet’s ecosystems.;Google
Federated learning;Federated learning represents a distributed machine learning approach designed to train models on decentralized datasets residing on edge devices like smartphones or IoT devices. Unlike traditional machine learning, federated learning avoids centrally collecting user data, instead transmitting model updates derived from local data analysis. These updates, containing model parameter adjustments, are sent to a central server for aggregation, creating a global model without direct access to the raw data itself. This technique addresses privacy concerns, reduces communication costs, and enables learning from diverse, real-world data sources, significantly improving model accuracy and personalization.;Google
Isotope;Isotopes are variations of an element that share the same number of protons but differ in the number of neutrons within their atomic nucleus. This difference in neutron count results in isotopes having varying atomic masses. For example, carbon-12 and carbon-14 both contain six protons, but carbon-12 possesses six neutrons, while carbon-14 has eight. These isotopes of a single element exhibit identical chemical properties due to the same number of electrons, yet they can display different physical characteristics, primarily in their mass. Radioactive isotopes, containing unstable nuclei, decay over time, emitting particles or energy and are crucial tools in fields like carbon dating and medical imaging.;Google
Habitable zone;The habitable zone, also known as the Goldilocks zone, represents a region around a star where conditions may be suitable for the existence of liquid water on a planet’s surface. This concept is central to the search for extraterrestrial life. It’s defined by the balance between a star’s luminosity and the distance from the star where a planet could maintain a temperature conducive to liquid water, considered essential for known life forms. Planets within the habitable zone receive enough energy from their star to allow water to exist in liquid form, but not so much that the water evaporates. The boundaries of the zone shift depending on the star’s characteristics, impacting the potential for habitability.;Google
Netrin;Netrin is a secreted guidance molecule crucial for vertebrate development, particularly in the formation of the central nervous system. Initially identified as a repulsive factor, research has revealed its complex role as an attractive signal, depending on the surrounding extracellular matrix composition. Netrin binds to its receptor, DCC, triggering intracellular signaling cascades that direct neuronal growth cones toward its source. This process is fundamental for axon guidance, ensuring neurons reach their correct targets. Dysregulation of Netrin signaling has been implicated in various developmental disorders and cancers, highlighting its significance in maintaining tissue organization. Ongoing research continues to elucidate the intricate details of Netrin's multifaceted functions.;Google
Lentivirus;Lentiviruses are a subclass of retroviruses, specifically characterized by their ability to integrate their genetic material into the DNA of dividing cells. Unlike other retroviruses, lentiviruses can infect non-dividing cells, a crucial factor in their widespread applications. They primarily utilize the Tat protein to powerfully transcribe viral RNA into DNA, enabling efficient integration into the host genome. The ‘lent’ in lentivirus derives from their propensity to ‘lend’ their genetic cargo to the target cell. These viruses are extensively utilized in gene therapy, allowing for the stable introduction of therapeutic genes into cells for treating genetic disorders. Notable examples include HIV-1 and human lentivirus.;Google
Causal inference;Causal inference is a core problem in statistics and machine learning focused on determining whether a change in one variable directly causes a change in another. Unlike traditional statistical regression which only reveals correlation, causal inference seeks to establish a genuine causal relationship. Techniques like propensity score matching, instrumental variables, and regression discontinuity attempt to mitigate confounding variables – factors that distort the observed association. Identifying causal relationships is crucial for effective policy making, medical treatment evaluation, and understanding complex systems. The field relies heavily on assumptions about the underlying data and employs rigorous methods to assess the robustness of inferred causal effects.;Google
Proton therapy;Proton therapy is a specialized form of radiation therapy utilizing beams of positively charged protons to treat cancer. Unlike conventional X-ray radiation, protons are steered to precisely target tumors while minimizing damage to surrounding healthy tissue. The key difference lies in proton “range,” the distance the proton beam travels before stopping. By carefully controlling the energy of the proton beam, clinicians can tailor the range to deliver a concentrated dose directly to the tumor’s center. This precision reduces side effects and improves treatment outcomes, particularly for tumors near critical structures like the brain or spinal cord. The technology relies on magnetic fields to direct the proton beam's trajectory.;Google
Pyrolysis;Pyrolysis is a thermochemical decomposition process that occurs in the absence of oxygen, transforming organic materials into gaseous, liquid, and solid products. This process, typically involving temperatures between 400 and 800°C, breaks down complex molecules like wood, plastics, and biomass into simpler compounds. The resulting products – known as bio-oil, syngas, and biochar – are valuable resources. Pyrolysis is extensively studied for waste management, renewable energy production, and the creation of carbon-based materials. Understanding the kinetics and thermodynamics of pyrolysis is crucial for optimizing yields and tailoring product compositions for specific applications. The efficiency of pyrolysis is heavily influenced by factors such as temperature, heating rate, and the feedstock’s chemical composition.;Google
Total synthesis;Total synthesis refers to the complete chemical synthesis of a complex natural product from simple, commercially available starting materials. It represents a significant challenge in organic chemistry, demanding a meticulously planned and executed multi-step process to assemble the target molecule. Chemists employ sophisticated techniques like stereoselective reactions and protecting group strategies to control the formation of specific bonds and achieve the correct three-dimensional arrangement of atoms. Historically, total synthesis was driven by the desire to replicate naturally occurring compounds for research or pharmaceutical applications, providing a deeper understanding of their structure and properties. The field continues to advance with innovative methodologies and increasingly complex targets.;Google
Neuraminidase;Neuraminidase, also known as sialidase, is a ubiquitous enzyme family playing a crucial role in influenza virus infection and other biological processes. These enzymes catalyze the hydrolysis of sialic acid, a sugar molecule found on the surface of host cells and viruses. In influenza, neuraminidase prevents the virus from completely detaching from infected cells, facilitating viral spread within the host. This action is critical for the virus’s replication cycle. Antiviral medications, such as oseltamivir, are neuraminidase inhibitors, specifically designed to block the enzyme’s activity and thereby curtail viral propagation. Neuraminidases are also involved in various cellular functions, including immune response modulation.;Google
Schwarzschild radius;"The Schwarzschild radius is a fundamental concept in Einstein’s theory of general relativity, defining the boundary around a massive object beyond which its gravitational pull becomes inescapable, even for light. It represents the radius of the event horizon for a non-rotating, uncharged black hole. Specifically, it's calculated using the formula R = 2GM/c², where R is the Schwarzschild radius, G is the gravitational constant, M is the mass of the object, and c is the speed of light. Anything crossing this radius, including matter and energy, is irreversibly drawn into the singularity at the black hole’s center. The radius is directly proportional to the object’s mass; larger masses result in larger Schwarzschild radii.";Google
Circular economy;The scientific basis underpinning the circular economy is rooted in systems thinking, materials science, and ecological economics. At its core, it addresses the linear “take-make-dispose” model of traditional economies, advocating for resource optimization and waste minimization. This approach draws heavily from concepts like closed-loop systems, where materials are perpetually cycled rather than discarded. Industrial ecology examines the flow of materials and energy within industrial systems, seeking to reduce environmental impacts. Life cycle assessment is a key tool, evaluating the environmental footprint of a product from raw material extraction through its end-of-life. The circular economy aims for resilience and sustainability by mimicking natural ecosystems’ efficient resource use.;Google
Cosmic distance ladder;The cosmic distance ladder represents a fundamental challenge in astronomy, involving the systematic measurement of distances to celestial objects across a vast range of scales. Early measurements relied on parallax, precisely measuring the apparent shift of nearby stars against the backdrop of distant galaxies. However, this method becomes increasingly inaccurate for greater distances. Astronomers then employed standard candles – objects with known intrinsic brightness – such as Cepheid variable stars and Type Ia supernovae, to estimate distances to progressively more distant galaxies. Each ‘rung’ of the ladder depends on the calibration of the previous, creating a tiered approach, and highlighting the inherent uncertainties in determining the true scale of the universe.;Google
Fracture mechanics;Fracture mechanics is a branch of engineering science concerned with the behavior of materials under conditions of cracking and failure. It focuses on understanding the initiation and propagation of cracks within solid materials, applying concepts from linear elasticity and continuum mechanics. The field investigates factors like stress concentration, material properties, and environmental influences on crack growth rates. Key theories include Griffith’s crack theory, which initially described brittle fracture, and more complex models addressing ductile behavior. Stress intensity factors quantify the effect of applied loads on crack propagation, while fracture toughness represents a material’s resistance to crack extension. This knowledge is crucial for designing structures and components resistant to catastrophic failure.;Google
Microbiome;The microbiome encompasses the collective genomes of all microorganisms, including bacteria, archaea, fungi, and viruses, that reside in a particular environment. These communities are most commonly studied in relation to their hosts, notably humans and animals, where they play crucial roles in various physiological processes. The microbiome significantly influences digestion, nutrient absorption, immune system development, and even mental health through complex interactions mediated by metabolites and signaling molecules. Research continues to unravel the intricate relationships within microbiomes and their impact on overall health, disease susceptibility, and potential therapeutic interventions. Understanding microbiome diversity is central to advancements in personalized medicine.;Google
Category theory;Category theory is an abstract mathematical framework centered around concepts like objects, morphisms, and composition. It provides a unifying language for diverse areas of mathematics, including set theory, topology, algebra, and logic. Categories are defined by their objects and morphisms satisfying specific axioms, establishing rules for how morphisms combine and interact. Key concepts include limits and colimits, which represent constructions like products and coproducts. Category theory’s power lies in its focus on relationships rather than the underlying structures themselves, allowing for a more general and elegant treatment of mathematical problems and fostering connections between previously disparate fields.;Google
Inflammation;Inflammation is a complex biological response to harmful stimuli, such as pathogens, damaged cells, or irritants. It’s a protective mechanism designed to initiate healing. Initially, the immune system rapidly recruits immune cells, primarily neutrophils and macrophages, to the affected area. This triggers the release of inflammatory mediators – chemicals like histamine, cytokines, and prostaglandins – causing vasodilation, increased vascular permeability, and pain. Chronic inflammation, characterized by prolonged activation of these pathways, is implicated in numerous diseases, including arthritis, cardiovascular disease, and cancer. The body’s ability to regulate this response is crucial for maintaining health.;Google
Luminosity;Luminosity, in physics, refers to the total amount of electromagnetic radiation emitted by a luminous object per unit of time. It’s a fundamental property of light sources and is fundamentally linked to their intensity and surface area. A larger surface area emitting light, even at a lower intensity, will still possess a greater luminosity than a smaller surface emitting a brighter light. Luminosity is often expressed in watts per steradian, quantifying the power emitted in a specific direction. Astrophysically, it’s a crucial measurement for characterizing stars and other celestial objects, indicating their overall energy output. The concept is vital in understanding light propagation and the detection of distant sources.;Google
Angular momentum;Angular momentum is a fundamental quantity in physics describing the rotational motion of an object. It’s a measure of an object’s resistance to changes in its rotational state, analogous to linear momentum for translational motion. Mathematically, it’s defined as the product of an object’s moment of inertia and its angular velocity: L = Iω. Angular momentum is conserved in a closed system, meaning its total value remains constant unless acted upon by an external torque. This principle underlies phenomena like the spinning of a skater performing a pirouette, where they adjust their body position to conserve angular momentum and control their rotational speed. It’s crucial in astrophysics, describing the rotation of planets and stars.;Google
Inflation;Inflation, in the context of cosmology, refers to the extremely rapid expansion of the universe in its earliest moments, approximately between 10⁻³⁶ and 10⁻³² seconds after the Big Bang. This inflationary epoch is theorized to have been driven by a hypothetical energy field, often referred to as the “inflaton,” possessing a high energy density. According to current models, inflation explains several key observations, including the homogeneity and flatness of the observable universe. It posits that quantum fluctuations during this period were stretched to macroscopic scales, ultimately seeding the density variations that led to the formation of galaxies and large-scale structures we observe today.;Google
Osmosis;Osmosis is a fundamental process in biology describing the movement of solvent molecules, typically water, across a semi-permeable membrane from a region of higher water potential to a region of lower water potential. A semi-permeable membrane allows the passage of solvent molecules but restricts the movement of solute molecules. This movement occurs to equalize the concentration of solutes on either side of the membrane, striving to achieve osmotic equilibrium. The driving force behind osmosis is the difference in water potential, influenced by solute concentration and pressure. Osmosis plays crucial roles in various biological systems, including nutrient absorption in plants, cell volume regulation in animals, and the function of kidneys.;Google
T cell;T cells, short for T lymphocytes, are a crucial component of the adaptive immune system, primarily responsible for cell-mediated immunity. These specialized white blood cells originate in the bone marrow but mature in the thymus, where they learn to distinguish between self and non-self antigens. There are several types of T cells, including helper T cells, which orchestrate immune responses by activating other immune cells, and cytotoxic T cells, also known as killer T cells, which directly destroy infected or cancerous cells. T cell recognition relies on T cell receptors that bind specifically to antigens presented by antigen-presenting cells, initiating a targeted immune response.;Google
Dynamic light scattering;Dynamic light scattering, also known as Photon Correlation Spectroscopy, is a technique used to determine the size and movement of particles in a liquid dispersion. It measures the fluctuations in intensity of light scattered by the particles as a function of time. These fluctuations are directly related to the Brownian motion of the particles – their random movement due to collisions with the surrounding liquid molecules. By analyzing the temporal characteristics of these scattered light patterns, scientists can precisely calculate parameters like average particle size, distribution, and diffusion coefficient. Dynamic light scattering is widely applied in fields such as polymer science, colloid chemistry, and pharmaceutical research.;Google
Convolutional neural network;Convolutional neural networks are a specialized class of deep neural networks primarily designed for processing data with a grid-like structure, most notably images. Their architecture is built upon convolutional layers, which employ filters – small matrices – to detect patterns and features within the input data. These filters convolve across the input, performing element-wise multiplication and summation to produce feature maps. Subsequent pooling layers reduce the spatial dimensions of these maps, decreasing computational complexity and enhancing robustness to variations in feature location. CNNs excel at tasks like image recognition, object detection, and image segmentation due to their ability to automatically learn hierarchical representations of data.;Google
Laser;A laser, short for Light Amplification by Stimulated Emission of Radiation, is a device producing a highly focused and coherent beam of light. Its operation relies on the principles of quantum mechanics, specifically stimulated emission. An excited state of an active medium, typically a solid, liquid, or gas, is induced, and photons trigger the emission of identical photons, resulting in a sustained beam. Lasers are characterized by their wavelength, power, and coherence, enabling applications ranging from optical storage and medical surgery to telecommunications and industrial cutting. Different laser types – ruby, helium-neon, and semiconductor – utilize distinct gain media and excitation methods to generate light across the electromagnetic spectrum.;Google
Wear;"Wear refers to the progressive deterioration of materials, primarily metals, under the influence of mechanical action and environmental factors. It's a complex scientific phenomenon studied within tribology, the science of friction, lubrication, and wear. The primary mechanisms of wear include adhesive wear, where material adheres and detaches; abrasive wear, caused by hard particles; and corrosive wear, facilitated by chemical reactions. Surface fatigue, resulting from cyclic loading, is another significant contributor. Factors like material properties, load, speed, and environment drastically impact wear rates. Understanding wear is crucial for designing durable components and predicting lifespan across industries like automotive, aerospace, and manufacturing.";Google
Neutron star;A neutron star is the incredibly dense remnant of a massive star core following a supernova explosion. Composed primarily of neutrons packed together due to extreme gravitational pressure, these stars possess densities exceeding that of atomic nuclei. Their formation results from a core-collapse supernova where the star’s outer layers are violently ejected. Neutron stars typically range from 10 to 25 kilometers in diameter but have masses comparable to that of the Sun. Rotation and strong magnetic fields are characteristic features, leading to phenomena like pulsars – rapidly rotating neutron stars emitting beams of electromagnetic radiation. These beams, when aligned with Earth’s line of sight, appear as regular pulses, providing crucial evidence for their existence and properties.;Google
Macrophage;Macrophages are large, multi-faced immune cells crucial to both innate and adaptive immunity. Derived from monocytes in the bloodstream, they patrol tissues, engulfing pathogens, cellular debris, and foreign materials through a process called phagocytosis. Macrophages exhibit remarkable plasticity, transitioning between different activation states depending on the stimulus, influencing their functions. They play a key role in initiating inflammation, presenting antigens to T cells, and orchestrating adaptive immune responses. Furthermore, macrophages are involved in tissue repair and remodeling, contributing significantly to wound healing. Their diverse functions make them essential components of the body’s defense system.;Google
Sentiment analysis;Sentiment analysis, formally known as opinion mining, is a natural language processing technique focused on computationally determining the attitude, emotion, or opinion expressed in a text. It leverages computational linguistics and machine learning to categorize textual data as positive, negative, or neutral. The underlying science involves techniques like lexicon-based approaches, utilizing pre-defined dictionaries of sentiment words, and model-based methods, employing algorithms such as support vector machines and deep learning to identify patterns indicative of sentiment. Sophisticated models increasingly incorporate contextual understanding and nuanced language to improve accuracy and address complexities like sarcasm and irony.;Google
Electrolysis;Electrolysis is a fundamental electrochemical process involving the use of an electric current to drive a non-spontaneous chemical reaction. Specifically, it facilitates the decomposition of a compound, typically an ionic substance like water or molten salts, into its constituent elements. An electric source, usually a direct current, forces ions to migrate through a conductive electrolyte solution. At the anode, oxidation occurs, releasing positively charged ions, while at the cathode, reduction occurs, accepting those ions. The efficiency and product distribution are heavily influenced by factors such as electrode materials, temperature, and current density. Historically, electrolysis played a crucial role in the industrial production of aluminum and chlorine.;Google
Beta sheet;A beta sheet is a secondary structure element commonly found in proteins, arising from hydrogen bonding between the peptide backbone atoms. Specifically, strands of the polypeptide chain adopt a pleated arrangement, resembling a sheet of beta paper. These sheets can be either parallel, where the strands run in the same direction, or antiparallel, with strands running in opposite directions. The hydrogen bonds, strongest in the regions between secondary structure elements, stabilize this conformation. Beta sheets are frequently involved in protein folding, contributing significantly to the overall three-dimensional shape and stability of the protein. They play a crucial role in protein function and are often found in fibrous proteins like silk and collagen.;Google
Covalent bond;A covalent bond is a chemical bond formed through the sharing of electron pairs between atoms. This sharing typically occurs between nonmetal atoms, aiming to achieve a stable electron configuration resembling that of a noble gas. When atoms share electrons, they effectively create a lower energy state, hence the bond formation. The sharing can be between two atoms or multiple atoms, dictated by the number of electron pairs shared. Covalent bonds result in the formation of molecules, distinct from ionic bonds where electrons are transferred. The strength of a covalent bond is influenced by factors like bond length and bond polarity.;Google
Quantum memory;Quantum memory represents a critical component in the advancement of quantum technologies, specifically quantum computing and quantum communication. It aims to store and retrieve quantum information, such as qubits, which are notoriously fragile and prone to decoherence – the loss of quantum properties. Current approaches leverage various physical systems, including trapped ions, superconducting circuits, and optical systems, to encode and retain quantum states. These systems utilize phenomena like superposition and entanglement to achieve this storage. Successfully building robust and scalable quantum memory is essential for enabling complex quantum algorithms and secure quantum key distribution protocols. Research focuses on extending coherence times and improving fidelity of quantum memory operations.;Google
Centrosome;The centrosome is a crucial cellular organelle primarily found in animal cells, playing a fundamental role in cell division. Structurally, it consists of a pair of centrioles surrounded by a protein matrix. These centrioles, cylindrical structures composed of microtubules, are responsible for organizing the mitotic spindle, which accurately segregates chromosomes during mitosis and meiosis. The centrosome’s primary function is to initiate and regulate spindle formation, ensuring genetic stability. Dysfunctional centrosomes can lead to chromosomal abnormalities and developmental disorders, highlighting their significance in cell biology. Research continues to explore the centrosome’s broader roles in cell signaling and intracellular organization beyond its classical division function.;Google
Alpha wave;"Alpha waves are a type of brainwave characterized by a frequency range of 8-13 Hertz, primarily observed during relaxed wakefulness. Generated by synchronized neuronal activity in the posterior regions of the cerebral cortex, they represent a state of low mental activity and diminished sensory input. Alpha waves are most prominent when the eyes are open and gazing at a distant, neutral visual field, a condition known as “restful alertness.” Their amplitude reflects the level of cortical activation; higher amplitude alpha waves signify greater brainwave synchronization. Research suggests alpha waves play a role in attention, spatial navigation, and preparing the brain for directed thought. They are a key component of the alpha rhythm, frequently measured during electroencephalography studies.";Google
Organ-on-a-chip;Organ-on-a-chip technology represents a revolutionary advancement in biomedical research and drug development. These microfluidic devices, often referred to as “microphysiological systems,” mimic the structure and function of human organs within a controlled environment. Typically constructed from biocompatible polymers, chips contain interconnected channels that circulate fluids mimicking bodily conditions like blood and interstitial fluid. Scientists can culture cells derived from specific organs, such as the liver, heart, or brain, allowing for dynamic study of disease progression, drug responses, and personalized medicine. Organ-on-a-chip technology offers a more ethical and physiologically relevant alternative to traditional cell cultures and animal models.;Google
Coating;Coating science encompasses the study of interfacial phenomena occurring between a substrate and a applied material, typically a liquid or solid layer. This field investigates processes like adhesion, wetting, and surface tension, fundamental to the formation and performance of coatings. Researchers examine factors influencing coating formation, including solution viscosity, substrate surface energy, and the chemical interactions at the interface. Surface coatings are engineered to provide various functionalities such as corrosion protection, wear resistance, aesthetic enhancement, or electrical conductivity. Advanced coating techniques, like spray application and dip coating, are rigorously analyzed to optimize layer uniformity and minimize defects. The underlying science is crucial for developing high-performance coatings across diverse industries.;Google
Vitamin B12;Vitamin B12, also known as cobalamin, is a complex organic compound essential for various bodily functions. It plays a crucial role in DNA synthesis, red blood cell formation, and neurological health. Unlike many vitamins, B12 is produced by microorganisms and must be obtained through diet or supplementation. Humans, and many animals, cannot synthesize it internally. The molecule exists in several forms, including cyanocobalamin and methylcobalamin, each with distinct biological activity. Deficiencies can lead to pernicious anemia, neurological symptoms like numbness and confusion, and gastrointestinal issues. Absorption of B12 relies on intrinsic factor, a protein produced in the stomach, for transport across the intestinal lining.;Google
Supramolecular polymer;Supramolecular polymers represent a distinct class of polymeric materials formed through non-covalent interactions, primarily hydrogen bonding, van der Waals forces, and metal-ligand coordination. Unlike traditional polymers held together by covalent bonds, these materials exhibit reversible assembly and disassembly driven by these weak forces. The constituent building blocks, often monomers with functional groups capable of forming strong interactions, self-associate to create extended chain-like structures. These structures can readily reorganize in response to external stimuli such as temperature, pH, or solvent changes, leading to dynamic and adaptive material properties. Supramolecular polymers are attracting significant research interest for applications in sensors, actuators, and self-healing materials.;Google
Proteomics;Proteomics is the large-scale study of proteins, encompassing their structure, function, and interactions within biological systems. It builds upon genomics by examining the actual molecules produced by genetic information. Proteomic research involves identifying, quantifying, and characterizing all the proteins present in a cell, tissue, or organism under specific conditions. Techniques employed include mass spectrometry, two-dimensional gel electrophoresis, and chromatography, enabling the discovery of biomarkers for disease diagnosis and drug development. Proteomics offers insights into complex biological processes and represents a crucial intersection of molecular biology and biotechnology.;Google
Amphiphile;An amphiphile, derived from the Greek words “amphi” and “phile”, describes a molecule possessing both hydrophilic and hydrophobic properties. These molecules, commonly surfactants, contain a polar, water-loving head and a non-polar, water-repelling tail. This dual nature allows them to position themselves at interfaces between dissimilar phases, such as oil and water. Amphiphiles are crucial in numerous applications including detergents, emulsifiers, and drug delivery systems. Their ability to reduce surface tension and stabilize mixtures relies fundamentally on their amphiphilic structure, mediating interactions between hydrophobic and hydrophilic substances.;Google
Chronoamperometry;Chronoamperometry is an electrochemical technique employed to investigate redox reactions occurring at an electrode-electrolyte interface. It involves applying a constant, stable potential to the working electrode while simultaneously measuring the resulting current. This method is particularly useful for studying reactions with diffusion-limited kinetics, where the rate of reaction is controlled by the transport of reactants to the electrode surface. By analyzing the shape of the current response over time – the ‘chrono’ component – information about the reaction rate, electrode surface coverage, and mass transport limitations can be obtained. Chronoamperometry offers a sensitive and detailed approach compared to open-circuit potential measurements.;Google
Symbiosis;Symbiosis, derived from the Greek words “sym” and “bios”, describes a close and long-term interaction between two or more different biological species. This interaction can range from mutually beneficial, where all parties experience gains, to one species benefiting at the expense of another, or even where one species derives no advantage while the other is unaffected. Symbiotic relationships are incredibly prevalent across all levels of biological organization, including bacteria and their hosts, plants and their pollinators, and even fungi and animal digestive systems. Studying symbiosis provides crucial insights into ecological processes, evolutionary adaptations, and the complex interconnectedness of life on Earth.;Google
Reciprocal altruism;Reciprocal altruism is a theory in evolutionary biology describing a social behavior where individuals cooperate with each other, expecting a beneficial return in the future. This concept, initially proposed by Robert Trivers, suggests that altruistic acts – behaviors benefiting others at a cost to oneself – can evolve when individuals anticipate receiving similar assistance in return. It’s particularly effective in social species with the ability to recognize and remember individuals, allowing for the establishment of long-term reciprocal relationships. Mathematical models demonstrate that reciprocal altruism can generate stable cooperation even when it’s not directly genetically programmed, offering a compelling explanation for complex social dynamics.;Google
Poisson's ratio;Poisson’s ratio, denoted by the Greek letter ν, is a fundamental material property describing a substance’s response to uniform strain. Specifically, it quantifies the lateral strain that occurs perpendicular to an applied axial strain. A value of 0.5 indicates that for every doubling of length in one direction, the material halves in the perpendicular dimension, a behavior often observed in rubber. Conversely, a ratio of 0.5 for metals signifies a minimal lateral deformation under stress. Poisson’s ratio is crucial in stress-strain analysis and material characterization, providing insights into a material's elasticity. It’s always a negative value for isotropic materials, representing the inverse of the ratio of transverse to axial strain.;Google
Keratinocyte;Keratinocytes are the predominant cell type within the epidermis, the outermost layer of human skin. These specialized epithelial cells play a crucial role in maintaining skin barrier function and protecting the body from environmental stressors. Keratinocytes are characterized by their production of keratin, a fibrous protein that provides structural integrity and water resistance to the epidermis. Through a process called desmosome-mediated cell adhesion, keratinocytes tightly connect to one another, forming a resilient sheet. Furthermore, they undergo continuous proliferation and differentiation, shedding older cells from the surface in a process known as desquamation. This dynamic behavior is fundamental to skin repair and renewal.;Google
Zeolite;Zeolites are crystalline aluminosilicates, a naturally occurring family of minerals characterized by their porous, cage-like structures. These structures are formed through a hydrothermal process, resulting in a framework of interconnected cavities and channels. The precise size and shape of these pores vary depending on the zeolite’s composition, typically varying between 3 and 10 Angstroms. This porosity makes zeolites highly effective as molecular sieves, selectively adsorbing molecules based on size and shape. Consequently, they find extensive applications in industries like catalysis, purification, and chromatography, particularly for separating gases like nitrogen and hydrogen. Zeolites' unique properties stem from their layered structure and tunable chemical characteristics.;Google
Two-dimensional electron gas;A two-dimensional electron gas represents a unique quantum mechanical system where electrons are confined to move within a plane, typically a semiconductor heterostructure like a GaAs/AlGaAs interface. This confinement dramatically alters electron behavior, leading to enhanced mobility and remarkable quantum phenomena. The electrons effectively occupy a single layer, behaving as massless Dirac fermions due to the strong electrostatic confinement. This results in quantized energy levels and allows for precise control of electron density. 2DEGs are crucial for developing advanced electronic devices, including high-speed transistors, sensors, and quantum computing platforms, exploiting their unique electronic properties. Their study continues to drive research into novel electronic materials.;Google
Pauli exclusion principle;The Pauli exclusion principle, a cornerstone of quantum mechanics, governs the behavior of fermions, a category encompassing nearly all fundamental particles like electrons, protons, and neutrons. It states that no two identical fermions can occupy the same quantum state simultaneously within a quantum system. This principle is fundamentally tied to the concept of spin, an intrinsic angular momentum property of these particles. Consequently, each quantum state is defined by a unique set of quantum numbers, including spin, preventing multiple fermions from possessing identical properties. The Pauli exclusion principle directly explains the structure of atoms and molecules, dictating how electrons fill energy levels and shapes chemical bonding.;Google
Monomer;"A monomer is a single molecule that can combine with other monomers to form a larger polymer. Polymers, such as proteins, polysaccharides, and nucleic acids, are constructed through a process called polymerization, where these smaller monomer units chemically bond together. The specific chemical bonds formed depend on the monomers involved; for example, dehydration synthesis creates ester bonds in polyester formation. Monomers are the fundamental building blocks of all polymeric materials, exhibiting diverse structures and properties determined by their chemical composition and arrangement. Different monomers lead to vastly different polymer characteristics, illustrating the critical role of this fundamental concept in chemistry and materials science.";Google
Prosthetic group;A prosthetic group refers to a non-protein constituent molecule that is covalently bound to a polypeptide chain, significantly influencing the protein’s structure and function. These groups, often vitamins or cofactors, are typically small and transiently associated with enzymes, catalyzing reactions by participating directly in the reaction mechanism. Their presence is crucial for stabilizing the protein’s three-dimensional conformation, enabling enzymatic activity. Examples include heme in hemoglobin and flavin adenine dinucleotide in many oxidoreductase enzymes. Removal of the prosthetic group typically results in loss of enzymatic activity, highlighting their essential role in biological processes.;Google
Rotaxane;Rotaxanes represent a fascinating class of mechanically interlocked molecules, exhibiting a unique structural arrangement where a macrocycle encircles a smaller, guest molecule. These compounds, formed through a cycloaddition reaction, create a stable, dumbbell-like structure. The macrocycle’s rings are tethered to the guest, preventing their separation under normal conditions, resulting in a strained, dynamic system. Rotaxanes have garnered significant attention due to their potential applications in molecular machines, sensors, and catalysts. Researchers manipulate their movement through external stimuli like light or temperature, offering precise control at the nanoscale. Their study exemplifies complex chemical design and reactivity.;Google
Boundary layer;The boundary layer is a fundamental concept in fluid dynamics describing the thin region of fluid immediately adjacent to a solid surface. When a fluid flows past an object, the fluid closest to the surface experiences a significant velocity reduction due to the viscous forces of the fluid itself. This creates a velocity gradient, with velocity increasing rapidly away from the surface. This region, the boundary layer, is where most of the frictional drag on the object arises. The thickness of the boundary layer is influenced by factors such as fluid velocity, surface roughness, and the flow conditions. Understanding boundary layer behavior is crucial for designing efficient aerodynamic shapes and predicting drag forces across various engineering applications.;Google
Contrast agent;A contrast agent is a substance administered to visualize internal body structures during medical imaging procedures like X-rays, computed tomography, and magnetic resonance imaging. These agents, typically iodine-based compounds for X-rays or gadolinium derivatives for MRI, enhance the visibility of blood vessels, organs, and tissues by absorbing or emitting radiation or altering magnetic properties. The difference in signal between the contrast agent and surrounding tissue allows for clearer imaging and improved diagnostic accuracy. Careful selection of the contrast agent is crucial due to potential allergic reactions or, in rare cases, nephrogenic systemic fibrosis associated with gadolinium.;Google
Quantum well;A quantum well is a nanostructure formed by confining one or more layers of a semiconductor material between two layers of another semiconductor with a higher bandgap. This creates a potential well that confines electrons to a very small region, significantly impacting their quantum mechanical behavior. The resulting structure exhibits quantized energy levels, meaning electrons can only occupy discrete energy states rather than a continuous range. This confinement leads to enhanced density of states at the mid-gap energy level, a phenomenon exploited in applications such as lasers and detectors. Quantum well devices are crucial in modern optoelectronics and are studied extensively in semiconductor physics research.;Google
Biotin;Biotin, also known as vitamin B7 or vitamin H, is a water-soluble B vitamin crucial for various metabolic processes within the human body. It functions primarily as a cofactor for carboxylase enzymes, vital for gluconeogenesis, fatty acid synthesis, and amino acid metabolism. Biotin’s role extends to cellular energy production and maintaining healthy skin, hair, and nails. The body obtains biotin through diet, primarily from foods like eggs, nuts, and seeds, or through supplementation. Deficiency is rare but can manifest with symptoms such as hair loss, brittle nails, and neurological issues. Biotin’s involvement in these widespread metabolic pathways makes it an essential nutrient for human health.;Google
Riemannian geometry;Riemannian geometry is a branch of differential geometry concerned with the study of smooth manifolds equipped with a Riemannian metric. This metric allows for the definition of notions like distance, angles, and volumes within the manifold, transforming it into a space where geometric concepts are naturally defined. The core of the theory revolves around tensors, specifically the metric tensor, which governs how lengths, areas, and volumes are measured. It provides the mathematical framework for understanding curvature, a fundamental property describing the shape of the manifold. Riemannian geometry plays a crucial role in general relativity, describing gravity as the curvature of spacetime.;Google
Immune system;The immune system is a complex network of cells, tissues, and organs responsible for defending the body against harmful invaders such as bacteria, viruses, fungi, and parasites. It operates through two primary mechanisms: innate and adaptive immunity. Innate immunity provides immediate, non-specific defense, utilizing physical barriers like skin and chemical defenses like inflammation. Adaptive immunity, on the other hand, develops a specific response to each pathogen, creating immunological memory for faster, more effective protection upon subsequent encounters. T cells and B cells are crucial components of adaptive immunity, recognizing and targeting specific threats while generating antibodies. Proper immune system function is vital for health and preventing disease.;Google
Electrochemistry;Electrochemistry is the branch of chemistry concerned with the relationship between electrical and chemical phenomena. It investigates how chemical reactions are influenced by electrical energy, and conversely, how electrical energy can be generated by chemical reactions. Key concepts include electrochemical cells, which are devices that convert chemical energy into electrical energy or vice versa. Redox reactions – reduction-oxidation reactions – are fundamental to electrochemistry, involving the transfer of electrons. Corrosion, electrolysis, and the design of electrochemical sensors are significant applications stemming from this field. Understanding electrochemistry is crucial in areas ranging from energy storage to industrial processes and environmental monitoring.;Google
Metalloprotein;Metalloproteins are a diverse group of proteins characterized by the presence of one or more metal ions bound within their structure. These metal ions, typically transition metals like zinc, iron, copper, and manganese, are integral to the protein's function, significantly influencing its catalytic activity, redox properties, and structural stability. The metal ion’s coordination environment dictates the protein’s behavior, allowing for roles in enzymatic reactions, oxygen transport, electron transfer, and even structural support. Examples include hemoglobin, ferritin, and superoxide dismutase, each showcasing unique adaptations of metalloproteins to their biological roles.;Google
Efflux pump;Efflux pumps are transmembrane proteins found in the cell membranes of numerous organisms, including bacteria, fungi, and plants, that actively transport substances out of the cell against their concentration gradient. These pumps utilize energy, typically ATP hydrolysis or the electrochemical gradient, to drive the expulsion of ions, small molecules, and even larger compounds. Their primary function is to protect the cell from toxic substances or to maintain specific internal concentrations. A notable example is the ABC transporter superfamily, which constitutes a large proportion of efflux pumps. These pumps play a critical role in antibiotic resistance in bacteria, impacting drug efficacy and posing significant challenges in healthcare.;Google
Synthetic biology;Synthetic biology is an interdisciplinary field that applies engineering principles to biological systems. It involves designing and constructing new biological parts, devices, and systems, or redesigning existing ones for specific purposes. Researchers utilize tools from genetics, chemistry, and computer science to create novel biological functionalities, often starting with simplified biological systems like bacteria. A core aim is to build artificial biological circuits and organisms, offering potential solutions in medicine, materials science, and sustainable energy production. The field faces ethical considerations alongside its technical challenges, focusing on responsible design and minimizing unintended consequences within engineered biological systems.;Google
Signal processing;Signal processing is a multidisciplinary field concerned with the acquisition, analysis, and interpretation of signals. Signals, broadly defined, represent physical phenomena like sound, images, and sensor data, often represented as varying functions of time or space. The core purpose is to manipulate these signals to extract useful information, remove noise, or transform them into a more manageable form. Techniques employed include filtering, Fourier analysis, and wavelet transforms, allowing engineers and scientists to perform tasks such as audio compression, medical imaging, and seismic data analysis. Modern signal processing is fundamentally reliant on digital computation and mathematical modeling.;Google
Anti-inflammatory;The scientific topic of “anti-inflammatory” refers to a complex biological process centered around modulating the body’s response to inflammation. Inflammation is a natural defense mechanism against injury, infection, and irritation, characterized by redness, swelling, heat, and pain. Anti-inflammatory agents work by interfering with various stages of this process. Key mechanisms include inhibiting the production of inflammatory mediators like cytokines and prostaglandins, and suppressing the activation of immune cells involved in the inflammatory cascade. Researchers investigate a wide range of substances – including medications like NSAIDs – and natural compounds from plants – such as curcumin – to effectively manage and reduce inflammation’s detrimental effects.;Google
Prospect theory;Prospect theory is a behavioral economic theory describing how people make decisions under conditions of risk and uncertainty. Developed by Daniel Kahneman and Amos Tversky in the 1970s, it diverges from expected utility theory, which assumes rational decision-making based on calculating probabilities. Prospect theory proposes that individuals evaluate potential gains and losses relative to a neutral reference point. People tend to feel the pain of a loss more strongly than the pleasure of an equivalent gain – a phenomenon known as loss aversion. Furthermore, the value function is steeper for losses than gains, leading to systematic biases in judgment and choice. This theory has significant implications for fields ranging from finance to marketing.;Google
Paxos;Paxos is a family of protocols used to achieve consensus in a distributed system, primarily in computer networks. It addresses the challenge of multiple nodes agreeing on a single value, even in the presence of failures. The core concept revolves around a designated leader proposing a value and a group of participants, acceptors, voting on its validity. A crucial element is the 'learners’ ability to discover if a different value was proposed. Paxos utilizes a pair of numbers, a proposed value and a chosen instance number, to uniquely identify proposals. This complex system ensures reliable agreement despite potential network delays or node outages, underpinning many distributed databases and blockchain technologies.;Google
Steel;"Steel is an alloy primarily composed of iron and carbon, typically ranging from 0.05 to 2.1 percent by weight. Its strength and ductility are significantly enhanced compared to pure iron, making it one of the world’s most widely used engineering materials. The carbon content dictates steel’s properties; higher carbon levels generally increase hardness and strength but reduce ductility. Steel’s production involves melting iron ore with coke and limestone, followed by careful control of carbon content and the addition of other alloying elements such as manganese, chromium, and nickel to tailor specific characteristics. Different steel grades are created for diverse applications, from construction to automotive manufacturing.";Google
Epidemic;An epidemic represents a widespread occurrence of a disease within a specific population, typically exceeding what would normally be expected in a localized area. It’s fundamentally a statistical concept rooted in epidemiology, the study of disease transmission. Epidemics are characterized by a rapid increase in cases, often driven by factors such as heightened contact rates, environmental conditions, or the emergence of a novel pathogen. Mathematical models, including the SIR model, are frequently employed to predict and manage epidemic spread, analyzing population dynamics and transmission rates. Public health interventions, like vaccination and quarantine, aim to mitigate the impact of an epidemic by reducing the rate of infection.;Google
Stainless steel;Stainless steel is an alloy primarily composed of iron, chromium, and nickel, renowned for its exceptional corrosion resistance. The key to this property lies in the formation of a passive chromium oxide layer on the steel’s surface. This transparent, self-repairing layer acts as a barrier, preventing oxygen and moisture from reaching the underlying iron and initiating rust formation. Variations in the alloy composition, particularly the addition of elements like manganese and silicon, modify the steel’s mechanical properties, offering a range of hardness and ductility. Different grades, such as 304 and 316, are tailored for specific applications, including cookware, medical implants, and architectural structures.;Google
Pepsin;Pepsin is a serine protease, a type of enzyme, primarily produced in the stomach lining and secreted by chief cells. Its crucial function is the initial digestion of proteins within the gastrointestinal tract. Specifically, pepsin breaks down large protein molecules into smaller peptides by cleaving the peptide bonds between amino acids. This process is facilitated by pepsin's active site, which contains a serine residue vital for catalysis. Pepsin's activity is regulated by hydrochloric acid, creating a highly acidic environment necessary for its optimal function. The enzyme exists in an inactive zymogen form, pepsinogen, until cleaved by pepsin itself, initiating the cascade of protein breakdown.;Google
Hemagglutinin;Hemagglutinin is a glycoprotein found on the surface of influenza viruses, playing a crucial role in the virus’s ability to infect host cells. Specifically, it mediates the initial attachment of the virus to sialic acid receptors present on the surface of respiratory epithelial cells. This process, termed hemagglutination, is the first step in the influenza infection cycle. The hemagglutinin protein undergoes significant antigenic variation, driven by mutations within its structure, which is the primary reason for the emergence of new influenza strains and the difficulty in developing broadly effective vaccines. The precise structure of hemagglutinin is a key target for antiviral drug development.;Google
Redshift;Redshift is a key concept in cosmology, describing the lengthening of light’s wavelength as it travels through an expanding universe. This phenomenon, initially observed by Vesto Slipher, arises from the Doppler effect applied to light waves. As celestial objects move away from Earth, their light is stretched, shifting towards the red end of the spectrum – hence, “redshift.” The greater the redshift, the faster the object is receding. Redshift provides strong evidence for the expansion of the universe, and its measurement is central to determining distances and velocities of galaxies. It is a fundamental observational pillar supporting the Big Bang theory.;Google
Thin film;Thin films are materials deposited in a controlled manner to produce layers only a few atoms thick, typically ranging from nanometers to micrometers. Their formation relies on processes such as physical vapor deposition, chemical vapor deposition, and solution-based techniques. These films exhibit unique optical, electrical, and magnetic properties stemming from their reduced dimensionality and quantum confinement effects. Spectroscopic ellipsometry and interferometry are commonly employed to characterize film thickness, refractive index, and optical constants. Thin films are vital in diverse applications including coatings for optical devices, microelectronics, sensors, and protective layers, demonstrating critical control over material performance.;Google
Binary search;"Binary search is an efficient algorithm employed for locating a specific element within a sorted array or list. It operates on the principle of repeatedly dividing the search interval in half. Initially, the algorithm compares the target value with the middle element of the sorted data. If the target matches, the search is successful. If the target is less than the middle element, the algorithm narrows its search to the lower half; conversely, if it’s greater, it examines the upper half. This halving process continues until the target is found or the interval is empty, indicating the element’s absence. Its logarithmic time complexity makes it significantly faster than linear search for large datasets.";Google
Dopamine;Dopamine is a crucial neurotransmitter involved in a wide array of neurological and psychological processes within the mammalian brain. Primarily synthesized in the substantia nigra and ventral tegmental area, dopamine facilitates movement control, reward anticipation, and motivation. Its release is triggered by stimuli associated with pleasure, learning, and goal-directed behavior, powerfully influencing the brain’s reward circuitry. Dysregulation of dopamine systems is implicated in conditions like Parkinson’s disease, schizophrenia, and addiction. Research continues to explore dopamine's complex roles in cognition, emotional regulation, and motor control, utilizing techniques like PET scans and receptor binding assays to further understand its multifaceted functions.;Google
Elimination reaction;Elimination reactions are fundamental organic reactions characterized by the removal of atoms or groups from adjacent carbon atoms, resulting in the formation of a double or triple bond. These reactions proceed through a mechanism involving the concerted movement of electrons, often initiated by a base. Common examples include E1 and E2 reactions, differentiated by their respective mechanisms and stereochemical outcomes. E2 reactions are bimolecular, requiring a strong base and often leading to anti-periplanar geometry, while E1 reactions are unimolecular and proceed through a carbocation intermediate. Ultimately, elimination reactions represent a crucial pathway for generating unsaturated organic compounds and are frequently utilized in synthesis.;Google
Connectome;The connectome represents a comprehensive map of neural connections within a nervous system, primarily focusing on the brain. It details the intricate network of neurons and synapses, aiming to capture the complete wiring diagram. Scientists develop connectomes using techniques like electron microscopy and advanced imaging, producing detailed three-dimensional models. The primary goal is to understand how brain regions interact and contribute to function, offering insights into neurological disorders and potentially enabling artificial intelligence development. Different levels of connectomics exist, from those mapping individual brains to broader comparative analyses across species, continuously refining our knowledge of the brain’s architecture.;Google
Regulatory T cell;Regulatory T cells, or Tregs, are a specialized subset of T lymphocytes playing a crucial role in maintaining immune homeostasis and preventing autoimmunity. Initially identified by their ability to suppress the activation of other immune cells, Tregs achieve this through several mechanisms including direct cell-cell contact and the secretion of immunosuppressive cytokines like IL-10 and TGF-β. These cells dampen excessive immune responses, preventing damage to healthy tissues. Tregs are particularly important in controlling responses to self-antigens, thereby safeguarding against autoimmune diseases such as rheumatoid arthritis and type 1 diabetes. Research continues to explore Treg diversity and their complex interactions within the immune system.;Google
Liquid biopsy;Liquid biopsy is a rapidly advancing diagnostic and monitoring technique that analyzes biological fluids, primarily blood, to detect cancer without requiring invasive tissue sampling. It focuses on identifying circulating tumor cells, circulating tumor DNA, exosomes, and other biomarkers shed by tumors into the bloodstream. ctDNA analysis allows for detection of genetic mutations driving cancer growth, providing insights into treatment response and potential resistance. CTCs offer a direct representation of the primary tumor, while exosomes can carry tumor-derived RNA and proteins. Liquid biopsies are increasingly utilized for early cancer detection, monitoring treatment effectiveness, and identifying minimal residual disease, ultimately improving patient outcomes and personalized cancer management.;Google
X-ray;X-rays are a form of electromagnetic radiation with wavelengths ranging from approximately 0.01 to 10 nanometers. Generated by bombarding materials with high-energy electrons, they possess sufficient energy to penetrate many substances, a key characteristic utilized in their applications. X-ray absorption varies significantly depending on the density and atomic composition of the material being imaged. This differential absorption is the principle behind radiography, allowing physicians to visualize internal structures like bones, teeth, and certain tissues. Furthermore, X-rays are employed in various industrial and medical processes, including cancer treatment and non-destructive testing. Strict safety protocols are in place due to their potential biological effects.;Google
Porphyrin;Porphyrins are a class of heterocyclic organic compounds characterized by a tetrapyrrole macrocycle, forming a prominent structural motif in numerous biological molecules. These compounds, typically synthesized via enzymatic pathways, are essential components of heme, chlorophyll, and vitamin B12. The core porphyrin structure consists of four pyrrole rings linked by methine bridges, creating a planar, highly conjugated system responsible for light absorption and catalysis. Variations in substituents attached to the ring influence the specific spectral properties and reactivity of the porphyrin. They play crucial roles in oxygen transport, photosynthesis, and various enzymatic reactions across diverse organisms, including humans.;Google
Horizontal gene transfer;Horizontal gene transfer describes the movement of genetic material between organisms that are not directly related through traditional inheritance, such as parent to offspring. This process significantly differs from vertical gene transfer, which relies solely on reproduction. There are three main mechanisms: transformation, transduction, and conjugation. Transformation involves the uptake of naked DNA from the environment, transduction utilizes viruses to carry genetic material, and conjugation involves the direct transfer of DNA through cell-to-cell contact via a pilus. HGT is prevalent in bacteria and archaea, playing a crucial role in antibiotic resistance spread and adaptation, but also contributes to evolution in eukaryotes.;Google
Default mode network;The default mode network is a network of interconnected brain regions that exhibits increased activity when an individual is not focused on external tasks or actively engaged in thought. Primarily involving the medial frontal cortex, posterior cingulate cortex, angular gyrus, and hippocampus, the DMN is most prominent during rest, daydreaming, mind-wandering, and autobiographical memory retrieval. Research suggests it plays a crucial role in self-referential thought, social cognition, and constructing a sense of self. Interestingly, the DMN’s activity fluctuates with cognitive demands, often decreasing when attention is directed outwards. Disruptions within the DMN have been linked to several neurological and psychiatric conditions.;Google
Enzyme;"Enzymes are biological catalysts, primarily proteins, that dramatically accelerate the rate of biochemical reactions within living organisms. Their function hinges on a specific three-dimensional structure, crucial for binding to reactant molecules called substrates at an active site. This interaction forms an enzyme-substrate complex, lowering the activation energy required for the reaction to proceed. Enzymes exhibit remarkable specificity, typically catalyzing only one particular reaction. Temperature and pH significantly influence enzyme activity; extreme changes can disrupt their structure, leading to denaturation and loss of catalytic function. Enzyme kinetics, the study of these reactions, provides valuable insights into biological processes.";Google
Wind turbine;Wind turbines represent a key application of aerodynamics and fluid dynamics, converting kinetic energy from wind into electrical energy. The core principle involves Bernoulli’s principle, where air flowing faster over the turbine blades creates lower pressure, generating lift similar to an airplane wing. Rotor blades are shaped as airfoils to maximize this lift effect, causing rotation. The rotating shaft is connected to a gearbox which increases the rotational speed before driving a generator. The generator then utilizes electromagnetic induction to produce electricity. Factors like wind speed, blade design, and tower height are meticulously engineered to optimize energy capture and overall turbine efficiency, impacting the sustainability of renewable energy sources.;Google
Younger Dryas;The Younger Dryas is a geologically defined period of abrupt climate cooling that occurred approximately 12,900 to 11,700 years ago, marking the end of the Younger Dryas stadial within the wider Last Glacial Period. This relatively short, but significant, cooling event was primarily attributed to a dramatic reduction in Atlantic Ocean inflow into the North Atlantic. A massive ice sheet collapse in the North West Greenland Ice Sheet disrupted thermohaline circulation, suppressing sea surface temperatures and leading to a colder climate across North America and Europe. Evidence suggests increased freshwater input from melting ice sheets played a crucial role in triggering this abrupt climatic shift.;Google
Partial correlation;Partial correlation measures the association between two variables after statistically controlling for the influence of one or more other variables. It isolates the unique relationship between the variables of interest, removing the confounding effects introduced by these other variables. Essentially, it assesses the correlation that remains when the variance of a third variable is held constant. This differs from simple correlation, which doesn’t account for these potential confounding influences. Partial correlation is valuable in situations where multiple variables might be related, and researchers want to determine if a specific relationship exists independently. Calculating partial correlation requires regression analysis.;Google
Chromatic aberration;Chromatic aberration is a common optical defect primarily observed in lenses, particularly in older or cheaper designs. It arises from the phenomenon of refraction, where light bends as it passes through a lens. Different wavelengths of light are refracted at slightly different angles. Blue light, having a shorter wavelength, is bent more than red light, which has a longer wavelength. This differential bending causes colors to appear separated or fringed around sharp edges of objects in an image, creating a colored halo effect. Higher-quality lenses minimize this aberration through sophisticated glass combinations and lens design.;Google
Subunit vaccine;Subunit vaccines represent a significant advancement in immunological protection, utilizing purified components of a pathogen rather than the whole organism. These vaccines focus on specific antigens—proteins, polysaccharides, or protein fragments—produced by the virus or bacteria, triggering an adaptive immune response without the risk of causing disease. Subunit vaccines are commonly developed for diseases like Hepatitis B, Human Papillomavirus, and shingles. Production is often simpler and safer compared to live attenuated vaccines, minimizing the chance of adverse reactions. The effectiveness of subunit vaccines relies on the antigen’s ability to elicit strong antibody and cellular immunity, providing targeted protection against the targeted pathogen.;Google
Epigenetics;Epigenetics explores heritable changes in gene expression that occur without alterations to the underlying DNA sequence. These modifications, often termed “marks,” influence how genes are read and utilized, impacting development and potentially affecting future generations. Key epigenetic mechanisms include DNA methylation, histone modification, and non-coding RNA involvement. Environmental factors such as diet, stress, and exposure to toxins can trigger these changes, demonstrating a dynamic interaction between genes and the environment. While the DNA sequence remains constant, epigenetic marks dictate phenotypic variation observed within a species, prompting ongoing research into their role in diseases like cancer and neurological disorders.;Google
Basophil;Basophils are a rare type of granulocyte, representing less than 1% of circulating white blood cells in humans. These cells play a crucial role in allergic reactions and inflammation, primarily through the release of histamine and heparin. Derived from myeloid progenitor cells, basophils express high levels of IgE antibodies, making them highly sensitive to allergens. Upon allergen binding, basophils degranulate, releasing these chemicals that cause symptoms like itching, swelling, and bronchoconstriction. Their role extends beyond allergies, participating in parasite defense and contributing to immune responses against certain pathogens. Research continues to explore their involvement in conditions such as asthma and chronic inflammatory diseases.;Google
X-ray crystallography;X-ray crystallography is a fundamental technique used to determine the atomic and molecular structure of materials. It relies on the diffraction of X-rays by a crystal lattice. When a beam of X-rays strikes a regularly arranged crystal, the waves scatter in specific directions, producing a pattern of spots. Analyzing these diffraction patterns – meticulously recorded by a detector – provides data about the crystal’s structure. The spacing between atoms within the crystal is directly related to the wavelengths of X-rays used. This method is crucial in fields like biology and materials science, offering insights at the atomic level.;Google
Sharpless epoxidation;The Sharpless epoxidation is a groundbreaking asymmetric catalytic reaction developed by K. Barry Sharpless, earning him the 2001 Nobel Prize in Chemistry. It’s a highly selective method for the epoxidation of allylic alcohols, generating chiral epoxides with remarkable enantiomeric excess. The reaction utilizes a titanium tetraisopropoxide catalyst, a chiral auxiliary, and an oxidizing agent, most commonly tert-butyl hydroperoxide. The chirality of the tartrate dictates the stereochemical outcome, leading to predominantly one enantiomer of the epoxide. This methodology has become a cornerstone in organic synthesis, facilitating the production of complex chiral molecules for pharmaceuticals and fine chemicals.;Google
Computational fluid dynamics;Computational Fluid Dynamics is a branch of engineering and physics employing numerical methods and algorithms to solve and analyze fluid flow problems. It essentially replaces traditional analytical solutions with computer simulations, modeling fluid behavior based on fundamental physical laws like conservation of mass, momentum, and energy. CFD is widely used across diverse fields including aerospace, automotive, biomedical, and environmental engineering. These simulations predict things like airflow around aircraft wings, heat transfer within electronic devices, and pollutant dispersion. The accuracy of CFD depends on the chosen mesh resolution, the governing equations’ formulation, and the fidelity of the turbulence model employed.;Google
Coronal mass ejection;A coronal mass ejection is a significant and sudden release of plasma and magnetic field from the Sun’s corona, the outermost layer of its atmosphere. These events are driven by magnetic reconnection occurring in the solar atmosphere, typically associated with sunspots and active regions. CMEs propel billions of tons of superheated plasma, often containing high-speed streams of particles, into space at velocities ranging from hundreds to thousands of kilometers per second. Upon reaching Earth, CMEs can interact with the magnetosphere, inducing geomagnetic storms that disrupt satellite communications, damage power grids, and pose radiation hazards to astronauts and airline passengers. CME research is a critical component of space weather forecasting.;Google
Optical rotation;Optical rotation describes the phenomenon where plane-polarized light is rotated as it passes through a material. This rotation is a direct result of the interaction between the light’s electric field and the chiral molecules within the substance. Chiral molecules, possessing an asymmetric structure, create a differential interaction with left and right circularly polarized light, causing rotation in one direction more than the other. The magnitude of the rotation is quantified by the specific rotation, dependent on the substance's concentration, temperature, and wavelength of light. Many organic compounds, particularly sugars and amino acids, exhibit optical activity. The technique is crucial in determining the purity and concentration of chiral compounds.;Google
Group theory;Group theory is a branch of abstract algebra concerned with the study of algebraic structures called groups. A group is a set equipped with an operation that satisfies four fundamental axioms: closure, associativity, identity, and inverse. These axioms ensure a consistent and predictable system of calculations. Groups can be finite, with a limited number of elements, or infinite, extending indefinitely. Group theory finds applications across diverse fields including cryptography, physics, and computer science. The study of group representations, mapping group elements to linear transformations, is a particularly significant area within the broader subject.;Google
Mass spectrometry;Mass spectrometry is an analytical technique employed to identify and quantify substances based on their mass-to-charge ratio. The process begins with ionization, where a sample’s molecules are converted into ions, typically by electron impact. These ions then accelerate through a magnetic or electric field, separating them according to their mass-to-charge values. A detector measures the abundance of each ion, generating a mass spectrum – a graph plotting ion intensity versus mass. This spectrum provides a unique fingerprint of the sample, allowing for identification and determination of elemental and molecular composition, vital in fields like chemistry, forensics, and medicine.;Google
Contact mechanics;Contact mechanics investigates the physical behavior of surfaces in direct contact under applied loads. It’s a fundamental area of tribology, the study of friction, wear, and lubrication. The field analyzes how forces redistribute across contacting surfaces, considering factors like material properties, surface roughness, and the nature of the contact interface – whether it’s perfectly rigid, elastic, or deformable. Mathematical models, such as the Hertzian contact model, predict stress and strain distributions, frequently used in engineering design for components experiencing contact stresses, like gears and bearings. Understanding contact mechanics is critical for predicting durability and performance in numerous mechanical systems.;Google
Isostasy;Isostasy describes the equilibrium between the Earth’s crust and the underlying mantle, primarily through gravitational forces. It’s the principle that explains why continents and oceanic crust float at different levels, creating a layered structure. Denser oceanic crust, being thinner, generally sinks deeper than less dense continental crust, which tends to rise higher. This vertical positioning is maintained by a process called isostatic adjustment, where the crust slowly adjusts its elevation in response to forces like glacial loading, erosion, or volcanic activity. Essentially, the crust “floats” on the denser mantle like a cork in water, constantly seeking a state of gravitational balance.;Google
Singular value decomposition;Singular Value Decomposition is a fundamental matrix factorization technique in linear algebra with widespread applications across numerous scientific and engineering disciplines. It decomposes any rectangular matrix A into three matrices: U, Σ, and V*. U and V* are unitary matrices, representing left and right singular vectors, respectively, while Σ is a diagonal matrix containing the singular values of A. These singular values are non-negative and represent the magnitude of the principal components of variance in the data represented by A. SVD provides a robust and stable representation of matrices, crucial for dimensionality reduction, noise filtering, and solving linear least squares problems.;Google
Gasification;Gasification is a thermochemical process converting carbonaceous feedstock – such as biomass, coal, or waste – into a synthesis gas, also known as “syngas.” This syngas primarily consists of hydrogen, carbon monoxide, and methane, along with smaller amounts of other gases. The process occurs at elevated temperatures, typically between 700 and 1000°C, in a controlled environment, often using heat from a gas burner or a high-temperature reactor. Gasification minimizes oxygen, resulting in a lower-carbon fuel source. Syngas can subsequently be used for power generation, producing liquid fuels, or as a chemical feedstock for creating various products. It represents a significant technology for renewable energy and waste management.;Google
Chain reaction;A chain reaction refers to a self-sustaining process where the product of one reaction triggers further reactions of the same type, leading to an exponential increase in activity. This phenomenon is fundamental to nuclear physics, specifically observed in radioactive decay. Initially, a single radioactive atom decays, releasing energy and potentially another atom in an excited state. This newly created atom then decays, generating more energy and initiating further decays. Chain reactions are crucial in nuclear weapons and nuclear reactors, where controlled releases of energy are harnessed. The rate of the reaction depends on the probability of decay and the number of atoms available to react, governed by principles of nuclear cross-sections.;Google
DNA virus;DNA viruses are a diverse group of viruses that utilize DNA as their genetic material, contrasting with RNA viruses. They are characterized by their ability to replicate within host cells, hijacking cellular machinery to produce more viral particles. Notable examples include herpesviruses, poxviruses, and adenoviruses, each exhibiting distinct life cycles and host ranges. These viruses often establish latency, a dormant state within the host, periodically reactivating to cause disease. DNA viruses generally possess longer genomes compared to RNA viruses, and their replication mechanisms often involve complex interactions with the host’s DNA repair pathways. Research into DNA viruses is crucial for understanding and combating viral infections and developing effective antiviral therapies.;Google
Coevolution;Coevolution describes the reciprocal evolutionary influence between two or more interacting species. It occurs when changes in one species drive adaptations in another, creating a feedback loop. This process is most commonly observed in closely related organisms, such as pollinators and their flowering plants, or parasites and their hosts. For instance, a plant evolving brighter colors to attract a specific pollinator will, in turn, select for pollinators with enhanced vision. Coevolutionary relationships can be tightly coupled, where changes in one species are directly linked to changes in the other, or more loosely connected, with each species adapting to environmental pressures.;Google
Gastric acid;Gastric acid, primarily hydrochloric acid, plays a crucial role in initiating digestion within the stomach. Its production is regulated by parietal cells lining the stomach's gastric pits, stimulated by hormones like gastrin and acetylcholine. The concentration of gastric acid, typically between 0.1 and 0.8 M, is vital for protein denaturation, breaking down large food molecules into smaller peptides. Furthermore, HCl creates an acidic environment that activates pepsinogen into its active form, pepsin, a key enzyme in protein digestion. The stomach lining possesses specialized cells, such as goblet cells, to secrete bicarbonate and mucus, neutralizing the acid and protecting the stomach wall from self-digestion.;Google
Pathogen;A pathogen is a biological agent that causes disease to its host. These microorganisms encompass a wide range of entities including bacteria, viruses, fungi, and protozoa. Pathogens achieve infection by exploiting the host’s defenses, often through mechanisms like toxin production, cellular invasion, or triggering an immune response. The study of pathogens, known as pathogenology, investigates their structure, physiology, and interactions with their hosts. Understanding pathogen transmission routes, such as through air, water, or direct contact, is crucial for developing effective prevention and treatment strategies. Research into pathogen genetics and evolution is continually informing the development of new diagnostic tools and therapies.;Google
Magnetohydrodynamics;Magnetohydrodynamics, or MHD, is a fascinating field of physics that investigates the interaction between electrically conducting fluids and magnetic fields. It fundamentally describes how moving electrically charged particles—like plasma in stars or ionized gases—respond to magnetic forces. The equations governing MHD combine fluid dynamics with Maxwell's equations of electromagnetism, allowing scientists to model phenomena such as solar flares, astrophysical jets, and even fusion reactors. Essentially, MHD provides a framework for understanding and predicting the behavior of these systems where magnetic fields and flowing currents are intertwined. The complexity arises from the coupled nature of these fundamental forces.;Google
Structural genomics;Structural genomics is a powerful computational and experimental approach focused on determining the three-dimensional structures of large protein collections. Utilizing techniques like X-ray crystallography, cryo-electron microscopy, and NMR spectroscopy, researchers aim to create comprehensive structural maps of proteins. This generates vast databases of protein structures, providing a fundamental understanding of protein function, interactions, and evolutionary relationships. The resulting data is used to predict protein folding, identify potential drug targets, and analyze protein families. Structural genomics significantly accelerates biological research by providing a detailed blueprint of the proteome, driving advancements across various disciplines including medicine and biotechnology.;Google
Cluster analysis;Cluster analysis is a prominent technique within unsupervised machine learning, focused on grouping similar data points together based on inherent patterns without prior knowledge of categories. It utilizes algorithms such as k-means, hierarchical clustering, and DBSCAN to identify clusters exhibiting homogeneity – meaning points within a cluster share similar characteristics across multiple variables. The objective is to maximize similarity within clusters while minimizing similarity between them. These algorithms employ distance metrics like Euclidean distance to quantify similarity. Applications span diverse fields including customer segmentation, image analysis, and bioinformatics, where discovering natural groupings within complex datasets is crucial for understanding and gaining insights.;Google
Critical mass;Critical mass is a fundamental concept in nuclear physics and astrophysics, referring to the minimum amount of fissile material needed to sustain a nuclear chain reaction. Specifically, it’s the quantity of a substance like uranium-235 or plutonium-239 required to achieve self-sustaining fission. Below this mass, neutrons produced by one fission event are absorbed by the material or escape without inducing further fission. Once the critical mass is reached, the rate of neutron production equals the rate of absorption and escape, resulting in an exponentially growing chain reaction. Factors such as density and shape significantly influence the critical mass of a given material.;Google
Convex optimization;Convex optimization is a mathematical discipline concerned with finding the minimum or maximum value of a convex function subject to constraints that are also convex. A convex function exhibits a single peak or valley, ensuring that any line segment connecting two points on the function’s graph lies entirely above or below the function itself. This property guarantees that any local minimum is also a global minimum. Consequently, convex optimization problems are computationally tractable, often solvable efficiently using algorithms like gradient descent. These techniques are widely employed across various fields, including engineering, finance, machine learning, and operations research, for tasks such as resource allocation, portfolio optimization, and model training.;Google
Chemical vapor deposition;Chemical vapor deposition is a versatile chemical process utilized to produce high-quality, thin films and coatings from gaseous precursors. The process involves introducing reactant gases, typically containing elements like carbon, silicon, or metal, into a heated reaction chamber. At elevated temperatures, these gases undergo chemical reactions, depositing a solid material onto a substrate. Precise control over temperature, gas flow rates, and chamber pressure dictates the film's composition, structure, and properties. CVD finds extensive applications in manufacturing semiconductors, optical coatings, and advanced materials, offering superior control compared to physical vapor deposition techniques. It remains a cornerstone of materials science and engineering.;Google
Limnology;Limnology is the scientific study of inland aquatic systems, encompassing freshwater environments like lakes, ponds, and streams. It’s a multidisciplinary field integrating aspects of biology, chemistry, geology, and physics to understand these complex ecosystems. Limnologists investigate factors influencing water quality, including nutrient cycles, algal growth, and dissolved oxygen levels. Research explores the distribution and abundance of aquatic organisms, such as fish and invertebrates, alongside physical characteristics like temperature and stratification. The discipline is crucial for assessing and managing freshwater resources, monitoring pollution impacts, and predicting responses to environmental changes. Ultimately, limnology seeks to reveal the intricate interactions sustaining freshwater life.;Google
Calorimeter;A calorimeter is a device used to measure the heat absorbed or released during a chemical or physical process. Primarily, calorimeters quantify thermal energy transfer, often in calorimetry, where reactions are studied. These devices maintain a constant temperature, typically utilizing a known mass of water, allowing for precise heat measurement. There are two main types: bomb calorimeters, used for highly accurate determination of combustion heat, and coffee-cup calorimeters, simpler and less precise instruments suitable for routine experiments. Calibration is crucial to ensure accuracy, and heat transfer principles dictate the measurement process, considering factors like insulation and heat loss. Calorimetry data is vital in diverse fields, including chemistry, biology, and materials science.;Google
Differential privacy;Differential privacy is a mathematical framework designed to protect the privacy of individuals when statistical data is analyzed. It guarantees that the output of a query on a dataset will not reveal much information about any single individual’s data. This is achieved by adding a carefully calibrated amount of random noise to the query result. The level of noise is determined by the sensitivity of the query and the desired privacy level, often measured as epsilon. Consequently, an adversary cannot reliably determine whether a specific individual’s data was included in the dataset or how that data influenced the outcome. This technique allows for useful statistical analysis while minimizing privacy risks.;Google
Pleiotropy;Pleiotropy describes a genetic phenomenon where a single gene influences multiple, seemingly unrelated phenotypic traits. Unlike genes that each control a single characteristic, a pleiotropic gene’s effect extends beyond its initially designated function. This occurs due to the gene's product, typically a protein, impacting various biochemical pathways or developmental processes throughout the organism. Examples include genes responsible for curly hair also increasing the risk of heart disease or genes affecting pigmentation contributing to skeletal abnormalities. The degree of pleiotropy varies, with some genes displaying subtle effects across multiple traits and others producing dramatic, disparate outcomes. Understanding pleiotropy is crucial in genetics and evolutionary biology.;Google
Probiotic;Probiotics represent a significant area of study within the field of microbiology and nutrition. These microorganisms, primarily bacteria and yeasts, are live cultures believed to confer a health benefit to the host upon consumption. Scientific research focuses on understanding their mechanisms of action, largely centered around the gut microbiome. Probiotics interact with the host’s digestive system, promoting beneficial bacterial populations and potentially modulating the immune response. Research investigates specific strains’ efficacy in treating conditions like irritable bowel syndrome, diarrhea, and eczema. Ongoing investigations explore the intricate relationships between probiotics, the human microbiome, and overall health outcomes, aiming to establish standardized definitions and clinical applications.;Google
Radioactive decay;"Radioactive decay is a spontaneous process by which an unstable atomic nucleus loses energy by emitting radiation. This occurs when the nucleus’s composition is unfavorable, often due to an imbalance in the number of protons and neutrons. There are several types of decay, including alpha decay, where a helium nucleus is emitted; beta decay, involving the emission of electrons or positrons; and gamma decay, releasing high-energy photons. These emissions transform the original nucleus into a different element, known as the daughter product. The rate of decay is characterized by a half-life, the time it takes for half of the original radioactive nuclei to decay. This process is governed by the laws of conservation of energy and mass.";Google
Orbital forcing;Orbital forcing describes the influence of variations in Earth’s orbit on its climate. It refers to shifts in the planet’s orbital parameters, primarily eccentricity, obliquity, and precession, which alter the amount and distribution of solar radiation received by Earth. These changes, occurring over tens to hundreds of thousands of years, are driven by gravitational interactions with the moon and the sun. Historically, cyclical variations in orbital forcing have been strongly correlated with glacial and interglacial periods, as changes in solar insolation impact atmospheric temperatures and ice sheet growth. The Milankovitch cycles are a key framework for understanding this phenomenon.;Google
ITER;ITER, or the International Thermonuclear Experimental Reactor, represents a pivotal advancement in fusion energy research. The project focuses on demonstrating the feasibility of sustained, high-performance fusion reactions, specifically employing a tokamak design. This device utilizes powerful magnetic fields to confine and heat plasma – a superheated state of matter – composed of deuterium and tritium, isotopes of hydrogen. ITER’s primary objective is to achieve a self-sustaining fusion reaction, generating more energy than is inputted to maintain the plasma. The experiment aims to validate the scientific and engineering principles necessary for future commercial fusion power plants, ultimately providing a clean and virtually limitless energy source.;Google
Hippocampus;The hippocampus, a seahorse-shaped structure within the brain's medial temporal lobe, plays a crucial role in spatial navigation and memory formation. Primarily involved in the consolidation of episodic memories – memories of specific events – it’s essential for creating cognitive maps of environments. Researchers have discovered that the hippocampus utilizes patterns of neural activity, known as “place cells,” to represent locations and guide movement. Furthermore, the hippocampus is implicated in long-term potentiation, a mechanism believed to strengthen synaptic connections vital for learning. Damage to the hippocampus often results in severe memory deficits, particularly difficulties with spatial orientation and recalling personal experiences.;Google
Molecular cloud;Molecular clouds are vast, cold regions within galaxies primarily composed of molecular hydrogen, along with traces of heavier elements like carbon monoxide and dust. These clouds, spanning tens to hundreds of light-years, represent the birthplaces of stars, constituting approximately 85% of a galaxy's baryonic matter. Their low temperatures – typically 10 to 20 Kelvin – allow for molecules to form, unlike the ionized gas found in interstellar space. Density variations within molecular clouds trigger gravitational collapse, ultimately leading to the formation of protostars and planetary systems. Magnetic fields and turbulence play crucial roles in their structure and evolution, significantly impacting star formation processes.;Google
Quantum key distribution;"Quantum key distribution is a cryptographic protocol utilizing the principles of quantum mechanics to establish a shared secret key between two parties, known as Alice and Bob. Unlike traditional key exchange methods susceptible to eavesdropping, QKD relies on the fundamental laws of physics. Specifically, protocols like BB84 exploit the uncertainty inherent in quantum measurements; any attempt to intercept or measure the transmitted photons inevitably disturbs their quantum state, alerting Alice and Bob to the presence of an eavesdropper. This disturbance introduces errors, which the parties can detect and discard, ultimately generating a secure key. QKD promises enhanced security by guaranteeing that any attempt to observe the key transmission will be detected.";Google
Rashba effect;The Rashba effect describes a spin-orbit coupling interaction in materials lacking a strong external magnetic field, leading to a separation of spin and momentum. This phenomenon arises in materials with a significant bulk spin-orbit interaction, typically layered structures like heterostructures of Weyl semimetals. Electrons, when moving through such a crystal lattice, experience a non-collinear spin orientation dictated by the crystal's band structure. Consequently, their momentum and spin are effectively misaligned, creating a spin polarization perpendicular to the direction of motion. This separation is a key feature in spintronics and topological quantum materials, offering potential for novel electronic devices.;Google
Machine translation;Machine translation, or MT, is a subfield of artificial intelligence concerned with automatically converting text from one natural language into another. Its core scientific basis lies in computational linguistics and statistical modeling, employing techniques like rule-based systems, statistical machine translation, and neural machine translation. SMT utilizes statistical probabilities derived from large parallel corpora, while NMT, increasingly dominant, employs deep neural networks to learn complex language mappings. Current research focuses on addressing issues like ambiguity, context sensitivity, and nuanced meaning to improve translation accuracy and fluency. Ongoing developments leverage advancements in deep learning and larger datasets, continually refining the process of bridging linguistic divides.;Google
Memory hierarchy;Memory hierarchy refers to the layered organization of computer memory systems, designed to optimize speed and cost. It utilizes multiple types of memory with varying characteristics – registers, cache, main memory, and secondary storage – to balance performance and capacity. Faster, smaller, and more expensive memory like registers and cache are used for frequently accessed data, while slower, larger, and less expensive storage forms the bulk of the memory. Data movement between these levels, governed by algorithms like Least Recently Used, provides a trade-off between access time and storage cost. This hierarchical structure significantly enhances system throughput and overall performance.;Google
Drag coefficient;"The drag coefficient, often denoted as Cd, is a dimensionless quantity that quantifies the resistance an object experiences when moving through a fluid, typically air or water. It’s fundamentally rooted in fluid dynamics and is directly related to the object’s shape, surface roughness, and the fluid’s viscosity. A higher drag coefficient indicates greater resistance; a streamlined shape like a teardrop has a low Cd, while a blunt object such as a cube has a high Cd. The coefficient arises from the pressure differences created as the fluid flows around the object, influenced by the fluid’s inertia and the object’s geometry. Understanding the drag coefficient is crucial in areas like aerodynamics, ship design, and sports equipment optimization.";Google
Pyrimidine;Pyrimidine refers to a class of heterocyclic organic compounds containing a six-membered ring with two nitrogen atoms at positions 1 and 3. These compounds are fundamental building blocks of nucleic acids, specifically within the bases cytosine, thymine, and uracil, which constitute the structural components of DNA and RNA. Pyrimidines play a vital role in genetic coding, protein synthesis, and various metabolic processes. Their synthesis involves complex enzymatic pathways, often reliant on precursors like β-alanine and formamide. Research continues to explore pyrimidine derivatives for applications in pharmaceuticals, particularly as anticancer agents, due to their interaction with DNA and RNA.;Google
Permafrost;Permafrost represents a significant and complex scientific topic related to climate change and Earth’s geological processes. Defined as ground that has remained frozen for at least two consecutive years, it underlies approximately 24% of the Northern Hemisphere. This permanently frozen soil contains vast quantities of organic carbon, accumulated over millennia from dead plants and animals. As global temperatures rise, permafrost is thawing, releasing this trapped carbon in the form of greenhouse gases like carbon dioxide and methane. This process creates a feedback loop, accelerating warming and further thawing the permafrost, posing a serious threat to ecosystems and global climate stability.;Google
Prime number theorem;The Prime Number Theorem provides an asymptotic estimate for the distribution of prime numbers. It states that the number of prime numbers less than or equal to a given number *x*, denoted as π, is approximately equal to *x*/ln. More precisely, π ~ *x*/ln. This theorem, initially conjectured in the 18th century, was rigorously proven in 1896 by Jacques Hadamard and Charles Jean de la Vallée Poussin using complex analysis. While it doesn't provide an exact count of primes, it offers a remarkably accurate approximation, particularly for large values of *x*. The theorem has significant implications in number theory and is fundamental to understanding the seemingly random distribution of primes.;Google
Trajectory inference;Trajectory inference is a core problem within computer vision and robotics, focusing on reconstructing the path taken by an object or agent through a scene. It involves estimating the sequence of positions and orientations an object occupied over time, given a set of sensor measurements like camera images or laser scans. Algorithms employ techniques from probability, statistics, and machine learning to overcome challenges posed by noisy data, occlusions, and varying sensor characteristics. Various approaches exist, including Kalman filters, particle filters, and deep learning methods, each with strengths and weaknesses depending on the application's complexity and data quality. The accurate reconstruction is crucial for tasks such as autonomous navigation and object tracking.;Google
Quantum optics;Quantum optics investigates the interaction between light and matter at the quantum level, moving beyond the classical wave description of light. It explores phenomena such as photon-photon interactions, spontaneous emission, and stimulated emission, all governed by the principles of quantum mechanics. This field utilizes the quantization of light, treating it as discrete packets of energy called photons. Key concepts include superposition, entanglement, and the uncertainty principle, which explain how these interactions create unique optical effects like lasers and quantum cryptography. Researchers in quantum optics strive to manipulate and control light with individual photons, opening doors to advanced technologies and a deeper understanding of light’s fundamental nature.;Google
Astrocyte;Astrocytes, also known as glial cells, are the most abundant glial cells in the central nervous system and play a crucial role in supporting neuronal function. Originally considered merely structural, astrocytes are now recognized for their extensive metabolic and signaling roles. They maintain the extracellular environment by regulating ion concentrations, removing neurotransmitters, and influencing synaptic transmission. Astrocytes form the ‘triad’ with neurons and blood vessels, providing nutrients to the brain and facilitating waste removal via the blood-brain barrier. Furthermore, they exhibit neurotrophic actions, promoting neuronal survival and growth, and are increasingly implicated in various neurological disorders like stroke and Alzheimer's disease.;Google
Axon guidance;Axon guidance refers to the complex biological processes enabling axons, the long projections of neurons, to navigate to their correct targets within the nervous system. This process is crucial for establishing functional neural circuits. Initially, growth cones, specialized structures at the axon’s tip, sense and respond to a gradient of chemical cues secreted by both the target tissue and the axon itself. These cues, known as guidance molecules like Netrins, Slits, and Semaphorins, attract or repel the growth cone, directing it along the appropriate path. Precise axon guidance ensures correct synaptic connections, essential for proper brain development and function. Disruptions in these mechanisms can lead to neurodevelopmental disorders.;Google
Lipid metabolism;Lipid metabolism encompasses the complex biochemical processes involved in the synthesis, degradation, and transport of lipids within living organisms. These fats, including triglycerides, phospholipids, and cholesterol, are crucial for energy storage, cell membrane structure, and hormone synthesis. The process begins with the breakdown of dietary fats through hydrolysis, releasing fatty acids and glycerol. Subsequently, these molecules are utilized in various pathways, notably beta-oxidation for energy production and incorporation into new lipid structures. Metabolic regulation involves enzymes controlling flux through these pathways, responding to hormonal signals and nutrient availability to maintain lipid homeostasis. Dysregulation significantly contributes to diseases like obesity and cardiovascular conditions.;Google
Plate tectonics;Plate tectonics describes the large-scale movements of Earth’s lithosphere, the rigid outer shell composed of the crust and uppermost mantle. This theory revolutionized geological understanding by explaining numerous phenomena, including earthquakes, volcanic activity, and mountain formation. The lithosphere is broken into several plates that “float” on the semi-molten asthenosphere below. These plates interact at their edges through three primary mechanisms: convergent boundaries where plates collide, divergent boundaries where they move apart, and transform boundaries where they slide past each other. These interactions drive significant geological processes reshaping Earth’s surface over millions of years.;Google
Nucleation;Nucleation is a fundamental process in materials science and chemistry describing the initial formation of a new phase within a pre-existing one. It’s the first step in processes like solidification, crystal growth, and the formation of bubbles in liquids. The process typically involves a critical nucleus size, the smallest aggregate of a new phase that can stably grow. Several mechanisms govern nucleation, including homogeneous nucleation, occurring spontaneously within a uniform phase, and heterogeneous nucleation, initiated by foreign surfaces or impurities. The driving force for nucleation is often a reduction in free energy associated with the new phase’s formation, frequently influenced by factors like temperature and pressure. Understanding nucleation is vital for controlling material properties and product quality.;Google
Computer vision;Computer vision is a multidisciplinary field focused on enabling computers to “see” and interpret images and videos, mimicking human visual perception. It relies heavily on artificial intelligence, particularly deep learning, to analyze visual data. Algorithms are trained on vast datasets to recognize patterns, objects, and scenes. Core techniques include image processing, feature extraction, and object detection, often employing convolutional neural networks to learn hierarchical representations of visual information. This technology finds applications in diverse areas like autonomous vehicles, medical imaging, security systems, and facial recognition, continually advancing with improved accuracy and efficiency.;Google
Bile acid;Bile acids are synthesized in the liver from cholesterol and are crucial components of bile, a fluid secreted into the small intestine. These amphipathic molecules – possessing both hydrophobic and hydrophilic properties – emulsify dietary fats, a process essential for efficient lipid digestion and absorption. Bile acids achieve this by reducing the surface tension of fats, forming micelles that increase their contact with digestive enzymes like lipase. Following digestion, unabsorbed bile acids are primarily excreted back into the liver via the enterohepatic circulation, a recycling system that conserves these valuable compounds. Disruptions in this cycle can lead to conditions such as cholestasis.;Google
Natural selection;Natural selection, proposed by Charles Darwin and Alfred Russel Wallace, is a fundamental mechanism of evolution. It posits that within any population of organisms, individuals exhibit variations in their traits. These variations arise from genetic mutations and sexual reproduction. Organisms with traits better suited to their environment—those that enhance survival and reproduction—are more likely to pass those traits on to the next generation. Over extended periods, this differential reproductive success, or “survival of the fittest,” leads to changes in the genetic makeup of the population, resulting in adaptation and, ultimately, the evolution of new species.;Google
Bile;Bile is a complex fluid produced by the liver and stored in the gallbladder, playing a crucial role in fat digestion. Chemically, it’s primarily composed of bile salts, phospholipids, cholesterol, bilirubin, and electrolytes. Bile salts, specifically, are amphipathic molecules – possessing both hydrophilic and hydrophobic regions – allowing them to emulsify large fat globules into smaller droplets, increasing their surface area for enzymatic action by lipases. Bilirubin, a byproduct of heme breakdown from red blood cells, contributes to bile’s characteristic yellow-green color. Following a meal, the gallbladder contracts, releasing bile into the duodenum to aid in nutrient absorption.;Google
Photoelectric effect;The photoelectric effect describes the emission of electrons from a material when light shines upon it. This phenomenon, observed by Heinrich Hertz in 1887 and later rigorously studied by Albert Einstein, challenges classical physics’ notion that light solely consists of waves. Einstein proposed that light exists as discrete packets of energy called photons. Each photon carries an energy proportional to its frequency, as defined by the equation E = hf, where 'h' is Planck's constant. When a photon strikes a material, it can transfer its energy to an electron, liberating the electron if the photon’s energy exceeds the material's work function – the minimum energy required to remove an electron.;Google
Depolarization;Depolarization, in the context of biology and neuroscience, refers to a shift in the electrical potential across a cell membrane away from its resting state. This process is fundamental to nerve impulse transmission and muscle contraction. In neurons, depolarization is initiated by stimulation, opening ion channels that allow positively charged ions, primarily sodium, to flow into the cell. This influx reduces the membrane potential, making it more positive. Depolarization spreads along the neuron’s axon, generating an action potential, which is the electrical signal traveling to the next neuron. Muscle depolarization triggers muscle fiber contraction, essential for movement.;Google
Synchrotron;A synchrotron is a type of particle accelerator that utilizes magnetic fields to accelerate charged particles, typically electrons, to near-light speeds. These machines are fundamentally based on electromagnetic principles, employing a precisely engineered circular vacuum chamber. As electrons travel in a circular path, their trajectory is constantly steered by alternating magnetic fields, maintaining a constant velocity. Synchrotrons generate intense beams of electromagnetic radiation, known as synchrotron light, through a process called radiation pressure. This intense light source is utilized in diverse scientific applications, including materials science, biology, and medicine, providing researchers with high-brightness X-rays and other forms of radiation for analysis.;Google
Curvature;Curvature, in scientific contexts, refers to the degree of bending or deviation from a straight line. This concept is fundamental in geometry and has profound implications in various fields. In Euclidean geometry, curvature describes the rate at which a curve changes direction, measured as a ratio of arc length to the radius of curvature. In differential geometry, curvature is a vector quantity indicating the direction of the curve’s greatest rate of change. It’s particularly crucial in describing the shape of surfaces like spheres and saddle points, and plays a vital role in general relativity where spacetime itself is described as curved due to gravity.;Google
Smart grid;The smart grid represents a significant advancement in electrical power distribution, leveraging digital technologies to optimize grid performance and enhance reliability. At its core, it incorporates advanced metering infrastructure, allowing for two-way communication between utilities and consumers. This data, coupled with sensors and automation, facilitates real-time monitoring of energy flow, predicting demand, and quickly responding to disruptions. Smart grids incorporate concepts from power systems analysis, control theory, and communication networks. The objective is to reduce energy waste, integrate renewable energy sources, and empower consumers through greater control and participation in the electrical system. Ultimately, the smart grid aims for a more efficient, resilient, and sustainable power network.;Google
Diastereomer;Diastereomers are stereoisomers that are not mirror images of each other. They arise when a chiral molecule possesses two or more stereocenters, leading to multiple possible arrangements of atoms in space. Unlike enantiomers, which are always identical in physical properties like boiling point and melting point, diastereomers exhibit differing physical characteristics due to their distinct molecular structures. Their differences are most noticeable in properties such as refractive index, solubility, and chemical reactivity. The number of possible diastereomeric combinations grows rapidly with the number of stereocenters present, creating a diverse range of structural variations within a given compound. Diastereomers are prevalent in organic chemistry and are often crucial in reactions and separations.;Google
Synapse;The synapse is a specialized junction between two nerve cells or between a neuron and a muscle cell, facilitating communication within the nervous system. It represents the site of chemical transmission, crucial for relaying signals throughout the body. Synapses are broadly categorized as chemical synapses, which utilize neurotransmitters – molecules released from the presynaptic neuron – to cross a synaptic cleft and bind to receptors on the postsynaptic neuron. Electrical synapses, though less common, involve direct cytoplasmic connections for rapid signal transmission. The efficiency and plasticity of synaptic connections are fundamental to learning, memory, and overall nervous system function, heavily studied in neuroscience research.;Google
Peroxisome;Peroxisomes are membrane-bound organelles found in eukaryotic cells, playing a crucial role in various metabolic processes. These small vesicles contain enzymes that catalyze oxidation reactions, primarily utilizing molecular oxygen to produce hydrogen peroxide as a byproduct. This hydrogen peroxide is rapidly converted to water and oxygen by the catalase enzyme, abundant within peroxisomes, preventing cellular damage. Peroxisomes are involved in β-oxidation of fatty acids, detoxification of harmful substances like alcohol, and the synthesis of certain lipids, including plasmalogens. Their presence and function are particularly significant in liver, kidney, and brain cells, reflecting their diverse metabolic roles.;Google
Cosmic inflation;Cosmic inflation is a prevailing cosmological theory proposing a period of exponential expansion in the very early universe. Immediately following the Big Bang, the universe underwent a period of incredibly rapid growth, increasing in size by a factor of approximately 10^26 within a tiny fraction of a second. This inflationary epoch is hypothesized to have smoothed out initial density fluctuations, providing the seeds for the large-scale structure we observe today, including galaxies and galaxy clusters. Inflation explains several key observations, such as the uniformity of the cosmic microwave background radiation and the flatness of the universe. The theory is driven by a hypothetical energy field, often referred to as the inflaton, whose potential energy fueled this accelerated expansion.;Google
Batch normalization;Batch normalization is a technique utilized within deep learning neural networks to accelerate training and improve model stability. It operates by normalizing the activations of each mini-batch, ensuring that each layer receives inputs with a mean of approximately zero and a standard deviation of approximately one. This process effectively mitigates internal covariate shift, the change in the distribution of network activations during training. Consequently, batch normalization allows for the use of higher learning rates and reduces the sensitivity to initialization, promoting faster convergence and often leading to better generalization performance across diverse datasets and network architectures.;Google
Immunological synapse;The immunological synapse is a highly specialized microenvironment formed during T cell and B cell interactions with antigen-presenting cells like dendritic cells. It represents a critical zone of communication essential for adaptive immune responses. This synapse involves the tight clustering of immune cell receptors, predominantly the T cell receptor, with adaptor proteins and signaling molecules. Simultaneously, APCs display MHC molecules presenting antigen to the TCR, initiating a cascade of intracellular signaling events. The precise organization of the synapse directs immune cell activation, ultimately controlling the magnitude and specificity of the immune response. Research continues to elucidate the complex mechanisms governing this dynamic interface.;Google
Fermi level;The Fermi level, a fundamental concept in solid-state physics and statistical mechanics, represents the energy at which the probability of finding an electron is exactly 50% at a given temperature. It’s derived from Fermi-Dirac statistics, describing the behavior of electrons in a system. Specifically, the Fermi level indicates the electrochemical potential of electrons within a material, dictating the direction of current flow when a voltage is applied. Its position shifts with temperature, becoming more closely aligned with the highest occupied energy level at absolute zero and moving further away at higher temperatures. The Fermi level’s precise location is crucial for understanding and predicting material properties like conductivity and thermal transport.;Google
Tribology;Tribology is the scientific study of interacting surfaces in relative motion. It encompasses the mechanics, chemistry, and materials science involved in friction, wear, and lubrication. The field investigates the forces and processes that occur when two solid bodies slide, roll, or come into contact. Researchers in tribology analyze factors such as material properties, surface treatments, and operating conditions to optimize performance and minimize degradation. Applications span diverse industries including automotive, aerospace, manufacturing, and biomedicine, focusing on extending component life and improving energy efficiency. Understanding tribological principles is critical for designing robust and reliable machinery and equipment.;Google
Central tolerance;Central tolerance refers to a suite of immunological mechanisms operating primarily within primary lymphoid organs – the thymus and bone marrow – that selectively eliminate self-reactive T cells and B cells before they can initiate an autoimmune response. These processes are crucial for maintaining immunological self-tolerance. T cell central tolerance primarily involves negative selection, where developing T cells recognizing self-antigens presented by thymic cells undergo apoptosis, or programmed cell death. Similarly, B cell central tolerance occurs through receptor editing, clonal deletion, or receptor switching, again eliminating those recognizing self-antigens. Effective central tolerance ensures the immune system targets foreign invaders while sparing the body's own tissues.;Google
Species evenness;Species evenness describes the relative abundance of individuals within a population or community, reflecting the similarity in the numbers of each species present. It’s quantified as a measure of diversity, ranging from 0 to 1, where 0 represents complete dominance by a single species and 1 signifies equal abundance across all species. High evenness indicates a diverse community where multiple species contribute to the population, often associated with greater stability and resilience to environmental changes. Conversely, low evenness signifies a community dominated by a few species, making it more vulnerable to disturbances. The concept is central to understanding ecological patterns and processes, particularly in community ecology and biodiversity research.;Google
Anthropocene;The Anthropocene represents a proposed geological epoch defined by significant human impact on Earth's geology and ecosystems. Initially debated, the term suggests a fundamental shift from the Holocene, the relatively stable period since the last glacial maximum, to one overwhelmingly shaped by human activities. Scientists identify numerous markers of the Anthropocene, including elevated atmospheric carbon dioxide concentrations, widespread plastic pollution, altered landscapes through agriculture and urbanization, and changes in biodiversity driven by habitat destruction and invasive species. Determining a precise starting date remains contentious, with suggestions ranging from the Industrial Revolution to the mid-20th century’s “Great Acceleration” of human consumption. The concept emphasizes humanity as a geological agent.;Google
Michelson interferometer;The Michelson interferometer is an instrument that employs the principle of interference to measure distances, wavelengths of light, and test the constancy of the speed of light. Developed by Albert Michelson in 1881, it utilizes two beams of light traveling along perpendicular paths through a chamber. These beams are then reflected by mirrors back to the point of intersection, where they recombine. The resulting interference pattern – a series of bright and dark fringes – changes as the path length difference between the beams is altered. This variation is directly proportional to the change in path length, making the interferometer a sensitive tool for precision measurements and experiments related to wave optics and the nature of space.;Google
Mineral;Mineralogy is the scientific study of minerals, encompassing their formation, composition, structure, and properties. Minerals are naturally occurring, inorganic solids with a defined chemical formula and crystalline structure. Geologists and chemists investigate minerals through various techniques, including spectroscopy, X-ray diffraction, and chemical analysis, to understand their origin and characteristics. Different minerals exhibit a wide range of physical properties like hardness, color, luster, and cleavage, which are crucial for identification. Mineral formation is often linked to geological processes such as volcanic activity, hydrothermal circulation, and sedimentation. The study of minerals provides vital insights into Earth’s history and the distribution of resources.;Google
Finite element method;The Finite Element Method is a powerful numerical technique used to approximate solutions to complex engineering and physics problems. Essentially, it divides a continuous domain, such as a structure or a solid object, into a mesh of smaller, discrete elements, typically triangles or quadrilaterals in two dimensions, or tetrahedra or hexahedra in three. These elements represent the geometry of the problem. The method then approximates the solution within each element using interpolation functions. By summing the contributions from all elements, a highly accurate solution for stresses, strains, heat transfer, or fluid flow can be obtained, particularly for problems involving irregular geometries and complex material properties.;Google
Histone;Histones are fundamental proteins found within the nuclei of eukaryotic cells, playing a crucial role in DNA organization and gene regulation. These small, positively charged proteins act as spools around which DNA molecules, or chromatin, are wrapped. There are five main types of histones: H1, H2A, H2B, H3, and H4, each with distinct roles in chromatin structure. DNA tightly bound to histones forms nucleosomes, the basic repeating unit of chromatin. Modifications to histones, such as acetylation and methylation, directly impact gene expression, influencing whether a gene is accessible for transcription. Disruptions in histone function are implicated in various diseases, including cancer.;Google
Pyridoxal phosphate;Pyridoxal phosphate is a vital coenzyme derived from vitamin B6, central to numerous enzymatic reactions within living organisms. It functions primarily as a redox cofactor, facilitating reactions involving aldehydes and ketones, particularly in amino acid metabolism. PLP plays a critical role in transamination, decarboxylation, and racemization of amino acids, essential processes for protein synthesis and neurotransmitter production. Its active site binds to substrates, facilitating the transfer of functional groups and catalyzing biochemical transformations. Deficiencies in vitamin B6 can therefore impair these enzymatic pathways, leading to various health complications. PLP’s involvement is widespread across diverse metabolic processes, highlighting its fundamental importance in cellular function.;Google
Differential equation;A differential equation is a mathematical equation that relates a function to its derivatives. These equations describe how quantities change over time or space, forming the core of numerous scientific disciplines. They are widely used to model phenomena in physics, engineering, biology, and economics. Solutions to differential equations represent the functions that satisfy the specified relationships between the function and its rate of change. There are various types, including ordinary differential equations involving functions of a single variable and partial differential equations dealing with functions of multiple variables. Solving a differential equation often involves finding the function itself, or determining its specific form under given conditions.;Google
Thalamus;The thalamus is a critical structure within the vertebrate brain, acting as a major relay station for sensory information. Located deep within the diencephalon, it receives input from nearly all sensory systems – including vision, hearing, touch, taste, and temperature – and then transmits this information to the cerebral cortex for further processing and interpretation. It also plays a role in motor control, consciousness, and sleep. The thalamus comprises numerous nuclei, each specializing in the relay of specific sensory data. Its organization ensures that sensory signals are efficiently routed to the appropriate cortical areas, facilitating our perception of the world. Damage to the thalamus can result in profound sensory deficits.;Google
Working memory;Working memory, a central concept in cognitive psychology, describes the limited-capacity system responsible for temporarily holding and manipulating information needed for complex cognitive tasks. Unlike short-term memory, which primarily focuses on storage, working memory actively processes and integrates incoming sensory information alongside previously stored knowledge. The model, largely attributed to Alan Baddeley and his colleagues, proposes components including the phonological loop, visuospatial sketchpad, and central executive. These elements work together to maintain and transform information, crucial for activities like reasoning, problem-solving, and language comprehension. Research continues to refine our understanding of its neural substrates and dynamic processes.;Google
Question answering;Question answering is a subfield of Natural Language Processing focused on enabling computers to understand and respond to questions posed in natural language. It relies heavily on Information Retrieval techniques, particularly semantic search, to identify relevant passages within a knowledge base. Modern QA systems often employ sophisticated deep learning models, such as transformers, trained on massive datasets to capture contextual understanding and relationships between words. These models learn to map questions to answers by analyzing both the question itself and the surrounding text. Ultimately, QA systems aim to replicate human-like reasoning and information extraction capabilities.;Google
Bonferroni correction;The Bonferroni correction is a statistical method employed to mitigate the problem of multiple comparisons in hypothesis testing. When researchers conduct numerous statistical tests simultaneously, the probability of obtaining a false positive result increases dramatically. The Bonferroni correction addresses this by adjusting the significance level for each individual test. Specifically, the original alpha level is divided by the number of tests performed. For example, if testing 20 hypotheses with an initial alpha of 0.05, the adjusted alpha becomes 0.05/20 = 0.0025. This significantly reduces the overall risk of making incorrect conclusions.;Google
Young's modulus;Young’s modulus, often denoted as E, is a fundamental material property quantifying a substance’s stiffness or resistance to deformation under tensile or compressive stress. Specifically, it represents the ratio of stress to strain in a material when subjected to uniform, uniaxial deformation – meaning stretching or compressing in a single direction. A higher Young’s modulus indicates a stiffer material, requiring a greater force to produce the same amount of elongation or compression. The units of Young’s modulus are typically Pascals or pounds per square inch. It’s crucial for engineering calculations involving stress and strain analysis in structures and materials, particularly for determining material behavior under load.;Google
Allosteric regulation;Allosteric regulation is a fundamental mechanism in biological systems controlling enzyme activity through conformational changes. It involves a regulatory molecule, the allosteric effector, binding to a site distinct from the enzyme’s active site – the allosteric site. This binding induces a shift in the enzyme’s three-dimensional structure, altering its affinity for the substrate or affecting its catalytic rate. Positive allosteric effectors increase enzyme activity, while negative effectors decrease it. This dynamic regulation allows for rapid responses to cellular signals, precisely controlling metabolic pathways and maintaining homeostasis. Allosteric enzymes are crucial in numerous cellular processes, including glycolysis and signal transduction.;Google
Super-resolution microscopy;Super-resolution microscopy represents a significant advancement in biological imaging, overcoming the diffraction limit of conventional light microscopy. This technique generates images with resolution significantly beyond the 200 nanometer threshold imposed by the wave nature of light. Several methods achieve this, including stimulated emission depletion microscopy and structured illumination microscopy. STED utilizes laser beams to selectively suppress fluorescence emission, creating a smaller spot size for sharper imaging. SIM employs patterned illumination to resolve details beyond the diffraction limit. These techniques are crucial for visualizing cellular structures and processes at an unprecedented level of detail, providing insights into previously inaccessible biological phenomena.;Google
Complement system;The complement system is a crucial part of the innate immune system, a cascade of biochemical reactions initiated by various stimuli like pathogens or antibody-antigen complexes. It’s comprised of over 30 proteins circulating in the blood and tissues, sequentially activating each other to achieve several vital functions. These include opsonization, marking microbes for destruction by phagocytes, direct lysis of pathogens via the Membrane Attack Complex, and inflammation amplification. Dysregulation of the complement system is implicated in diseases such as autoimmune disorders, sepsis, and certain cancers. Research continues to explore its role in immune responses and potential therapeutic applications.;Google
Targeted therapy;Targeted therapy represents a significant advancement in cancer treatment, shifting away from traditional cytotoxic approaches. These therapies specifically aim to disrupt molecular pathways uniquely involved in cancer cell growth and survival, rather than indiscriminately harming all rapidly dividing cells. Typically, targeted drugs are designed to interact with proteins, such as kinases or receptors, that are overexpressed or mutated in cancer cells. Examples include drugs inhibiting EGFR or HER2, common in lung and breast cancer. The precision of targeted therapy minimizes side effects and maximizes efficacy by focusing on the cancer's specific vulnerabilities. Research continues to identify new molecular targets for further development of these therapies.;Google
Glycolysis;Glycolysis, derived from Greek words meaning “sweet breaking,” is a fundamental metabolic pathway occurring in the cytoplasm of all living cells. It represents the initial stage in energy production, specifically the breakdown of glucose – a simple sugar – into pyruvate. This anaerobic process doesn't require oxygen and yields a small amount of ATP, the cell’s primary energy currency, along with NADH. Glycolysis involves a series of ten enzymatic reactions, each catalyzing a specific chemical transformation. The pyruvate generated can then be further processed depending on oxygen availability, entering either aerobic respiration or fermentation.;Google
Hydrogen bond;A hydrogen bond is a relatively weak electrostatic attraction between a hydrogen atom covalently bonded to a highly electronegative atom—such as nitrogen, oxygen, or fluorine—and a lone pair of electrons on another electronegative atom. These bonds are crucial in numerous biological and chemical processes. The partial positive charge on the hydrogen atom is attracted to the partial negative charge on the acceptor atom. Hydrogen bonds are significantly weaker than covalent bonds but are strong enough to dictate the structure of water, DNA, and proteins, influencing their function and stability. Their formation allows for unique solvent properties and shapes critical for life as we know it.;Google
Biogeochemistry;Biogeochemistry is the scientific study of the cycling of chemical elements and their isotopes among the living and non-living components of Earth. It examines how these processes interact, encompassing geological, biological, and chemical aspects. Key biogeochemical cycles, such as the carbon, nitrogen, and phosphorus cycles, illustrate the flow of elements through various reservoirs—atmosphere, oceans, land, and living organisms. Researchers investigate how human activities, like deforestation and fertilizer use, impact these cycles, often leading to imbalances and environmental consequences. Understanding biogeochemistry is crucial for addressing issues like climate change and pollution management.;Google
Wernicke's area;Wernicke's area is a crucial region within the posterior superior temporal gyrus of the brain, primarily associated with language comprehension. Discovered by Carl Wernicke in the late 19th century, it plays a critical role in understanding spoken and written language, allowing individuals to derive meaning from linguistic input. Damage to Wernicke's area typically results in fluent but nonsensical speech, known as Wernicke’s aphasia, alongside difficulties in understanding spoken words. Neuroimaging studies confirm its involvement in accessing and processing semantic information. While initially localized, research suggests it works in concert with Broca’s area for full language expression.;Google
Pearlite;Pearlite is a microstructure commonly observed in hypoeutectoid steels, typically those containing less than 0.8% carbon. It forms during the slow cooling of these steels from the austenite phase. The process involves the formation of ferrite grains interspersed with lamellar structures of cementite. These cementite plates are aligned perpendicular to the ferrite grain boundaries. Pearlite's characteristic morphology – alternating layers of ferrite and cementite – is a direct consequence of the kinetics involved in the transformation process. The size and spacing of the cementite plates are influenced by the cooling rate, with slower cooling resulting in coarser pearlite structures.;Google
pH;pH is a measure of hydrogen ion concentration in a solution, typically aqueous, and is fundamental to chemistry and biology. It’s defined as the negative logarithm of the hydrogen ion activity, expressed on a scale from 0 to 14. A pH of 7 is neutral, representing equal concentrations of hydrogen and hydroxide ions. Values below 7 are acidic, indicating a higher concentration of hydrogen ions, while values above 7 are alkaline or basic, signifying a higher concentration of hydroxide ions. pH is crucial in diverse fields including environmental science, medicine, and agriculture, impacting chemical reactions, biological processes, and the stability of compounds. Maintaining a stable pH is often essential for life.;Google
Somite;The somite is a transient segment of mesoderm that forms during vertebrate early development, playing a crucial role in body plan organization. Initially arising as paired blocks along the developing neural tube, somites progressively differentiate into vertebrae, ribs, and intercostal muscles. This segmentation process, termed somite formation, is driven by gradients of signaling molecules, particularly Hedgehog and BMP. Each somite exhibits differential gene expression, establishing distinct regional identities that dictate its final fate. The arrangement of somites directly corresponds to the segmental arrangement of the vertebrate skeleton, providing a fundamental structural framework. Ultimately, the somite’s formation ensures proper alignment and patterning of the developing body.;Google
Adaptation;Adaptation, within the scientific context, primarily refers to evolutionary change occurring within a population of organisms over successive generations. This process, driven by natural selection, arises from variations in heritable traits – genetic differences – that confer a survival or reproductive advantage in a specific environment. Individuals possessing advantageous traits are more likely to survive and reproduce, passing these traits onto their offspring. Consequently, the frequency of these beneficial alleles increases within the population, leading to a gradual shift in the population's characteristics. Adaptation is not a conscious act but a consequence of differential reproductive success due to environmental pressures.;Google
Differential scanning calorimetry;Differential scanning calorimetry is an analytical technique employed to measure the heat flow associated with transitions in materials as a function of temperature. It distinguishes between heating and cooling rates, providing a detailed thermal profile. DSC instruments precisely measure the temperature-dependent heat absorbed or released during processes like melting, crystallization, glass transitions, and chemical reactions. The resulting DSC curve, or thermogram, reveals the onset, peak, and enthalpy of these transitions. This information is crucial in characterizing polymer materials, pharmaceuticals, and ceramics, enabling studies of stability, purity, and reaction kinetics. DSC’s sensitivity allows for the detection of even subtle thermal changes.;Google
Energy-based model;An energy-based model is a probabilistic graphical model that represents a probability distribution as the joint probability of variables being in specific states, defined by an energy function. This function, often expressed as a sum of potential energy terms, quantifies the compatibility of variable assignments. Unlike traditional probabilistic models, EBMs directly model the underlying energy landscape without explicitly enumerating all possible configurations. Learning involves minimizing this energy function, effectively finding the most likely assignment of variables. EBMs have found applications in areas like Bayesian inference, reinforcement learning, and representation learning, particularly when dealing with complex, high-dimensional data.;Google
Beamforming;Beamforming is a signal processing technique primarily utilized in wireless communication systems, particularly in 5G and beyond, to enhance signal strength and reduce interference. It involves electronically steering the direction of a transmitting radio beam, rather than relying solely on physically rotating antenna arrays. By precisely adjusting the phase and amplitude of signals emitted from multiple antennas, beamforming focuses the signal energy towards a specific target user or device. This targeted approach maximizes signal quality and improves data throughput. The technique exploits the antenna array’s ability to create multiple beams, mitigating signal spillover and enhancing network capacity. Effective beamforming is crucial for efficient and reliable wireless connectivity.;Google
Austenite;Austenite refers to a specific crystalline structure of iron, primarily identified by the iron alloy known as austenite. It’s a face-centered cubic arrangement, resulting from high temperatures where iron atoms have sufficient kinetic energy to rearrange themselves into this highly ordered configuration. Austenite is characterized by its high ductility and malleability, properties crucial for shaping and forming steel. The stability of austenite decreases with decreasing temperature, leading to its transformation into other iron phases like ferrite and cementite through processes like cooling or heat treatment. This transformation is fundamental to steelmaking and creating various steel products with tailored mechanical characteristics.;Google
Flow chemistry;Flow chemistry, also known as continuous flow chemistry, represents a significant shift in chemical synthesis. Traditionally, reactions occurred in batch mode, but flow chemistry utilizes microreactors and continuously flowing streams of reactants to perform chemical transformations. This approach offers several advantages, including enhanced mixing, precise temperature control, and improved safety profiles, particularly when handling hazardous reagents. The small channel dimensions minimize reaction volumes, reducing the potential for runaway reactions. Furthermore, flow chemistry facilitates automation and scale-up, making it suitable for industrial production and enabling rapid reaction optimization through real-time monitoring.;Google
Word embedding;Word embedding refers to techniques in natural language processing that represent words as numerical vectors within a multi-dimensional space. These vectors, often generated using models like Word2Vec or GloVe, capture semantic relationships between words. Words with similar meanings tend to have vectors that are closer together in this space, reflecting their contextual similarity. Unlike traditional one-hot encoding, word embeddings provide richer information about a word’s usage and meaning. This enables algorithms to understand and process text more effectively, improving performance in tasks such as sentiment analysis, machine translation, and information retrieval. The resulting vector representations are continuously being refined through massive datasets.;Google
ALS;Amyotrophic Lateral Sclerosis, formerly known as Lou Gehrig’s disease, is a progressive neurodegenerative disease primarily affecting motor neurons. These neurons, responsible for controlling voluntary muscle movement, progressively degenerate and die, leading to muscle weakness, twitching, and eventually paralysis. The exact cause of ALS remains largely unknown, but genetic mutations are implicated in approximately 10% of cases. Research suggests a combination of genetic predisposition and environmental factors contributes to the disease’s development. Mitochondrial dysfunction, oxidative stress, and protein aggregation are key pathological mechanisms observed in ALS. Treatment focuses on symptom management and supportive care, with ongoing efforts to identify disease-modifying therapies.;Google
Ionizing radiation;Ionizing radiation encompasses a broad category of electromagnetic radiation that possesses sufficient energy to remove electrons from atoms and molecules, a process known as ionization. This radiation includes types like alpha particles, beta particles, gamma rays, and X-rays, all differing in their energy and penetrating ability. The interaction of ionizing radiation with matter disrupts chemical bonds, creating ions and free radicals. This ionization can cause significant biological damage, ranging from cellular mutations to severe health effects like cancer, depending on the dose and type of radiation. Applications range from medical imaging and cancer treatment to industrial radiography and, unfortunately, nuclear weaponry.;Google
Vadose zone;The vadose zone represents a critical, unsaturated region of the subsurface, situated between the soil surface and the water table. It’s characterized by a gradient of water content, where the soil is partially saturated with water, and the remaining pore spaces are filled with air. This zone plays a crucial role in hydrological processes, including groundwater recharge, contaminant transport, and root water uptake in plants. Understanding the vadose zone is vital for applications like water resource management, agricultural irrigation, and assessing the movement of pollutants through the soil profile. Its complexity arises from the interplay of capillary forces, hydraulic conductivity, and pore size distributions within the soil matrix.;Google
Repolarization;Repolarization is a fundamental concept in the study of action potentials within excitable cells, primarily neurons and cardiac muscle cells. Following depolarization, where the cell membrane becomes positively charged, repolarization describes the return of the membrane potential towards its resting state. This process involves the gradual closure of voltage-gated sodium channels and the opening of voltage-gated potassium channels. Potassium ions, being more permeable at this stage, flow out of the cell, driven by the electrochemical gradient, restoring the negative charge inside. The duration and characteristics of repolarization vary significantly between different cell types, directly influencing the speed and shape of the action potential.;Google
Subduction;Subduction is a geological process occurring at convergent plate boundaries where one tectonic plate slides beneath another into the Earth’s mantle. This typically occurs when a denser oceanic plate collides with a less dense oceanic or continental plate. The descending plate, known as the subducting plate, heats up due to increasing pressure and temperature as it plunges deeper. This process generates friction, causing earthquakes, and melts the overlying mantle rock, forming magma. This magma then rises to create volcanic arcs, often found parallel to the trench formed by the subduction zone. Subduction is a primary driver of many geological features and volcanic activity globally.;Google
Glycolipid;Glycolipids are a diverse group of lipids characterized by the presence of carbohydrate moieties attached to them. Unlike glycolipids which contain sugar, these molecules consist of a lipid core – typically a fatty acid, glycerol, or sphingosine – linked to one or more sugar residues. They are predominantly found in animal cell membranes, playing crucial roles in cell-cell recognition, cell signaling, and membrane structure. Different glycolipid structures, including cerebrosides and gangliosides, dictate their specific functions. Notably, gangliosides, rich in sialic acid, are particularly important in neuronal development and function. Research continues to explore the implications of glycolipid alterations in diseases like cancer and Alzheimer’s.;Google
Data acquisition;Data acquisition, or DAQ, is a multidisciplinary scientific field focused on the collection and conversion of physical phenomena into digital data for analysis and interpretation. It encompasses sensor technology, signal processing, and data management techniques. DAQ systems typically involve transducers – devices that transform measured quantities like temperature, pressure, or light intensity – into electrical signals. These signals are then digitized by an Analog-to-Digital Converter before being stored or transmitted. Advances in DAQ continually drive innovation in areas such as precision measurement, environmental monitoring, industrial automation, and biomedical research, relying on increasingly sophisticated sensor designs and processing algorithms.;Google
Hubbard model;The Hubbard model is a fundamental model in condensed matter physics used to describe the behavior of interacting electrons in materials, particularly transition metal oxides and rare-earth compounds. It builds upon the simpler Hubbard Hamiltonian by adding a U term representing the Coulomb repulsion between electrons. This term significantly influences the electronic structure and properties of these materials, introducing a strong frustration effect. The model is most effective at describing strongly correlated electron systems where interactions are dominant over kinetic energy. Researchers utilize the Hubbard model to understand phenomena like Mott insulators, antiferromagnetism, and the emergence of metallic behavior, offering a crucial framework for investigating complex electronic correlations.;Google
Ion channel;Ion channels are transmembrane proteins that form pores across biological membranes, facilitating the controlled movement of ions like sodium, potassium, calcium, and chloride. These channels are crucial for nearly all cellular processes, including nerve impulse transmission, muscle contraction, and maintaining cellular volume. They operate based on electrochemical gradients, opening and closing in response to various stimuli such as membrane voltage changes, mechanical stress, or the binding of specific molecules. Different types of ion channels exist, categorized by their gating mechanisms and ion selectivity, representing a fundamental component of cell signaling and physiology. Research continues to explore their involvement in diseases like epilepsy and cystic fibrosis.;Google
Dislocation;Dislocations are fundamental defects within the crystalline structure of materials, primarily metals, that play a critical role in their mechanical properties. They represent steps within the otherwise orderly arrangement of atoms, existing as line defects. There are two primary types: edge dislocations, associated with the breaking of atomic bonds along a slip plane, and screw dislocations, characterized by a spiral-like distortion. These defects allow plastic deformation to occur – permanent shape change – because atoms can easily slide past each other along the dislocation’s line. The movement of dislocations is the dominant mechanism driving plastic flow in most metals, significantly influencing their strength and ductility.;Google
Dysbiosis;Dysbiosis refers to an imbalance within the complex microbial community residing in the human body, primarily within the gut. This disruption involves alterations in the composition and function of these microorganisms, often characterized by a reduction in beneficial bacteria and an overgrowth of potentially pathogenic species. Several factors contribute to dysbiosis, including diet, antibiotic use, stress, and underlying health conditions. The gut microbiota plays a critical role in processes such as digestion, immune system development, and production of essential vitamins. Research increasingly links dysbiosis to a wide range of diseases, including inflammatory bowel disease, obesity, and neurological disorders, highlighting its significant impact on human health.;Google
Fractional quantum Hall effect;The fractional quantum Hall effect describes a remarkable phenomenon observed in two-dimensional electron systems subjected to strong magnetic fields and low temperatures. Unlike the integer quantum Hall effect, which predicts quantized Hall conductivity values as multiples of fundamental constants, the FQHE predicts fractional values, such as 1/3 or 2/5. This arises from the formation of correlated electron fluids, where electrons condense into exotic states described by anyons— quasiparticles possessing fractional statistics. These anyons combine to carry fractional charges and obey statistics other than bosons or fermions, leading to the observed fractional conductivity. The FQHE remains a cornerstone of condensed matter physics and a testbed for exploring novel quantum phenomena.;Google
Homeostasis;Homeostasis refers to the ability of living organisms to maintain a relatively stable internal environment despite changes in external conditions. This dynamic equilibrium is crucial for survival and is achieved through complex regulatory mechanisms involving feedback loops. The body continuously monitors variables such as temperature, pH, and blood glucose levels, and initiates responses to counteract deviations. Negative feedback loops are the primary method, where a change triggers a response that opposes the initial change, restoring the internal state. Examples include sweating to cool the body, or shivering to generate heat. Disruptions to homeostasis can lead to illness or death.;Google
MHC class II;MHC class II molecules are cell-surface proteins crucial for adaptive immunity, specifically mediating humoral responses. They are primarily expressed by antigen-presenting cells – such as dendritic cells, macrophages, and B lymphocytes – and play a key role in recognizing extracellular pathogens. Unlike MHC class I, which presents antigens to cytotoxic T cells, MHC class II presents processed antigens derived from outside the cell. This antigen is typically internalized via endocytosis, then fragmented into peptides. These peptides are then loaded onto the MHC class II molecule for presentation to helper T cells, initiating an antibody response. Genetic variations within the MHC class II region significantly influence an individual's immune response.;Google
Lithography;Lithography is a printing process reliant on photographic techniques to transfer images onto a surface. Originating in the late 18th century, it utilizes a chemically treated base, typically zinc or aluminum, coated with a light-sensitive compound. An image is created by exposing this coating to ultraviolet light through a film positive, which causes areas exposed to light to become soluble. The soluble areas are then wetted with a fat-based solvent, washing away the unprotected bitumen and ink resists. Finally, ink is applied, adhering only to the unaffected bitumen, allowing for image transfer to the printing medium. It remains a crucial method for printing high-quality graphics and text.;Google
