Termo;Text;Label
Predation;Predation is a vital ecological process involving the pursuit, capture, and consumption of other organisms by carnivores or omnivores. It plays a crucial role in regulating population sizes, controlling prey populations, and shaping community composition. Predation involves complex interactions between predators and prey, including foraging strategies, hunting techniques, and physiological adaptations. The pursuit of prey often necessitates specialized adaptations, such as keen senses, camouflage, and predatory weaponry. Successful predation relies on the predator's ability to locate, capture, and consume prey efficiently, while minimizing risks and energy expenditure.;Google
Stem cell;Stem cells are unspecialized cells that have the remarkable potential to develop into all the diverse cell types that make up an organism. These pluripotent cells exist in two primary forms: embryonic and adult. Embryonic stem cells are derived from the inner cell mass of a developing embryo, offering limitless potential to differentiate into virtually any cell type. Adult stem cells are found in various tissues throughout the body and can self-renew while generating specialized cells to repair and maintain tissue integrity. The study and manipulation of stem cells holds immense promise in regenerative medicine, disease treatment, and personalized therapy.;Google
Neuroprotection;Neuroprotection encompasses the diverse strategies employed to safeguard the integrity and functionality of the nervous system from potentially harmful insults. It involves the preservation of neurons, the functional units of the nervous system, from degeneration and death. Neuroprotective approaches aim to mitigate the effects of neurodegenerative diseases, traumatic brain injuries, stroke, and other neurological disorders. These strategies often involve the modulation of cellular pathways, the restoration of damaged tissue, and the enhancement of the body's natural defense mechanisms.;Google
Bone marrow;Bone marrow is a complex tissue residing within the cavities of bones. Composed of hematopoietic cells, mesenchymal stem cells, endothelial cells, and fat cells, it serves as the primary production site for blood cells. Hematopoiesis, the process of blood cell formation, occurs within the specialized microenvironment of bone marrow. Stem cells, the precursors of all blood cell types, are found in the bone marrow and undergo differentiation to produce erythrocytes, leukocytes, and platelets. The regulation of bone marrow function is crucial for maintaining blood cell homeostasis and ensuring adequate oxygen delivery throughout the body.;Google
Synaptic pruning;Synaptic pruning is the process of eliminating unnecessary or redundant synaptic connections between neurons during development. This process is crucial for establishing the final neural circuitry and refining cognitive and motor skills. Neurotransmitters such as glutamate and neuromodulators like BDNF play key roles in triggering synaptic elimination through a process involving long-term depression and competition for limited synaptic resources. The elimination of excess synapses is guided by activity-dependent mechanisms, where frequently used synapses are strengthened while infrequently used synapses are weakened and eventually pruned away.;Google
Mucosa-associated lymphoid tissue;Mucosa-associated lymphoid tissue constitutes a network of lymphoid follicles located beneath the epithelium of organs in contact with the external environment, such as the gastrointestinal tract, respiratory tract, and urogenital tract. Composed of B cells, dendritic cells, and plasma cells, MALT functions as an immunological barrier, producing antibodies in response to antigens encountered in the lumen of these organs. This tissue plays a crucial role in the initiation and regulation of immune responses, ensuring the protection of the body from pathogens and other harmful substances.;Google
Volcanism;Volcanism is the process of rock ejection and lava emission from the Earth's surface through volcanic fissures or craters. It is a complex geological phenomenon driven by the movement and interaction of tectonic plates, mantle convection, and subsurface magma accumulation. Volcanic activity can range from mild, frequent eruptions of small lava domes to massive, infrequent eruptions that can reshape landscapes and pose significant threats to human populations. The composition, frequency, and magnitude of volcanic eruptions vary widely across the globe, influencing the geological evolution and climate of different regions.;Google
Pentose phosphate pathway;The pentose phosphate pathway is a pivotal metabolic process occurring in both plant and animal cells. It functions as a central hub for numerous biochemical reactions, including nucleotide synthesis, amino acid biosynthesis, and the production of reactive oxygen species. The pathway involves a series of enzymatic reactions that convert glucose-6-phosphate to ribose-5-phosphate, a precursor for the synthesis of nucleotides and nucleic acids. Additionally, the PPP contributes to the regeneration of NADPH, an essential cofactor for many antioxidant enzymes.;Google
Attenuated vaccine;An attenuated vaccine employs a weakened form of the pathogen responsible for a disease. This approach diminishes the risk of severe side effects associated with conventional vaccines, as the weakened microorganism cannot replicate extensively within the host. By compromising the pathogen's virulence, the immune system is still stimulated to mount a protective response, generating long-lasting immunity. This strategy has proven particularly useful for vaccinations against viral diseases, such as measles and polio.;Google
Carrying capacity;Carrying capacity refers to the maximum population size of a species that an environment can sustain indefinitely, given the available resources like food, water, shelter, and other vital factors. This ecological concept highlights the balance between population growth and resource availability. The carrying capacity varies depending on the species' biological characteristics and the availability of critical resources in the environment. Exceeding the carrying capacity can lead to resource depletion, environmental degradation, and population decline.;Google
Quantum dot;Quantum dots are nanoscale semiconductor structures that exhibit quantized electronic states. These states arise due to the confinement of electrons within the dot, leading to discrete energy levels. The quantization of charge leads to unique optical and electrical properties, enabling applications in various fields such as quantum information processing, light emission, and sensing. Quantum dots can be fabricated using various techniques, including molecular beam epitaxy and electron beam lithography. They are promising building blocks for future technologies that harness the power of quantum mechanics at the nanoscale.;Google
Lock and key;The lock-and-key mechanism describes the specific interaction between enzymes and their substrates. It postulates that enzymes possess a rigid, well-defined active site that perfectly complements the substrate's binding site, forming a temporary enzyme-substrate complex. The substrate's shape and charge must precisely align with the enzyme's active site to facilitate chemical reactions. This precise fit ensures that only the correct substrate can bind and react efficiently, preventing non-productive interactions with other molecules in the system.;Google
Extracellular matrix;The extracellular matrix is a complex network of proteins, polysaccharides, and water that surrounds and supports cells. It provides structural integrity, regulates cell behavior, and facilitates communication between cells. ECM components interact with cell surface receptors and intracellular signaling pathways to influence cell growth, differentiation, and migration. This dynamic and versatile network plays crucial roles in various physiological processes, including tissue repair, wound healing, and immune response.;Google
Oceanography;Oceanography investigates the physical, chemical, biological, and geological processes that shape and influence the Earth's oceans. It involves the study of seawater composition, circulation patterns, marine ecosystems, ocean sediments, and their interactions with climate change, human activities, and geological timescales. Oceanography employs various scientific disciplines, including physical and biological oceanography, marine geology, and marine ecology, to unravel the mysteries of the oceans and their impact on human societies and the broader planet.;Google
Toughness;Toughness is a multifaceted construct encompassing physical and psychological attributes. It relates to an individual's capacity to withstand adversity, recover from setbacks, and maintain performance under challenging conditions. Scientific research on toughness explores biological underpinnings, psychological strategies, and environmental influences on this trait. Factors influencing toughness include genetic predisposition, prior experiences, coping mechanisms, and resilience. Toughness has been associated with enhanced physical and mental health outcomes, increased resilience to stress, and superior performance in various domains.;Google
Gamma-ray burst;Gamma-ray bursts are among the most luminous and energetic phenomena in the universe. They are sudden, intense flashes of gamma rays, lasting milliseconds to seconds, emitted by distant cosmic objects like collapsed stars or merging neutron stars. GRBs are associated with the most violent and energetic processes in the universe, releasing more energy in a few seconds than the Sun will in its entire lifetime. Their intense bursts of high-energy photons provide valuable insights into the most extreme conditions and processes that shape the cosmos.;Google
Embedding;Embedding refers to the process of representing high-dimensional data as lower-dimensional vectors. This technique is widely used in various fields, including natural language processing, computer vision, and machine learning. By reducing the dimensionality of data, embedding simplifies complex relationships and enhances computational efficiency. The resulting vectors capture the essence of the original data points, enabling similarity comparisons and downstream tasks such as classification, clustering, and representation learning.;Google
Neuroinflammation;Neuroinflammation encompasses the complex cascade of immune responses within the central nervous system. It involves the activation of microglia, resident immune cells in the brain, and the infiltration of peripheral immune cells into the central nervous system. Neuroinflammation can be either beneficial, contributing to tissue repair and homeostasis, or detrimental, leading to neurological disorders such as Alzheimer's disease, Parkinson's disease, and multiple sclerosis. The balance between beneficial and detrimental neuroinflammation is crucial for maintaining cognitive function and neuronal integrity.;Google
Cache coherence;Cache coherence ensures that all processors in a distributed system share a consistent view of memory. It involves mechanisms to detect and resolve inconsistencies between the local cache copies and the main memory. Cache coherence protocols define rules for when to update cache entries to maintain synchronization. By maintaining coherence, processors can access the most recent data without unnecessary data conflicts or stale values. This is crucial for efficient parallel processing and synchronization in multi-processor systems.;Google
Single-cell analysis;Single-cell analysis encompasses an array of technologies that enable the investigation of biological processes at the individual cell level. By isolating and analyzing cells one at a time, researchers can gain unprecedented insights into cellular diversity, function, and disease mechanisms. Techniques such as droplet-based sorting, fluorescence-activated cell sorting, and mass cytometry enable the capture, manipulation, and analysis of individual cells. Single-cell RNA sequencing and single-cell proteomics permit the profiling of cellular transcriptome and proteome, respectively. These approaches have revolutionized biological research by providing detailed information about cellular behavior, regulation, and disease progression at the individual cell level.;Google
Triple-alpha process;The Triple-alpha process is a fundamental nuclear fusion reaction that occurs in stellar cores and is responsible for the production of helium from hydrogen. It involves the simultaneous capture of two alpha particles by a third alpha particle, releasing a tremendous amount of energy. This process is crucial for driving the energy production in many stars, including the Sun. The reaction proceeds through a series of quantum mechanical tunneling events and requires high temperatures and densities for efficient occurrence.;Google
Leaving group;A leaving group is a functional group that departs with a proton during a chemical reaction. This departure creates a new bond between the remaining atoms or groups and the incoming reactant. Stability of the leaving group is crucial in determining the rate and mechanism of many reactions. Stronger leaving groups depart more readily and with greater displacement power. The presence of a good leaving group facilitates the formation of new bonds by making one atom or group a better electrophile.;Google
Holographic principle;The holographic principle describes the phenomenon of wave interference that results in the formation of a three-dimensional representation of an object in its entirety. When light interacts with an object, its waves scatter in all directions, forming a diffraction pattern. The holographic principle exploits the superposition of these waves to capture a complete representation of the object in its entirety. In holography, a coherent light source illuminates the object, and the scattered waves are recorded by a photosensitive plate positioned behind the object. The resulting interference pattern contains the complete information about the object's shape and structure.;Google
Endospore;An endospore is a dormant, metabolically inactive structure produced by certain bacteria as a survival strategy in harsh environments. Formed within the bacterium, an endospore encapsulates the bacterial genome and essential metabolic pathways, protecting them from environmental stressors such as heat, radiation, and dehydration. When conditions become favorable again, the endospore germinates, restoring the bacterium to an active state. The formation and germination of endospores are regulated by complex genetic networks and play a crucial role in the persistence and survival of bacterial populations in diverse habitats.;Google
BCS theory;BCS theory describes the superconducting state of matter as a result of the condensation of Cooper pairs. It posits that in certain materials, electrons pair up to form stable entities called Cooper pairs, which experience an effective attraction despite the repulsion between electrons. This pairing leads to the formation of macroscopic quantum coherence, resulting in zero electrical resistance and the expulsion of magnetic fields from the material. The strength of the pairing is quantified by the pairing parameter, which is crucial for understanding the superconducting properties of various materials.;Google
Cellular respiration;Cellular respiration is the metabolic pathway that cells use to extract energy from organic molecules. It is a complex series of biochemical reactions that break down nutrients like glucose into carbon dioxide and water, releasing energy that is used to generate adenosine triphosphate, the cell's primary energy currency. Cellular respiration occurs in three stages: glycolysis, the Krebs cycle, and oxidative phosphorylation. ATP production through cellular respiration is vital for maintaining cellular homeostasis, powering vital cellular processes, and facilitating various biochemical reactions.;Google
Neural tissue engineering;Neural tissue engineering explores the development of strategies to repair and regenerate damaged nervous systems. This interdisciplinary field combines knowledge from neuroscience, engineering, and materials science to design and fabricate functional neural tissue substitutes. Approaches involve cell-based strategies, where neural cells are directly transplanted or grown on scaffolds, alongside extracellular matrix engineering, which involves manipulating the composition and architecture of the neural extracellular environment. The ultimate goal is to restore sensory, motor, and cognitive functions to patients with neurological disorders.;Google
Principal component analysis;Principal component analysis is a multivariate statistical technique that seeks to reduce dimensionality of a dataset by identifying underlying latent variables. It involves transforming the original data into a new coordinate system where the first principal component is the linear combination that explains the greatest variance in the data, and subsequent principal components capture progressively smaller amounts of variance. PCA is widely used for data visualization, feature extraction, and model simplification in various fields, including statistics, machine learning, and social sciences.;Google
Cloning;Cloning involves the complex process of creating a genetically identical copy of an organism. Through nuclear transfer or other methods, genetic material is transferred from a donor cell to an empty or recipient cell. The recipient cell is then nurtured and stimulated to develop into a genetically identical copy of the donor. Cloning techniques have been applied to various organisms, including animals, plants, and bacteria. The process relies on understanding cell biology, genetics, and developmental processes to manipulate and replicate genetic material.;Google
Game theory;Game theory explores the strategic decision-making of individuals in situations where their actions influence the outcomes experienced by themselves and others. It analyzes how players weigh potential outcomes, considering the actions of others, to make choices that maximize their own interests. This framework examines cooperative and non-cooperative scenarios, employing concepts like Nash equilibrium and bargaining models to describe how individuals reach decisions in the absence of complete information or control over outcomes.;Google
Titration;Titration is a chemical analysis technique involving the gradual addition of a known solution to an unknown solution until a chemical reaction between them reaches completion. The endpoint of the titration is indicated by a change in the solution's properties, such as pH or electrical conductivity. The volume of titrant required to reach the endpoint provides quantitative information about the concentration of the analyte. This technique is widely used to determine the concentration of acids, bases, and other substances in solutions.;Google
Leukopoiesis;Leukopoiesis refers to the process of bone marrow production of immature leukocytes, which subsequently mature into various types of white blood cells. It involves the proliferation and differentiation of hematopoietic stem cells in the bone marrow into progenitor cells, which then mature into mature leukocytes. Factors such as cytokines and growth factors influence the process of leukopoiesis, ensuring the production of adequate numbers and types of leukocytes in response to physiological and pathological conditions.;Google
Molecular recognition;Molecular recognition involves the specific interactions between molecules that underpin biological processes. It encompasses the physical processes by which molecules identify and bind to their targets. This recognition is crucial for numerous functions, including cell signaling, enzyme catalysis, gene regulation, and immune responses. The key mechanisms include hydrogen bonding, ionic interactions, van der Waals forces, and specific chemical interactions. Molecular recognition relies on complementary shapes and charges between molecules, allowing them to bind to their targets with high affinity and selectivity.;Google
Asymptotic giant branch;An Asymptotic Giant Branch is a phase in stellar evolution where a star exhausts its nuclear fuel and undergoes significant morphological and compositional changes. The core becomes degenerate, and the star expands in size, luminosity, and temperature. AGBs are associated with the late stages of stellar evolution of low- and intermediate-mass stars. During this phase, the star's outer layers are expelled through stellar winds, enriching the interstellar medium. The core eventually collapses, forming a neutron star or a black hole.;Google
Pi bond;A pi bond is a type of covalent bond formed by the lateral overlap of two atomic orbitals along a plane perpendicular to the internuclear axis. In this arrangement, electron density is concentrated above and below the plane of the bond, resulting in directional repulsion between electrons in adjacent bonds. Pi bonds are essential for the stability and reactivity of many organic and inorganic molecules. Their orientation and arrangement play a crucial role in determining chemical reactivity and physical properties.;Google
Hemoglobin;Hemoglobin is a protein found in red blood cells that transports oxygen throughout the body. Composed of four polypeptide chains, each with a heme group containing iron, hemoglobin binds to oxygen molecules in the lungs and releases them in tissues with lower oxygen concentration. The iron atom in hemoglobin undergoes oxidation-reduction cycles during oxygen transport, enabling efficient delivery of oxygen to cells. Hemoglobin's oxygen-binding capacity and transport efficiency are regulated by factors such as pH, partial pressure of oxygen, and temperature.;Google
Computability;Computability deals with the formal study of algorithms, focusing on the limits of what can be computed by machines. It examines the theoretical models of computation, such as Turing machines, to determine whether certain mathematical problems are solvable by algorithms. The field explores the relationship between the complexity of algorithms and the resources required to execute them. Computability theory investigates the fundamental properties of algorithms and their ability to solve problems, establishing the boundaries of what can be computed efficiently and effectively.;Google
Apical ectodermal ridge;The apical ectodermal ridge is a thickened strip of cells along the dorsal surface of vertebrate embryos that gives rise to the central nervous system. It guides the formation of neural structures, including the brain and spinal cord. The AER is responsible for initiating neural differentiation and expressing key developmental genes. It interacts with other embryonic structures, such as the neural plate and the mesoderm, to establish the neural axis.;Google
Spread spectrum;Spread spectrum refers to the technique of modulating a signal over a wide frequency range, resulting in a broadened spectrum. This deliberate spreading of the signal's energy mitigates the effects of interference and jamming by exploiting the statistical properties of noise. The signal's energy is distributed over a larger frequency domain, making it less susceptible to interference from other signals occupying the same frequency band. This technique is commonly employed in various communication systems, including radio, television, and wireless communication, to enhance security and resilience against interference.;Google
Finite difference method;The finite difference method approximates derivative-based partial differential equations as algebraic equations. It utilizes grid points to represent the domain of the equation, and the differential operators are approximated using differences between neighboring grid points. This method converts the differential equation into a system of algebraic equations, which can be solved numerically using iterative methods like Gauss-Seidel or LU decomposition. Widely used in engineering, physics, and applied mathematics, the finite difference method offers a practical approach to solving complex differential equations numerically.;Google
Hsp70;Hsp70 is a chaperone protein expressed in response to cellular stress, including heat shock, oxidative stress, and nutrient deprivation. It binds to unfolded or partially folded proteins, preventing aggregation and facilitating their proper folding or degradation. Hsp70 is crucial for maintaining protein homeostasis in healthy cells and is involved in numerous cellular processes, such as protein synthesis, folding, and trafficking. It also plays a role in disease pathogenesis, as elevated levels of Hsp70 have been associated with various disorders, including cancer, neurodegenerative diseases, and cardiovascular diseases.;Google
Limb bud;A limb bud is a specialized embryonic tissue that gives rise to the limbs. During vertebrate development, limb buds emerge from the axial skeleton and undergo complex morphogenesis to form the limbs. Each limb bud consists of a proximal and distal portion, separated by the elbow and knee joints in limbs with flexion. The proximal portion gives rise to the upper limb structures, while the distal portion forms the lower limb structures. The limb bud undergoes tissue specification, where specific cell populations differentiate into bones, muscles, nerves, and blood vessels.;Google
Biosignature;A biosignature refers to any observable pattern in the biological molecules of a planet or moon that suggests the presence of past or present life. Biosignatures can be detected in atmospheres, oceans, or even solid surfaces. The presence of specific molecules like methane, oxygen, or water vapor in unusual amounts, along with signs of chemical alteration by biological processes, can indicate the potential for life. Biosignatures are crucial in the search for extraterrestrial life and provide valuable clues about the habitability of other celestial bodies.;Google
Hidden Markov model;A Hidden Markov Model is a statistical model that describes a sequence of observable events as the result of an underlying, unobservable process. It treats the observed sequence as the output of a hidden Markov process, where the states of the process are not directly observable but influence the observed events. HMMs have applications in diverse fields, such as speech recognition, machine translation, and bioinformatics. They capture the temporal dependencies within a sequence while allowing for uncertainty in the underlying states.;Google
p-value;A p-value quantifies the probability of observing a statistical discrepancy as extreme as, or more extreme than, the observed data, assuming that the null hypothesis is true. It assesses the strength of evidence against the null hypothesis by determining the probability of obtaining the observed results solely due to random chance. A low p-value suggests that the observed difference is statistically significant, indicating that the null hypothesis is likely false. Conversely, a high p-value indicates insufficient evidence to reject the null hypothesis.;Google
Ubiquitin;Ubiquitin is a small protein found in all eukaryotic cells. It plays crucial roles in numerous cellular processes, including cell cycle regulation, signal transduction, and protein degradation. Ubiquitination involves the covalent attachment of ubiquitin molecules to target proteins, marking them for degradation by the proteasome. This process is crucial for maintaining cellular homeostasis and regulating various cellular activities. Ubiquitination also participates in cellular defense mechanisms by tagging damaged or potentially harmful proteins for destruction.;Google
Cell adhesion;Cell adhesion refers to the dynamic processes that enable cells to connect with each other and the extracellular matrix. This complex network of interactions is crucial for maintaining tissue integrity, regulating cell behavior, and facilitating various physiological processes. Cell adhesion involves the interaction of cell surface receptors with ligands on neighboring cells or the extracellular matrix. Different types of cell surface receptors and ligands mediate specific adhesion processes, influencing cell sorting, migration, and differentiation.;Google
ABC transporter;ABC transporters are a superfamily of membrane-bound proteins responsible for the active transport of various substrates across biological membranes. These transporters utilize energy from ATP hydrolysis to pump molecules such as ions, amino acids, sugars, and drugs against their concentration gradients. Mutations in ABC transporters can lead to drug resistance, genetic disorders, and cancer metastasis. They play crucial roles in numerous physiological processes, including nutrient uptake, drug elimination, and immune response.;Google
Causal dynamical triangulation;Causal dynamical triangulation is a framework for inferring causal relationships from multivariate time series data. It utilizes conditional independence tests to identify conditional dependencies between pairs of variables, constructing a directed acyclic graph representation of the causal relationships. CDT involves estimating interaction potentials between pairs of variables and selecting the most likely causal directions based on statistical measures like conditional mutual information. This approach avoids collider bias and handles confounding factors by explicitly modeling temporal dependencies within the data.;Google
Calixarene;Calixarenes are organic molecules featuring bowl-shaped structures composed of multiple aromatic rings linked by methylene groups. These unique structures endow calixarenes with interesting physicochemical properties, leading to their application in diverse fields. They find use as molecular recognition agents due to their ability to bind to specific guests through hydrogen bonding or other interactions. Calixarenes also exhibit potential as drug delivery systems, sensors, and catalysts due to their structural flexibility and adaptability.;Google
Particulate matter;Particulate matter refers to microscopic solid or liquid particles suspended in the air. PM can originate from natural sources such as volcanic eruptions, forest fires, and soil erosion, or from human activities like industrial processes, vehicle exhaust, and power plants. PM concentrations are measured in micrograms per cubic meter and are classified based on their size. PM2.5 refers to particles with a diameter of 2.5 micrometers or less, while PM10 includes particles with a diameter of 10 micrometers or less. PM pollution can have significant effects on human health, causing respiratory problems, cardiovascular diseases, and other adverse outcomes.;Google
Peptidoglycan;Peptidoglycan is a linear polymer of sugars and amino acids that forms the structural framework of bacterial cell walls. Its synthesis is crucial for bacterial viability, as it provides both mechanical support and selective permeability. The polymer chains are cross-linked by various enzymes to form a rigid network that protects the cell from external stresses and maintains its integrity. Peptidoglycan also interacts with other cell wall components, such as teichoic acids, to regulate cell shape and division.;Google
Antibody;An antibody is a protein produced by the immune system in response to an antigen. Antibodies bind to specific antigens, neutralizing them or marking them for destruction. Produced by plasma cells, antibodies are designed to protect against disease by identifying and eliminating foreign invaders such as bacteria, viruses, fungi, and parasites. Each antibody molecule has four domains: the heavy chain variable domain, the heavy chain constant domain, the light chain variable domain, and the light chain constant domain. These domains work together to recognize and bind to antigens with high affinity and specificity.;Google
Genetic drift;Genetic drift refers to the random fluctuation of allele or genotype frequencies in a population over time, due to chance rather than natural selection. This stochastic variation can lead to allele fixation or extinction, regardless of their fitness. Drift is primarily driven by sampling error in gamete production and can result in allele frequencies deviating from their equilibrium values. It is an important evolutionary force that can contribute to genetic diversity and speciation.;Google
RefSeq;RefSeq is a comprehensive sequence database encompassing the genomes of bacteria, archaea, viruses, and fungi. It serves as a central repository for nucleotide sequences and their metadata, facilitating research, diagnostics, and public health initiatives. The database employs a rigorous quality control pipeline to ensure accuracy and reliability of the curated sequences. RefSeq also offers tools for sequence analysis, comparative genomics, and annotation, supporting scientific advancements in various disciplines.;Google
Pseudogene;Pseudogenes are non-functional copies of genes present in the genome. Despite possessing sequence homology to functional genes, they lack the necessary regulatory elements or have undergone debilitating mutations that render them incapable of producing viable proteins. While some pseudogenes may harbor remnants of their ancestral function, others appear to have been passively duplicated and maintained in the genome due to their physical proximity to functional genes. Pseudogenes can provide insights into genome evolution and gene regulation, as they offer glimpses of past gene function and regulatory landscape.;Google
Depth-first search;Depth-first search is a graph traversal algorithm that explores as many nodes as possible before backtracking and exploring other nodes. It maintains a 'depth limit' by tracking the number of nodes explored from a given node. When the depth limit is reached, the algorithm backtracks to the previous node and explores other unexplored nodes at the same depth level. This process continues until the entire graph has been traversed. DFS algorithms can be used to find connected components, cycles, and topological orderings in graphs.;Google
Topology;Topology explores the fundamental properties of spaces that remain invariant under continuous deformations. It deals with the study of shapes, structures, and their relationships, focusing on their intrinsic features rather than their metric or geometric properties. Topological spaces are characterized by their connectivity, homology groups, and fundamental groups, which are invariant under continuous deformations. Applications of topology extend to various fields, including geometry, physics, engineering, and computer science.;Google
Optical flow;Optical flow refers to the apparent movement of visual information across a visual field due to relative motion between the observer and the environment. It is a fundamental concept in computer vision and robotics, used for tasks such as object tracking, motion estimation, and stereo correspondence. The optical flow field describes the direction and magnitude of motion of pixels in an image, providing information about the relative motion between objects and the observer. It is computed by analyzing the changes in pixel intensities over time, considering factors such as illumination variations, camera motion, and object movement.;Google
Folate;Folate, also known as vitamin B9, is a water-soluble vitamin crucial for cell metabolism. Its primary functions include facilitating DNA synthesis and repair, regulating cell division, and maintaining normal cell function. Folate is essential for the synthesis of amino acids, the building blocks of proteins, and is involved in folate metabolism. It is found in many plant-based foods, including leafy greens, legumes, and citrus fruits. Dietary folate is converted to active folate in the body, which is essential for various physiological processes.;Google
Sedimentary rock;Sedimentary rocks are sedimentary deposits that have been transformed into solid rock through the processes of compaction, cementation, and mineralization. Formed from the accumulation and consolidation of sediment over time, these rocks contain layers and bedding indicative of their sedimentary origins. Sedimentary rocks are characterized by their diverse compositions, reflecting the varying conditions of deposition and the composition of the source material. They often exhibit sedimentary structures such as ripple marks, cross-bedding, and laminations, providing clues about the paleoenvironmental conditions during their formation.;Google
Breadth-first search;Breadth-first search is a graph traversal algorithm that explores the nodes of a graph level by level. It begins by selecting a node and marking it as visited. Then, it iterates over the neighboring nodes of the current node, marking them as visited and continuing the traversal process. BFS guarantees that all nodes at a given level of the graph are visited before exploring any nodes at the next level. This approach ensures that the algorithm discovers all nodes reachable from the starting node within a certain distance.;Google
Tubulin;Tubulin is a ubiquitous protein found in all eukaryotic cells. It forms a dynamic and flexible polymer known as microtubules, which are essential for numerous cellular processes such as cell division, intracellular transport, and structural support. Tubulin subunits undergo cycles of polymerization and depolymerization, allowing microtubules to extend, contract, and reorganize rapidly. This dynamic behavior is crucial for cellular motility, shape maintenance, and the proper functioning of many cellular systems.;Google
Thrust;Thrust is the net force exerted by a fluid that causes its motion or deformation. It is the result of the pressure differential between two points in the fluid, with the higher-pressure region exerting a force on the lower-pressure region. Thrust can be generated by various mechanisms, such as propulsive devices like jets or propellers, or by hydrodynamic phenomena like buoyancy or fluid acceleration. The magnitude and direction of thrust depend on the physical characteristics of the fluid and the geometry of the system.;Google
Ozone depletion;Ozone depletion refers to the gradual thinning of the ozone layer in the stratosphere, primarily caused by human activities that release ozone-depleting substances into the atmosphere. ODSs, such as chlorofluorocarbons and halons, were widely used in industries like refrigeration, aerosol cans, and fire extinguishers. When released, ODSs rise into the stratosphere and break down, releasing chlorine and bromine atoms. These atoms destroy ozone molecules through a catalytic cycle, leading to ozone depletion and increased ultraviolet radiation reaching the Earth's surface.;Google
Anesthesia;Anesthesia involves the controlled manipulation of consciousness, memory, and pain perception through the administration of medications. Its primary goal is to alleviate discomfort, facilitate medical procedures, and ensure patient safety during surgery or other medical interventions. Anesthesia techniques range from general anesthesia, which completely suppresses consciousness, to regional anesthesia, which selectively blocks pain in specific areas of the body. The selection of an appropriate anesthesia method depends on the patient's medical history, the nature of the procedure, and the expertise of the anesthesiologist.;Google
L-function;An L-function is a mathematical function that arises in various contexts, including number theory, harmonic analysis, and cryptography. It is typically defined as a complex-valued function of a complex variable, satisfying certain functional equation and asymptotic properties. L-functions play a fundamental role in the study of analytic number theory, where they are used to express the distribution of prime numbers and solve various arithmetic problems. They also appear in diverse areas of mathematics, such as algebraic geometry, representation theory, and statistical mechanics.;Google
Lepton;Leptons are elementary particles that are extremely small and carry only half a unit of electric charge. They exist in six types: electron, electron neutrino, muon, muon neutrino, tau, and tau neutrino. Leptons are fundamental constituents of atoms and play a crucial role in various phenomena such as nuclear reactions, particle decay, and the behavior of stars. They are responsible for the weak nuclear force and are involved in many fundamental interactions in the universe.;Google
Mirror neuron;Mirror neurons are brain structures that simultaneously activate both when an individual performs an action and when they observe someone else performing the same action. This phenomenon was first discovered in monkeys and has since been observed in humans and other species. Neurologically, mirror neurons are characterized by shared neural representation between action execution and observation. They facilitate social learning, empathy, and imitation by allowing individuals to understand the intentions and actions of others based on their own motor experiences.;Google
Loop quantum gravity;Loop quantum gravity proposes an alternative approach to quantizing gravity, where spacetime itself becomes quantized as an elastic membrane. It treats gravity as a quantum mechanical process, where energy and momentum are not exchanged only between objects but also with the very fabric of spacetime. This theory attempts to resolve certain limitations of general relativity by introducing quantum effects and non-commutative geometry, leading to a modified description of gravity at the quantum level.;Google
Diffusion;Diffusion is the net movement of molecules or particles from a region of higher concentration to a region of lower concentration. This process is driven by random molecular motion and plays a crucial role in many scientific disciplines, including physics, chemistry, and biology. Diffusion facilitates the spreading of substances, such as gases, liquids, and solutes, throughout a system. It is responsible for phenomena like gas exchange in lungs, solute diffusion through cell membranes, and the gradual decay of concentration gradients over time.;Google
Prolactin;Prolactin is a hormone primarily secreted by the pituitary gland. It plays crucial roles in regulating milk ejection during breastfeeding, as well as influencing reproductive function, growth, and stress response. Prolactin secretion is controlled by various factors, including neurotransmitters, other hormones, and feedback loops involving its receptors. Its effects extend beyond reproduction, influencing processes such as immune function and bone metabolism.;Google
Inattentional blindness;Inattentional blindness refers to the phenomenon of failing to notice salient events or objects in the environment due to sustained attention on a different, often more central, stimulus. This surprising omission arises from the limitations of visual working memory, which can only hold a limited amount of information in active processing at any given time. When attention is directed elsewhere, previously attended objects or features gradually fade from awareness, leading to the phenomenon known as involuntary blindness.;Google
Photon;A photon is a minute particle of light that exhibits both wave and particle-like behavior. It is the fundamental particle of electromagnetic radiation, including gamma rays, X-rays, microwaves, infrared light, and visible light. Photons have no mass, no electric charge, and travel at the speed of light. They are responsible for all electromagnetic interactions, including the emission and absorption of light, and play a crucial role in numerous scientific fields such as physics, chemistry, and astronomy.;Google
Aquaporin;Aquaporins are integral membrane proteins responsible for facilitating the passive transport of water across biological membranes. They are crucial for maintaining hydration and hydrostatic balance in numerous physiological processes, including cell turgor regulation, urine concentration, and plant water transport. Aquaporins exhibit selective permeability, allowing only water molecules to pass through the membrane while excluding ions and other solutes. This transport mechanism is essential for numerous physiological functions, including plant water uptake, blood circulation, and the functioning of kidneys and other organs.;Google
Optical coherence tomography;Optical coherence tomography is a non-invasive imaging technique that utilizes low-coherence light to visualize structures with micrometer-scale resolution in biological tissues. OCT employs the principle of interference to capture and analyze reflected light signals from tissues, providing detailed information about their structural and optical properties. By measuring the time delay between the emission and reception of light within tissues, OCT can generate cross-sectional images with high axial resolution, allowing visualization of cellular and tissue morphology in real-time.;Google
Beta-lactamase;Beta-lactamase is an enzyme produced by bacteria and fungi that breaks down beta-lactam rings present in many antibiotics, including penicillin and amoxicillin. This enzymatic hydrolysis mechanism renders these antibiotics ineffective against the microorganism producing the beta-lactamase. The enzyme exhibits substrate selectivity, preferentially cleaving certain beta-lactam antibiotics while leaving others intact. Beta-lactamase is crucial for the adaptability of bacteria to antibiotic treatments and can contribute to antibiotic resistance.;Google
Checkpoint inhibitor;Checkpoint inhibitors harness the immune system's own regulatory mechanisms to enhance antitumor immune responses. By blocking immune checkpoints like PD-1 or CTLA-4, these therapies restore the efficacy of exhausted T cells by lifting the inhibitory signals that limit their proliferation, cytotoxicity, and cytokine production. By unleashing the brakes on the immune system, checkpoint inhibitors stimulate durable tumor regression and enhance the long-term survival of cancer patients.;Google
RIG-I;RIG-I is an endoplasmic reticulum-resident protein that plays a crucial role in innate immunity. It senses viral infection and initiates intracellular signaling pathways leading to the production of type I interferons and other inflammatory cytokines. RIG-I binds to viral double-stranded RNA intermediates during viral replication, triggering the adaptor protein MDA5 to initiate downstream signaling events. This interaction is essential for the innate immune response against various viral infections, including influenza and rabies.;Google
Sedimentary basin;A sedimentary basin is a topographic depression filled with sedimentary rocks. Formed by the accumulation of sediment transported by water, wind, or ice over geological time, these basins contain vital records of past environments and climate change. Sedimentation occurs in areas where sediment accumulation exceeds erosion, resulting in the gradual filling of the basin. The size, shape, and sedimentary history of these basins vary widely, influencing their potential for fossil discoveries, mineral resources, and groundwater storage.;Google
Ductility;Ductility is the capacity of a material to deform plastically without rupture. It is a key mechanical property that describes the extent to which a material can be stretched or deformed before breaking. Ductile materials exhibit significant permanent deformation after the applied force is removed. This property is crucial in industries such as engineering, construction, and manufacturing, where materials need to possess the ability to bend or flex without cracking or breaking.;Google
Activation function;Activation functions are non-linear mathematical functions applied in artificial neural networks to introduce non-linearity into the network's computations. They determine the output of a neural network unit by transforming the weighted sum of input values into an output value. Popular activation functions include sigmoid, ReLU, tanh, and softmax, each with unique characteristics and suitability for different tasks. The choice of activation function is crucial as it influences the network's learning capabilities and performance.;Google
Kerr effect;The Kerr effect describes the rotation of the polarization plane of light passing through certain materials. This phenomenon is caused by the birefringence of these materials, which means they exhibit different refractive indices for different polarization components of light. The magnitude of the rotation depends on the intensity of the light and the properties of the material. The Kerr effect is commonly observed in liquids containing molecules with permanent electric dipoles, such as organic compounds or biological molecules.;Google
Green chemistry;Green chemistry encompasses the design, manufacture, and utilization of chemical products and processes that minimize environmental impact. It emphasizes the use of renewable feedstocks, energy-efficient processes, and biodegradable or recyclable materials. Green chemistry principles prioritize the prevention of waste, reduction of hazardous substances, and utilization of safer chemicals. It involves the application of innovative technologies to transform chemical industries towards sustainability, minimizing greenhouse gas emissions, air and water pollution.;Google
Naphthalene;Naphthalene is a polycyclic hydrocarbon consisting of two fused benzene rings. It exhibits strong aromatic character and undergoes electrophilic aromatic substitution readily. Naphthalene exists in various forms, including ortho-, meta-, and para-naphthalene, distinguished by the relative positions of the hydrogen atoms on the rings. Naphthalene is widely used in the production of dyes, perfumes, pharmaceuticals, and plastics. It is also a naturally occurring component of coal tar and is found in certain plants and insects.;Google
Chondrocyte;Chondrocytes are specialized cells that form the building blocks of cartilage tissue. They are abundantly populated by water, proteoglycans, and collagen fibers, which enable them to resist compression and bending forces. Chondrocytes synthesize and secrete the structural components of cartilage, including collagen and proteoglycans, while also regulating the metabolic processes of the tissue. They have a unique metabolism distinct from other cells in the body, relying on glycolysis for energy production and synthesizing essential molecules for cartilage integrity.;Google
Resonance;Resonance refers to the delocalization of electrons within a molecule, resulting in a strengthening of certain bonds and a weakening of others. This phenomenon occurs when electrons can be distributed among multiple atoms or groups of atoms, leading to multiple valid electron arrangements. The actual electron distribution in a molecule is often a weighted average of these resonance structures. Resonance enhances stability by lowering the overall energy of the molecule and reducing electron density at any single bond.;Google
Inner cell mass;Inner cell mass constitutes the embryonic tissue from which all cell types of a multicellular organism arise. During embryonic development, the ICM is the innermost cell mass of a blastocyst. It undergoes complex cell division and differentiation, giving rise to the entire body, including organs, tissues, and structures. The ICM's potential to generate all cell types is known as pluripotency.;Google
Dermal fibroblast;Dermal fibroblasts are specialized cells residing in the extracellular matrix of the dermis, the middle layer of the skin. They play crucial roles in maintaining skin integrity, elasticity, and functionality. Fibroblasts synthesize and secrete collagen, elastin, and other structural proteins that provide strength and resilience to the skin. They also regulate the activity of other cells in the dermis, influencing blood flow, water retention, and sensory perception. Additionally, fibroblasts are involved in wound healing, inflammation, and immune response.;Google
Standard Model;The Standard Model is a theoretical framework that describes the fundamental particles and forces of the universe. It explains the behavior of approximately 99.9999998% of the matter and energy in the cosmos. This remarkable theory unifies the electromagnetic force with the weak nuclear force, and treats gravity as a quantum gravitational effect. It incorporates the known elementary particles, their antiparticles, and their interactions through the exchange of force-carrying particles. The Standard Model has been incredibly successful in explaining experimental results and unifying disparate aspects of particle physics.;Google
Wax ester;Wax esters are natural, long-chain esters primarily derived from fatty acids and alcohols derived from plants or animals. Produced by the esterification of fatty acids with alcohols, these esters are solid at room temperature and possess hydrophobic properties. Found in numerous natural sources, such as plant cuticles and pollen grains, wax esters serve protective functions in various environments. They are also synthesized commercially for applications in cosmetics, lubricants, and protective coatings.;Google
Photon statistics;Photon statistics delve into the quantized behavior of light, exploring the emission, absorption, and transport of photons. It examines the probability of detecting a photon at a given time and location, describing the fluctuations and correlations of light fields. Key concepts include photon counting statistics, which reveal the number of photons emitted or absorbed in a process, and the Poisson distribution, which models the probability of detecting a certain number of photons in a given time interval. Understanding photon statistics is crucial for unraveling the behavior of light in various optical systems, including detectors, lasers, and quantum information processing.;Google
Atopy;Atopy, also known as allergic disease, is a complex immune response to harmless substances like pollen, dust mites, or food. It involves the abnormal activation of immune cells, leading to symptoms such as sneezing, runny nose, watery eyes, and difficulty breathing. The underlying mechanisms involve genetic predisposition, environmental triggers, and dysregulated immune responses. Atopy encompasses conditions like asthma, hay fever, and allergic rhinitis, which affect a significant proportion of the population worldwide.;Google
Atomic force microscopy;Atomic force microscopy utilizes a sharp, flexible cantilever to probe the surface of a sample. It employs a feedback loop to maintain a constant force between the tip and the surface, allowing for precise measurement of surface topography and properties. The tip interacts with the sample through van der Waals forces, electrostatic interactions, or other specific forces. By rastering the tip across the surface, AFM creates a detailed map of the sample's topography. The technique can be used for imaging biological samples, studying nanometer-scale structures, and analyzing surface properties such as adhesion, friction, and elasticity.;Google
Etiology;Etiology explores the origins and underlying factors that contribute to the development of diseases or disorders. It involves identifying the specific causes or risk factors associated with a particular condition. Etiological studies investigate the interplay of biological, environmental, and social factors in disease processes. This knowledge is crucial for understanding the mechanisms of disease, predicting future outbreaks, and developing targeted interventions to prevent or mitigate their impact.;Google
Gel electrophoresis;Gel electrophoresis is a laboratory technique used to separate nucleic acids or proteins based on their size and electrical charge. It involves immersing a gel material with pores of varying sizes into an electric field. Molecules are loaded into the gel and subjected to an electric current. Smaller molecules migrate faster through the gel, while larger molecules are retarded. The separated molecules can then be visualized using fluorescent dyes or stains. This technique is widely used in molecular biology for DNA cloning, paternity testing, genetic diagnosis, and research.;Google
Inhibitory control;Inhibitory control refers to the neurocognitive processes involved in suppressing unwanted or excessive responses, selectively maintaining attention, and regulating emotional and behavioral impulses. It necessitates the ability to control ongoing actions and thoughts, overriding automatic or habitual responses. Neuroimaging studies have identified various brain regions implicated in inhibitory control, including the prefrontal cortex, basal ganglia, and thalamus. This ability is crucial for navigating social and physical environments, maintaining cognitive flexibility, and preventing inappropriate or harmful actions.;Google
Protein Data Bank;The Protein Data Bank is a repository of protein structures determined by experimental techniques such as X-ray crystallography and nuclear magnetic resonance. It facilitates scientific research by providing a central archive for structural biology data. The PDB stores detailed information about protein molecules, including their atomic coordinates, chemical environments, and conformational changes. Researchers can access and download this information to study protein function, design new drugs, and better understand the molecular basis of diseases.;Google
Transition state;A transition state is a temporary, high-energy complex formed during a chemical reaction. It represents the configuration of the reactants just before bond breakage and formation occur. The energy of the transition state is typically higher than that of the reactants and products. The rate of a chemical reaction is directly related to the height of the energy barrier that must be overcome to reach the transition state. Lowering this barrier increases the probability of overcoming it and reaching product formation.;Google
Abrupt climate change;Abrupt climate change refers to rapid shifts in temperature, precipitation patterns, and other environmental conditions over timescales of decades or centuries. Such changes deviate significantly from the gradual changes associated with gradual climate change. Scientific evidence suggests that abrupt climate shifts have occurred throughout Earth's history, primarily driven by volcanic eruptions, massive methane releases from wetlands, and changes in ocean circulation patterns. These events often result in sudden cooling, ocean acidification, and ecosystem collapse. Understanding these abrupt shifts is crucial for assessing future climate risks and developing adaptation strategies.;Google
Nuclear medicine;Nuclear medicine involves the application of radioactive substances, known as radioisotopes, to diagnose and treat various medical conditions. It employs imaging techniques to visualize organs and tissues, detect abnormalities, and guide treatment decisions. The use of isotopes enables the visualization of metabolic processes, blood flow patterns, and the functioning of organs. Nuclear medicine procedures involve administering radioisotopes intravenously, orally, or topically, followed by imaging with specialized detectors. The resulting images provide valuable information about the distribution and concentration of the isotope within the body, aiding in diagnosis and treatment.;Google
Carbon footprint;A carbon footprint quantifies greenhouse gas emissions attributable to human activities, primarily energy production and land use. It measures the amount of carbon dioxide and other greenhouse gases emitted by an individual, organization, or nation over a given period of time. The metric tracks emissions from fossil fuel combustion, deforestation, and industrial processes, expressing them as the equivalent amount of carbon dioxide released into the atmosphere. A smaller carbon footprint signifies reduced greenhouse gas emissions and a lower environmental impact.;Google
Non-coding RNA;"Non-coding RNAs are RNA molecules that do not encode proteins but play crucial roles in various biological processes. They regulate gene expression, influence cellular processes, and interact with other molecules in numerous ways. NcRNAs include microRNAs, which modulate gene expression by targeting specific messenger RNAs; long non-coding RNAs, which can regulate gene expression through various mechanisms; and piRNAs, involved in silencing transposable elements and maintaining genome integrity. These non-coding RNAs are essential for maintaining cellular homeostasis, responding to environmental cues, and controlling complex biological phenomena.";Google
Negishi coupling;Negishi coupling is a palladium-catalyzed cross-coupling reaction between organotin compounds and halides or pseudohalides. This powerful technique enables the formation of carbon-carbon bonds under mild conditions and with high regio- and stereoselectivity. The reaction proceeds through a displacement mechanism, where the palladium complex acts as a catalyst for the transfer of the organotin group from the organotin compound to the halide. Negishi coupling is widely employed in the synthesis of organic compounds, including pharmaceuticals, natural products, and functional materials.;Google
Sagnac effect;The Sagnac effect describes the rotation of light around a closed loop, resulting in an additional phase shift compared to the direction of light propagation. This phenomenon demonstrates the connection between space, time, and rotation in the context of special relativity. The effect arises from the Lorentz transformation of space and time, which accounts for the change in the phase of light due to the relative motion of the loop and the surrounding spacetime.;Google
P-type ATPase;P-type ATPases are a class of transmembrane proteins involved in numerous cellular processes, including ion transport, nutrient uptake, and cell cycle regulation. These enzymes utilize the energy of ATP hydrolysis to drive the transport of ions across biological membranes. The catalytic cycle of P-type ATPases involves binding of ATP to the enzyme's active site, hydrolysis of ATP to ADP and inorganic phosphate, and subsequent release of the transported ions from the enzyme's substrate-binding site. Dysregulation of P-type ATPases has been implicated in numerous diseases, including cancer and neurological disorders.;Google
Laminar flow;Laminar flow refers to the steady, frictionless flow of a fluid where the velocity profile remains constant across the cross-sectional area of a pipe or channel. The fluid particles move in parallel layers, with each layer moving at a constant velocity relative to the adjacent layers. This type of flow occurs when the Reynold's number is low, indicating that viscous forces dominate and prevent turbulence. Laminar flow is commonly encountered in situations where fluids flow through narrow channels or tubes, such as blood flow in blood vessels or the flow of water through pipes.;Google
Glacier mass balance;Glacier mass balance refers to the intricate equilibrium between the accumulation of snow and ice over a given period and the ablation of the same. It is crucial in understanding the dynamics of glaciers and their response to climate variations. Positive mass balance results in glacier growth, while a negative balance leads to shrinkage. Factors influencing mass balance include temperature, precipitation, surface energy balance, and ice dynamics. Understanding mass balance is pivotal for predicting future glacier evolution, assessing their contribution to sea level rise, and monitoring climate change impacts.;Google
Taxonomy;Taxonomy is the scientific study of the relationships and classification of organisms. It involves identifying and naming species, establishing hierarchies of related groups, and describing their characteristics. Taxonomy relies on observable traits and genetic information to establish classifications. The resulting hierarchical system organizes organisms into progressively broader groups, from families to kingdoms. This system facilitates understanding the diversity of life on Earth and tracing the evolutionary relationships between organisms.;Google
Quantum Hall effect;The Quantum Hall Effect manifests in two-dimensional electron systems subjected to strong magnetic fields. When electrons are confined in such fields, their motion becomes quantized along magnetic field lines. This quantization leads to the emergence of exotic states, such as the Laughlin state and the Moore-Read state. The quantized Hall conductivity becomes an exact multiple of the elementary charge squared divided by Planck's constant, known as the quantum Hall conductance. This remarkable phenomenon transcends classical physics and offers profound insights into the behavior of electrons in extreme environments.;Google
Boiling water reactor;A Boiling Water Reactor operates on the principle of in-vessel boiling. In this design, water in the reactor vessel is maintained in a superheated state, just below the point of boiling. Control rods are used to regulate the reactor power by absorbing neutrons. The steam produced in the reactor core is directly used to drive turbines or generate electricity. BWRs utilize natural circulation for cooling, relying on the density differences of the boiling water to drive flow. Their inherent safety features and relatively simple design have made them popular in several countries.;Google
Solid-state battery;Solid-state batteries leverage solid electrolytes instead of conventional liquid electrolytes to facilitate electrochemical energy storage. This design eliminates the safety hazards associated with liquid flammability while enhancing the operational stability and cycle life of the battery. Solid electrolytes consist of crystalline materials like ceramics or glass-ceramics, offering high ionic conductivity and mechanical strength. The combination of these attributes enables solid-state batteries to achieve high energy densities, improved safety, and faster charging and discharging rates compared to traditional lithium-ion batteries.;Google
Solar cell;Solar cells harness the energy of the sun through the photovoltaic effect. They consist of semiconductors, typically silicon, doped with impurities to create p-n junctions. When photons from sunlight strike these junctions, electrons are excited and flow through an external circuit, generating electricity. The efficiency of a solar cell is measured by the ratio of the electrical energy output to the incident light energy. Modern solar cells utilize advanced materials and architectures to maximize their power generation capabilities and adaptability to diverse applications.;Google
Semidefinite programming;Semidefinite programming deals with optimization problems involving matrices satisfying certain constraints. It encompasses the case where the objective function and constraints are linear functions of matrices that must be positive semidefinite. A matrix is PSD if it is symmetric and its eigenvalues are non-negative. SDP finds applications in diverse fields, including control theory, signal processing, and combinatorial optimization, due to its ability to model various constraints related to positive definiteness.;Google
MicroRNA;MicroRNAs are small regulatory molecules involved in gene expression control. They bind to specific messenger RNA targets, predominantly through imperfect base-pairing, leading to translational inhibition or degradation of the target mRNA. miRNAs are transcribed from genomic DNA by RNA polymerase II and processed in the nucleus by a series of enzymatic steps. They are exported from the nucleus and transported to the cytoplasm, where they interact with target mRNAs through the RISC machinery. miRNAs regulate diverse biological processes, including cell differentiation, development, metabolism, and disease progression.;Google
Aphasia;Aphasia refers to a language disorder affecting the ability to understand and produce speech. Caused by damage to certain areas of the brain involved in language processing, it manifests as impaired comprehension of spoken and written language, word-finding difficulties, impaired sentence formulation, and impaired repetition of sequences of words or phrases. The severity of aphasia can range from mild to severe, and it often coexists with other symptoms such as memory impairments or behavioral changes.;Google
Endoscopy;Endoscopy is the visualization of the interior of organs or cavities using an endoscope. This medical procedure employs a long, flexible tube with a camera and light source at its tip to explore and diagnose various conditions affecting the digestive tract, respiratory system, and other organs. During an endoscopy, the endoscope is inserted through an opening, such as the mouth or nose, and advanced through the body to visualize the targeted area. The procedure is commonly used for diagnosing gastrointestinal bleeding, evaluating tissue samples, performing minor surgeries, and treating certain medical conditions.;Google
Gravity;Gravity is a fundamental force that attracts objects with mass towards one another. It is a universal force that acts between any two objects with mass, regardless of their size or distance. The magnitude of the gravitational force between two objects is directly proportional to the product of their masses and inversely proportional to the square of the distance between them. Gravity is responsible for holding the planets in orbit around the Sun and for the formation of galaxies and clusters of galaxies.;Google
Holography;Holography involves the recording and reconstruction of light waves using interference patterns. It exploits the wave nature of light to capture a complete representation of a scene, including all its dimensions and details. Holographic recordings utilize the principle of superposition, where light waves are split into two coherent beams: the object beam interacts with the scene, while the reference beam remains unchanged. The interference pattern created by these beams is recorded on a photosensitive medium. To reconstruct the image, the recorded interference pattern is illuminated with the reference beam again, causing the light waves to recombine and recreate the original scene in its entirety.;Google
UniProt;UniProt is an open-access protein sequence and functional annotation database. It provides comprehensive information on proteins from all domains of life, including viruses and archaea. UniProt's central resource is the Protein Data Bank, which contains experimentally verified protein structures. Additionally, it features curated protein sequences, functional annotations, literature references, and other data sets. UniProt is a key resource for biologists, biochemists, geneticists, and other researchers involved in protein research and functional genomics.;Google
Prokaryote;Prokaryotes are unicellular organisms that lack a true nucleus or membrane-bound organelles. They exist in diverse environments, including soil, water, and the insides of other organisms. Prokaryotes are responsible for vital ecological roles, such as nutrient cycling and waste decomposition. Their genetic material is typically located in a single circular chromosome and exists in multiple copies. They exhibit a prokaryotic metabolism, relying on chemosynthesis to generate energy from nutrients like glucose and oxygen.;Google
Hematopoietic stem cell;Hematopoietic stem cells are pluripotent progenitor cells residing in the bone marrow. They give rise to all cellular components of the blood system, including erythrocytes, leukocytes, and platelets. HSCs maintain blood homeostasis through self-renewal and differentiation into mature blood cells. They are crucial for replenishing blood cells after injury or disease and play a pivotal role in blood disorders, transplantation, and regenerative medicine.;Google
Helicase;Helicase is a family of enzymes involved in DNA replication and repair. They are responsible for separating the hydrogen bonds between complementary DNA strands, creating a replication fork. Helicase enzymes utilize energy from ATP hydrolysis to drive the separation process. They play a crucial role in unraveling DNA double helices at replication origins and during DNA repair, facilitating the assembly of DNA polymerases and other replication machinery at the replication fork.;Google
Quantum gravity;Quantum gravity explores the intersection of two fundamental scientific disciplines: quantum mechanics and general relativity. It investigates how gravity, traditionally described as a continuous curvature of spacetime, can exhibit quantized behavior in the realm of extremely high energies and densities. Quantum gravity theories suggest that gravity is not merely a force but also a form of energy that can be quantized and behave in wave-particle duality. The search for a unified theory of quantum gravity remains an ongoing and complex scientific pursuit.;Google
Dark matter;Dark matter constitutes approximately 85% of the universe's matter budget but does not interact with light through either absorption or scattering. Its presence is inferred from gravitational effects on galaxies and clusters of galaxies. Dark matter is distributed throughout the universe, but its density and velocity field are not uniform. It is thought to be composed of weakly interacting massive particles that do not participate in the strong or electromagnetic interactions. The precise composition and properties of dark matter remain one of the greatest unsolved problems in modern physics.;Google
Chiral pool;A chiral pool is a thermodynamic ensemble of molecules in which the molecules possess chirality. Chiral molecules are those that are not superimposable on their mirror images. The presence of chirality can have profound effects on the chemical and biological behavior of molecules. Chiral pools exhibit statistical distributions of different chiral configurations, resulting in a net imbalance of left and right enantiomers. These pools are important in various fields, including chemistry, biology, and medicine, as they often play a role in biological processes and the efficacy of pharmaceuticals.;Google
Escape velocity;Escape velocity refers to the minimum initial velocity an object must possess to overcome gravitational attraction and achieve a parabolic trajectory, ultimately escaping the gravitational influence of a celestial body. It is the speed at which an object's kinetic energy exactly equals the potential energy due to its position within the gravitational field. The escape velocity depends solely on the mass of the celestial body and the distance from its center. An object with greater mass or at a greater distance from the center requires a higher escape velocity to escape its gravitational pull.;Google
Surface plasmon polariton;Surface plasmon polaritons are collective oscillations of electrons at the interface between a metal and a dielectric. They exhibit wave-like behavior and propagate along the surface, decaying exponentially into the bulk. SPPs involve the coupling of electromagnetic waves with collective electron oscillations, resulting in the transfer of momentum and energy at the interface. Their unique properties, such as strong confinement and sensitivity to surface topography, make SPPs valuable for various applications in optics, sensing, and energy harvesting.;Google
Cognitive load;Cognitive load refers to the mental workload associated with various cognitive processes, such as attention, memory, and decision-making. It involves the simultaneous processing of multiple tasks, each demanding limited mental resources. Factors influencing cognitive load include the complexity of tasks, the number of tasks being performed concurrently, and the availability of working memory. High cognitive load can lead to impaired performance, fatigue, and decision-making errors. Understanding cognitive load is crucial for optimizing performance in various situations, such as education, work, and transportation.;Google
Circulating tumor DNA;Circulating tumor DNA refers to DNA fragments derived from cancer cells that circulate in the bloodstream. ctDNA can be released from tumors through various mechanisms, including cell death, apoptosis, or active extrusion. Detection of ctDNA in bodily fluids has clinical significance, as it can provide evidence of cancer presence, progression, and response to treatment. ctDNA analysis can also aid in identifying potential recurrence or metastasis, guiding treatment decisions and monitoring disease progression.;Google
Divergent evolution;Divergent evolution describes the independent evolution of unrelated organisms towards similar traits. This phenomenon occurs when populations adapt to distinct environments, leading to significant genetic and morphological differences despite common ancestry. Examples include the convergent evolution of wings in insects and birds, and the independent development of echolocation in bats and dolphins. Divergent evolution highlights the remarkable adaptability of organisms to diverse ecological niches and showcases the remarkable convergence of evolutionary solutions to recurrent challenges.;Google
Polyploidy;Polyploidy refers to a condition in which an organism possesses more than two complete sets of chromosomes. It is a widespread phenomenon in plants, affecting approximately 40% of angiosperms and 80% of gymnosperms. Polyploidization can result from multiple chromosome doublings, leading to an increase in chromosome number, such as tetraploid, hexaploid, or octaploid. Polyploid plants often exhibit increased size, altered reproductive systems, and altered gene expression patterns.;Google
Electromagnetism;Electromagnetism explores the intimate connection between electric and magnetic fields. It postulates that these fields are merely different manifestations of a single, underlying field. This principle underlies many phenomena, including the propagation of light, the functioning of electric motors, and the behavior of charged particles in motion. The theory describes how electric charges and currents generate magnetic fields, and conversely, how magnetic fields can induce electric currents. Maxwell's equations summarize the fundamental laws of electromagnetism, describing the behavior of these fields and their interactions.;Google
Particle accelerator;Particle accelerators are devices that boost the kinetic energy of charged particles, enabling them to study the fundamental forces and particles that make up matter. They utilize electric fields to accelerate particles, achieving high velocities and energies. These collisions between high-energy particles provide valuable insights into the behavior of subatomic particles and the interactions between them. By probing the inner workings of atoms and studying the production of new particles, particle accelerators play a crucial role in advancing our understanding of the universe.;Google
Synthetic lethality;Synthetic lethality exploits non-redundancies within cellular networks by introducing genetic perturbations that result in mutually exclusive viability. Pairs of genes critical for survival are genetically engineered to exhibit interdependent functionality, where the deletion of either gene alone has no significant effect on viability, but the simultaneous deletion of both leads to cell death. This phenomenon relies on the interdependence of multiple genetic components and their essential roles in cellular processes. By selectively inducing synthetic lethality, researchers can pinpoint essential genes, identify genetic interactions, and uncover vulnerabilities within complex biological systems.;Google
MIMO;Multiple Input Multiple Output technology exploits spatial diversity to enhance wireless communication performance. It utilizes multiple antennas at both the transmitter and receiver to transmit and receive signals simultaneously over multiple paths. This technique increases channel capacity, improves signal quality, and enables reliable communication in fading environments by exploiting spatial correlation of signals. By exploiting spatial diversity, MIMO systems achieve increased data rates, improved signal reliability, and better channel utilization.;Google
Randomization;Randomization involves employing a statistically unbiased method to allocate experimental treatments or interventions to individuals or groups. This process ensures that any observed effects are not due to chance or selection bias. In scientific studies, randomization allows researchers to isolate the effects of the intervention from other confounding factors. By selecting participants or assigning treatments randomly, researchers can create a controlled environment where the only difference between groups is the intervention itself. This approach increases the validity and reliability of research findings by ensuring that the results are not influenced by other uncontrolled factors.;Google
Glass transition;Glass transition is the phenomenon where a material undergoes a dramatic change in physical properties from a glassy, brittle solid to a rubbery, viscous liquid without undergoing a change in its crystalline structure. It involves the relaxation of molecular rearrangements, resulting in an increase in mobility and a decrease in stiffness. The glass transition temperature is the temperature at which the material exhibits a maximum in its fragility and minimum in its mechanical strength. Tg is an important parameter for understanding the behavior of materials in various applications, such as polymers, ceramics, and glasses.;Google
Alpha helix;An alpha helix is a fundamental structural element in proteins. It is a tightly packed, spiral arrangement of amino acids in which each residue contributes to the stability of the structure through hydrogen bonding between the amide groups of amino acids and the carbonyl groups of their neighbors. The regular packing and hydrogen bonding minimize repulsion between the amino acid side chains, allowing for close packing and efficient utilization of space. Alpha helices are highly stable and frequently observed in proteins involved in essential biological processes.;Google
Optogenetics;Optogenetics utilizes genetically encoded light-gated ion channels or pumps to remotely control neuronal activity with high spatiotemporal precision. This technique combines genetic engineering with optical stimulation to precisely manipulate neuronal function in vivo. By expressing light-gated proteins in specific neurons or neural circuits, researchers can evoke or inhibit neuronal activity simply by illuminating the tissue with specific wavelengths of light. This approach enables the precise manipulation of neuronal function in complex biological contexts, offering valuable insights into neurodegenerative disorders, behavior, and neural circuitry.;Google
Pulsar;A pulsar is a rapidly rotating, pulsating neutron star emitting periodic bursts of radio waves. Formed from a massive star that has exhausted its nuclear fuel and collapsed, pulsars emit beams of electromagnetic radiation from their magnetic poles. These beams can be detected by telescopes and appear as regular pulses, providing valuable insights into the properties of these enigmatic objects. Pulsars are important sources of gravitational waves and play a role in understanding the dynamics of binary systems and the aftermath of binary mergers.;Google
Enthalpy;Enthalpy is a thermodynamic potential that quantifies the energy content of a system at constant pressure. It is a state function that depends on both the temperature and composition of the system. Enthalpy changes can occur due to heat transfer, work done by or on the system, or changes in the internal energy of the system. The change in enthalpy of a system is equal to the sum of the heat added or removed and the work done by or on the system.;Google
Grignard reaction;The Grignard reaction is a chemical process involving the addition of a Grignard reagent to an carbonyl group. This reaction is widely employed in organic synthesis due to its ability to form new carbon-carbon bonds. The mechanism involves the nucleophilic attack of the magnesium atom in the Grignard reagent on the electrophilic carbonyl carbon, leading to the formation of a new carbon-carbon bond and the liberation of magnesium halide. This transformation enables the construction of complex organic molecules from simpler precursors.;Google
Crystallization;Crystallization is a process of forming crystalline solids from a liquid or solution. It involves the assembly of ions or molecules into a regular geometric arrangement, resulting in a crystalline lattice. The rate and mechanism of crystallization depend on factors such as temperature, composition, and solution conditions. Crystals exhibit anisotropic properties due to their crystalline structure, influencing their physical and chemical behavior. The process of crystallization is widely employed in industries for the production of pharmaceuticals, semiconductors, and other materials.;Google
Prophage;Prophage are viruses that infect bacteria and exist in two states: the lytic and lysogenic phases. In the lytic phase, phage replicate and destroy their host, releasing new viral particles. In the lysogenic phase, phage exist as dormant genetic material within the host's genome, influencing gene expression and potentially triggering lysis in response to environmental cues. Prophage can transfer genes between bacteria, contributing to horizontal gene transfer and shaping bacterial diversity. They also play a role in bacterial pathogenesis and the regulation of bacterial populations.;Google
Quantum Fourier transform;The Quantum Fourier transform is a unitary operator that implements a change of basis from the computational basis to the Fourier basis in quantum computing. It is a fundamental tool for numerous quantum algorithms, including Shor's algorithm for factoring large numbers and Grover's algorithm for searching unsorted databases. By performing a QFT, quantum states can be analyzed in terms of their constituent frequencies, allowing for efficient manipulation and computation of quantum information.;Google
Post-translational modification;Post-translational modification is the chemical alteration of proteins after their synthesis. It plays a pivotal role in regulating protein function, localization, stability, and interaction. PTMs can involve various modifications, such as phosphorylation, acetylation, methylation, and ubiquitination. These modifications can modulate protein behavior by altering their binding affinity to other proteins or by influencing their interaction with signaling pathways. PTMs are essential for numerous cellular processes, including cell cycle regulation, transcription, and disease progression.;Google
Milankovitch cycles;Milankovitch cycles refer to periodic variations in Earth's orbital and rotational parameters, primarily the eccentricity of the Earth's orbit around the Sun, the tilt of the rotational axis, and variations in the orbital inclination. These cycles influence the amount of solar radiation received by different latitudes over time, leading to changes in climate patterns and Earth's climate history. The variations in solar radiation impact temperature, precipitation, and the distribution of ecosystems. Milankovitch cycles are considered major drivers of long-term climate change and have been implicated in glacial and interglacial cycles throughout geological history.;Google
Notochord;The notochord is a rudimentary embryonic structure that arises during vertebrate and invertebrate development. It runs along the body of the embryo and gives rise to various structures, including the central nervous system, skeletal system, and circulatory system. In vertebrates, the notochord is a flexible, rod-shaped structure that persists throughout embryonic development. It is responsible for secreting growth factors and other signalling molecules essential for tissue development and differentiation.;Google
Germinal center;A germinal center is a structured B cell follicle within secondary lymphoid organs like lymph nodes or spleen. It harbors the ongoing development of mature B cells. Antibody diversification occurs within germinal centers through the process of somatic hypermutation and recombination. B cells undergo multiple cycles of proliferation and differentiation within these centers, generating high-affinity antibody responses against antigens. Mature B cells eventually emerge from the germinal center to become part of the antibody repertoire.;Google
Endoderm;The endoderm constitutes the innermost lining of organs like the digestive tract, respiratory tract, and urinary tract. Derived from the embryonic gut tube during organogenesis, it exhibits diverse functions. The epithelial layer of the endoderm protects these organs from external factors and regulates fluid and solute transport. It also produces mucous, which protects tissues from dehydration and infection. Additionally, the endoderm participates in the production of hormones and enzymes involved in various physiological processes.;Google
White dwarf;White dwarfs are the degenerate, burnt-out cores of medium-mass stars that have exhausted their nuclear fuel. Composed primarily of carbon and oxygen, these objects emit negligible amounts of light, radiating heat from their immense surface gravity. Their faint luminosity arises from residual radioactive decay and thermal emission. White dwarfs are extremely dense, with masses similar to the Sun but compressed to a size comparable to that of Earth. They are the final evolutionary stage of stars like the Sun before they become invisible to telescopes.;Google
Allergy;Allergy is an abnormal immune system response to ordinarily harmless substances, known as allergens. When exposed to these allergens, the immune system mistakenly identifies them as threats and initiates an immune attack. This attack results in symptoms such as sneezing, runny nose, itchy eyes, and difficulty breathing. The allergens can be diverse, including pollen, dust mites, pet dander, food items, and medications. The underlying mechanisms involve the activation of immune cells, such as mast cells and basophils, which release histamine and other inflammatory mediators upon allergen exposure.;Google
Glycogenesis;Glycogenesis is the metabolic process responsible for synthesizing glycogen from glucose in response to increased energy demands or decreased insulin availability. It involves the activation of specific enzymes that facilitate the conversion of glucose into glycogen molecules, which are stored in the liver and muscles as energy reserves. The process is regulated by hormones such as insulin and glucagon, which influence the availability of glucose and the activity of glycogen synthase, the key enzyme in glycogen synthesis.;Google
Spatial transcriptomics;Spatial transcriptomics investigates gene expression within the context of tissue architecture by spatially resolving transcript abundance. It employs advanced molecular profiling techniques to identify and localize specific transcripts within cells and tissues. Spatial transcriptomics reveals the precise spatial organization of gene expression, capturing the intricate relationships between gene regulation, cellular behavior, and tissue morphogenesis. By visualizing and quantifying transcript distribution in tissue samples, this approach provides valuable insights into tissue organization, disease progression, and drug response.;Google
Spin foam;Spin foam is a theoretical construct in quantum gravity that represents the vacuum state of spacetime as a superposition of spin fields. It treats gravity as an emergent property of quantum spin, where energy and momentum are encoded in the rotations of quantum fields. Spin foam models suggest that the vacuum is not empty, but rather filled with a network of quantum loops and instantons, responsible for the gravitational interaction.;Google
Cyclic voltammetry;Cyclic voltammetry involves the measurement of current flow in an electrochemical cell during the controlled potential sweep from an initial point to a maximum value and back again to the initial point. The technique exposes the electrode to an alternating current potential, resulting in a current response that exhibits distinct oxidation and reduction peaks. By analyzing these peaks, researchers can gather information about the electroactive species present, their concentration, and their rate of reaction at the electrode surface.;Google
Plasmid;Plasmids are small, circular DNA molecules that exist independently of the chromosome in bacterial cells. They carry genes that are not essential for the bacterium's survival but may provide a selective advantage. Plasmids can replicate autonomously or be transmitted horizontally between bacteria through processes such as conjugation or transduction. They often contain genes involved in antibiotic resistance, metabolic pathways, or gene regulation. Plasmids can also carry genes that confer traits such as pathogenicity or metabolic capabilities to bacteria.;Google
DNA sequencing;DNA sequencing refers to the process of determining the precise order of nucleotide bases in a DNA molecule. This fundamental technique enables researchers to analyze genetic variations, identify genes, study evolutionary relationships, and understand the molecular basis of various diseases. Modern sequencing technologies employ automated systems and sophisticated algorithms to sequence DNA with high accuracy and speed. The resulting sequence data is crucial for numerous scientific disciplines, including genetics, medicine, agriculture, and paleontology.;Google
Exoplanet;Exoplanets are celestial bodies that orbit stars other than our own. Their discovery has revolutionized astronomy, as they provide evidence for the widespread existence of planetary systems beyond our solar neighborhood. Exoplanets are identified through various techniques, including radial velocity measurements, transit photometry, and direct imaging. They range in size and composition, with some resembling Earth-like planets while others are significantly larger or more gas-giant like. Ongoing research aims to characterize their atmospheres, compositions, and orbital dynamics, shedding light on the diverse range of planetary systems throughout the cosmos.;Google
Mannich reaction;The Mannich reaction is a chemical process that forms a new carbon-carbon bond between an amine, a carbonyl compound, and an alcohol or other nucleophile. This reaction proceeds via a stepwise mechanism involving proton transfer, nucleophilic attack, and rearrangement. The product of the Mannich reaction is a substituted imine, which can further undergo hydrolysis to yield an amine and a carboxylic acid. This versatile reaction is widely employed in the synthesis of complex organic molecules, including pharmaceuticals, dyes, and polymers.;Google
Lupus;Lupus encompasses a spectrum of autoimmune diseases affecting multiple organs, including the skin, kidneys, central nervous system, and blood vessels. The underlying mechanisms involve the formation of autoantibodies that mistakenly attack healthy tissues. Genetic predisposition, environmental triggers, and hormonal factors are believed to play roles in the pathogenesis. Symptoms vary widely depending on the affected organs and can include joint pain, skin rashes, kidney problems, neurological symptoms, and fatigue. Treatment involves medications to suppress the immune response and manage symptoms.;Google
Keystone species;Keystone species are pivotal ecological actors whose disproportionately large impact on ecosystem structure and function exceeds their abundance in the community. These species occupy crucial positions in food webs and ecological processes, influencing the survival and abundance of numerous other species. Their elimination or drastic reduction can induce cascading effects throughout the ecosystem, leading to community disassembly and ecological collapse. The interdependence and vital roles of keystone species highlight their sensitivity to environmental changes and human activities.;Google
Gravitational wave;Gravitational waves are ripples in spacetime caused by the acceleration of mass. They are invisible energy traveling at the speed of light, carrying away energy and angular momentum from their sources. The existence of gravitational waves was confirmed through indirect observations in the 1970s and finally directly detected by the Laser Interferometer Gravitational-Wave Observatory in 2015. Gravitational waves are generated by violent cosmic events such as binary mergers of massive objects like black holes or neutron stars, or by the collapse of massive stars.;Google
Estrogen;Estrogen is a group of steroid hormones primarily produced by the ovaries in females and the testes in males. Crucial for female development and function, estrogen regulates the development and functioning of female reproductive organs, including the uterus, vagina, and breasts. It also plays a role in controlling the menstrual cycle and influencing bone density, mood, and sexual function. Estrogen receptors are found throughout the body, mediating the effects of estrogen on various tissues and organs.;Google
Chemical biology;Chemical biology explores the intricate relationships between biological systems and the molecules they manipulate. It delves into the synthesis, manipulation, and analysis of molecules that play pivotal roles in cellular functions, signaling processes, and disease mechanisms. The field combines concepts from chemistry, biology, and medicine to unravel the molecular basis of biological phenomena. Chemical biologists utilize sophisticated techniques such as molecular engineering, proteomics, and genomics to manipulate and study molecules within living organisms.;Google
Gene duplication;Gene duplication refers to the process of genomic duplication that results in the creation of multiple copies of a single gene. This phenomenon is fundamental to evolutionary innovation and genetic diversification. Gene duplication provides opportunities for changes in gene regulation, expression, and function. The additional copies can undergo divergent evolution, leading to the emergence of novel genes with novel or altered roles. The process of gene duplication is prevalent in eukaryotes and has played a crucial role in shaping the complexity and diversity of life forms.;Google
Chirality;Chirality relates to the existence of molecules or objects in two mirror-image forms that are not superimposable on one another. This phenomenon is crucial in various fields, including chemistry and biology. Chiral molecules have distinct spatial arrangements of atoms, resulting in different physical and chemical properties. Enantiomers, which are mirror images of each other, can exhibit differential biological activities, with one enantiomer potentially being active while the other is inactive or even toxic. The selective recognition and separation of chiral molecules play a fundamental role in numerous processes, such as biological metabolism, drug efficacy, and the functioning of many natural systems.;Google
DNA methylation;DNA methylation involves the addition of a methyl group to the cytosine base at specific positions within the genome. This chemical modification alters the structure of the DNA molecule, influencing gene expression and cellular behavior. Methylation can either activate or repress gene transcription depending on the location and density of methylation at the promoter or coding regions of DNA. This epigenetic mechanism plays crucial roles in regulating gene regulation, cellular differentiation, and disease susceptibility.;Google
Long-term potentiation;Long-term potentiation is a lasting enhancement of synaptic efficacy that occurs as a result of high-frequency electrical stimulation of a synapse. It involves long-lasting changes in the strength of synaptic connections between neurons, primarily through the formation of new synaptic connections and strengthening of existing ones. LTP is crucial for memory formation and storage in the brain, and is fundamental to many forms of learning and memory.;Google
Zero-shot learning;Zero-shot learning tackles the challenge of classification when neither training data nor explicit feature representations are available for certain categories. It leverages the semantic similarity between known and unknown categories to generalize from previously learned models. This technique exploits the presence of shared visual concepts across related items, enabling the classification of unseen objects based on their visual resemblance to known ones. By bypassing the need for labeled training data, zero-shot learning enhances the adaptability of machine learning models in scenarios with limited supervision or access to labeled examples.;Google
Mast cell;Mast cells are tissue-resident immune cells found in various organs, including the skin, gastrointestinal tract, and respiratory system. They are crucial mediators of immediate allergic and inflammatory responses. Mast cells contain granules filled with histamine and other mediators, which are released upon activation. This release triggers vasodilation, increased vascular permeability, and recruitment of other immune cells to the site of inflammation or allergen exposure. They play roles in allergic diseases such as asthma and hay fever, as well as in non-allergic disorders like gastrointestinal disorders and autoimmune diseases.;Google
Population dynamics;Population dynamics investigates the complex interactions between vital rates and population size. It examines how changes in these rates influence population growth, decline, or stability over time. This field explores demographic processes such as migration, fertility, and mortality patterns within populations. By analyzing these dynamics, scientists can predict future population trends, assess the impact of environmental changes, and implement conservation or management strategies for sustainable population growth.;Google
Inflammasome;An inflammasome is a multi-protein complex that forms in response to cellular stress, infection, or tissue damage. Composed primarily of caspase-1 and other proteins, it acts as a signaling platform for initiating and regulating inflammation. Inflammasomes are activated by various stimuli, including pathogens, damaged cells, and cytokines. Activation leads to the proteolytic processing of caspase-1, which in turn cleaves and activates other inflammatory mediators. The release of these mediators initiates the inflammatory response, contributing to tissue repair and defense against disease.;Google
Microprocessor;A microprocessor is an integrated circuit containing the essential functional units of a central processing unit, including an arithmetic logic unit, a register file, and control logic. It executes instructions by fetching, decoding, and executing them from memory. Microprocessors combine the functions of thousands of discrete transistors into a single chip, enabling smaller, faster, and more efficient computers. They are the core processing elements in modern digital devices, from computers and smartphones to embedded systems and industrial control devices.;Google
Giant magnetoresistance;Giant magnetoresistance is a phenomenon where the electrical resistance of certain materials undergoes colossal changes in response to applied magnetic fields. This effect arises from the interplay between magnetic domains and charge transport mechanisms in materials like magnetic multilayers or granular structures. GMR materials exhibit colossal resistance changes, often exceeding millions of percent, when subjected to magnetic fields. This remarkable property has led to numerous applications, including magnetic sensors, data storage devices, and magnetic field imaging systems.;Google
Language model;A language model is a statistical model that can generate human-like text based on a vast dataset of language input. It utilizes machine learning algorithms to learn patterns in the data and predict the next word in a sequence given a preceding context. Language models can process natural language text, understand its meaning, and generate coherent and relevant responses. They are commonly used in various applications such as machine translation, text summarization, sentiment analysis, and conversational assistants.;Google
Anthracene;Anthracene is a polycyclic aromatic hydrocarbon composed of three fused benzene rings. It exhibits high chemical stability due to extensive delocalization of electrons through the ring system. The molecule undergoes electrophilic aromatic substitution readily, forming derivatives with various functional groups. Anthracene possesses strong fluorescent properties and is commonly used in organic light-emitting diodes and other optoelectronic devices. Additionally, it is found naturally in coal, asphalt, and certain plants and fungi.;Google
Millisecond pulsar;Millisecond pulsars are rapidly rotating neutron stars emitting regular pulses of radio emission. They exhibit rotational periods of milliseconds, making them among the fastest rotating objects in the universe. Their intense magnetic fields generate beams of emission that sweep across the sky, resulting in regular pulses detected by telescopes. Millisecond pulsars are often binary systems, where their orbits are extremely tight, leading to extreme gravitational deformation. Their precise timing and periodic signals make them valuable tools for studying binary systems, testing general relativity, and searching for gravitational waves.;Google
Pair production;Pair production is the spontaneous creation of a particle-antiparticle pair from the vacuum. This process occurs due to quantum fluctuations of the energy field, where energy is temporarily borrowed from the vacuum to create fleetingly existing particles. The probability of pair production is extremely small, but can be significantly enhanced in strong electric fields, such as those found in particle accelerators or near black holes. The energy required to create a pair is typically equal to the rest energy of the particles involved. Pair production is a fundamental process in high-energy physics and plays a role in many astrophysical phenomena.;Google
Dimensionality reduction;Dimensionality reduction encompasses algorithmic techniques designed to simplify complex datasets by diminishing the number of features or dimensions without compromising essential information. This process enhances data analysis by mitigating the 'curse of dimensionality,' where high-dimensional data can suffer from sparsity and computational inefficiency. Common dimensionality reduction methods include Principal Component Analysis, Singular Value Decomposition, and Feature Selection. By reducing the feature space, these techniques streamline data exploration, classification, and clustering algorithms, improving efficiency and interpretability.;Google
Paleontology;Paleontology is the scientific study of past life through the examination of fossils. It involves the discovery, excavation, preservation, and analysis of the fossil record. Paleontologists investigate the history of life on Earth by studying the fossils of extinct organisms, providing insights into their evolutionary relationships, ecological interactions, and geological environments. The field draws upon disciplines such as biology, geology, and evolutionary science to reconstruct the biological diversity and ecological changes through geological time.;Google
Serology;Serology investigates the role of antibodies in health and disease. It analyzes blood samples to detect the presence of specific antigens, which trigger immune responses. Techniques such as enzyme-linked immunosorbent assays, Western blotting, and flow cytometry are employed to identify and quantify antibodies. Serology plays a crucial role in diagnosing infectious diseases, assessing immune responses to vaccinations, and detecting autoimmune disorders and other antibody-mediated diseases.;Google
Long-term depression;Long-term depression involves persistent alterations in brain functioning that can result in impaired cognitive performance and emotional dysregulation. Neurobiological mechanisms underlying this condition include synaptic pruning, alterations in neurotransmitter systems, and structural changes in the brain. Long-term depression is associated with mood disorders such as major depressive episodes and bipolar disorder, as well as other neurological disorders like stroke and traumatic brain injury. Understanding the underlying mechanisms is crucial for developing effective treatments and interventions to mitigate its effects.;Google
Metamorphic rock;Metamorphic rocks originate from pre-existing sedimentary or volcanic rocks subjected to immense heat, pressure, and chemical alteration. Such transformations can dramatically change their physical properties, texture, and composition. Metamorphism involves solid-state transformations where minerals rearrange and form new structures. The process often involves dehydration, recrystallization, and the introduction of new chemical species. The resulting rocks exhibit distinct textures and compositions that differ from their precursors.;Google
Linear algebra;Linear algebra investigates the study of vectors, matrices, and linear transformations between them. It encompasses operations like matrix multiplication, vector manipulation, and solving linear equations. The core concepts include linear independence, basis, rank, and determinants, which are pivotal to understanding various mathematical disciplines, including geometry, physics, statistics, and numerical analysis. Applications extend to diverse fields, from engineering and computer science to finance and cryptography.;Google
Viscosity;Viscosity quantifies the internal resistance to flow of a fluid. It measures the force required to deform or flow a fluid, and is primarily influenced by the molecular interactions within the liquid. Viscosity determines the fluidity of fluids, with lower viscosity fluids exhibiting greater ease of flow. Factors such as temperature, pressure, and the presence of impurities can affect the viscosity of fluids. Viscosity plays a crucial role in various industrial and engineering applications, influencing processes such as lubrication, mixing, and fluid dynamics.;Google
Reaction mechanism;A reaction mechanism describes the detailed sequence of chemical transformations that occur during a chemical reaction. It involves identifying the reactive intermediates and proposing a step-by-step pathway that accounts for the observed product distribution. Each step in the mechanism is characterized by its rate law, which describes the relationship between the rate of the reaction and the concentrations of the reactants. The overall reaction mechanism is determined by the slowest step, which limits the rate of the entire reaction. Understanding the reaction mechanism is crucial for optimizing chemical processes, predicting reaction outcomes, and designing new catalysts.;Google
Lipid bilayer;A lipid bilayer is a fundamental structural component of all biological membranes. Composed of two lipid monolayers facing each other with their hydrophobic fatty acid tails directed inwards and their hydrophilic head groups exposed outwards, it creates a hydrophobic barrier that protects the interior of the cell from the surrounding aqueous environment. The lipid bilayer facilitates the separation of cellular compartments, regulates the transport of molecules across the membrane, and provides a platform for various biochemical reactions and cellular processes.;Google
Rosetta;Rosetta is the study of ancient Egyptian hieroglyphic writing using a combination of linguistic, archaeological, and historical approaches. Key to this effort is the deciphering of hieroglyphs through comparison with Greek and other languages, alongside analysis of the physical characteristics of inscriptions and their contexts. The deciphering process revealed the underlying meaning of hieroglyphs, unlocking access to historical documents, religious beliefs, and political structures of ancient Egypt.;Google
Differential geometry;Differential geometry investigates differentiable manifolds, which are spaces where distances can be measured and functions can be defined smoothly. It delves into the study of geometric objects possessing differentiable structures, enabling the analysis of their intrinsic properties. This branch of mathematics explores topics such as curves and surfaces, differentiable maps, intrinsic geometry, and differential invariants. It finds applications in diverse fields, including physics, engineering, and applied mathematics.;Google
Isothermal titration calorimetry;Isothermal titration calorimetry is an analytical technique employing calorimetry to measure heat changes associated with chemical reactions occurring at constant temperature. It involves introducing a titrant solution slowly into a sample solution while maintaining the temperature constant. The heat absorbed or released during the titration is detected by the calorimeter. The resulting heat data provide information about the concentration, reactivity, and thermodynamic parameters of the reaction system. This technique is widely used to study enzyme kinetics, protein-ligand interactions, and chemical equilibrium studies.;Google
Q-switching;Q-switching is a stochastic learning algorithm widely employed in reinforcement learning. It involves maximizing the immediate reward by selecting the action that maximizes the estimated long-term reward for each state. The algorithm maintains two values: the action-value function, which estimates the expected long-term reward for each action in each state, and the eligibility trace, which tracks the usefulness of past actions in the current state. Actions with higher eligibility traces are more likely to be selected. The algorithm iteratively updates both the action-value function and the eligibility trace using Bellman's equation.;Google
Biosensor;A biosensor is an analytical device that combines biological components with physical sensors to detect and quantify specific substances in a sample. It involves the use of biological entities such as enzymes, antibodies, or DNA immobilized onto a sensing surface. The binding of the target analyte to the immobilized biological entity alters the signal of the sensor, which is then detected and interpreted to provide information about the presence, concentration, or activity of the analyte in the sample. Biosensors have numerous applications in fields such as healthcare, environmental monitoring, food safety, and biotechnology.;Google
Parkinson's disease;Parkinson's disease is a neurodegenerative disorder characterized by the degeneration of dopamine-producing neurons in the brain. Symptoms include bradykinesia, rigidity, resting tremor, and postural instability. The exact cause is unknown, but genetic, environmental, and lifestyle factors are believed to play a role. Dopamine deficiency disrupts brain functions, leading to motor symptoms and non-motor symptoms such as depression, anxiety, sleep disturbances, and cognitive impairments. Treatment focuses on managing symptoms and slowing the progression of the disease through medications, therapies, and lifestyle modifications.;Google
Progress zone;The Progress zone refers to the region of the developing central nervous system where neurons undergo rapid proliferation and differentiation. It encompasses the ventricular zone and the marginal zone, where neural stem cells divide and generate new neurons and glial cells. The proliferation and migration of these newly formed neurons and supporting cells contribute to the structural and functional maturation of the brain and spinal cord.;Google
Cerebrospinal fluid;Cerebrospinal fluid is a clear liquid that circulates within the ventricular system of the brain and subarachnoid space. Produced by the choroid plexus, CSF provides nourishment and oxygen to central nervous system cells while removing metabolic waste. It also serves as a protective cushion, absorbing mechanical impacts and regulating intracranial pressure. CSF composition includes electrolytes, proteins, glucose, and neurotransmitters, influencing central nervous function and providing vital information about CNS health through analysis of its physical and biochemical characteristics.;Google
Tenascin;Tenascin is a large family of extracellular matrix proteins crucial for cell-cell adhesion and structural integrity. They form homodimers and heterodimers with other tenascin molecules, creating a meshwork that provides mechanical support and facilitates cell migration. Tenascin proteins are expressed in various tissues and are involved in numerous physiological processes, including tissue repair, wound healing, and tumor progression. Mutations or alterations in tenascin genes have been associated with several diseases, such as muscular dystrophy and cancer metastasis.;Google
Organogenesis;Organogenesis is the biological process responsible for the formation of organs from embryonic tissues. It involves complex physiological mechanisms, including cell differentiation, proliferation, and the establishment of functional organ structures. Organogenesis commences during embryonic development and continues after birth, as organs mature and acquire their final functions. The process involves the interaction of genetic factors, developmental signals, and environmental cues to guide the formation of vital organs such as the heart, lungs, kidneys, liver, and brain.;Google
Clinical trial;A clinical trial assesses the efficacy and safety of medical interventions in a controlled environment. It involves enrolling patients with specific health conditions and randomly assigning them to receive either the experimental treatment or a control. Researchers meticulously monitor and document participants' responses, assessing whether the intervention improves symptoms, prevents disease progression, or offers therapeutic benefits with minimal side effects. Clinical trials serve as vital bridges between scientific research and clinical practice, informing healthcare decisions and advancing medical innovation.;Google
Mach number;The Mach number is a dimensionless ratio that measures the speed of an object or fluid relative to the speed of sound in the surrounding medium. It quantifies the degree of supersonic or subsonic flow, where a Mach number of 1 signifies the object is traveling at the speed of sound. Values above 1 indicate supersonic flow, with the magnitude indicating the degree of supersonicity. Conversely, values below 1 denote subsonic flow. The Mach number plays a crucial role in understanding and analyzing airflow over aerofoils, missiles, and other aerospace vehicles.;Google
Decellularization;Decellularization refers to the process of removing cellular components from tissues or organs, resulting in a scaffold or extracellular matrix devoid of viable cells. This technique aims to preserve the structural integrity of the tissue while eliminating the cellular component. Decellularization finds applications in various fields, including regenerative medicine, tissue engineering, and drug development. By removing cells, the risk of immune rejection and disease transmission is minimized, while the scaffold can be used as a platform for cell repopulation, drug delivery, or tissue repair.;Google
Shock wave;A shock wave is a rapidly propagating disturbance that transmits energy through matter or a medium. It is characterized by a sudden increase in pressure and temperature, followed by a gradual decay. Shock waves are primarily caused by high-intensity sound waves exceeding the threshold of human hearing. In physics, shock waves can also result from rapid changes in gas pressure, such as explosions or sudden changes in velocity. The effects of a shock wave can range from mild vibrations to severe damage, depending on the intensity and distance from the source.;Google
Coding theory;Coding theory explores the efficient and reliable transmission, storage, and retrieval of information by designing optimal codes for various scenarios. It deals with the systematic representation of data using a finite set of symbols or rules. The theory encompasses source coding, which deals with data compression, and channel coding, which tackles the problem of reliable communication over noisy channels. Key concepts include information entropy, channel capacity, error correction codes, and source models. Applications extend to various fields, including data communication, computer science, cryptography, and image processing.;Google
Forest plot;A forest plot displays the relationship between an independent variable and a dependent variable while simultaneously summarizing the results of multiple statistical models. Each model is represented by a line in the plot, with the thickness or color of the line indicating the strength or significance of the relationship. The overall pattern of the forest plot reveals the consistency or heterogeneity of the results across models. This visual tool facilitates model comparison, assessment of effect sizes, and identification of potential outliers.;Google
Gluconeogenesis;Gluconeogenesis is the metabolic pathway responsible for the production of glucose from non-carbohydrate sources like amino acids and fatty acids. It occurs in the liver and kidneys in response to hormonal signals like glucagon and epinephrine. The process involves the deamination of amino acids, oxidation of fatty acids, and the subsequent assembly of these intermediates into glucose molecules. Gluconeogenesis is crucial for maintaining blood glucose levels during periods of fasting or starvation and plays a role in regulating blood glucose homeostasis.;Google
Electrophysiology;Electrophysiology investigates the electrical properties of cells and tissues, primarily focusing on their membrane potential and ionic conductances. It utilizes sophisticated techniques like patch clamp and voltage clamp to measure and manipulate electrical signals at the cellular level. The field explores how changes in membrane potential can modulate cellular function, including signaling, metabolism, and mechanical responses. Electrophysiology plays a crucial role in understanding neurological disorders, cardiac arrhythmias, muscle dysfunction, and various other medical conditions with an electrical component.;Google
Action potential;An action potential is an electrical signal that travels along nerve and muscle cells. It is the fundamental means of communication between nerve cells and other cells in the body. The process begins when a stimulus causes the opening of voltage-gated sodium channels, allowing sodium ions to flow into the cell. This depolarization triggers an all-or-none response, causing the opening of voltage-gated potassium channels, allowing potassium ions to flow out of the cell. The resulting change in electrical potential is propagated along the cell until it reaches the end of the axon, triggering the release of neurotransmitters.;Google
Hygiene hypothesis;The Hygiene Hypothesis posits that early exposure to diverse microbiota, particularly pathogenic or 'dirty' environments, fosters a mature and balanced immune system, thereby reducing the risk of allergic diseases. This theory suggests that contact with certain microbes early in life helps educate the immune system to differentiate between harmless and potentially harmful substances. The reduced incidence of allergies and autoimmune disorders among individuals raised in rural or under-developed settings supports the Hygiene Hypothesis.;Google
Synaptic vesicle;Synaptic vesicles are small membrane-bound sacs present at the presynaptic terminal of a synapse. They store neurotransmitters, which are chemical messengers necessary for communication between neurons. When an action potential reaches the presynaptic terminal, voltage-gated channels open, allowing calcium ions to enter the cell. Calcium binds to synaptic vesicle release machinery, triggering the fusion of the vesicle with the presynaptic membrane and the release of its neurotransmitters into the synaptic cleft.;Google
Collagen;Collagen constitutes a family of large, secreted proteins vital to maintaining structural integrity in various tissues and organs. Composed primarily of amino acids glycine, proline, and lysine, collagen forms a complex network of fibers that provides strength and elasticity to bones, skin, cartilage, and blood vessels. It plays a crucial role in wound healing, tissue repair, and the maintenance of skeletal and muscular integrity. Collagen synthesis is regulated by numerous factors, including growth factors, hormones, and mechanical stress.;Google
Transfer learning;Transfer learning explores the utilization of knowledge and skills acquired from one or more source tasks to enhance performance on a different, yet related, target task. This paradigm emphasizes shared representations and inductive reasoning to bridge the gap between source and target domains. By leveraging transferable representations, algorithms can generalize from previously seen scenarios to unseen situations, improving efficiency and adaptability in various applications.;Google
Risk aversion;Risk aversion relates to the psychological phenomenon where individuals tend to naturally avoid or minimize potential losses in pursuit of safety and security. This aversion stems from a cognitive bias known as loss aversion, which suggests that individuals perceive losses as more impactful than gains of the same magnitude. Risk aversion manifests in behavior where individuals make conservative decisions to avoid potential risks, even if those risks are statistically small. This behavior can be observed in financial decisions, healthcare choices, and various other contexts.;Google
Deep brain stimulation;Deep brain stimulation involves surgically implanted electrodes delivering electrical pulses to precise brain regions. It targets debilitating neurological disorders by modulating neuronal activity. DBS therapy involves chronic implantation of electrodes into specific brain areas associated with symptoms. The electrical stimulation alters neuronal communication, reducing abnormal activity and restoring functional control. DBS has proven effective for treating movement disorders like Parkinson's disease and essential tremor, as well as psychiatric disorders like depression and obsessive-compulsive disorder.;Google
Thermodynamics;Thermodynamics deals with the relationships between energy, work, heat, and matter. It explores the laws governing energy transformations and system behavior under various conditions. The fundamental principle postulates that energy can neither be created nor destroyed, but can be transformed or transferred between different forms. Key concepts include energy conservation, work done by systems, heat exchange, and potential and kinetic energy. The study of thermodynamics illuminates the behavior of systems in thermal equilibrium and their response to changes in temperature, pressure, and composition.;Google
Multilevel model;A multilevel model is a statistical approach to modeling data structured in a hierarchical or nested fashion. It decomposes the observed variance into components at different levels of the hierarchy. The model consists of two parts: a fixed effect component that captures the overall influence of independent variables on the dependent variable, and a random effect component that accounts for the variability among the higher-level units. This approach is suitable for analyzing data where observations are clustered within groups, such as students within classrooms or countries within continents.;Google
Power electronics;Power electronics deals with the control and conversion of electrical power using electronic devices. It involves the use of semiconductors like transistors and diodes to manipulate the flow of current and voltage in electrical circuits. This field deals with power conversion applications such as AC-DC power supplies, DC-DC converters, motor controllers, and energy storage systems. Power electronics finds widespread applications in industries, transportation, and residential appliances, enabling efficient and controlled power management in various systems.;Google
Configuration interaction;Configuration interaction is the phenomenon where the electronic configurations of interacting atoms or molecules influence their bonding and properties. It describes the non-additive electronic correlation that arises from the simultaneous presence of multiple atoms or molecules, where the electrons are influenced by the presence of other atoms or molecules in the vicinity. This interaction leads to deviations from the behavior predicted by the independent-atom or molecule approach, and plays a crucial role in understanding chemical reactivity, bonding, and physical properties.;Google
Gibbs free energy;Gibbs free energy is a thermodynamic potential that measures the energy available to perform work at constant temperature and pressure. It is defined as the change in enthalpy minus the product of temperature and entropy. This function is crucial in predicting the spontaneity of biochemical reactions, as the decrease in Gibbs free energy signifies a decrease in energy required to drive the process. It is widely used in physical chemistry, biology, and engineering to analyze chemical reactions, phase transitions, and other thermodynamic phenomena.;Google
Seismology;Seismology investigates the Earth's solid interior through the study of earthquakes and the propagation of seismic waves. It employs scientific principles of physics, mathematics, and engineering to decipher the tectonic processes that generate earthquakes, the physical properties of the Earth's crust and mantle, and their influence on seismic behavior. Seismology utilizes advanced instrumentation, data analysis techniques, and theoretical modeling to understand earthquake mechanisms, assess seismic risks, and monitor tectonic changes over time.;Google
Nucleolus;The nucleolus is a prominent, membrane-bound organelle found in eukaryotic cells. It serves as the central control center for ribosomal RNA synthesis and assembly. The nucleolus harbors the ribosomal DNA genes and associated proteins, forming the nucleolus organizer regions. It is responsible for synthesizing and processing rRNA, which is essential for ribosome assembly and protein synthesis. The nucleolus also participates in the modification and export of rRNA to the cytoplasm.;Google
Surfactant;Surfactants are amphipathic molecules possessing both hydrophilic and hydrophobic regions. They reduce surface tension and interfacial tension at liquid-liquid or liquid-air interfaces by aligning their hydrophobic tails towards the air or oil phase and their hydrophilic heads towards the aqueous phase. This behavior alters surface properties, enhancing wetting, spreading, and emulsification abilities. Surfactants are widely employed in industries, pharmaceuticals, and household products for their surface-active properties.;Google
Cooper pair;A Cooper pair is a fundamental unit of charge in superconductors. It consists of two electrons bound together by an attractive force originating from the exchange of virtual phonons. This pairing eliminates the Pauli exclusion principle, allowing multiple electrons to occupy the same quantum state. The resulting macroscopic coherence enables the formation of persistent currents without resistance. Cooper pairs survive in the presence of an external magnetic field as long as the field is not too strong.;Google
Density functional theory;Density functional theory is a powerful computational approach in quantum chemistry that utilizes the electron density as the fundamental variable. It avoids the complex problem of solving the many-electron Schrödinger equation by mapping it onto a single-electron problem with an effective potential. DFT exploits the Hohenberg-Kohn theorem, which states that the ground state energy and all physical properties are uniquely determined by the electron density. This theory employs various functionals that relate the electron density to the energy, allowing for the calculation of various chemical and physical properties of molecules and materials.;Google
Leptin;Leptin is a cytokine primarily produced by adipose tissue. It regulates appetite, energy balance, and insulin sensitivity. Leptin signaling is crucial for maintaining homeostasis through various mechanisms. It suppresses appetite by increasing the sensitivity of melanocortin-4 receptors in the hypothalamus, leading to reduced food intake. Additionally, leptin enhances insulin sensitivity, promoting efficient glucose utilization and storage.;Google
Polymerase;Polymerases are enzymes that synthesize new strands of nucleic acid or protein molecules. They catalyze the addition of individual nucleotides or amino acids to a growing chain, elongating the resulting polymer. Polymerases exhibit remarkable specificity, selectively adding only the correct nucleotide or amino acid to the growing chain, ensuring the integrity of the resulting molecule. This process is fundamental to DNA replication, transcription, and protein synthesis, underpinning the growth and functioning of all living organisms.;Google
Eutrophication;Eutrophication is the process of excessive enrichment of water bodies with nutrients, primarily nitrogen and phosphorus. This enrichment promotes excessive growth of algae and other aquatic plants, leading to impaired water quality, oxygen depletion, and ecological collapse. The primary causes of eutrophication are agricultural runoff, sewage discharge, and atmospheric deposition. The resulting algal blooms can deplete oxygen levels in the water column, harming fish and other aquatic organisms. Eutrophication can also lead to harmful algal blooms, which produce toxins harmful to human health and aquatic life.;Google
Auction theory;Auction theory examines the strategic behavior of bidders in competitive environments where goods or assets are allocated through bidding mechanisms. It analyzes how bidders assess values, formulate bidding strategies, and interact with other bidders to maximize their expected gains. The theory explores diverse auction formats, including sealed-bid and English auctions, and factors in elements such as reserve prices, bidding increments, and the number of bidders. By employing game theory principles, it provides insights into the efficiency and outcomes of various auction models.;Google
Plasmon;A plasmon is a collective oscillation of charged particles in response to an applied electric field. It exhibits wave-like behavior and plays a crucial role in various phenomena, including light propagation, energy transport, and surface plasmon resonance. Plasmons are often observed in metal nanostructures, where their interactions with light result in unique optical properties. They can be excited by various methods, such as electromagnetic waves or electron excitation, and exhibit properties that differ from both free electrons and bound ions.;Google
Mutation rate;Mutation rate refers to the frequency of genetic changes in a population over time. It is a fundamental parameter in evolutionary processes, shaping genetic diversity and adaptation. Mutation rates can vary widely across genomes and between species, influenced by factors such as DNA composition, replication fidelity, and the action of selective forces. High mutation rates promote rapid adaptation to changing environments, while low rates contribute to the accumulation of genetic variation within populations. Understanding mutation rates is crucial for unraveling the mechanisms of evolution and the basis of genetic diseases.;Google
Catabolism;Catabolism encompasses the complex biochemical processes responsible for breaking down complex molecules into smaller, more manageable ones. It involves various enzymatic reactions that consume energy from organic compounds and transform them into smaller molecules, such as carbon dioxide, water, and ammonia. This process releases energy, which can be used to generate ATP or drive other cellular processes. Catabolism is crucial for nutrient utilization, waste removal, and energy production in both living organisms and ecological systems.;Google
Molality;Molality measures the concentration of a solute in a solution by accounting for the amount of solute per kilogram of solvent. It is defined as the moles of solute per kilogram of solvent and is expressed as mol/kg. Molality is an intensive property, meaning its value is independent of the amount of solution present. It is widely used in chemical engineering, physical chemistry, and other scientific disciplines to express the concentration of solutions, particularly when dealing with processes involving changes in temperature or pressure.;Google
Affinity maturation;Affinity maturation refers to the process of engineering antibodies to significantly enhance their binding affinity to specific antigens. This involves iterative cycles of genetic diversification and selection. Antibody fragments are subjected to random mutagenesis, creating a diverse library of variants. These variants are then screened against the antigen, and those with improved binding are preferentially selected for subsequent rounds of mutagenesis. This iterative process significantly increases the affinity of the antibodies, allowing them to bind to antigens with greater avidity and sensitivity.;Google
Stratigraphy;Stratigraphy deals with the scientific study of sedimentary rocks and their arrangement in the geological record. It involves the systematic description, correlation, and interpretation of layered sedimentary sequences. Stratigraphical analysis examines the physical characteristics, composition, fossil content, and sedimentary structures of rock layers to establish their age, depositional environments, and geological history. The study of stratigraphy provides insights into past climate change, sea level fluctuations, tectonic movements, and the evolution of life forms over time.;Google
Kolmogorov complexity;Kolmogorov complexity quantifies the information-theoretic complexity of a given object, such as a sequence of symbols or a piece of code. It measures the minimum length of a description of the object in a given universal Turing machine, or equivalently, the amount of information required to generate the object from scratch. Kolmogorov complexity is widely used in diverse fields, including information theory, cryptography, machine learning, and complexity theory.;Google
Neurulation;Neurulation refers to the complex process of organ development during embryonic stages, specifically involving the nervous system. It encompasses the formation of neural structures, such as neurons, glial cells, and neural circuits. Neurulation involves extensive cell division, differentiation, and migration, guided by various molecular cues and signaling pathways. The process is crucial for the functional development of the nervous system, allowing for communication between cells and the transmission of signals throughout the body.;Google
Neutrino;Neutrinos are subatomic particles that interact only through the weak nuclear force and gravity. They are produced in numerous nuclear reactions, including those in stars and during particle collisions. Neutrinos are electrically neutral and have very little mass, allowing them to pass through matter without interacting with it significantly. Their scarcity and elusive nature make their detection and study challenging. Neutrino oscillations, the phenomenon of neutrinos changing flavors as they travel, provide crucial insights into the workings of the Standard Model of particle physics.;Google
Decomposer;Decomposers are organisms that play a vital ecological role in the breakdown and recycling of organic matter. They utilize dead plants and animals as their primary food source, breaking down complex compounds into simpler forms. Fungi, bacteria, and invertebrates such as earthworms and beetles are common decomposers. Through their enzymatic activities, they secrete digestive enzymes and acids that facilitate the decomposition process. Decomposition is an essential ecosystem service that returns nutrients to the soil, making them available for plant growth and supporting the entire food web.;Google
Weak localization;Weak localization describes a phenomenon where the precision of localizing a signal source degrades in noisy environments. This occurs when the signal strength at different locations exhibits minimal variations, making it difficult to pinpoint the precise location of the source. The signal strength measurements become statistically indistinguishable, leading to a broader probability distribution of the source location. Weak localization is prevalent in various fields, including radio astronomy, underwater acoustic positioning, and sensor networks, where signal attenuation, multipath propagation, and noise interference can significantly degrade localization accuracy.;Google
Transcranial magnetic stimulation;Transcranial magnetic stimulation involves administering pulses of magnetic energy through coils placed against the scalp. This non-invasive technique modulates brain activity by influencing neuronal excitability and connectivity. TMS employs either repetitive transcranial magnetic stimulation, delivering thousands of pulses over multiple sessions, or transcranial magnetic stimulation with intermittent glimp, which uses a patterned sequence of pulses to achieve therapeutic effects. TMS has been shown to alleviate symptoms of various neurological and psychiatric disorders, including depression, anxiety, and addiction.;Google
Golgi apparatus;The Golgi apparatus, also known as the Golgi complex or Golgi system, is an intricate network of membrane-bound organelles found in eukaryotic cells. It plays a pivotal role in post-translational processing, sorting, and packaging of proteins and lipids within the cell. The Golgi apparatus receives newly synthesized proteins and lipids from the rough endoplasmic reticulum and modifies them through addition of sugars, lipids, or other modifications. It also functions as a central sorting and packaging center, directing these modified molecules to their proper destinations within the cell or for export outside the cell.;Google
Pyroptosis;Pyroptosis is the exaggerated cellular death response triggered by specific bacterial components, known as danger signals, engaging pattern recognition receptors on the host cell surface. This process involves the release of reactive oxygen species, calcium overload, and activation of caspase cascade, leading to cell shrinkage, membrane blebbing, DNA fragmentation, and eventual cell lysis. Pyroptosis is crucial for host defense against bacterial infection, but excessive or dysregulated pyroptosis can contribute to tissue damage and disease progression.;Google
Grid cell;Grid cells are neural circuits composed of excitatory and inhibitory neurons arranged in a hexagonal grid-like pattern. They exhibit spontaneous activity that resembles the electrical signals generated by the brain during exploratory behavior. This spontaneous activity is highly coordinated across the grid, suggesting that grid cells work in ensembles to encode spatial information. The neurons in grid cells are spatially tuned, meaning they exhibit increased activity in specific regions of the environment. This tuning is thought to be crucial for encoding and retrieving spatial memories.;Google
Eukaryote;Eukaryotes encompass organisms whose cells possess a true nucleus along with other membrane-bound organelles like mitochondria and chloroplasts. This distinctive feature distinguishes them from prokaryotes. Eukaryotes exhibit a wide array of life forms, including animals, plants, fungi, and protists. Their cells harbor complex biochemical processes, enabling functions such as cell division, metabolism, and gene regulation. The nucleus houses the organism's genetic material, while the organelles play crucial roles in energy production, photosynthesis, and cellular transport.;Google
Dark energy;Dark energy refers to an enigmatic energy field that permeates the universe and is responsible for the observed acceleration of the cosmic expansion. Its existence is inferred from distant supernovae observations, which suggest that the universe's expansion is accelerating over time. Dark energy is thought to make up approximately 68% of the energy budget of the universe, while matter and radiation account for approximately 27% and 5%, respectively. Its properties and composition remain one of the greatest unsolved problems in contemporary physics and cosmology.;Google
Plasma cell;Plasma cells are terminally differentiated B cells that secrete antibodies. They are crucial for humoral immunity, accounting for antibody production in response to infection or immunization. Plasma cells originate from mature B cells that encounter antigen-antibody complexes bound to Fc receptors on their surface. Activation triggers the release of monoclonal antibodies into the bloodstream, where they bind to specific antigens, neutralizing them or activating the immune response.;Google
Monoclonal antibody;Monoclonal antibodies are engineered proteins derived from a single cloned B cell. Produced by continuous cell lines, they exhibit remarkable specificity and affinity for a particular antigen. These antibodies are highly purified and characterized by their ability to bind to a specific epitope on an antigen with high affinity. Monoclonal antibodies have numerous applications in research, diagnostics, and therapeutics due to their precision and reproducibility.;Google
Critical period;The critical period refers to a specific window of time during brain development when environmental stimuli significantly influence neural architecture and cognitive functions. This sensitive phase typically spans from birth through adolescence and is associated with rapid synaptic pruning and cognitive maturation. Environmental enrichment, such as enriched social interaction or cognitive training, during the critical period can enhance synaptic connectivity and cognitive abilities, while neglect or adverse experiences can lead to cognitive deficits. Understanding the critical period is crucial for developing interventions and educational strategies to optimize brain development and cognitive outcomes.;Google
Autoimmunity;Autoimmunity is the abnormal immune response where the immune system mistakenly attacks healthy tissues and organs. This occurs when the immune system's protective mechanisms fail to distinguish between foreign invaders and self. Autoimmune diseases arise when the immune system mistakenly identifies self molecules as foreign, leading to the production of antibodies and inflammatory responses against healthy tissues. The underlying mechanisms involve genetic predisposition, environmental triggers, and molecular mimicry, where immune responses against harmless substances resemble those against self. Autoimmunity affects various organs and tissues, including the skin, joints, thyroid, pancreas, and central nervous system, resulting in diseases such as psoriasis, rheumatoid arthritis, lupus, and multiple sclerosis.;Google
Matrix decomposition;Matrix decomposition refers to the process of expressing a matrix as a product of simpler matrices. This technique allows for efficient representation and manipulation of matrices, particularly in linear algebra and numerical analysis. Various decomposition methods exist, such as singular value decomposition, eigenvalue decomposition, and principal component analysis. These decompositions facilitate tasks like solving linear systems, performing numerical analysis, and extracting meaningful information from data.;Google
Nucleophile;Nucleophiles are chemical species that possess a lone pair of electrons and can readily donate them to electron-deficient centers. They are highly reactive and typically contain atoms such as N, O, or F bonded to a hydrogen atom or another nucleophilic group. Nucleophiles undergo substitution or addition reactions, where they attack electron-deficient centers, such as carbonyl groups or electrophilic aromatic rings. Their reactivity depends on the basicity of the nucleophile and the electrophilicity of the target.;Google
Martensite;Martensite is a microstructure formed in certain metallic alloys when they undergo rapid cooling from a high temperature to a low temperature. This process induces a structural transformation, causing the once-smooth atomic planes to become distorted and intersect each other, resulting in a brittle and hard material. The transformation involves the diffusionless movement of atoms along existing grain boundaries, forming a network of interconnected laths or needles. The mechanical properties of martensite depend on the composition of the alloy and the temperature of transformation.;Google
Trophic level;A trophic level refers to the position of an organism within a food chain or web, indicating its feeding relationships and energy dependence. Organisms are assigned to different trophic levels based on their dietary habits. Primary producers are organisms that synthesize their own food from inorganic compounds, such as plants. Consumers occupy various trophic levels, with herbivores feeding on primary producers, carnivores preying on other consumers, and omnivores feeding on both plants and animals. The higher the trophic level, the greater the energy dependence on lower trophic levels.;Google
Wave function;A wave function is a mathematical function that describes the probability of finding a quantum particle at any given point and time. It encapsulates all the information about the particle's motion, including its momentum, energy, and spin. The wave function evolves over time according to the Schrödinger equation, which describes the quantum dynamics of the particle. The probability of finding the particle at any location is given by the square of the magnitude of the wave function at that location.;Google
Consciousness;Consciousness is a complex phenomenon that encompasses the subjective experience of the world, including thoughts, feelings, and actions. Neurologically, consciousness involves the integrated functioning of various brain regions, particularly the neocortex and limbic system. It is characterized by self-awareness, attention, and the ability to reflect on experiences. Scientists explore the neurobiological mechanisms underlying consciousness, investigating the neural correlates of conscious experience, the relationship between consciousness and sleep-wake cycles, and the factors that influence conscious awareness.;Google
Cardiac output;Cardiac output refers to the volume of blood ejected by the heart per minute. It is a vital measure of cardiovascular function, as it determines the amount of oxygenated blood delivered to tissues and organs. Cardiac output is directly related to heart rate and stroke volume. It is influenced by factors such as preload, afterload, contractility of the heart muscle, and systemic vascular resistance. Measurement of cardiac output can aid in assessing cardiovascular health, diagnosing heart problems, and guiding treatment interventions.;Google
Multiverse;The Multiverse theory proposes the existence of an infinite series of parallel realities branching from every quantum decision point in the universe's history. Each decision, whether conscious or unconscious, creates a divergent timeline leading to an uncountably vast array of possible realities. The theory suggests that every action and interaction has multiple outcomes, each forming a separate universe with different physical laws, histories, and outcomes. The existence of these parallel realities remains purely speculative, however, and has not been scientifically confirmed.;Google
Fibrin;Fibrin is a complex protein network that forms as a temporary scaffold during blood clotting. Produced by platelets and endothelial cells, fibrin strands are arranged in a branching tree-like structure, entangling blood cells and platelets to stabilize the clot. Fibrinogen, a soluble plasma protein, is converted into fibrin by the enzyme thrombin, which is formed during clotting. The formation of fibrin is crucial for restoring blood flow in injured blood vessels and preventing excessive bleeding.;Google
Dye-sensitized solar cell;Dye-sensitized solar cells harness energy from sunlight through a photoelectrochemical process. They consist of a transparent electrode coated with a layer of dye molecules, which absorb photons and inject electrons into the electrode. The counter electrode contains a redox couple, facilitating electron transfer from the electrode to the electrolyte and ultimately generating an electric current. The efficiency of DSCs is primarily influenced by the morphology of the dye-coated electrode, the properties of the dye molecules, and the conductivity of the electrolyte.;Google
Gene therapy;Gene therapy involves manipulating the DNA of target cells to correct or suppress genetic disorders. It employs recombinant DNA technology to deliver functional genes or regulatory elements to cells. This approach aims to restore normal cellular function, suppress disease-causing genes, or enhance the immune response. Gene therapy offers potential treatments for various inherited and acquired diseases, including cancer, hemophilia, and genetic metabolic disorders. It involves careful selection of target cells, precise delivery of therapeutic genes, and management of potential immune responses.;Google
Intron;Introns are non-coding sequences of DNA that interrupt the coding sequences of genes. While they are irrelevant to the final protein product, introns play crucial roles in regulating gene expression and splicing. During transcription, introns are excluded from the final mRNA through a complex process called splicing. The excision of introns and ligation of the flanking exons creates the mature mRNA molecule that is translated into protein. The presence of introns in many genes suggests that they have important regulatory functions and have been conserved during evolution.;Google
Representation theory;Representation theory explores the relationship between mathematical structures, such as groups and rings, and their representations in various algebraic, geometric, or physical contexts. It studies how algebraic structures can be represented as transformations of vector spaces, and how these representations can provide insights into the underlying mathematical relationships. Representation theory plays a crucial role in many fields, including physics, geometry, and algebra, and has applications in diverse areas such as quantum mechanics, group theory, and cryptography.;Google
Q-learning;Q-learning is a model-free reinforcement learning algorithm that learns optimal action-selection strategies through trial-and-error. It employs a value function that estimates the long-term reward for each action in a given state. Actions are selected based on the maximum of the estimated future rewards, known as Q-values. The algorithm iteratively updates the Q-values through reinforcement, receiving rewards for successful actions and penalizing mistakes. Q-learning finds applications in robotics, computer games, and various optimization problems.;Google
X-ray binary;X-ray binaries are systems containing a compact object, such as a neutron star or black hole, and a companion star. These systems emit intense X-rays due to the intense gravitational pull causing matter from the companion star to spiral inwards and collide with the compact object. The resulting high-energy emission is observable in X-ray telescopes. These binaries play a crucial role in understanding the dynamics of binary systems and the nature of compact objects.;Google
Focal adhesion;Focal adhesion refers to specialized protein complexes formed at the interface between cells and the extracellular matrix. Composed of cytoskeletal proteins, transmembrane receptors, and signaling molecules, these structures mediate cell-to-substrate adhesion, mechanical coupling, and signal transduction. Focal adhesions regulate cell behavior, including migration, spreading, and survival. They are crucial for cellular processes such as embryonic development, tissue homeostasis, and disease progression.;Google
Genome browser;A genome browser is a bioinformatics tool designed to visualize and analyze genomic data. It provides an interactive interface for exploring and navigating through the genome sequence, annotation tracks, and experimental data. Genome browsers enable researchers to identify genes, regulatory elements, and structural variations associated with diseases or traits. By visualizing genomic data alongside annotations and experimental results, genome browsers facilitate genome-wide analyses, hypothesis generation, and functional annotation of genomic regions.;Google
CRISPR;CRISPR-Cas9 technology harnesses the prokaryotic immune system to precisely edit DNA. CRISPR sequences act as a genetic memory bank, storing short, sequence-specific spacers derived from invading viruses. The Cas9 protein, guided by these spacers, cuts DNA at specific target sites, enabling DNA repair pathways to correct or delete mutations. This revolutionary tool has applications in genome editing, diagnostics, agricultural biotechnology, and fundamental research.;Google
Digital filter;Digital filters are mathematical functions that process digital signals by selectively altering their frequency content. They are used in various applications, including digital signal processing, telecommunications, and image processing. Digital filters employ techniques such as convolution, recursion, and Fast Fourier Transform algorithms to manipulate the signal's amplitude and phase characteristics. By altering the filter coefficients, the frequency response and behavior can be customized to fulfill specific requirements. Digital filters offer advantages over their analog counterparts, including precision control, reconfigurability, and reduced hardware complexity.;Google
Raman spectroscopy;Raman spectroscopy hinges on inelastic scattering of monochromatic light by molecules. It probes molecular vibrations, providing structural and compositional information. The technique exploits the interaction of light with molecular bonds, causing temporary alterations in their vibrational modes. Inelastic scattering implies energy exchange between the incident photons and the molecular vibrations, leading to shifted wavelengths of scattered light. The intensity of the scattered light at a given wavelength is directly related to the population of the corresponding vibrational mode. Raman spectroscopy offers non-destructive analysis of samples, providing molecular fingerprints for identification and quantification.;Google
Tonsil;Tonsils are lymphatic tissue masses located at the back of the throat. Histologically, they resemble follicles of the spleen and are composed of lymphoid tissue encapsulated by a fibrous capsule. Functionally, they serve as part of the body's immune system, aiding in the protection against bacteria, viruses, and other foreign invaders. The tonsils are commonly affected by inflammation, infection, or enlargement, leading to symptoms such as sore throat, difficulty swallowing, and swollen lymph nodes.;Google
Magnetar;A Magnetar is a highly magnetized neutron star that emits pulsed radio waves. Formed from the remnants of massive stars, Magnetars possess incredibly strong magnetic fields, generating intense radio emission bursts. Their intense magnetic fields confine charged particles in intricate structures, leading to the emission of polarized radio waves. Magnetars are fascinating cosmic laboratories, enabling scientists to study the interplay of magnetic fields and charged particles in extreme environments.;Google
Prognosis;Prognosis refers to the process of estimating the likely course and outcome of a disease or medical condition over time. It involves collecting and analyzing data, such as clinical symptoms, medical history, and laboratory findings, to assess the probability of recovery, progression, or mortality. Prognosis is an important aspect of patient management, as it aids in determining appropriate treatment plans, setting realistic expectations, and providing psychological support.;Google
ATP hydrolysis;ATP hydrolysis is the biochemical process involving the breakdown of adenosine triphosphate molecules into adenosine and inorganic phosphate. This process releases energy, which is utilized in numerous cellular functions, including muscle contraction, nerve impulse transmission, and chemical synthesis. The hydrolysis reaction is catalyzed by enzymes such as ATPases, which facilitate the breaking of the phosphoric ester bond in ATP. This energy release enables these processes by driving biochemical reactions and restoring the cellular energy balance.;Google
Herd immunity;Herd immunity, also known as community immunity, refers to the indirect protection afforded to individuals who are not directly vaccinated or immunized against a disease. When a sufficiently high proportion of the population is vaccinated or naturally immune, the likelihood of disease transmission is significantly reduced. This protective effect arises from the reduction of susceptible hosts and the subsequent interruption of disease transmission chains. The proportion of the population that needs to be vaccinated to achieve herd immunity varies depending on the disease and its mode of transmission.;Google
Anthropic principle;The Anthropic principle posits that the laws of physics must be fine-tuned for the existence of conscious observers. It suggests that the universe's fundamental constants, such as the gravitational constant and the speed of light, must be precisely balanced for life to emerge. This principle challenges the idea of a universe governed solely by random chance, arguing that the observed laws and constants must be statistically likely only within the context of a universe that contains conscious beings.;Google
Quantum computing;Quantum computing leverages the principles of quantum mechanics to perform computations. It exploits superposition and entanglement to explore multiple states and perform parallel computations. Unlike classical computers that rely on binary bits, quantum computers utilize qubits that can exist in a superposition of states, allowing for both 0 and 1 simultaneously. This enables quantum computers to tackle complex problems that are intractable for classical computers due to exponential growth in the number of variables.;Google
Algebraic topology;Algebraic topology investigates topological spaces through algebraic methods. It focuses on invariants, such as homology groups and cohomology rings, which are numerical or algebraic measures of topological properties. The theory explores geometric structures, including manifolds, simplicial complexes, and algebraic varieties, using algebraic techniques from fields like group theory, ring theory, and algebraic geometry. Algebraic topology provides insights into the topological structure of spaces by classifying them according to their algebraic invariants, making it a valuable tool in various branches of mathematics, physics, and engineering.;Google
Neurogenesis;Neurogenesis is the process of new neuron generation from progenitor cells in the central nervous system. This vital process occurs during embryonic development and continues in adulthood, replacing damaged neurons and supporting cognitive function. Neurogenesis involves complex molecular and genetic mechanisms, including the proliferation of progenitor cells, their differentiation into neurons, and the integration of these new neurons into the existing neural circuitry. Factors such as growth factors, neurotransmitters, and epigenetic modifications influence neurogenesis, which is crucial for learning, memory, and overall brain function.;Google
Structural equation modeling;Structural equation modeling is a multivariate statistical technique that explores relationships between latent variables and observed variables. Latent variables, such as personality traits or intelligence, cannot be directly measured but are inferred from their effects on observable behaviors or traits. SEM employs structural models with latent variables connected by path coefficients and observed variables connected to latent variables through measurement equations. It allows researchers to assess the extent to which observed relationships between variables can be attributed to underlying latent constructs.;Google
Stellar nucleosynthesis;Stellar nucleosynthesis is the process of creating heavier elements in the universe through nuclear fusion and capture reactions occurring within the cores of stars. During stellar evolution, high-density regions called cores undergo intense gravitational and temperature conditions, facilitating the synthesis of elements beyond hydrogen and helium. The process involves complex chain reactions, where protons and alpha particles collide and combine to form increasingly heavier isotopes. The heavy elements produced through stellar nucleosynthesis are eventually expelled from the star and contribute to the chemical enrichment of the interstellar medium.;Google
Histology;Histology investigates the structural organization of tissues, which are composed of multiple cell types working in conjunction. It examines the microscopic anatomy of tissues, studying the cellular composition, arrangement, and function of different tissues throughout the body. Histology involves the study of tissue samples using microscopes and specialized staining techniques to visualize and analyze cellular structures. Understanding histology is crucial for diagnosing diseases, understanding tissue function, and studying the effects of various factors on tissue integrity.;Google
Myosin;Myosin is a motor protein responsible for muscle contraction. It interacts with actin, forming a crossbridge that undergoes power stroke and displacement, driving muscle fibers through contraction. Myosin consists of heavy and light chains, with the heavy chain containing the motor domain and the light chains forming a regulatory complex. The interaction of myosin with actin and other regulatory proteins controls the timing and force of muscle contraction.;Google
Number needed to treat;Number needed to treat is a statistical measure used to assess the efficacy of interventions in clinical trials and healthcare settings. It quantifies the number of patients that need to be treated with the intervention for one additional patient to experience a clinically meaningful benefit compared to the control group. NNT is commonly used to evaluate the effectiveness of medications, treatments, or screening programs in preventing diseases or improving outcomes. It provides clinicians and researchers with valuable information regarding the potential clinical significance of interventions, allowing for informed treatment decisions and patient management strategies.;Google
Peptide bond;A peptide bond is a covalent bond formed between the carbonyl carbon of one amino acid and the amino nitrogen of another. It is the structural foundation of proteins and is responsible for their biological activity. Peptide bonds are formed through a dehydration synthesis reaction, where a water molecule is eliminated during the formation of the bond. Each peptide bond connects two amino acids together, forming a dipeptide. Subsequent condensation reactions between amino acids create larger chains of amino acids, ultimately forming proteins.;Google
Eosinophil;Eosinophils are a type of white blood cell involved in the immune response. They play a crucial role in allergic reactions and parasitic infections. These cells are recruited to sites of inflammation, where they release histamine and other inflammatory mediators. This release can cause tissue damage and symptoms such as sneezing, runny nose, and itching. Eosinophils also participate in the regulation of inflammation and tissue repair.;Google
Meta-learning;Meta-learning concerns the study of learning algorithms that learn from other learning algorithms. It deals with the problem of learning how to learn efficiently by analyzing past experiences and optimizing future learning processes. Meta-learners extract knowledge from the successes and failures of previous learning tasks to improve the performance of subsequent learning tasks. This approach enables faster and more effective learning in dynamic environments by enabling learners to adapt to new situations and tasks based on prior experiences.;Google
Aerogel;Aerogel is a solid-like material featuring an exceptionally low density and high porosity. Composed primarily of silica or carbon, it exhibits remarkable thermal insulation and mechanical properties. Aerogel's unique structure consists of a highly interconnected network of nanoscale pores, resulting in an extremely low thermal conductivity and high compressive strength. Its remarkable properties make it suitable for applications in various fields, including insulation materials, energy storage devices, and lightweight structural components.;Google
Inverse kinematics;Inverse kinematics involves solving the equation of motion of a robotic manipulator to determine the joint velocities and positions required to achieve a desired end-effector trajectory. Given the desired end-effector pose and velocity, the inverse kinematics algorithm calculates the joint angles and velocities that will move the manipulator's end effector along the desired path. This technique is crucial for robot control, allowing robots to perform tasks such as assembly, welding, and painting with precision and accuracy.;Google
Anderson localization;Anderson localization describes the phenomenon of wave confinement within a disordered system. When waves, such as electrons or photons, propagate through a material with random variations in its properties, they experience random scattering. In one dimension, this leads to the wave being localized around the sites of high scattering, preventing it from spreading indefinitely. The resulting localized states exhibit exponential decay away from any given point. This phenomenon has been observed in various contexts, including condensed matter physics, optics, and quantum information science.;Google
Lytic cycle;The Lytic Cycle is a fundamental process employed by certain viruses to replicate within their host cells. It involves two distinct phases: the lytic phase and the latent phase. During the lytic phase, the virus releases its genetic material into the host cell's cytoplasm, hijacking the cell's machinery to synthesize viral proteins and DNA. This results in the production of new viral particles. In the latent phase, the virus exists in a dormant state within the host cell, without replicating. This phase can be reactivated under certain conditions, leading to the resumption of the lytic cycle.;Google
Balancing selection;Balancing selection refers to the simultaneous action of multiple evolutionary forces that stabilize genetic variation within populations. These forces counteract the effects of natural selection, which favors some alleles and eliminates others. Balancing selection maintains genetic diversity by preventing the complete dominance of any single allele. This process involves gene interactions, epistasis, linkage disequilibrium, and random assortment of alleles. By opposing the effects of differential survival and reproduction, balancing selection creates a dynamic equilibrium that sustains genetic variation within populations over time.;Google
Glycosylation;Glycosylation is the process of adding sugar molecules to proteins and lipids. This covalent modification significantly impacts the biological function of molecules by influencing their stability, solubility, and interaction with other biomolecules. Glycosylation can occur at specific amino acid residues or lipid molecules and can be influenced by cellular location, developmental stage, and physiological conditions. The presence and pattern of glycosylation can serve as markers for cell type, disease state, and immune response.;Google
Alpha particle;An alpha particle consists of two protons and two neutrons bound together, exhibiting a +2 charge and a mass approximately four times that of a proton. It is a fundamental particle often emitted in radioactive decay processes. Alpha particles are responsible for transmutations of elements through nuclear reactions, leading to the formation of heavier isotopes. They are also known as helium nuclei due to their composition as the core of a helium atom.;Google
Majorana fermion;Majorana fermions are hypothetical elementary particles that exhibit both spin and charge, and are their own antiparticles. This means they obey a unique set of statistics where their number is always conserved modulo two. Majorana fermions remain unproven but are closely connected to several theoretical frameworks, such as quantum gravity and non-commutative geometry. They have been extensively searched for in experiments involving neutrinos, but their existence has not yet been confirmed.;Google
Crohn's disease;Crohn's disease is an autoimmune inflammatory bowel disease affecting the gastrointestinal tract. Its exact cause remains unknown, but genetic factors, environmental triggers, and abnormal immune responses are believed to play a role. Symptoms include abdominal pain, diarrhea, weight loss, fatigue, and bleeding. Histologically, Crohn's disease is characterized by transmural inflammation, fibrosis, and potential narrowing of the bowel. Treatment options include medications to suppress the immune response, surgery to remove affected bowel, and lifestyle modifications.;Google
Kilonova;A Kilonova is the luminous aftermath of a binary system composed of a neutron star and a companion star undergoing a violent merger. The collision emits copious amounts of heavy elements, enriching the surrounding interstellar medium. This cataclysmic event releases immense energy, generating a transient, luminous source with spectral features reminiscent of both a supernova and a nebular object. The intense burst of gamma rays and subsequent afterglow emission are observable in telescopes, offering valuable insights into the dynamics of stellar mergers and the nucleosynthesis processes that occur in these catastrophic events.;Google
Grover's algorithm;Grover's algorithm is a quantum mechanical search algorithm that exploits superposition and interference to locate a specific item in an unsorted list with significantly better efficiency than classical algorithms. It achieves exponential speedup for certain problems by performing a parallel search through all possible list elements. By manipulating the phases of quantum states, the algorithm can amplify the amplitude of the desired solution while suppressing the amplitudes of unwanted results. This remarkable technique has found applications in diverse fields, including cryptography, computational chemistry, and optimization problems.;Google
Extinction;Extinction refers to the permanent disappearance of a species from the entire biosphere. It is a natural process driven by various factors such as climate change, habitat destruction, predation, competition, and disease. Extinction outcomes from the lack of reproductive success, leading to a decline in population size until no individuals remain. The process can be gradual or sudden and is irreversible once the last individual of a species dies out. The causes of extinction are often complex and involve a combination of these factors. Understanding the mechanisms and drivers of extinction is crucial for conservation efforts and preserving biodiversity.;Google
Federated learning;Federated learning tackles the privacy and security concerns of decentralized training by enabling collaborative learning without compromising individual data. It involves splitting the learning process into two stages. In the first, local models are trained on decentralized data sets without any central coordination or communication. In the second, these local models are aggregated into a global model without sharing the underlying data. This technique eliminates the need for sensitive data to be transmitted over networks, making it suitable for scenarios with stringent privacy regulations.;Google
Isotope;An isotope is a variant of an element that exhibits the same number of protons but differs in the number of neutrons. Isotopes share the same chemical properties but exhibit variations in physical properties due to their distinct masses. Stable isotopes are found in nature and play crucial roles in chemical reactions and nuclear stability. Unstable isotopes, or radioisotopes, decay over time, emitting radiation and undergoing nuclear transformations. The existence of isotopes highlights the fundamental principle of nuclear stability and the diversity within elements.;Google
Habitable zone;The habitable zone is the range of distances from a star where conditions are favorable for the existence of liquid water on a planetary surface. It encompasses those orbits where the temperature balance allows water to exist in liquid form without undergoing freezing or boiling. The HZ is crucial for determining the suitability of planets for harboring life as we know it. Stellar brightness, planetary composition, atmospheric composition, and distance from the star are key factors in defining the boundaries of the habitable zone.;Google
Netrin;Netrin is a family of secreted proteins crucial for nervous system development and function. Initially identified in studies of the developing mouse nervous system, Netrins exhibit guidance cue activity, regulating the migration and differentiation of neurons and other nervous system cells. They are particularly important for establishing topographic relationships between neurons and their targets, influencing the formation of neural circuits. Netrins bind to specific receptors on target cells, triggering intracellular signalling cascades that modulate cellular behaviour and promote survival. Mutations in Netrin genes have been implicated in several neurological disorders, highlighting their significance in maintaining normal nervous system function.;Google
Lentivirus;Lentiviruses are a class of retroviruses characterized by their ability to integrate their genetic material into the host cell's genome. Notably, HIV-1 and HIV-2 belong to this group. These viruses utilize reverse transcriptase to synthesize complementary DNA strands from their RNA genomes, which is then integrated into the host's nuclear DNA by viral integrase. The integrated viral DNA becomes latent and can be reactivated under certain conditions. Lentiviruses often cause chronic infections due to their ability to evade host immune responses and establish latent infections.;Google
Causal inference;Causal inference delves into the process of establishing the existence and nature of casual relationships between variables. It involves discerning the underlying mechanisms that influence changes in one variable based on observed patterns in other variables. The primary aim is to uncover the true causal connections amidst potential confounding factors and collider bias. Statistical methods like randomized controlled trials, propensity scores, and instrumental variables are frequently employed to isolate the causal effects from other factors that may influence the outcome.;Google
Proton therapy;Proton therapy utilizes high-energy protons to selectively eradicate cancer cells while minimizing damage to surrounding healthy tissue. This treatment involves accelerating protons to high velocities and directing them towards the tumor. The protons interact with tissue through various mechanisms, primarily via DNA damage and ionization. The precise delivery of protons allows for precise targeting of tumors, reducing the risk of side effects associated with traditional radiation therapy. Proton therapy is particularly effective for treating certain types of cancer that have developed resistance to other forms of treatment.;Google
Pyrolysis;Pyrolysis is the thermal decomposition of organic materials in the absence of oxygen. It involves high-temperature treatment of biomass, such as wood, agricultural residues, and sewage sludge, to produce bio-oil, biochar, and gases. The process breaks down complex organic molecules into simpler hydrocarbons and oxygenates, releasing energy and valuable chemical feedstocks. Pyrolysis offers energy recovery and waste management solutions, while producing bio-based products that can replace fossil fuels and mitigate environmental concerns.;Google
Total synthesis;Total synthesis involves the chemical construction of a complex molecule from simple precursors through a series of meticulously designed chemical reactions. This process recapitulates the biosynthetic pathways of natural products, allowing the production of molecules that would be unattainable through traditional chemical synthesis. The key lies in mimicking the intricate chemical logic employed by enzymes in biological systems. Total synthesis has revolutionized the availability of complex molecules for research, agriculture, and pharmaceutical applications.;Google
Neuraminidase;Neuraminidase is an enzyme produced by viruses and bacteria that plays a crucial role in viral replication and cell-to-cell spread. It breaks down sialic acids, which are terminal sugars found on the surface of host cells. By doing so, neuraminidase facilitates viral entry into host cells by uncoating the viral genome. Additionally, it inhibits host cell receptor binding, limiting viral shedding and transmission.;Google
Schwarzschild radius;The Schwarzschild radius refers to the sphere of influence around a massive object beyond which the gravitational pull becomes so strong that nothing, not even light, can escape its gravitational grip. This phenomenon arises from Einstein's theory of general relativity, where gravity is treated as a curvature of spacetime. The radius is directly proportional to the object's mass, with larger masses possessing a greater gravitational pull. When an object's radius shrinks below the Schwarzschild radius, its gravity becomes so intense that it creates a singularity, where the laws of physics as we know them break down.;Google
Circular economy;Circular economy explores the redesign of products and processes to minimize waste and conserve resources. It emphasizes reuse, repair, refurbishment, and recycling as alternatives to traditional linear models of production and consumption. Key principles include eliminating waste and pollution at the source, keeping products and materials in use for longer, and regenerating natural systems. This systemic approach prioritizes resource efficiency, reduces environmental impact, and fosters innovation in product design and business models.;Google
Cosmic distance ladder;The Cosmic Distance Ladder is a hierarchical system of astronomical objects used to estimate the distances to distant galaxies and clusters of galaxies. It employs various observational techniques and theoretical assumptions to establish a distance scale that spans the observable universe. This ladder consists of different stages, each with its own set of distance indicators, such as Type Ia supernovae, luminosity functions, and cluster counts. By utilizing these indicators and applying appropriate corrections for cosmic expansion and extinction, astronomers can determine the distances to objects at different redshifts and across the cosmos.;Google
Fracture mechanics;Fracture mechanics investigates the behavior of materials under conditions of mechanical loading, focusing on the initiation and propagation of cracks. It deals with the mathematical models and experimental techniques used to assess fracture toughness, crack growth rates, and failure mechanisms. The field encompasses principles of linear elastic fracture mechanics, plastic fracture mechanics, fatigue crack growth, and fracture initiation criteria. It plays a crucial role in understanding the mechanical behavior of materials in various engineering applications, including structural design, aerospace engineering, and energy production.;Google
Microbiome;The microbiome encompasses the complex community of trillions of microbes, including bacteria, archaea, viruses, and fungi, inhabiting the human body. These microbes coexist in dynamic relationships with each other and their host. Microbiome functions extend beyond the physical barrier of the skin and extend into internal organs, influencing metabolism, immune system development, and numerous physiological processes. The composition and diversity of the microbiome can be influenced by factors such as genetics, diet, environment, and lifestyle choices. Understanding the microbiome has implications for healthcare, as alterations in its balance have been associated with various diseases and disorders.;Google
Category theory;"Category theory investigates structures composed of objects interconnected by morphisms. It views mathematical objects as ""objects"" and their relationships as ""morphisms."" The theory focuses on defining and composing morphisms between objects, emphasizing the inherent structure of mathematical objects. Categorical concepts like functors, natural transformations, and limits provide a formal framework for analyzing and manipulating these structures. This abstract algebraic approach has wide applications in various branches of mathematics, including topology, algebraic geometry, and algebraic combinatorics.";Google
Inflammation;Inflammation is a complex biological response involving the recruitment and activation of immune cells to a tissue or organ experiencing injury or infection. It is a pivotal protective mechanism that helps restore homeostasis and eliminate harmful agents. The process involves increased blood flow to the affected area, recruitment of immune cells, production of inflammatory mediators, and tissue repair. The intensity and duration of inflammation are tightly regulated to ensure that it is effective in resolving the underlying problem without causing excessive damage.;Google
Luminosity;Luminosity is the total amount of light emitted by a celestial body, such as a star or planet, over a period of time. It quantifies the intrinsic brightness of an object and is measured in units of energy per unit time, typically watts. Luminosity is a fundamental parameter used to characterize the energy output of astronomical objects and to understand their physical processes. It is closely related to the concept of stellar evolution, as the luminosity of a star evolves over time due to changes in its composition and internal energy production mechanisms.;Google
Angular momentum;Angular momentum is a conserved quantity associated with rotational motion in space. It describes the product of the rotational inertia of an object and its angular velocity. Angular momentum is quantized, meaning it can only exist in discrete packets. Conservation of angular momentum implies that the total angular momentum of a closed system remains constant, regardless of any internal or external forces acting on the system. This principle plays a crucial role in understanding the behavior of rotating objects, such as planets, stars, and atomic nuclei.;Google
Inflation;Inflation represents an undesirable and sustained increase in the general level of prices in an economy over a period of time. It reflects the decrease in the purchasing power of currency, causing the cost of goods and services to rise relative to the supply of money. Inflation can be caused by various factors, including changes in aggregate demand, monetary policy, and cost-push factors. Its effects include eroding the value of savings, reducing real wages, and potentially leading to economic instability.;Google
Osmosis;Osmosis is the movement of water molecules across a semipermeable membrane. Solvent molecules, such as water, move randomly and independently of each other, driven by their kinetic energy. In osmosis, water molecules move from an area of lower solute concentration to an area of higher solute concentration through the semipermeable membrane. This movement continues until equilibrium is reached, where the water concentration is equal on both sides of the membrane. Osmosis is responsible for many physiological processes, including cell turgor, plant water relations, and the functioning of kidneys.;Google
T cell;A T cell is a type of white blood cell crucial for adaptive immune responses. It recognizes and eliminates pathogens, such as bacteria, viruses, and fungi. T cells have receptors that bind to specific antigens presented by antigen-presenting cells. Upon activation, T cells proliferate and differentiate into effector T cells, which secrete cytokines to stimulate other immune cells and produce cytotoxic molecules to directly eliminate pathogens. Regulatory T cells control immune responses to maintain homeostasis.;Google
Dynamic light scattering;Dynamic light scattering exploits the principle of Brownian motion to measure the size and concentration of particles in solution. It analyzes the intensity of scattered light over time, correlating the fluctuations with the dynamic behavior of the particles. DLS measures the diffusion coefficient of particles, which is related to their size and viscosity of the medium. This technique provides information about the size distribution, concentration, and aggregation state of particles in solution, making it valuable for characterizing proteins, nanoparticles, and other colloidal systems.;Google
Convolutional neural network;Convolutional neural networks are a class of artificial neural networks inspired by the biological process of vision in the brain. They consist of stacked layers of convolutional filters that learn to detect features and patterns from input data. The filters slide across the input, performing a convolution operation to extract feature maps. Subsequent layers combine and refine these feature maps through max pooling and other operations. CNNs excel in tasks such as image classification, object recognition, and video analysis by capturing spatial dependencies and local features from the input.;Google
Laser;A laser is an optical device that emits coherent, monochromatic, and directional electromagnetic radiation. It utilizes stimulated emission to amplify light through the interaction of light with matter. The process involves the population inversion of atoms or molecules, where excited states have more energy than ground states. When stimulated by an external photon, an excited state atom or molecule emits a photon of the same frequency, leading to the amplification of light. Lasers find applications in various fields, including scientific research, telecommunications, and medical imaging.;Google
Wear;Wear refers to the practice of intentionally covering the body with materials for various purposes. From a biological perspective, it involves the interaction between skin, clothing, and the environment. The science of wear investigates the physiological responses to clothing, focusing on factors such as thermal regulation, comfort, and protection. It explores the engineering principles behind fabric selection, garment construction, and the science of aging and durability in wear.;Google
Neutron star;Neutron stars are collapsed, massive stars that emit high-energy radiation and pulsate irregularly. Composed primarily of neutrons, these celestial objects possess immense gravitational pull and emit bursts of radio waves and X-rays. Their violent rotation and strong magnetic fields generate intense surface gravity and emission of charged particles. Neutron stars are often found in binary systems with companion stars, emitting X-rays through accretion processes. They are among the most dense objects in the universe, with masses comparable to the Sun and radii approaching the size of a city.;Google
Macrophage;Macrophages are large, phagocytosing phagocytes found throughout tissues and organs. They are crucial for host defense, engulfing and destroying pathogens, debris, and cellular debris. Macrophages exhibit remarkable plasticity, differentiating into various subtypes based on the tissue microenvironment and cytokine signaling. They play key roles in inflammation, tissue repair, and homeostasis. Notably, dysfunctional macrophages have been implicated in numerous diseases, including cancer, autoimmune disorders, and metabolic disorders.;Google
Sentiment analysis;Sentiment analysis is the computational analysis of language to determine the emotional tone or sentiment expressed in a text. It involves the use of natural language processing techniques to identify and analyze patterns of words and phrases that convey emotional information. The primary goal is to classify text as expressing positive, negative, or neutral sentiment. This analysis is applied in various applications such as social media monitoring, customer feedback analysis, and political opinion research.;Google
Electrolysis;Electrolysis involves the use of electric current to drive non-spontaneous chemical reactions at electrodes immersed in a solution. During electrolysis, chemical species at the electrode surfaces undergo oxidation or reduction reactions, resulting in the transformation of substances in the solution. The process relies on the transfer of ions between the electrodes and the solution, driven by the electric potential. Electrolysis finds applications in various fields, such as electroplating, corrosion control, and the production of chemicals and fuels.;Google
Beta sheet;A beta sheet is a structural element found in proteins and other polypeptides. It consists of multiple polypeptide chains arranged in parallel, with their amino acid backbones forming hydrogen bonds between adjacent chains. This arrangement creates a stable and rigid structure that contributes to the overall stability and function of proteins. Beta sheets are frequently observed in proteins that undergo significant conformational changes or are involved in protein-protein interactions.;Google
Covalent bond;A covalent bond is a chemical bond formed by the sharing of electrons between atoms. Two atoms share one or more pairs of electrons in order to achieve a stable electron configuration. The electrons are held jointly by the positively charged atomic nuclei of both atoms. The strength and direction of the bond depend on the number and arrangement of shared electrons. Covalent bonds are responsible for the formation of molecules and compounds, and play a crucial role in determining their physical and chemical properties.;Google
Quantum memory;Quantum memory harnesses the principles of quantum physics to store and manipulate information. It utilizes the unique properties of superposition and entanglement to encode and protect data from decoherence. Quantum memories store information in the states of quantum systems, such as atoms or photons, which can exist in multiple states simultaneously. This allows for parallel processing and the storage of vast amounts of information in a single location. Quantum memories are essential for quantum computing, quantum simulations, and other applications where the preservation and manipulation of quantum information is crucial.;Google
Centrosome;Centrosomes are specialized organelles found in eukaryotic cells, crucial for cell division and maintaining cellular architecture. Composed of a central body and two radiating arms, centrosomes serve as organizing centers for microtubule assembly and disassembly. They play a pivotal role in forming the mitotic spindle, ensuring the proper segregation of genetic material during cell division. Additionally, centrosomes are involved in numerous cellular processes such as cell cycle regulation, intracellular transport, and the maintenance of cell shape.;Google
Alpha wave;Alpha waves are spontaneous electrical oscillations in the brain recorded using electroencephalography. They typically occur between 8-12 hertz and are associated with relaxed attention, sensory processing, and memory formation. Alpha waves are most prominent when the eyes are closed and the individual is engaged in restful or introspective activities. They are also present during meditation and can be modulated by factors such as meditation experience, attentional load, and stress levels.;Google
Organ-on-a-chip;Organ-on-a-chip technology simulates complex biological systems on miniature chips, mimicking the functionality of organs and tissues. This approach enables researchers to study disease mechanisms, drug efficacy, and tissue regeneration in a physiologically relevant environment. OOCs consist of microfluidic channels, sensors, and biocompatible materials that mimic the structural and functional characteristics of organs. By recapitulating the intricate interactions between cells, fluids, and the extracellular matrix, OOCs provide valuable insights into organ function, disease progression, and therapeutic interventions.;Google
Coating;Coating refers to the application of a thin layer of material onto a surface for specific purposes. This process enhances the functionality, performance, or aesthetic appeal of the substrate. Coatings can be applied to various materials, including metals, ceramics, glass, and polymers. The composition and properties of the coating material are carefully tailored to meet the desired outcomes. Commonly employed techniques include dipping, spraying, electroplating, and chemical vapor deposition. Coatings play crucial roles in industries such as manufacturing, automotive, and construction, enhancing product durability, reducing corrosion, improving aesthetics, and facilitating specific functionalities.;Google
Vitamin B12;Vitamin B12, also known as cobalamin, is an essential vitamin involved in numerous biochemical processes. It plays a crucial role in cell metabolism, particularly in DNA synthesis and repair, neurotransmitter function, and the synthesis of red blood cells. Vitamin B12 is primarily derived from animal products and is not found in plant-based diets. Its functions are associated with the presence of a cobalt ion in its molecule, which is crucial for its enzymatic activity.;Google
Supramolecular polymer;Supramolecular polymers are polymeric systems held together by non-covalent interactions such as hydrogen bonding, ionic bonding, or van der Waals forces. These polymers exist in solution or in the solid state and exhibit dynamic structural behavior due to the reversible nature of their intermolecular forces. Supramolecular polymers often demonstrate stimuli-responsiveness, readily altering their physical properties in response to changes in temperature, pH, or solvent composition. Their unique properties make them promising for various applications, including drug delivery, sensors, and self-healing materials.;Google
Proteomics;Proteomics investigates the proteome, the ensemble of proteins expressed, modified, and present within a cell, tissue, or organism at a particular point in time. It encompasses techniques for identifying, quantifying, and characterizing proteins in biological samples. Proteomic approaches involve separation, detection, and analysis of proteins using methodologies such as two-dimensional electrophoresis, liquid chromatography, mass spectrometry, and affinity chromatography. The field aims to unravel post-transcriptional regulation, protein-protein interactions, disease mechanisms, and drug efficacy.;Google
Amphiphile;Amphiphilic molecules possess distinct regions with both positive and negative charges. This unique property enables them to interact with both water molecules and hydrophobic substances. Amphipoles, such as soaps and detergents, form micelles in aqueous environments, where the hydrophobic tails point inwards and the hydrophilic heads point outwards, interacting with water molecules. This property makes amphiphilic molecules essential for numerous processes, including emulsification, lubrication, and biological processes like cell membrane formation.;Google
Chronoamperometry;Chronoamperometry is an electrochemical technique that analyzes the current response of an electrode to a sudden change in potential. It involves applying a brief voltage pulse to the electrode and measuring the current decay over time. This technique provides information about the kinetics of electrochemical reactions at the electrode surface, including the rate constants and activation energies of the involved processes. Chronoamperometry is widely used in studies of electrode kinetics, corrosion behavior, and the analysis of electrochemical reactions.;Google
Symbiosis;Symbiosis refers to the close and lasting biological interaction between two different species. This relationship can be beneficial, harmful, or neutral to either or both participants. Positive symbiosis, also known as mutualism, involves beneficial effects on both species. Commensalism describes a relationship where one species benefits while the other is unaffected. Parasitism is a harmful symbiosis, where one species benefits at the expense of the other. The dynamics and outcomes of symbiosis are influenced by factors such as ecological competition, predation, and host-parasite interactions.;Google
Reciprocal altruism;Reciprocal altruism describes the behavior of individuals offering aid or resources to others with the expectation of future reciprocity. This phenomenon transcends kinship or reciprocity based on social bonds. It involves costly actions performed with the understanding that recipients will likely return the favor in the future when needed. Such actions are driven by the desire to maintain positive social relationships and enhance long-term fitness through social network maintenance and access to resources.;Google
Poisson's ratio;Poisson's ratio is a dimensionless quantity that describes the deformation of a material in one direction when subjected to stress in a perpendicular direction. It quantifies the Poisson effect, where materials expand laterally when stretched in one direction and contract laterally when compressed in that direction. Poisson's ratio is typically denoted by the Greek letter nu and ranges from 0 to 0.5. Materials with a Poisson's ratio close to 0 experience little lateral deformation when stretched, while materials with a ratio close to 0.5 experience significant lateral deformation. Poisson's ratio is an important material property used in understanding the mechanical behavior of various substances, including solids and fluids.;Google
Keratinocyte;Keratinocytes are the primary structural and functional cells of the epidermis, the outermost layer of the skin. They exhibit unique characteristics, including a flattened morphology and a dense network of intermediate filaments. Keratinocytes undergo multiple stages of differentiation to form mature keratinocytes, characterized by the production of structural proteins called keratins. These proteins give the skin its strength and protection, forming a hydrophobic barrier against environmental factors. Keratinocytes also play a role in regulating skin physiology, including the production of antimicrobial peptides and the absorption of nutrients and medications.;Google
Zeolite;Zeolite is a naturally occurring mineral composed primarily of alkali metal aluminosilicates with framework structures featuring sodalite cages. Known for its remarkable ion exchange capabilities, zeolites find diverse applications in industries such as water purification, pharmaceuticals, and catalysis. Their unique porous structures allow for the selective adsorption of ions, making them valuable for separating and purifying substances. Additionally, zeolites exhibit catalytic properties due to the presence of acid sites within their frameworks, enabling them to facilitate various chemical reactions.;Google
Two-dimensional electron gas;A two-dimensional electron gas is a system of electrons confined to a plane, exhibiting quantum mechanical behavior. Formed at interfaces or surfaces of solids, these electrons interact with each other through electrostatic forces, leading to unique electronic properties. The confinement to two dimensions suppresses electron-electron interactions along one direction, resulting in strong correlation effects that influence the electrical behavior of the system. 2DEGs are crucial in modern technologies such as transistors and sensors, due to their unusual transport and thermodynamic properties.;Google
Pauli exclusion principle;The Pauli exclusion principle states that no two electrons in an atom can occupy the same quantum state simultaneously. This principle is fundamental to understanding chemical bonding and the stability of matter. It explains why electrons occupy different orbitals and explains the unique properties of matter at the atomic and molecular levels. By preventing electrons from occupying identical quantum states, the principle ensures that electrons repel each other, contributing to the overall stability of atoms and molecules.;Google
Monomer;A monomer is a simple molecule that contains the repeating units necessary for forming a polymer. Polymers are formed from the polymerization of monomers, which involves joining multiple monomers together through chemical bonds. Monomers are typically small, organic molecules containing reactive functional groups that allow them to form strong intermolecular bonds with each other. The properties of the resulting polymer depend on the chemical structure of the monomer used.;Google
Prosthetic group;Prosthetic groups are organic molecules that mimic the functionality of enzymes. They consist of a metal ion surrounded by ligands that resemble the substrate molecules of the enzyme. Prosthetic groups are found in many enzymes and play a crucial role in catalysis by facilitating the binding and activation of substrate molecules. They accelerate the rate of chemical reactions by lowering the activation energy required for bond formation and breaking.;Google
Rotaxane;Rotaxanes are a class of macrocycles composed of multiple rings connected by flexible chains. Their unique structural features, featuring persistent rings and conformational flexibility, enable fascinating molecular behaviors. Rotaxanes undergo cooperative phenomena, displaying cooperative ring-opening reactions and cooperative transport processes driven by the formation of multiple intermolecular contacts. This cooperative behavior underlies many of the intriguing properties associated with rotaxanes, including molecular machines, nonlinear dynamics, and single molecule manipulation.;Google
Boundary layer;The boundary layer is the thin layer of fluid adjacent to a bounding surface where viscous forces are dominant. It governs fluid behavior in various scenarios, such as airflow over wings, water flow around ships, and blood flow along blood vessel walls. The layer exhibits distinct velocity and temperature profiles, with the surface layer being stationary and the outer layer approaching the free-stream velocity. The thickness of the boundary layer is influenced by factors like surface roughness, flow regime, and fluid properties.;Google
Contrast agent;Contrast agents are substances administered during imaging procedures to enhance the visibility of anatomical structures or organs on X-rays, CT scans, or other imaging modalities. They selectively enhance the density of tissues or bodily fluids, making them more distinguishable from surrounding structures. Depending on their composition, contrast agents can be ionic or non-ionic and are typically administered intravenously or via other routes depending on the clinical need.;Google
Quantum well;A quantum well is a region in space where the potential energy is lower than in the surrounding space. This creates a barrier that confines electrons within the well. Quantization of energy levels occurs because electrons can only occupy certain discrete energy levels within the well. The width and depth of the well determine the allowed energy levels and the behavior of electrons. Quantum wells exhibit quantization of both energy and momentum, leading to phenomena such as tunneling and superconductivity.;Google
Biotin;Biotin is a water-soluble vitamin involved in numerous metabolic processes, primarily functioning as a coenzyme in enzyme reactions. It plays a crucial role in metabolism by assisting with the synthesis and breakdown of fatty acids, amino acids, and carbohydrates. Biotin also contributes to the functioning of the nervous system and the maintenance of healthy hair, skin, and nails.;Google
Riemannian geometry;Riemannian geometry investigates differentiable manifolds where distances between nearby points can be defined using a metric tensor. This tensor measures the squared distances between points, accounting for curvature of the manifold. The geometry explores how objects behave in spaces with non-Euclidean geometries, where parallel transport of vectors and surfaces can deviate from their initial directions due to the curvature. This branch of mathematics has numerous applications in physics, cosmology, and differential equations.;Google
Immune system;The immune system is a complex network of cells, tissues, and organs working together to defend the body against harmful invaders such as bacteria, viruses, fungi, and parasites. It consists of two major branches: the innate immune response and the adaptive immune response. The innate immune response provides immediate protection through mechanisms like physical barriers, chemical mediators, and cellular defenses. The adaptive immune response is slower in its response but offers long-lasting protection through the production of antibodies and the development of immunological memory.;Google
Electrochemistry;Electrochemistry explores the dynamic interplay between chemical reactions and the flow of electric current. It examines processes where electrons are transferred between species in either solution or solid state, resulting in chemical transformations. Key concepts include electrode reactions, cell potential, Faraday's laws of electrolysis, and Nernst equations. Applications of electrochemistry are vast, encompassing battery technology, corrosion control, water purification, and numerous industrial processes.;Google
Metalloprotein;Metalloproteins are proteins containing metal ions as cofactors. These essential cofactors participate in various biochemical processes, including catalysis, electron transfer, and structural stability. Metalloproteins encompass diverse functions, from oxygen transport and storage to enzyme catalysis and ion transport. The metal ions involved can be zinc, copper, iron, magnesium, or manganese, and their coordination to the protein backbone creates unique binding sites that govern the protein's functionality.;Google
Efflux pump;Efflux pumps are plasma membrane proteins that catalyze the active transport of various substrates out of cells. These pumps play crucial roles in antibiotic resistance, antifungal resistance, and multidrug resistance in bacteria, fungi, and cancer cells. By expelling these substrates outside the cell, efflux pumps decrease their intracellular concentration and inhibit their effects. Many efflux pumps utilize energy derived from ATP hydrolysis to drive the pumping process. The overexpression or mutation of efflux pumps can confer resistance to multiple antimicrobial agents or chemotherapy drugs, posing significant challenges in treating infectious diseases and cancer.;Google
Synthetic biology;Synthetic biology concerns the engineering of biological systems, encompassing both genomes and metabolic pathways. It involves the precise manipulation of DNA sequences to create novel biological functionalities, including the production of specific molecules, regulation of cellular behavior, and the development of novel bio-based technologies. This field fosters the convergence of computer science, engineering, and biology to design and fabricate biological systems with unprecedented precision and functionality.;Google
Signal processing;Signal processing deals with the manipulation and analysis of signals, representing physical phenomena as varying quantities over time or space. It involves techniques to transform signals from their original form into desired forms for various applications. Signal processing encompasses both continuous-time and discrete-time signals, spanning domains such as telecommunications, medical imaging, audio processing, and control systems. Its applications extend to diverse fields, including data analysis, pattern recognition, and signal filtering.;Google
Anti-inflammatory;Anti-inflammatory science focuses on the modulation of inflammatory responses to mitigate tissue damage and restore homeostasis. This involves the development of therapeutic strategies that target key mediators of inflammation, such as cytokines, chemokines, and prostaglandins. By suppressing these mediators, inflammation-induced pain, swelling, and tissue damage can be reduced. Research in this field aims to identify and validate potential targets for anti-inflammatory drugs, with applications in various diseases, including arthritis, cardiovascular disorders, gastrointestinal diseases, and cancer.;Google
Prospect theory;Prospect theory examines how individuals evaluate potential outcomes in decision-making, considering both the magnitude and probability of gains or losses. It posits that people assign different values to gains and losses, with losses being perceived as more impactful than gains of the same magnitude. This bias arises from human heuristics, such as loss aversion and the tendency to overestimate the probability of losses compared to gains. The theory emphasizes the role of framing in decision-making, suggesting that the way options are presented can influence choices.;Google
Paxos;Paxos is a decentralized consensus protocol that enables reliable communication and coordination among autonomous agents in a distributed system. It ensures that every agent eventually agrees on a common sequence of actions, despite potential network partitions and faulty behavior. The protocol relies on repeated broadcasts of proposals and acknowledgments to establish consensus among the agents. Paxos is widely used in blockchain technology, distributed databases, and other applications where coordinated action is required in a decentralized environment.;Google
Steel;Steel is an alloy primarily composed of iron, along with carbon and other elements. Its composition and properties can be tailored for diverse applications through varying the percentages of these elements. Carbon enhances strength and hardness, while other elements like manganese, silicon, and chromium influence various characteristics such as tensile strength, ductility, and corrosion resistance. The steelmaking process involves melting iron ore with carbon and other additives, followed by cooling and shaping the resulting molten metal into desired forms.;Google
Epidemic;An epidemic refers to the sudden and widespread occurrence of a disease, affecting a population disproportionately to normal. Epidemics are typically characterized by exponential increases in the number of cases, exceeding the capacity of local healthcare systems. Causes can range from infectious diseases to behavioral or environmental factors. Epidemics often originate from zoonotic or environmental reservoirs and can spread through human contact, contaminated environments, or travel. Understanding the underlying causes and implementing effective control measures are crucial for managing and mitigating the impact of epidemics.;Google
Stainless steel;Stainless steel is an alloy primarily composed of iron, chromium, and nickel. Chromium provides the essential property of resistance to corrosion by forming a passive oxide layer on the surface. The nickel addition enhances toughness and workability. Varying the proportions of these elements creates different grades of stainless steel, each with unique properties. The chromium content typically ranges from 10.5% to 18%, while nickel content can range from 8% to 20%. Other elements such as molybdenum, nitrogen, and silicon are often added to tailor specific characteristics like increased resistance to pitting or enhanced strength.;Google
Pepsin;Pepsin is a protease enzyme produced by chief cells in the stomach. It is crucial for the digestion of dietary proteins in the acidic environment of the stomach. Pepsin works by breaking down proteins into smaller peptides through specific cleavages of peptide bonds. It exhibits maximum activity at pH 1-2 and is highly sensitive to higher pH values. The enzyme's primary substrate is caseins, the major proteins found in milk and dairy products. Pepsin is essential for the initial breakdown of proteins during the process of digestion.;Google
Hemagglutinin;Hemagglutinin is a protein found on the surface of viruses and bacteria that binds to and enters host cells. In viruses, hemagglutinin is responsible for receptor binding and subsequent cellular entry. It interacts with specific receptors on the host cell surface, mediating viral entry into the host cell. Hemagglutinin can be highly variable, allowing viruses to infect a wide range of host species. Its binding to host cell receptors triggers a cascade of events leading to viral entry and subsequent infection.;Google
Redshift;Redshift refers to the observed displacement of light towards longer wavelengths, indicating the distant objects are moving away from the observer. This phenomenon is crucial in cosmology, where it is interpreted as the expansion of the universe. The expansion causes distant objects to recede at increasing speeds, resulting in their light being redshifted due to the Doppler effect. The observed redshift of distant galaxies and clusters of galaxies provides evidence for the expanding universe and the expansion's accelerated rate in recent times.;Google
Thin film;Thin films are engineered layers of material deposited onto a substrate with thicknesses ranging from nanometers to micrometers. The properties of thin films can be tuned by controlling their composition, microstructure, and morphology. Thin films find applications in various fields, including electronics, optics, energy, and biotechnology. Deposition techniques include physical vapor deposition, chemical vapor deposition, and molecular beam epitaxy, among others. Thin films enable miniaturization, improved performance, and cost reduction in numerous technological applications.;Google
Binary search;"Binary search is an efficient algorithmic search technique applicable to sorted data sets. It exploits the inherent order of the data to reduce search complexity. The process involves repeatedly dividing the search space in half by comparing the target element with the middle element of the current subset. If the target element is less than the middle element, the search continues in the lower half; otherwise, the search continues in the upper half. This iterative process narrows the search range exponentially, ensuring logarithmic search time complexity.";Google
Dopamine;Dopamine is a neurotransmitter involved in various physiological processes, including reward, motivation, movement, attention, and emotional responses. It plays a role in regulating movement, as it stimulates muscle contraction. Dopamine is also involved in reward and pleasure pathways, influencing behaviors related to food, sex, and drug abuse. In the central nervous system, dopamine is primarily produced in the substantia nigra and ventral tegmental area. It travels through the striatum and other brain regions, affecting movement, attention, and cognitive functions.;Google
Elimination reaction;An elimination reaction is a chemical reaction involving the stepwise loss of two leaving groups from a substrate molecule, resulting in the formation of a double bond. This process typically proceeds through a carbocation intermediate. In an elimination reaction, the two leaving groups are usually adjacent to each other on the substrate molecule. The reaction proceeds via a concerted mechanism, meaning that the departure of both leaving groups occurs simultaneously. The resulting carbocation can then react further through various pathways, such as addition or rearrangement reactions.;Google
Connectome;The connectome refers to the complete map of neural connections in an organism's brain or nervous system. It involves identifying and characterizing the physical connections between neurons, including synapses, gap junctions, and structural brain networks. The study of the connectome aims to elucidate the functional roles of these connections in health, disease, and behavior. Neuroimaging techniques such as fMRI, EEG, and diffusion tensor imaging are used to visualize and analyze neural connectivity patterns. Understanding the connectome provides insights into the complex architecture of the brain and its underlying mechanisms of cognition, memory, and behavior.;Google
Regulatory T cell;Regulatory T cells are a subset of T cells that play a pivotal role in immune homeostasis. They exhibit unique regulatory capabilities, modulating immune responses and ensuring the balance between tolerance and reactivity. Tregs selectively suppress the activation and proliferation of effector T cells through various mechanisms, including the release of inhibitory cytokines and contact-dependent suppression. This control is crucial for preventing excessive immune responses and maintaining immune stability. Tregs are essential for dampening inflammatory diseases, allograft rejection, and autoimmune disorders by selectively eliminating potentially harmful immune reactions.;Google
Liquid biopsy;Liquid biopsy revolves around the analysis of bodily fluids, such as blood or urine, to detect and characterize disease. This non-invasive approach involves sampling these fluids to detect circulating tumor cells, DNA, or other biomarkers associated with disease progression. Liquid biopsy techniques enable the detection of early-stage cancers, monitoring disease response to treatment, and identifying potential recurrence. This innovative technology offers a minimally invasive and efficient method for cancer diagnosis, prognosis, and personalized management.;Google
X-ray;X-rays are electromagnetic waves with wavelengths shorter than visible light but longer than gamma rays. They penetrate materials, revealing internal structures. This property finds application in medical imaging, where X-rays can visualize bones, organs, and blood vessels. In industrial settings, X-rays are utilized for non-destructive testing of materials and for detecting flaws or contaminants. They also have applications in security screening and authentication.;Google
Porphyrin;Porphyrins are organic molecules featuring a central porphyrin ring comprising four pyrrole rings connected by methine bridges. Their electronic structure gives rise to intense absorption in the visible and ultraviolet regions of the spectrum, responsible for their characteristic colors. Porphyrins play vital roles in numerous biological processes, serving as essential components of hemoglobin, chlorophyll, and other important biomolecules. They exhibit diverse chemical properties and are widely employed in various industries, including pharmaceuticals, dyes, and electronics.;Google
Horizontal gene transfer;Horizontal gene transfer refers to the direct transfer of genetic material between organisms that are not their progeny. This process significantly contributes to genetic diversity within populations and between species. HGT can occur between bacteria, archaea, viruses, and sometimes between organisms of different species. Genes can be transferred through conjugation, transformation, transduction, or transduction. HGT can enable the acquisition of beneficial traits, such as antibiotic resistance or metabolic pathways, and can also contribute to the spread of deleterious genes.;Google
Default mode network;The Default Mode Network is a collection of interconnected brain regions persistently active during rest or when engaged in introspective tasks like self-reflection, memory retrieval, and social cognition. Key components of the DMN include the anterior cingulate cortex, posterior cingulate cortex, medial prefrontal cortex, and the temporal poles. The DMN is crucial for maintaining self-awareness, episodic memory, and social understanding.;Google
Enzyme;Enzymes are specialized proteins that facilitate and accelerate biochemical reactions in living organisms. They increase the rate of reactions by lowering activation energy and providing a specific pathway for the conversion of reactants to products. Enzymes exhibit substrate specificity, binding to and transforming only particular substrates through their active sites. The mechanism of action involves lowering the activation energy of the substrate molecules, facilitating their transition from reactants to products. Enzymes play crucial roles in numerous biological processes, including metabolism, digestion, hormone regulation, and cellular signaling.;Google
Wind turbine;Wind turbines harness kinetic energy from the wind and convert it into electrical energy. They consist of a tower, blades, and a generator. The blades capture the kinetic energy of the wind, converting it into rotational energy. This rotational energy is transferred to the generator, which converts it into alternating current electricity. The electricity is then transmitted to the grid or used directly by connected consumers. Wind turbines operate on the principle of conservation of energy, extracting kinetic energy from the wind and transforming it into usable electrical energy.;Google
Younger Dryas;The Younger Dryas was a brief, intense period of cooling and drying that occurred between 12,900 and 11,700 years ago. It coincided with the final retreat of the glaciers in North America and Europe, leading to widespread ecological changes. Paleoclimate records indicate abrupt shifts in temperature, precipitation, and vegetation patterns during this time. The Younger Dryas is associated with the collapse of human societies in the Mediterranean and the Near East, likely due to the severe environmental conditions and societal vulnerabilities.;Google
Partial correlation;Partial correlation measures bivariate relationships between pairs of variables, while controlling for the influence of one or more other variables. It assesses whether a relationship exists between two variables, independent of the presence of other variables in the model. Partial correlation eliminates the confounding effects of the controlled variables, isolating the direct effect between the two variables of interest. It is commonly used in multivariate analysis to disentangle complex relationships among multiple variables.;Google
Chromatic aberration;Chromatic aberration arises from the differential refraction of light through different wavelengths within a lens or prism. This phenomenon causes light of different colors to be dispersed at the lens's edges, resulting in a spreading of the light spectrum. The degree of dispersion depends on the lens's material composition and the wavelength of light being used. The separation of colors is most pronounced for shorter wavelengths of light, leading to violet light being deflected more than red light. This chromatic dispersion can cause blurring of images and chromatic fringes around the edges of objects when viewed through a lens.;Google
Subunit vaccine;Subunit vaccines employ purified fragments or subunits of a pathogen to induce an immune response. These subunits can be proteins, carbohydrates, or DNA fragments that are non-pathogenic or less pathogenic than the whole organism. By isolating specific antigens, subunit vaccines minimize the risk of severe side effects associated with whole-cell vaccines. The purified subunits are typically administered in combination with an adjuvant to enhance the immune response. Subunit vaccines have been extensively used for diseases such as hepatitis B, tetanus, and whooping cough.;Google
Epigenetics;"Epigenetics investigates modifications to DNA and proteins that influence gene expression without altering the underlying DNA sequence. These modifications, such as DNA methylation and histone modifications, can turn genes ""on"" or ""off,"" influencing traits like physical appearance, behavior, and susceptibility to disease. Epigenetic changes can be reversible or heritable across generations, contributing to the understanding of traits like personality, addiction, and complex diseases like cancer.";Google
Basophil;Basophils are a type of granulocyte involved in the immune response. They are abundant in tissues where immediate defenses are required, such as the skin and gastrointestinal tract. Basophils are best known for their release of histamine and other mediators upon activation, which contributes to inflammation and the symptoms of allergic reactions. These cells play a role in allergic diseases like asthma and hay fever by mediating the response to allergens. Additionally, basophils contribute to the host defense against parasites and infection.;Google
X-ray crystallography;X-ray crystallography is a structural analysis technique that elucidates the arrangement of atoms in crystalline solids and biological molecules. It utilizes X-ray diffraction to determine the electron density distribution within the unit cell of a crystal. By analyzing the diffraction patterns, researchers can identify and locate atoms, determine bond lengths and angles, and uncover molecular interactions. This technique is crucial for understanding the physical properties and chemical reactivity of materials, and has played a pivotal role in numerous scientific advancements, including drug discovery, materials science, and structural biology.;Google
Sharpless epoxidation;Sharpless epoxidation is a chemical process that employs titanium-based catalysts to selectively convert alkenes into epoxides. This method avoids the use of harsh oxidizing agents like peroxides, making it environmentally friendly and compatible with sensitive functional groups. The process involves the addition of ethylene oxide to the alkene, facilitated by the titanium catalyst. The reaction proceeds through a mechanism known as 'ring-opening metathesis', where the titanium catalyst facilitates the breaking and reforming of the carbon-carbon double bond. This methodology has found wide application in the synthesis of various organic compounds, including pharmaceuticals, agrochemicals, and flavorings.;Google
Computational fluid dynamics;Computational Fluid Dynamics is the branch of engineering science concerned with the application of numerical methods to solve fluid dynamics problems. It utilizes sophisticated algorithms to model fluid behavior in complex geometries and under diverse flow conditions. CFD involves solving partial differential equations that describe the conservation of mass, momentum, and energy in fluids, utilizing techniques such as finite volume methods and boundary element methods. The results provide valuable insights into fluid behavior, enabling engineers to optimize designs, analyze performance, and predict fluid-related phenomena in various industries, including aerospace, automotive, and manufacturing.;Google
Coronal mass ejection;A coronal mass ejection is a colossal eruption of magnetic and plasma material from the Sun's surface. Composed primarily of ionized hydrogen and helium, these massive ejections travel through the solar system, posing potential threats to satellites, power grids, and astronauts. CMEs are often associated with intense solar flares and are driven by the expulsion of magnetic fields and charged particles from the Sun's active regions. Their impacts can disrupt communication, navigation, and power systems on Earth, requiring careful monitoring and mitigation strategies.;Google
Optical rotation;Optical rotation describes the phenomenon where linearly polarized light undergoes a change in direction of polarization upon passing through a chiral substance. This rotation arises from the differential absorption of right and left circularly polarized components of the incident light by the chiral molecules. The magnitude and direction of rotation depend on the molecular chirality, wavelength of light, and concentration of the chiral substance in solution. Optical rotation is widely used to identify and characterize chiral molecules in various fields, including chemistry, biology, and pharmaceuticals.;Google
Group theory;Group theory investigates mathematical structures known as groups, which consist of a set of elements combined with a specified binary operation. The operation must satisfy two key axioms: closure and associativity. Closure demands that the combination of any two elements in the group using the operation results in another element within the group. Associativity ensures that the order in which elements are combined using the operation does not affect the outcome. Group theory explores the symmetries and structures of various mathematical objects and has applications in diverse fields, including algebra, geometry, physics, and cryptography.;Google
Mass spectrometry;Mass spectrometry analyzes the chemical composition of substances by measuring the ratio of the mass of ions to their electrical charge. It utilizes sophisticated separation techniques and detection systems to identify and quantify molecules and their components. The process involves ionizing the sample, separating the ions based on their mass-to-charge ratio, and detecting the resulting ions. Mass spectrometry offers high sensitivity, selectivity, and accuracy for analyzing complex mixtures, determining molecular weights, identifying isotopes, and detecting trace contaminants.;Google
Contact mechanics;Contact mechanics investigates the mechanical behavior of interacting surfaces in contact. It analyzes the forces and stresses transmitted through contact interfaces, focusing on phenomena like adhesion, friction, and deformation. The field deals with modeling and analyzing interactions between rigid or deformable bodies in contact under various loading conditions. Contact mechanics plays a crucial role in understanding phenomena such as bearing wear, tire-road interaction, and the performance of mechanical devices involving contact.;Google
Isostasy;Isostasy refers to the gradual and ongoing deformation of the Earth's crust in response to mass redistribution. When massive loads such as glaciers or mountains are removed or added, the crust rebounds or deforms over time. Isostatic adjustments involve the movement of mass within the Earth, including the movement of water, sediment, and rock layers. The process is often gradual and may take thousands or even millions of years to reach equilibrium. Isostatic adjustments have played a significant role in shaping the Earth's surface and influencing geological processes such as sea level changes and mountain formation.;Google
Singular value decomposition;Singular value decomposition is a mathematical procedure that decomposes a matrix into a product of three matrices: an m × n matrix U, a diagonal matrix Σ, and an n × p matrix Vᵀ. SVD finds application in diverse fields such as image processing, signal analysis, data compression, and numerical linear algebra. By isolating the most significant singular values in Σ, one can effectively truncate the information in the original matrix, reducing dimensionality and noise.;Google
Gasification;Gasification is a thermochemical process involving the conversion of organic materials, such as biomass or coal, into synthesis gas. This process occurs at high temperatures and partial pressures, utilizing oxygen or air limited conditions. The feedstock is partially oxidized, yielding a gas composed primarily of carbon monoxide and hydrogen, along with other byproducts like carbon dioxide and water vapor. The syngas produced can be utilized as a fuel, feedstock for chemical production, or for energy generation.;Google
Chain reaction;A chain reaction is a sequence of reactions where the product of one step becomes the reactant of the next, resulting in a continuous and exponential increase in the number of reactant molecules. The efficiency of a chain reaction depends on two key factors: the probability of a reactant molecule initiating a new chain and the number of free reactant molecules available at any given time. If either factor is low, the chain reaction will eventually peter out. However, under suitable conditions, chain reactions can amplify exponentially, leading to dramatic changes in the concentration of reactants and products over time.;Google
DNA virus;DNA viruses are acellular infectious agents consisting of a circular or linear DNA molecule enclosed within a protein coat. They require a host cell to replicate, hijacking the cellular machinery to synthesize viral DNA and proteins. The DNA sequence encodes viral genes essential for replication, including enzymes needed for DNA synthesis and proteins that bind to host cell receptors. DNA viruses can infect a wide range of organisms, including bacteria, archaea, fungi, plants, and animals. They are responsible for numerous diseases in humans and animals, such as herpes, smallpox, and COVID-19.;Google
Coevolution;Coevolution describes the reciprocal influence of two or more biological entities on each other's evolution. This dynamic interplay can manifest in various forms, such as predator-prey relationships, mutualistic partnerships, or host-parasite interactions. Coevolution involves changes in the traits, behaviors, and ecological relationships of these entities over time. It often results in the reciprocal adaptation and specialization between interacting species, leading to increased fitness and survival in their respective environments.;Google
Gastric acid;Gastric acid is a highly acidic solution secreted by the glands of the stomach lining. Composed primarily of hydrochloric acid and pepsinogen, it plays a crucial role in digestion. Acid production is stimulated by the hormone gastrin, released by G cells in the stomach lining in response to the presence of food. Gastric acid lowers the pH of the stomach contents, facilitating the activation of pepsinogen to the protease pepsin, which breaks down proteins. It also assists in the absorption of certain nutrients by enhancing the solubility of dietary components.;Google
Pathogen;A pathogen is an organism that can cause disease or illness in a host. It can be bacteria, viruses, fungi, or parasites. Pathogenicity is the potential of an organism to cause disease. Factors such as the virulence of the pathogen, the susceptibility of the host, and the mode of exposure determine the likelihood of disease. Pathogens can spread through contact with infected individuals, contaminated surfaces, or through the air. Understanding the mechanisms and characteristics of pathogens is crucial for effective disease prevention and treatment.;Google
Magnetohydrodynamics;Magnetohydrodynamics investigates the intricate interplay between magnetic fields and flowing conductive fluids. It examines how magnetic forces influence fluid dynamics and vice versa. This fascinating field explores phenomena where electric charges, such as ions and electrons, move in response to both magnetic and hydrodynamic forces. Applications of MHD range from astrophysics to engineering, encompassing phenomena like solar flares, plasma propulsion, and the behavior of charged fluids in magnetic fields.;Google
Structural genomics;Structural genomics investigates the three-dimensional architecture of genomes through high-resolution structural analysis of DNA and protein molecules. It utilizes advanced technologies such as X-ray crystallography, cryogenic electron microscopy, and computational modeling to determine the precise spatial arrangements of DNA and protein complexes. By unraveling the structural basis of genome organization and function, structural genomics provides insights into gene regulation, genome stability, and the interplay between DNA and proteins in various biological processes.;Google
Cluster analysis;Cluster analysis investigates patterns of similarity among objects by partitioning a set into distinct groups based on their attributes. It employs statistical methods to measure the distances or similarities between objects and form clusters based on these measures. The algorithm identifies groups of similar objects, maximizing the distance between clusters and minimizing the distance within clusters. Different clustering algorithms exist, such as K-means clustering and hierarchical clustering, each employing distinct strategies to group objects based on their characteristics.;Google
Critical mass;Critical mass refers to the minimum amount of a fissionable material required to sustain a nuclear chain reaction. In a fission reaction, a neutron emitted in one reaction becomes a projectile in another, causing further fission events. When the mass of the fissionable material falls below the critical mass, the chain reaction will eventually peter out. Conversely, above the critical mass, the number of neutrons available for subsequent reactions becomes sufficient to maintain a sustained reaction. The attainment of the critical mass is crucial in both nuclear power plants and nuclear weapons.;Google
Convex optimization;Convex optimization deals with optimization problems where the objective function and constraints are jointly convex. A function is convex if for any combination of points and weights, the weighted sum of the function lies above the line connecting the points. Solutions to convex optimization problems are guaranteed to be global optima, meaning they are the absolute best possible outcomes among all possible solutions. This property simplifies the search for optimal solutions, as it eliminates the need to consider all possible solutions.;Google
Chemical vapor deposition;Chemical vapor deposition is a process that employs volatile compounds of the desired material to form a thin, conformal coating on a substrate. The process involves heating the substrate in a vacuum chamber, introducing the precursor vapor, and controlling the temperature and pressure to achieve the desired film properties. CVD offers precise control over film thickness, composition, and microstructure, making it suitable for depositing dielectric, conductive, and protective coatings in various industries, including electronics, aerospace, and automotive.;Google
Limnology;Limnology explores the scientific study of inland water bodies, including lakes, ponds, rivers, and wetlands. It investigates the physical, chemical, and biological interactions within these ecosystems, focusing on parameters such as water quality, hydrology, sediment dynamics, primary production, and the impact of human activities on aquatic environments. Limnology combines elements of biology, chemistry, physics, and ecology to understand the functioning and conservation of freshwater ecosystems.;Google
Calorimeter;A calorimeter is a device used to measure the amount of heat involved in chemical reactions or physical processes. It consists of a vessel containing the reacting substances and a surrounding medium, typically water, which absorbs or releases heat during the process. The change in temperature of the water is then used to calculate the amount of heat generated or consumed. Calorimeters are widely used in fields such as chemistry, biology, and medicine to study energy transformations and determine the heat content of substances.;Google
Differential privacy;Differential privacy is a mathematical framework for quantifying the privacy of individuals in datasets. It ensures that the addition or removal of a single data point from a dataset will result in only a small, statistically insignificant change in the output of any analysis. This property is crucial for preserving individual privacy while still allowing for meaningful data analysis. Differential privacy relies on the concept of adding controlled amounts of noise to the data or analysis results, thereby limiting the ability to identify individuals or sensitive information.;Google
Pleiotropy;Pleiotropy describes the phenomenon where a single gene can influence the expression of multiple phenotypic traits. In this condition, mutations in a single gene can simultaneously affect different traits, resulting in correlations between their variations. Pleiotropic genes often influence diverse physiological processes, including disease susceptibility, physical appearance, and metabolic pathways. Such genes contribute to complex traits by modulating multiple phenotypes, thereby impacting an organism's overall fitness and biological variations.;Google
Probiotic;Probiotics are live microorganisms that, when consumed in appropriate amounts, can provide health benefits to the host. These beneficial bacteria play crucial roles in maintaining the integrity of the gut microbiota and regulating various physiological processes. Probiotics can be found in fermented foods such as yogurt, kefir, sauerkraut, and other dietary supplements. They exhibit strain-specific effects, with specific probiotics exhibiting distinct mechanisms of action, including the modulation of immune function, production of antimicrobial substances, and competition against pathogenic bacteria.;Google
Radioactive decay;Radioactive decay is the spontaneous transformation of unstable atomic nuclei, resulting in the release of energy and subatomic particles. This process is responsible for the gradual decay of radioactive substances over time. During decay, unstable isotopes emit particles such as alpha particles, beta particles, or gamma rays. The rate of decay is exponential and is characterized by a half-life, which is the time required for half of the radioactive atoms in a sample to decay. The decay process is random and independent of external factors, but can be influenced by temperature and pressure.;Google
Orbital forcing;Orbital forcing refers to the influence of variations in the relative positions and velocities of celestial bodies on climate patterns through periodic changes in the orbital geometry of the Earth around the Sun. These variations alter the amount of solar radiation received by different latitudes, leading to climate shifts and oscillations over geological timescales. The Milankovitch cycles, characterized by variations in the eccentricity, tilt, and precession of the Earth's orbit, are prominent examples of orbital forcing that have been implicated in driving glacial and interglacial cycles.;Google
ITER;ITER is an experimental fusion reactor designed to achieve sustained, controlled nuclear fusion. It utilizes magnetic confinement to trap and manipulate plasma, allowing for the combination of deuterium and tritium to produce helium and energetic neutrons. The reactor operates in a tokamak configuration, utilizing superconductors to generate powerful magnetic fields. By achieving stable, high-temperature plasma conditions, ITER aims to demonstrate the feasibility of fusion as a viable energy source and contribute to the development of practical fusion power plants in the future.;Google
Hippocampus;Hippocampus, a seahorse-like mammal, possesses a highly developed hippocampus, a region of the brain crucial for memory encoding and retrieval. Studies have revealed the remarkable cognitive abilities of hippos, including their ability to learn and recognize faces, objects, and spatial environments. The hippocampus's extensive neurons and synaptic connections enable the formation and consolidation of declarative memories, which involve explicit and conscious recollection of events.;Google
Molecular cloud;Molecular clouds are vast, turbulent aggregations of dust and ice particles in interstellar space. Composed primarily of hydrogen and helium, along with trace amounts of heavier elements, these clouds are the raw material from which stars and planets form. They often contain molecular complexes, such as formaldehyde and water, and exhibit complex chemical reactions that contribute to the enrichment of the interstellar medium. Molecular clouds are primordial structures that play a crucial role in the cosmic chemical cycle and the formation of structures on scales ranging from stars to galaxies.;Google
Quantum key distribution;Quantum key distribution relies on the principles of quantum physics to establish secure and authenticated communication channels. It exploits the inherent unpredictability of quantum states to transmit secret information between two parties. QKD exploits the laws of quantum mechanics to encode information in the polarization or position of photons, ensuring that eavesdropping attempts can be detected with high probability. The process involves transmitting photons over a distance, where the receiver can probabilistically determine the polarization or position of each photon received, without altering the state of the photons sent. This ensures the authenticity and secrecy of the communication.;Google
Rashba effect;The Rashba effect describes the anisotropic scattering of charge carriers in materials, leading to the emergence of spin-orbit coupling. This coupling aligns the spins of electrons with their orbital angular momenta, generating anisotropic conductivity and transport properties. The effect is particularly significant in materials with strong spin-orbit coupling, such as transition metals and their alloys. The Rashba effect has applications in various fields, including spintronics, where it enables the manipulation and detection of spin currents.;Google
Machine translation;Machine translation revolves around the application of artificial intelligence and statistical models to automatically translate languages. It involves the analysis of source language text through algorithms that identify patterns and relationships between words. These patterns are then utilized to generate the corresponding target language output. Machine translation systems utilize vast amounts of parallel text data to train their models, enabling them to learn the nuances of different languages and contexts. This technology has revolutionized communication, facilitating the understanding and exchange of information across language barriers.;Google
Memory hierarchy;A memory hierarchy is a fundamental concept in computer science, describing the organization of memory into different levels of storage. It exploits the principle that frequently accessed data should be stored closer to the processing unit for faster access. The hierarchy typically consists of multiple memory types, with each level offering varying capacity and access times. Data is cached in the higher levels of the hierarchy, reducing the need to access the slower, lower levels. This hierarchical organization enhances performance by minimizing the time spent waiting for data.;Google
Drag coefficient;The drag coefficient is a dimensionless quantity that quantifies the resistance encountered by a moving object in a fluid. It describes the force required to maintain a constant velocity of the object through the fluid. The coefficient depends on the geometry of the object, the properties of the fluid, and the flow regime. It is typically measured or estimated based on experimental data or analytical models. A higher drag coefficient indicates greater resistance to motion, while a lower coefficient signifies reduced resistance.;Google
Pyrimidine;Pyrimidines are a class of nitrogenous bases crucial to nucleic acid structure and function. Found in DNA and RNA molecules, these bases pair with purines, forming a fundamental unit known as a nucleotide. Pyrimidines consist of a central carbon chain with two nitrogen atoms flanking it. Uracil and thymine are pyrimidine bases essential for DNA replication and repair, while cytosine and uracil are found in RNA molecules.;Google
Permafrost;Permafrost refers to ground that remains frozen for at least two consecutive years. Composed primarily of soil, ice, and frozen debris, it exists in high-latitude regions where temperatures are persistently low. Permafrost landscapes are characterized by polygonal patterns, formed by the release of methane and carbon dioxide when the frozen ground melts. The thawing of permafrost has significant implications for greenhouse gas emissions, ecosystem functioning, and infrastructure stability in the Arctic and Antarctic zones.;Google
Prime number theorem;The Prime Number Theorem states that the number of prime numbers less than or equal to a given number N is approximately N/log N. This theorem clarifies the probabilistic behavior of prime numbers, demonstrating that their distribution is denser in larger number ranges. It implies that the probability of encountering a prime number between any two consecutive integers is roughly 1/log N. This fundamental theorem has applications in diverse fields, including number theory, cryptography, and statistical analysis.;Google
Trajectory inference;Trajectory inference explores the problem of estimating the underlying trajectory of a system from incomplete or noisy observations. This technique utilizes statistical and machine learning methods to uncover the continuous motion of a system from discrete measurements. The process involves modeling the system's dynamics, incorporating motion constraints, and employing optimization algorithms to find the most likely trajectory given the available data. Applications extend across diverse fields, including robotics, computer vision, and healthcare, enabling the reconstruction of complex movements from partial information.;Google
Quantum optics;Quantum optics deals with the study and manipulation of light in the quantum domain. It explores the behavior of light as a stream of discrete packets, considering phenomena like superposition, interference, and entanglement. Quantum optics investigates the interaction of light with matter at the atomic and molecular levels, enabling the manipulation of light properties like intensity, polarization, and frequency. Applications include quantum metrology, optical communication, and quantum information processing.;Google
Astrocyte;Astrocytes are star-shaped glial cells abundant in the central nervous system. Functionally, they maintain the structural and chemical integrity of the brain and spinal cord. Astrocytes are crucial for regulating synaptic function, neurotransmitter release, and blood flow. They also play a role in learning and memory processes, as well as protecting neurons from injury and disease. Additionally, astrocytes are involved in the production of cerebrospinal fluid and the recycling of nutrients and waste products in the brain.;Google
Axon guidance;Axon guidance involves the complex and precisely orchestrated processes that determine the trajectory and destination of nerve fibers during development. This critical event ensures the proper functioning of the nervous system. The mechanisms of axon guidance are multifaceted, involving molecular cues, physical interactions with the extracellular matrix, and intracellular signaling pathways. Sensory neurons receive guidance cues from various sources, such as growth factors, guidance molecules, and neuron-glia interactions. These cues bind to specific receptors on the axon surface and initiate downstream signaling cascades that influence the steering decisions of the growing axon.;Google
Lipid metabolism;Lipid metabolism encompasses the complex set of biochemical processes involved in the synthesis, storage, and utilization of fats. It involves the regulation of fatty acid synthesis, fatty acid oxidation, and cholesterol metabolism. Key enzymes, such as fatty acid synthase and beta-oxidation enzymes, play crucial roles in these processes. The balance between lipid synthesis and oxidation is crucial for maintaining energy homeostasis and regulating body composition. Factors such as diet, hormones, and genetic variations can influence lipid metabolism.;Google
Plate tectonics;Plate tectonics revolves around the dynamic interactions at the boundaries of large segments of the Earth's crust known as plates. Subduction zones, where one plate sinks beneath another, trigger volcanic activity and earthquakes. Convergence zones involve the merging of plates, resulting in mountain building. Divergent boundaries mark the spreading of crust, creating new land. The movement of these plates drives geological processes, shaping the continents and oceans over millions of years.;Google
Nucleation;Nucleation refers to the fundamental physical process that initiates the spontaneous formation of stable clusters from a uniform background of atomic or molecular species. It is an essential step in numerous scientific disciplines, including physics, chemistry, and biology. Nucleation involves the growth of small clusters from pre-existing atomic or molecular building blocks, overcoming the energy barrier to cluster formation through random fluctuations in the system. The rate of nucleation is highly dependent on temperature, pressure, and the concentration of the building blocks. Understanding nucleation is crucial in numerous phenomena, such as crystal growth, droplet formation, and the formation of biological structures.;Google
Computer vision;"Computer vision is the scientific discipline concerned with the automatic extraction of meaningful information from digital images and videos. It encompasses techniques for image processing, pattern recognition, and machine learning to enable computers to ""see"" and interpret visual content. Applications include object recognition, face detection, image classification, and autonomous navigation. The field draws upon computer science, applied mathematics, optics, and cognitive science to solve visual problems in both controlled and uncontrolled environments.";Google
Bile acid;Bile acids are organic compounds synthesized in the liver from cholesterol. They are crucial for the emulsification and digestion of dietary fats. Bile acids facilitate the absorption of dietary fats by breaking down fat droplets into smaller ones. Once absorbed, they are reformed into bile acids and excreted by the liver for reuse. Bile acids also play a role in cholesterol metabolism, regulating the reabsorption of cholesterol in the intestines and facilitating its elimination from the body.;Google
Natural selection;Natural selection is the differential survival and reproduction of individuals based on heritable traits. It operates on variations in traits within a population, favoring those that increase survival or reproductive success. Individuals with advantageous traits have a higher probability of surviving to reproductive age, finding mates, and producing offspring with similar traits. Over generations, natural selection can lead to significant changes in populations, resulting in adaptation to environmental changes, the emergence of new species, and the gradual evolution of biological traits.;Google
Bile;Bile is a greenish-brown liquid produced by the liver and stored in the gallbladder. It is essential for fat digestion and cholesterol metabolism. Bile consists of bile salts, which are synthesized from cholesterol in the liver. These bile salts are responsible for emulsification of dietary fat in the small intestine, facilitating the action of pancreatic enzymes. The liver also produces other bile constituents, including proteins, pigments, and electrolytes. The bile duct carries bile from the liver to the small intestine for the process of digestion.;Google
Photoelectric effect;The photoelectric effect describes the emission of electrons from a metal surface when light shines on it. This phenomenon defied classical physics, as it suggested that light energy comes in discrete packets, each with a specific amount of energy. The emitted electrons possess a maximum kinetic energy that depends on the frequency of the light, with higher frequencies resulting in greater kinetic energies. The threshold frequency, below which no electrons are emitted, is specific to each metal. The photoelectric effect was pivotal in the development of quantum theory and our understanding of light-matter interaction.;Google
Depolarization;Depolarization refers to the process of restoring the electrical neutrality of a cell or membrane after an action potential has passed. This involves the movement of ions back to their original positions, counteracting the temporary imbalance created during the action potential. Potassium ions move back into the cell through voltage-gated potassium channels, while sodium ions are pumped out using the sodium-potassium pump. This restoration of electrical equilibrium is crucial for subsequent signaling and maintaining cellular homeostasis.;Google
Synchrotron;A synchrotron is an elaborate scientific instrument that harnesses the power of electromagnetic fields to accelerate charged particles to high speeds. These high-energy beams can be directed through specialized experimental chambers, where their interaction with matter generates intense, monochromatic light. This light finds application in numerous scientific disciplines, including physics, chemistry, biology, and engineering. By studying the behavior of materials under these extreme conditions, researchers can unravel complex phenomena, such as the fundamental properties of matter, chemical reactions at unprecedented speeds, and the behavior of materials under extreme environments.;Google
Curvature;Curvature is a mathematical concept describing the rate of change of direction of a curve at any point. It quantifies how much the curve deviates from a straight line. The curvature of a curve is defined as the reciprocal of the radius of the circle that best approximates the curve at that point. The magnitude of curvature indicates the degree of bending, with higher values indicating a tighter curve. The reciprocal of curvature is known as the osculating circle, which is the circle that passes through the point and has the same curvature as the curve at that point.;Google
Smart grid;A smart grid utilizes advanced technologies to enhance the reliability, efficiency, and resilience of traditional power distribution systems. It integrates smart devices like sensors, meters, and energy management systems to collect and analyze data in real-time. By leveraging predictive analytics and dynamic load management, smart grids optimize energy consumption, enhance grid stability, and facilitate seamless integration of renewable energy sources. The decentralized and automated nature of smart grids empowers consumers to actively participate in energy management, reducing the need for traditional centralized control.;Google
Diastereomer;Diastereomers are stereoisomers that exist in molecules with more than one chiral center. They are not mirror images of each other and are often distinguished by their physical and chemical properties. Diastereomers can exhibit different biological activities due to their spatial arrangements of substituents around the chiral center. The relative configuration of substituents in diastereomers is designated as cis or trans, depending on their spatial orientation. Diastereomers can exist in pure form or as a mixture, and their separation is often challenging due to their similar physical properties.;Google
Synapse;A synapse is a specialized junction between two neurons or between a neuron and a target cell. It allows electrical signals to be transmitted from one neuron to another. The process involves the release of neurotransmitters from the presynaptic terminal, which cross the synaptic cleft and bind to receptors on the postsynaptic neuron. The binding of neurotransmitters to receptors triggers an electrical response in the postsynaptic neuron, either facilitating or inhibiting the transmission of the signal.;Google
Peroxisome;Peroxisomes are membrane-bound organelles found in eukaryotic cells. They contain enzymes involved in various metabolic processes, including fatty acid oxidation, amino acid synthesis, and detoxification of reactive oxygen species. Peroxisomes lack a nucleus and ribosomes, and their DNA is transcribed in the cytosol before being transported into the peroxisome. They are essential for numerous cellular functions and play a role in maintaining homeostasis.;Google
Cosmic inflation;Cosmic inflation refers to a period of exponential expansion in the early universe, lasting for a fraction of a second. It is supported by many observational and theoretical results, including the large-scale structure of the universe, the abundance of light elements, and the weakness of gravitational forces. During inflation, the universe underwent a rapid expansion, causing the separation of matter and energy, and smoothing out primordial fluctuations. The underlying mechanism of inflation remains a subject of ongoing research, but it is often attributed to a period of extremely rapid expansion driven by a negative pressure field, known as the 'inflaton field'.;Google
Batch normalization;Batch normalization is a technique employed in deep learning to stabilize and accelerate training by normalizing the mean and variance of hidden activation within mini-batches. It involves calculating batch statistics for the mean and standard deviation of the activation values across a batch of training instances. The mean is then subtracted from the activation values, and the resulting difference is divided by the estimated standard deviation. This normalization process helps reduce internal covariate shift, where the statistical distribution of the activation values changes during training, leading to improved convergence and reduced training time.;Google
Immunological synapse;An immunological synapse represents the physical and functional connection between an immune cell and a target cell. This synapse facilitates the transfer of immune signals across the intercellular gap. T cells and antigen-presenting cells establish immunological synapses to initiate and regulate immune responses. The process involves the formation of contact sites, signaling molecule exchange, and downstream effector responses. The functioning of the immunological synapse is critical for immune surveillance, activation of adaptive responses, and the resolution of immune-mediated diseases.;Google
Fermi level;The Fermi level refers to the energy level at which the probability of an electron being present is 1/2 at a given temperature. It serves as a reference point for understanding the electrical behavior of materials. In crystalline solids, the Fermi level resides within the bandgap, and its position determines the electrical conductivity of the material. The distance between the Fermi level and the conduction or valence bands influences the number of free charge carriers and, consequently, the electrical properties.;Google
Tribology;Tribology investigates the interaction between surfaces in contact, focusing on the forces, stresses, and deformation that arise during friction, lubrication, and wear processes. It encompasses the study of solid-solid, liquid-solid, and gas-solid interactions. Tribological phenomena are prevalent in various industries, from manufacturing and automotive to aerospace and energy production. The field deals with optimizing performance, reducing wear and tear, and improving efficiency through the application of appropriate tribological principles and materials.;Google
Central tolerance;Central tolerance is a key mechanism in the adaptive immune response that prevents excessive and harmful immune reactions to self. It operates in the thymus, where T cells undergo development and selection. Central tolerance involves deletion of autoreactive T cells that recognize self antigens, ensuring that only T cells with high specificity for non-self antigens survive. This process involves apoptosis of autoreactive T cells and the expulsion of autoreactive thymocytes from the repertoire. Central tolerance is crucial for maintaining immune homeostasis and preventing autoimmune diseases.;Google
Species evenness;Species evenness quantifies the distribution of individuals among different species in a community. It measures how equitably individuals are shared among species, with higher values indicating a more even distribution. Evenness can be influenced by factors such as resource availability, niche overlap, competitive interactions, and stochastic processes. Low evenness can indicate competitive dominance by a few species or resource limitation, while high evenness suggests a more balanced community composition.;Google
Anthropocene;The Anthropocene denotes the ongoing geological epoch characterized by significant and lasting alterations of the Earth's ecosystems primarily due to human activities. Its boundaries are not formally defined, but are generally considered to commence in the mid-20th century. The term highlights the unprecedented influence of human actions, such as deforestation, agriculture expansion, greenhouse gas emissions, and industrial processes, on the planet's geology and ecology.;Google
Michelson interferometer;The Michelson interferometer employs a beam splitter to direct light into two arms of unequal length. Reflections at the end of each arm recombine the light, creating interference patterns that are detected by photometers. By measuring the phase difference between the recombined light and a reference beam, the interferometer can detect changes in distance, refractive index, or the presence of gravitational waves. This principle underlies various scientific applications, including precision measurements of distances, testing theories of gravity, and studying the expansion of the universe.;Google
Mineral;Minerals are naturally occurring crystalline solids with distinct chemical compositions and physical properties. Composed of elements bound together by strong chemical bonds, minerals exhibit remarkable diversity due to variations in composition and arrangement of atoms. Formed through geological processes over vast spans of time, these solids possess unique chemical and physical characteristics that determine their uses in industries, construction, and environmental applications. Minerals are vital components of rocks and soils, influencing their geological and ecological functions.;Google
Finite element method;The finite element method is a numerical technique for solving differential equations and engineering problems involving complex geometries. It involves dividing a large problem into smaller, simpler elements and then solving the governing equations for each element. The results are then assembled to obtain the solution for the entire problem. FEM utilizes various interpolation functions to represent the solution within each element and numerical integration to evaluate the element contributions. It is widely used in structural analysis, fluid dynamics, heat transfer, and other engineering fields.;Google
Histone;Histones are proteins found in the core of eukaryotic cells that play a crucial role in DNA packaging and gene regulation. They form complexes with DNA, forming a structure known as chromatin. Histones undergo modifications, such as acetylation and methylation, which can influence gene expression by altering the accessibility of DNA to transcription factors. These modifications are essential for cellular processes like cell division, differentiation, and development.;Google
Pyridoxal phosphate;Pyridoxal phosphate is a coenzyme crucial for numerous metabolic reactions involving amino acids. Involved in the urea cycle, PP facilitates the deamination of glutamate and other amino acids. Additionally, it acts as a cofactor in several enzymatic reactions, including those involved in amino acid synthesis and neurotransmitter production. PP also plays a role in the metabolism of heme and cholesterol.;Google
Differential equation;Differential equations are mathematical equations that relate an unknown function to its derivatives. They are widely used to model various physical phenomena, engineering problems, and biological processes. Depending on the order of the derivative and the complexity of the equation, solutions can range from simple analytical functions to complex numerical approximations. The study of differential equations encompasses various techniques for finding solutions, analyzing their properties, and applying them to various disciplines.;Google
Thalamus;The thalamus is a critical brain structure located deep within the temporal lobe. It serves as a central relay center for sensory, motor, and attention signals. The thalamus receives sensory information from the peripheral nerves and sends it to the cortex for processing. It also receives motor commands from the cortex and transmits them to the brainstem and spinal cord for execution. Additionally, the thalamus plays a role in regulating sleep-wake cycles, consciousness, and attention.;Google
Working memory;Working memory represents a limited-capacity system that temporarily stores and manipulates information for ongoing cognitive tasks. It facilitates the integration of sensory, perceptual, and linguistic information, allowing for planning, decision-making, and execution of actions. Key neurocognitive functions include auditory and visual working memory, along with executive control, which regulates and coordinates these processes. The temporary storage and manipulation of information in working memory are critical for numerous cognitive functions, including language comprehension, reasoning, problem-solving, and creativity.;Google
Question answering;Question answering involves the scientific study of algorithms and models that enable computers to retrieve and summarize relevant information from vast amounts of text-based data. This field combines elements of natural language processing, information retrieval, and machine learning. The goal is to develop systems that can accurately and efficiently answer user queries based on their context and intent. Research in question answering focuses on understanding the complexities of human language, identifying relevant concepts and relationships in text, and developing effective retrieval and summarization techniques.;Google
Bonferroni correction;The Bonferroni correction is a statistical procedure used to address the problem of multiple hypothesis testing. It involves adjusting the significance threshold for individual hypotheses to control the family-wise error rate. This correction involves dividing the original significance level by the number of hypotheses being tested to reduce the probability of falsely rejecting any true null hypotheses. By controlling the FWER, the Bonferroni correction ensures that the overall probability of making any false discoveries remains statistically low.;Google
Young's modulus;Young's modulus is a mechanical property quantifying the stiffness of materials. It measures the ratio of the stress applied to a material to the resulting strain. Young's modulus characterizes the elastic response of materials to deformation, indicating how much they resist deformation under stress. Higher values of Young's modulus indicate greater stiffness, meaning materials resist deformation more effectively. This property is crucial in understanding the mechanical behavior of materials in various applications, such as structural engineering, material design, and the analysis of structural integrity.;Google
Allosteric regulation;Allosteric regulation involves the control of enzyme activity through the binding of signalling molecules to sites distinct from the active site. These ligands bind to allosteric sites, which can modulate enzyme conformation and catalytic activity. Allosteric regulators can either enhance or inhibit enzyme function, depending on the nature of the ligand and its binding site. This regulatory mechanism is critical for numerous cellular processes, including signal transduction, metabolic regulation, and gene expression.;Google
Super-resolution microscopy;Super-resolution microscopy utilizes advanced optical techniques to overcome the diffraction limit and achieve imaging resolution beyond the classical optical resolution. It exploits advanced signal processing algorithms and sophisticated illumination schemes to manipulate and collect light signals, producing high-resolution images of biological samples. Approaches like stochastic optical reconstruction microscopy, structured illumination microscopy, and total internal reflection microscopy fall under this category. Super-resolution microscopy allows visualization of cellular structures, such as proteins and DNA, with unprecedented detail and precision.;Google
Complement system;The Complement system is a complex network of proteins involved in the immune response. Activated by pathogens or immune complexes, it initiates a cascade of biochemical reactions leading to inflammation, opsonization for phagocytosis, and direct damage to foreign invaders. Key functions include host defense against infection, tissue repair, and regulation of immune responses. The system consists of numerous proteins synthesized in the liver and activated in response to various stimuli. Activation can occur through different pathways, including the classical pathway, alternative pathway, and the lectin pathway.;Google
Targeted therapy;Targeted therapy involves the deliberate manipulation of cellular pathways to selectively inhibit or activate specific proteins involved in disease mechanisms. By precisely identifying and manipulating key molecular targets, this approach offers highly selective and effective treatment options. It involves administering drugs that bind to specific receptors, signaling molecules, or proteins, modulating their activity and restoring balance in the affected system. Targeted therapy offers precise control over disease progression, minimizing side effects and improving patient outcomes.;Google
Glycolysis;Glycolysis is the first stage of cellular respiration, occurring in the cytoplasm. It converts glucose into pyruvate, generating ATP and NADH. This anabolic process is crucial for energy production in cells, particularly in situations of limited oxygen supply. During glycolysis, glucose is broken down into smaller molecules, releasing energy that is stored in ATP molecules and NADH. ATP serves as the immediate energy source for cellular processes, while NADH is used in subsequent metabolic pathways to generate more ATP.;Google
Hydrogen bond;A hydrogen bond is a type of dipole-dipole interaction formed between a partially positive hydrogen atom and a partially negative electronegative atom. These bonds play a crucial role in stabilizing biological molecules, such as proteins and nucleic acids, by enhancing their structural stability and facilitating specific interactions between molecules. The strength of a hydrogen bond is typically weaker than that of a covalent bond but stronger than van der Waals forces. The formation of hydrogen bonds allows for the formation of extensive networks of interconnected molecules, influencing their physical properties and biological functions.;Google
Biogeochemistry;Biogeochemistry explores the intricate interactions between biological processes and the chemical composition of the Earth's ecosystems. It delves into the transformation and transport of nutrients, such as carbon, nitrogen, and phosphorus, through the spheres of the planet. Biogeochemical processes involve decomposition, weathering, nutrient cycling, and the influence of living organisms on the chemical composition of soil, water, and air. Understanding these processes is pivotal for comprehending ecosystem functioning, predicting environmental change, and managing natural resources.;Google
Wernicke's area;Wernicke's area, located in the left hemisphere of the brain, plays a pivotal role in language processing and speech production. Named after German psychiatrist Emil Wernicke, this region is responsible for auditory comprehension, language comprehension, word retrieval, and speech articulation. Damage to Wernicke's area can impair language abilities, leading to difficulties in understanding spoken or written language, and producing speech.;Google
Pearlite;Pearlite is a naturally occurring vitreous glass formed by the rapid cooling of volcanic lava. Composed primarily of silica, alumina, and sodium oxide, it exhibits a glassy luster and conchoidal fracture. Pearlite's glassy texture and chemical composition resemble obsidian, but with lower silica content. It often contains vesicles and flow banding, remnants of its molten origin. This volcanic glass has been utilized for ornamental purposes and as a source of obsidian-like materials throughout history.;Google
pH;pH is a measure of the acidity or basicity of a solution. It is defined as the negative logarithm of the hydrogen ion concentration in the solution. A pH of 7 is considered neutral, while values below 7 indicate acidity, and values above 7 indicate basicity. The pH scale is logarithmic, meaning that a difference of one pH unit represents a tenfold change in hydrogen ion concentration. Solutions with lower pH values have higher concentrations of hydrogen ions, indicating greater acidity. Conversely, solutions with higher pH values have lower concentrations of hydrogen ions, indicating greater basicity.;Google
Somite;Somites are embryonic structures that give rise to the segmented organs and tissues of vertebrates. During embryonic development, the body is divided into repeated segments called somites. Each somite contains a pair of lateral body walls flanking a central neural canal. The somites develop into various structures, including muscles, bones, nerves, blood vessels, and internal organs. The process of somite formation is crucial for establishing the body plan and the functional organization of vertebrates.;Google
Adaptation;Adaptation is the process by which organisms acquire traits that improve their chances of survival in a given environment. Genetic variations within populations enable individuals to respond to selective pressures. Traits that confer a survival advantage are favored and passed on to offspring. Adaptations can range from physical modifications like wing color in butterflies to behavioral changes like migration patterns in birds. Over generations, these adaptations contribute to species' ability to survive and flourish in diverse habitats.;Google
Differential scanning calorimetry;Differential scanning calorimetry is a thermal analysis technique that measures the heat flow associated with physical or chemical transformations of a sample. It involves comparing the heat flow into and out of the sample with that of a reference material during controlled temperature changes. DSC measures the energy difference between the sample and reference materials, detecting changes in their thermal properties. This technique is widely used to study phase transitions, such as melting, crystallization, and glass transitions, as well as chemical reactions and solid-state transformations.;Google
Energy-based model;An energy-based model describes system behavior by analyzing the energy exchanges and transformations within the system. This approach emphasizes the conservation of energy principle, where energy can neither be created nor destroyed, but can be transformed or transferred between different forms. Such models utilize energy-related parameters like potential, kinetic, and internal energy to represent the state of the system. By analyzing these energies, engineers can understand the dynamics of the system, predict future behavior, and optimize energy efficiency.;Google
Beamforming;Beamforming is the process of manipulating the spatial characteristics of an electromagnetic wavefront to achieve directional transmission or reception. It involves combining signals from multiple antenna elements to create a combined signal that exhibits enhanced directivity and reduced interference. By adjusting the phase and amplitude of the signals at each antenna, the direction and width of the resulting beam can be controlled. Beamforming techniques are widely employed in various fields, including telecommunications, radar, and antenna design, to enhance signal transmission and reception performance.;Google
Austenite;Austenite is a face-centered cubic crystalline phase of iron that exists above approximately 983°C. It exhibits excellent mechanical properties, high thermal stability, and excellent resistance to creep and fatigue. Austenite is the primary phase responsible for the exceptional toughness and malleability of stainless steel and other iron-based alloys. Its properties make it crucial for various applications in industries such as manufacturing, construction, and transportation.;Google
Flow chemistry;Flow chemistry pertains to chemical synthesis and transformations conducted in continuous, rather than batch, processes. It involves the design and operation of reactors where reactants are precisely metered, mixed, and reacted under controlled conditions before being rapidly separated and purified. This approach maximizes efficiency, minimizes waste, and enables precise control over product quality and selectivity through real-time monitoring and manipulation of reaction parameters.;Google
Word embedding;Word embedding tackles the semantic ambiguity of words by representing them as dense vectors in a high-dimensional space. This technique captures contextual relationships and word co-occurrence patterns, allowing models to understand the latent meaning of words beyond their literal definitions. Word2Vec, GloVe, and FastText are prominent algorithms used for word embedding, each employing different mathematical models to capture word relationships from large text corpora. The learned word vectors can be used for tasks such as semantic search, machine translation, sentiment analysis, and text summarization.;Google
ALS;Amyotrophic lateral sclerosis, also known as Lou Gehrig's disease, is a rapidly progressive neurological disorder affecting the motor neurons responsible for voluntary movement. The disease involves degeneration and atrophy of motor neurons, leading to muscle weakness, paralysis, and ultimately respiratory failure. The exact cause of ALS remains unknown, but genetic, environmental, and lifestyle factors are believed to play a role. ALS is characterized by motor neuron damage, protein aggregation, and neurotransmitter deficits. Treatment focuses on symptom management, physical therapy, and respiratory support.;Google
Ionizing radiation;Ionizing radiation consists of high-energy particles or electromagnetic waves capable of stripping electrons from atoms and molecules, resulting in the formation of positive ions. These energetic forms of energy possess sufficient power to knock out electrons from atoms and molecules, leading to chemical reactions and potentially altering the chemical composition of substances. Ionizing radiation includes X-rays, gamma rays, and high-energy charged particles such as alpha particles and beta particles. The effects of ionizing radiation can range from inducing chemical changes in materials to causing significant damage to living organisms through DNA mutations and cell death.;Google
Vadose zone;The vadose zone is the unsaturated layer of soil or sediment that extends from the ground surface to the water table. It is characterized by low moisture content and contains soil particles, air, and pore space. The movement of water through the vadose zone is driven by gravitational force and is influenced by factors such as soil type, temperature, and root density. The zone is crucial for water storage, filtration, and the exchange of gases between the soil and atmosphere.;Google
Repolarization;Repolarization refers to the gradual restoration of the electrical potential across a cell membrane after an action potential has passed. This process is crucial for restoring the cell's resting state and enabling subsequent signaling. During repolarization, potassium ions move back into the cell through voltage-gated potassium channels, while sodium-potassium pump restores the original ionic balance. The rate and extent of repolarization determine the duration of the action potential and the frequency of subsequent action potentials.;Google
Subduction;Subduction is the geological process where one tectonic plate sinks beneath another beneath the Earth's surface. This process drives volcanic activity and mountain formation, shaping the surface of the planet. Subduction zones are characterized by intense seismic activity, volcanic eruptions, and the formation of deep ocean trenches. The descending plate experiences immense pressure and heat, causing it to melt and release volcanic material. The overlying plate is forced upwards, often forming towering mountains like the Andes. Subduction zones are major sites of geological evolution, influencing the shape and composition of the Earth's surface over time.;Google
Glycolipid;Glycolipids are complex organic molecules comprising lipids and carbohydrates. They are prevalent in biological membranes, serving pivotal roles in cell-to-cell communication, recognition, and adhesion. Glycolipids consist of a lipid molecule modified by the addition of sugar molecules. The sugar molecules can be attached to the lipid molecule in various ways, resulting in diverse glycolipid structures with unique functions. These structures are crucial for numerous processes, including cellular signaling, immune response, and the functioning of nerve and muscle cells.;Google
Data acquisition;Data acquisition encompasses the systematic processes of collecting, measuring, and recording data from various sources. This includes physical sensors, electronic devices, and observational records. The quality and completeness of the acquired data are crucial for subsequent analysis, modeling, and decision-making. Data acquisition involves procedures for data capture, storage, and retrieval, ensuring accurate and timely access to the necessary information. The field encompasses disciplines such as signal processing, telecommunications, and computer science, and plays a vital role in numerous scientific disciplines, including engineering, environmental monitoring, healthcare, and social science research.;Google
Hubbard model;The Hubbard model describes the dynamics of electrons in solids, where correlation effects are treated through an effective potential. It captures the interplay between electron-electron repulsion and the screening effect of surrounding electrons. The model assumes a lattice of ionic cores and treats the electrons as a gas of interacting fermions. It has been instrumental in understanding the physics of correlated electron systems, such as high-temperature superconductors and colossal magnetoresistance materials.;Google
Ion channel;Ion channels are integral membrane proteins that facilitate the passive or active transport of ions across the lipid bilayer. These channels regulate numerous physiological processes, including electrical signaling, muscle contraction, fluid homeostasis, and cell volume control. Ion channels exhibit diverse selectivity and gating properties, allowing specific ions to flow through them in response to changes in voltage, concentration gradient, or ligand binding. Dysfunction of ion channels can contribute to numerous diseases, such as epilepsy, muscular dystrophies, and cardiac arrhythmias.;Google
Dislocation;Dislocation refers to the abnormal displacement or movement of a structural element within a crystalline solid. This can occur due to various factors, such as external forces, temperature changes, or pre-existing defects. Dislocations can significantly influence the mechanical, electrical, and optical properties of materials. They can impede the motion of dislocations, leading to strengthening, or enhance electrical conductivity by providing extra carriers. Understanding dislocation behavior is crucial for optimizing the performance of materials in various applications.;Google
Dysbiosis;Dysbiosis refers to the abnormal composition and function of the microbial community inhabiting a host organism. It involves significant changes in the abundance, diversity, and functionality of these microbes, leading to disease or other adverse effects. Dysbiosis can be caused by factors such as diet, genetics, environment, and underlying medical conditions. Dysbiotic states have been implicated in various diseases, including gastrointestinal disorders, metabolic diseases, and even systemic infections. Understanding the underlying mechanisms and potential therapeutic targets of dysbiosis has become a promising area of research in modern medicine.;Google
Fractional quantum Hall effect;The Fractional Quantum Hall Effect describes the emergence of exotic quasiparticles known as anyons in certain two-dimensional electron systems subjected to a magnetic field. In the FQHE, the electron liquid undergoes a transition from a normal state to a series of fractional quantum Hall states, characterized by electron densities that are non-integer multiples of the unit charge density. This behavior defies classical physics and leads to quantized Hall conductivity, where the current flows only along the edges of the system. The FQHE has been experimentally verified and plays a crucial role in understanding the behavior of electrons in extreme environments.;Google
Homeostasis;Homeostasis is the fundamental physiological process that regulates the internal environment of an organism to maintain a stable internal equilibrium despite changes in the external environment. It involves complex feedback mechanisms that monitor and control various physiological parameters such as body temperature, blood pH, blood sugar levels, and fluid balance. Homeostasis ensures that essential conditions for life are sustained within optimal ranges necessary for normal functioning.;Google
MHC class II;MHC class II molecules, also known as major histocompatibility complex class II, are cell surface proteins that present exogenous antigens to T cells. These antigens originate from bacteria, viruses, fungi, or parasites that have invaded the host. MHC class II molecules bind to these antigens and display them on the cell surface, where they are recognized by T cells. This interaction initiates an immune response, activating T cells to proliferate and differentiate into effector T cells capable of eliminating the foreign invaders.;Google
Lithography;Lithography is the process of transferring patterns from a master template to a workpiece through the use of light. In semiconductor manufacturing, it is the primary technique for precisely patterning electronic components on silicon wafers. The process involves exposing the wafer to patterned light through the mask, which creates an image of the circuit design on the wafer. Subsequent development and etching steps then define the final circuit geometry. Lithography is crucial for miniaturization and complexity in electronic devices.;Google
