Termo;Text;Label
Predation;Predation is a biological interaction where one organism, the predator, kills and consumes another organism, the prey, for nutritional sustenance. This relationship plays a crucial role in regulating population dynamics within ecosystems. Predators influence prey populations by exerting selective pressure, favoring traits that enhance survival against predation. In turn, prey species evolve various defense mechanisms, such as camouflage, mimicry, or toxins, to avoid becoming victims. The intricate interplay between predator and prey drives evolutionary adaptations and shapes the structure of ecological communities.;Google
Stem cell;Stem cells are undifferentiated biological cells that have the unique ability to self-renew and differentiate into various specialized cell types. This remarkable plasticity makes them essential for embryonic development, tissue repair, and regeneration throughout life. Stem cells are classified based on their origin and potency, reflecting their capacity to give rise to different cell lineages. Therapeutic applications of stem cells hold immense promise for treating diseases such as cancer, neurodegenerative disorders, and heart disease by replacing damaged tissues and modulating immune responses.;Google
Neuroprotection;Neuroprotection encompasses strategies aimed at preventing or mitigating neuronal damage caused by various insults. This field focuses on identifying and harnessing mechanisms that protect neurons from injury induced by factors such as ischemia, trauma, neurotoxins, and neurodegenerative diseases. Research in neuroprotection seeks to develop therapeutic interventions, including pharmacological agents, gene therapies, and stem cell transplantation, to enhance neuronal resilience and preserve brain function. Understanding the intricate molecular pathways involved in neuronal survival and death is crucial for advancing neuroprotective strategies.;Google
Bone marrow;Bone marrow is a soft, spongy tissue found inside the cavities of bones. It plays a crucial role in hematopoiesis, the process of blood cell formation. There are two types of bone marrow: red and yellow. Red marrow, found mainly in flat bones like the skull, ribs, and pelvis, is responsible for producing all types of blood cells: red blood cells, white blood cells, and platelets. Yellow marrow, primarily composed of fat cells, can convert to red marrow if the body requires increased blood cell production. Bone marrow transplantation is a medical procedure used to treat various blood disorders by replacing damaged or diseased bone marrow with healthy stem cells from a donor.;Google
Synaptic pruning;Synaptic pruning is a crucial process in brain development that involves the elimination of unnecessary or weak synaptic connections between neurons. This selective removal of synapses helps to optimize neural circuitry and enhance the efficiency of information processing. During early childhood, the brain undergoes a period of exuberant synaptogenesis, forming an abundance of synaptic connections. As the brain matures, synaptic pruning refines these connections, strengthening important pathways and discarding less relevant ones. This process is influenced by both genetic factors and environmental experiences, shaping the structure and function of the adult brain.;Google
Mucosa-associated lymphoid tissue;Mucosa-associated lymphoid tissue is a diffuse network of immune cells strategically located throughout the mucous membranes lining various organs in the body, such as the respiratory tract, gastrointestinal tract, and urogenital tract. MALT plays a crucial role in the innate and adaptive immune responses against pathogens that enter the body through mucosal surfaces. It consists primarily of lymphocytes, macrophages, dendritic cells, and other immune cells organized into specialized structures called follicles, germinal centers, and diffuse lymphoid aggregates. MALT provides a first line of defense against infection by trapping and neutralizing pathogens, initiating inflammatory responses, and generating antigen-specific immune memory.;Google
Volcanism;Volcanism is a geological process that involves the eruption of molten rock, ash, and gases from within the Earth's interior onto its surface. This occurs at locations known as volcanoes, which are typically found along plate boundaries where tectonic plates collide, separate, or slide past each other. The molten rock, called magma, originates in the Earth's mantle and rises to the surface due to differences in density and pressure. Volcanic eruptions can vary in intensity, from gentle outpourings of lava to explosive events that eject massive amounts of material into the atmosphere. Volcanic activity plays a significant role in shaping the Earth's landscape and influencing its climate and atmosphere.;Google
Pentose phosphate pathway;The pentose phosphate pathway is a crucial metabolic route that operates in parallel to glycolysis. It is primarily responsible for producing NADPH, a vital reducing agent for anabolic processes and cellular protection against oxidative stress. The pathway also generates ribose-5-phosphate, an essential precursor for nucleotide biosynthesis, particularly DNA and RNA. The pentose phosphate pathway can proceed through two distinct phases: the oxidative phase, which produces NADPH and ribulose-5-phosphate, and the non-oxidative phase, which interconverts various sugar phosphates, including ribose-5-phosphate. Regulation of the pathway is influenced by cellular needs for NADPH and ribose-5-phosphate, as well as the availability of glucose-6-phosphate.;Google
Attenuated vaccine;Attenuated vaccines are a type of vaccine that uses a weakened form of a pathogen to induce immunity. This weakened pathogen can still replicate within the body, but it cannot cause disease in healthy individuals. The replication process triggers an immune response, leading to the production of antibodies and memory cells that protect against future infection by the actual pathogen. Attenuated vaccines often provide long-lasting immunity with a single dose or booster shots. Examples include vaccines for measles, mumps, rubella, chickenpox, and yellow fever.;Google
Carrying capacity;Carrying capacity refers to the maximum population size of a species that a particular environment can sustainably support given the available resources such as food, water, shelter, and nutrients. This concept is central to understanding ecological limits and population dynamics. When a population exceeds its carrying capacity, resource depletion, competition, and increased waste accumulation can lead to a decline in population size through starvation, disease, or emigration. Factors influencing carrying capacity include the species' life history traits, environmental conditions, and interactions with other species within the ecosystem.;Google
Quantum dot;Quantum dots are nanoscale semiconductor particles that exhibit unique optical and electronic properties due to quantum confinement. When a quantum dot is smaller than a certain critical size, its electrons are confined in all three spatial dimensions, resulting in discrete energy levels. This quantization of energy leads to size-tunable bandgaps, which means the color of light emitted by a quantum dot can be controlled by adjusting its size. Quantum dots have applications in various fields, including display technology, solar cells, and bioimaging. Their high quantum yield, narrow emission spectra, and stability make them attractive for these applications.;Google
Lock and key;The lock-and-key model is a fundamental concept in biochemistry that describes the highly specific interactions between enzymes and their substrates. Enzymes are biological catalysts that accelerate chemical reactions within living organisms. Each enzyme possesses an active site, a region with a unique three-dimensional shape that complements the shape of its specific substrate. This precise fit allows the substrate to bind to the active site, forming an enzyme-substrate complex. The binding facilitates the chemical reaction by lowering the activation energy required for the transformation of the substrate into product. Once the reaction is complete, the products are released from the enzyme, which remains unchanged and ready to catalyze another reaction.;Google
Extracellular matrix;The extracellular matrix is a complex network of macromolecules that surrounds and supports cells in multicellular organisms. It provides structural integrity to tissues, regulates cell adhesion, migration, and communication, and influences cellular differentiation and function. The ECM is primarily composed of proteins such as collagen, elastin, fibronectin, and proteoglycans, which interact with each other and with cell surface receptors to create a dynamic environment that adapts to changing cellular needs. Alterations in ECM composition and structure are implicated in various pathological conditions, including cancer, fibrosis, and cardiovascular disease.;Google
Oceanography;Oceanography is the scientific study of oceans, encompassing their physical, chemical, biological, and geological aspects. It investigates the vast expanse of saltwater covering over 70% of Earth's surface, exploring phenomena such as ocean currents, tides, waves, marine ecosystems, and seafloor geology. Oceanographers utilize various tools and techniques, including research vessels, submarines, remote sensing satellites, and underwater robots, to gather data and understand the complexities of this dynamic environment. Their findings contribute to our understanding of climate change, marine resource management, and the interconnectedness of Earth's systems.;Google
Toughness;Toughness is a mechanical property of materials that quantifies their ability to absorb energy before fracturing. It is defined as the area under the stress-strain curve up to the point of fracture. Tough materials can withstand significant deformation and impact without breaking, while brittle materials tend to fracture with little or no warning. Toughness is influenced by factors such as material composition, microstructure, and temperature. It plays a crucial role in engineering applications where resistance to fracture is essential, such as in structural components, automotive parts, and aerospace materials. High toughness is often desired for materials subjected to dynamic loads or impact events.;Google
Gamma-ray burst;Gamma-ray bursts are the most energetic explosions in the universe, releasing vast amounts of energy in the form of gamma rays over a short period. These enigmatic events occur at great distances and are theorized to originate from two primary sources: the collapse of massive stars or the merger of neutron stars or black holes. The intense gamma-ray emission is believed to result from processes involving highly energetic particles, magnetic fields, and relativistic jets launched into space. Gamma-ray bursts provide invaluable insights into the evolution of stars, the nature of gravity, and the fundamental physics governing extreme astrophysical phenomena.;Google
Embedding;Embedding is a fundamental concept in machine learning, particularly within natural language processing and computer vision. It involves representing complex data, such as words, sentences, images, or audio clips, as numerical vectors. These vectors capture the semantic and structural relationships between data points, allowing algorithms to understand and process information more effectively. Embeddings are learned through training models on large datasets, where the goal is to minimize the distance between vectors representing similar data points. Techniques like word2vec, GloVe, and BERT are commonly used for generating embeddings, enabling tasks such as text classification, machine translation, and image recognition.;Google
Neuroinflammation;Neuroinflammation is a complex biological process involving the activation of glial cells, the immune cells within the central nervous system. This activation triggers the release of pro-inflammatory cytokines, chemokines, and other signaling molecules that contribute to both beneficial and detrimental effects in the brain. While neuroinflammation plays a crucial role in defending against infections and repairing damaged tissue, chronic or excessive inflammation can lead to neuronal dysfunction and contribute to the development of neurological disorders such as Alzheimer's disease, Parkinson's disease, multiple sclerosis, and stroke. Understanding the mechanisms underlying neuroinflammation is essential for developing effective therapies to treat these debilitating conditions.;Google
Cache coherence;Cache coherence is a crucial concept in computer architecture, particularly in multi-core processors and distributed systems. It ensures that multiple caches, each holding copies of data from main memory, maintain consistent versions of that data. When a processor modifies data in its cache, this change must be propagated to all other caches containing the same data to prevent conflicts and maintain data accuracy. Several protocols, such as snooping, directory-based, and MESI, are employed to achieve cache coherence by coordinating access to shared data and updating cached copies accordingly.;Google
Single-cell analysis;Single-cell analysis is a powerful technique in biology that examines individual cells within a heterogeneous population to reveal cellular diversity and heterogeneity. It involves isolating and analyzing the transcriptome, proteome, or other molecular components of single cells using microfluidic devices, flow cytometry, or mass spectrometry. This approach allows researchers to identify rare cell types, study gene expression patterns at the single-cell level, and unravel complex biological processes such as development, disease progression, and immune responses. Single-cell analysis has revolutionized our understanding of cellular function and paved the way for personalized medicine and targeted therapies.;Google
Triple-alpha process;The triple-alpha process is a nuclear fusion reaction responsible for the creation of carbon from helium nuclei within stars. It involves three helium-4 nuclei colliding and fusing together under extreme temperatures and pressures. This process begins with two alpha particles combining to form a beryllium-7 nucleus, which is unstable. Subsequently, another alpha particle fuses with the beryllium-7 nucleus, resulting in the formation of a stable carbon-12 nucleus. The triple-alpha process plays a crucial role in stellar nucleosynthesis, providing the building block for heavier elements in the universe.;Google
Leaving group;In organic chemistry, a leaving group is an atom or group of atoms that departs from a molecule during a chemical reaction, taking with it a pair of electrons. The ability of a leaving group to depart easily influences the rate and outcome of a reaction. Leaving groups are typically weak bases due to their stability after departing with the electrons. Factors such as electronegativity, resonance stabilization, and inductive effects affect the leaving group ability. Common examples include halogens, tosylates, mesylates, and water. Understanding leaving groups is crucial for predicting reaction mechanisms and designing efficient synthetic strategies in organic synthesis.;Google
Holographic principle;The holographic principle is a theoretical concept in physics that suggests the information content of a volume of space can be entirely encoded on its boundary surface, much like a hologram. This idea arose from studying black holes and string theory, where it was found that the entropy of a black hole, a measure of its information content, is proportional to the area of its event horizon rather than its volume. This suggests that the entire gravitational description of a region of space could be encoded on a lower-dimensional surface, potentially revolutionizing our understanding of gravity and quantum mechanics.;Google
Endospore;Endospores are dormant, toughened structures formed by certain bacteria as a survival mechanism under harsh environmental conditions. They allow bacteria to withstand extreme temperatures, desiccation, radiation, and chemical stressors that would normally be lethal. The process of endospore formation, known as sporulation, involves significant changes in the bacterial cell's structure and metabolism. Inside the endospore, the bacterium's DNA and essential components are protected by multiple layers, including a protein coat and a tough outer membrane. When conditions become favorable again, the endospore can germinate, giving rise to a new vegetative bacterial cell. Endospores are highly resistant to sterilization methods, posing challenges for medical and industrial settings.;Google
BCS theory;BCS theory, standing for Bardeen-Cooper-Schrieffer theory, is a fundamental concept in condensed matter physics that explains superconductivity. Proposed in 1957 by John Bardeen, Leon Cooper, and Robert Schrieffer, it postulates that electrons in a superconducting material pair up due to an interaction mediated by lattice vibrations. These electron pairs, known as Cooper pairs, move through the material without resistance, leading to zero electrical resistivity below a critical temperature. BCS theory has been highly successful in explaining the properties of conventional superconductors and remains a cornerstone of our understanding of this remarkable phenomenon.;Google
Cellular respiration;Cellular respiration is a fundamental metabolic process that occurs in the cells of all living organisms. It involves the controlled breakdown of glucose, a simple sugar, to release energy in the form of adenosine triphosphate. This process takes place in several stages, including glycolysis, the Krebs cycle, and oxidative phosphorylation. During glycolysis, glucose is broken down into pyruvate in the cytoplasm. The pyruvate then enters the mitochondria, where it undergoes further oxidation in the Krebs cycle, producing ATP and electron carriers. Oxidative phosphorylation utilizes the electron carriers to generate a large amount of ATP through a series of electron transport chain reactions. Cellular respiration is essential for providing the energy required for cellular functions, growth, repair, and maintenance of life.;Google
Neural tissue engineering;Neural tissue engineering is a multidisciplinary field that focuses on developing biological substitutes to repair or replace damaged neural tissues. This involves utilizing principles from biology, materials science, and engineering to create functional neural constructs. The goal is to regenerate lost neuronal function and improve neurological disorders by combining cells, biomaterials, and growth factors. Neural tissue engineering techniques encompass various approaches such as cell transplantation, bioprinting, and the development of scaffolds that mimic the extracellular matrix. These strategies aim to promote neuronal survival, differentiation, and integration within the damaged nervous system, ultimately restoring neurological function.;Google
Principal component analysis;Principal component analysis is a linear dimensionality reduction technique used in statistics and machine learning. It transforms a dataset with potentially many correlated variables into a new set of uncorrelated variables called principal components. These components are ordered by their ability to explain the maximum variance in the original data. PCA aims to find the directions of greatest variance in the data, allowing for visualization or analysis in fewer dimensions while retaining as much information as possible. Applications include dimensionality reduction, noise removal, feature extraction, and data visualization.;Google
Cloning;Cloning is a biological process that involves creating genetically identical copies of a biological entity. This can include cells, tissues, or whole organisms. Different cloning techniques exist, with nuclear transfer being the most well-known method used to clone animals. In this technique, the nucleus of a donor cell containing the desired genetic material is transferred into an egg cell that has had its own nucleus removed. The resulting embryo is then implanted into a surrogate mother, which carries the pregnancy to term. Cloning has numerous applications in research, agriculture, and medicine, including producing genetically modified organisms, studying disease mechanisms, and potentially developing regenerative therapies.;Google
Game theory;Game theory is a branch of mathematics that analyzes strategic interactions between rational agents. It studies how individuals or entities make decisions when the outcome of their choices depends on the actions of others. Central to game theory are concepts like players, strategies, payoffs, and equilibrium. A key concept in game theory is Nash equilibrium, which describes a state where no player has an incentive to change their strategy given the strategies of the other players. Game theory has wide applications in economics, political science, biology, computer science, and other fields. It provides a framework for understanding competitive behavior, cooperation, bargaining, and decision-making under uncertainty.;Google
Titration;Titration is a common laboratory technique used to determine the concentration of an unknown solution by reacting it with a solution of known concentration. The solution with the known concentration is called the titrant, and the solution with the unknown concentration is called the analyte. The titration process involves slowly adding the titrant to the analyte until the reaction between them is complete. This point of completion, known as the equivalence point, can be detected using an indicator which changes color at a specific pH. The volume of titrant required to reach the equivalence point is then used to calculate the concentration of the analyte using stoichiometry.;Google
Leukopoiesis;Leukopoiesis is the biological process by which white blood cells, also known as leukocytes, are produced in the bone marrow. These essential components of the immune system play a vital role in protecting the body from infections and diseases. The process involves a complex series of steps starting with hematopoietic stem cells, multipotent progenitor cells that can differentiate into various types of blood cells, including white blood cells. Growth factors and cytokines regulate leukopoiesis, ensuring a constant supply of different types of leukocytes to maintain immune system function. Dysregulation of leukopoiesis can lead to leukopenia, a deficiency in white blood cell count, or leukemia, a type of cancer characterized by uncontrolled proliferation of leukemic cells.;Google
Molecular recognition;Molecular recognition is a fundamental process in chemistry and biology where molecules interact with each other in a specific and selective manner. This selectivity arises from complementary shapes, chemical properties, and electrostatic interactions between the interacting molecules. Biological systems rely heavily on molecular recognition for processes such as enzyme catalysis, DNA replication, and immune system function. In pharmaceuticals, understanding molecular recognition is crucial for drug design, as drugs often target specific receptors or enzymes in the body. Synthetic chemists utilize principles of molecular recognition to develop new materials and sensors with desired properties.;Google
Asymptotic giant branch;The Asymptotic Giant Branch is a late evolutionary stage in the life cycle of low to intermediate mass stars, such as our Sun. Stars reach the AGB after exhausting the hydrogen fuel in their core and expanding into red giants. During the AGB phase, helium burning ignites in the core, leading to further expansion and increased luminosity. Asymptotic giant branch stars are characterized by their large size, cool surface temperatures, and strong infrared radiation. They are also known for their mass loss through powerful stellar winds, expelling substantial amounts of material into interstellar space. This material enriches the surrounding medium with heavy elements, contributing to the formation of new stars and planets.;Google
Pi bond;A pi bond is a type of covalent chemical bond formed when two atomic orbitals overlap in a side-by-side fashion, rather than head-on as in sigma bonds. This lateral overlap results in electron density concentrated above and below the internuclear axis. Pi bonds are typically weaker than sigma bonds due to less direct overlap between atomic nuclei. They often occur alongside sigma bonds in multiple bonds like double and triple bonds, contributing to the molecule's overall stability. Rotation around a pi bond is restricted due to the alignment of electron density, influencing molecular geometry and reactivity. Many organic compounds rely on pi bonds for their structural integrity and unique chemical properties.;Google
Hemoglobin;Hemoglobin is an iron-containing protein found in red blood cells that is responsible for transporting oxygen throughout the body. It consists of four globin subunits, each containing a heme group, which binds to one molecule of oxygen. Hemoglobin has a high affinity for oxygen in the lungs, where oxygen concentration is high, and a lower affinity for oxygen in tissues, where oxygen concentration is low. This difference in affinity allows hemoglobin to efficiently pick up oxygen in the lungs and deliver it to tissues throughout the body.;Google
Computability;Computability is a branch of theoretical computer science that investigates the limits of what can be computed by algorithms. It explores the fundamental capabilities and limitations of computation, focusing on which problems can be solved algorithmically and which are inherently unsolvable. A key concept in computability theory is the Turing machine, a theoretical model of computation that serves as a universal computer capable of simulating any algorithm. By analyzing the behavior of Turing machines, mathematicians have established fundamental theorems that classify problems based on their solvability or insolvability. The study of computability has profound implications for understanding the nature of computation itself and its practical applications in various fields, including artificial intelligence, software engineering, and cryptography.;Google
Apical ectodermal ridge;The apical ectodermal ridge is a specialized thickened band of epithelial cells located at the distal tip of the developing limb bud in vertebrates. It plays a crucial role in regulating limb outgrowth and patterning during embryogenesis. The AER secretes signaling molecules, primarily fibroblast growth factors, which create a concentration gradient that influences cell proliferation and differentiation along the proximal-distal axis of the limb bud. This signaling cascade maintains the proliferative state of the underlying mesenchyme, driving the extension of the limb bud. Disruption or removal of the AER leads to truncated limbs with reduced digit number, highlighting its essential role in limb development.;Google
Spread spectrum;Spread spectrum is a technique in digital communication that transmits data by spreading it over a much wider frequency bandwidth than the original signal. This process involves encoding the information onto a high-frequency carrier wave and then modulating it with a pseudo-random code sequence, effectively dispersing the signal across a broader range of frequencies. The wider bandwidth allows for increased resistance to interference and jamming because an attacker would need to block the entire spectrum to disrupt the transmission. Spread spectrum also offers improved security by making it more difficult to intercept and decode the signal without the corresponding decoding key.;Google
Finite difference method;The finite difference method is a numerical technique used to approximate solutions to differential equations. It involves replacing derivatives with finite differences, which are ratios of function values at discrete points. These approximations lead to a system of algebraic equations that can be solved numerically. The accuracy of the solution depends on the step size, a parameter controlling the spacing between the discrete points. Finite difference methods are widely used in various fields, including physics, engineering, and finance, for solving problems involving heat transfer, fluid dynamics, and financial modeling.;Google
Hsp70;Hsp70 is a highly conserved family of molecular chaperones found in all living organisms. These proteins play a crucial role in protein folding, assembly, and transport within cells. Hsp70 molecules bind to newly synthesized or stressed polypeptide chains, preventing their aggregation and promoting proper folding into functional structures. They work by utilizing ATP hydrolysis to cycle between bound and unbound states, facilitating the release of correctly folded proteins. Dysregulation of Hsp70 function has been implicated in various diseases, including neurodegenerative disorders, cancer, and infections.;Google
Limb bud;A limb bud is an embryonic structure that develops into the arms and legs. It arises as a swelling at the lateral edges of the developing embryo, called the mesoderm, which gives rise to skeletal muscle and connective tissues. The outgrowth of the limb bud is guided by a complex interplay of signaling molecules, such as fibroblast growth factors and sonic hedgehog. The apical ectodermal ridge, located at the distal tip of the bud, plays a crucial role in maintaining limb growth and patterning by secreting FGFs. These signals induce proliferation and differentiation of cells within the mesenchyme, the underlying tissue mass of the bud, leading to the formation of the skeletal elements, muscles, nerves, and skin that constitute limbs.;Google
Biosignature;A biosignature is a detectable sign, indicator, or characteristic that suggests the presence or past existence of life. These signs can be chemical, physical, or geological and are often used in astrobiology to search for extraterrestrial life. Biosignatures can include gases like oxygen and methane in an atmosphere, organic molecules on a planet's surface, or unusual rock formations indicative of biological activity. Identifying biosignatures is crucial for determining whether other planets or moons harbor life and understanding the diversity of life in the universe. The search for biosignatures often relies on remote sensing techniques, such as spectroscopy, which analyze light reflected or emitted by celestial bodies to detect specific chemical compounds.;Google
Hidden Markov model;A Hidden Markov Model is a statistical model used to analyze sequential data where the underlying states are hidden or unobservable. It consists of a set of states that can transition between each other over time, and each state emits observations. The probability of transitioning between states and emitting observations is represented by matrices called transition matrix and emission matrix, respectively. HMMs are widely used in various applications such as speech recognition, bioinformatics, and machine translation. The primary challenge in working with HMMs is to estimate the hidden states given a sequence of observations. This can be accomplished using algorithms like the Baum-Welch algorithm, which iteratively updates the model parameters to maximize the likelihood of observing the given data.;Google
p-value;In hypothesis testing, the p-value is a probability that measures the strength of evidence against a null hypothesis. It quantifies the likelihood of observing results as extreme as, or more extreme than, those obtained in a study, assuming the null hypothesis is true. A small p-value indicates strong evidence against the null hypothesis, suggesting that it is unlikely to be true given the observed data. Conversely, a large p-value suggests weak evidence against the null hypothesis and does not necessarily imply its truth. The p-value helps researchers make decisions about rejecting or failing to reject the null hypothesis based on the strength of the evidence provided by the data.;Google
Ubiquitin;Ubiquitin is a small, highly conserved protein found in eukaryotic cells. It plays a crucial role in various cellular processes, primarily through its function as a signaling molecule. Ubiquitin molecules can be covalently attached to other proteins, a process known as ubiquitination. This modification serves as a tag that directs the target protein to specific cellular destinations or alters its activity. Ubiquitination is involved in numerous cellular pathways, including protein degradation, DNA repair, cell cycle regulation, and immune response. Dysregulation of ubiquitination has been implicated in various diseases, such as cancer, neurodegenerative disorders, and infectious diseases.;Google
Cell adhesion;Cell adhesion is the process by which cells attach to each other or to an extracellular matrix. This interaction is crucial for various biological functions, including tissue development, wound healing, and immune response. Adhesion molecules, such as integrins, cadherins, and selectins, mediate these interactions by recognizing specific ligands on neighboring cells or the ECM. Cell adhesion strength can be regulated by intracellular signaling pathways and external factors like growth factors and mechanical forces. Disruptions in cell adhesion can contribute to diseases such as cancer metastasis and inflammatory disorders.;Google
ABC transporter;ABC transporters are a large family of transmembrane proteins that utilize adenosine triphosphate to transport various substrates across cellular membranes. They consist of two nucleotide-binding domains and two transmembrane domains. The NBDs bind ATP, hydrolyzing it to provide energy for conformational changes in the TMDs, which facilitate substrate binding and translocation. ABC transporters play crucial roles in numerous physiological processes, including nutrient uptake, drug efflux, detoxification, and cellular signaling. They are found in all living organisms, from bacteria to humans. Mutations or dysregulation of ABC transporters can contribute to various diseases, such as cystic fibrosis, cancer, and multidrug resistance.;Google
Causal dynamical triangulation;Causal dynamical triangulation is a background-independent approach to quantum gravity that aims to discretize spacetime itself. It posits that spacetime is composed of dynamically evolving simplices, the fundamental building blocks of higher-dimensional space. These simplices are connected in a causal manner, ensuring that events occur in a consistent order. The theory relies on principles of statistical mechanics and graph theory to describe the evolution of these triangulations over time. The emergent geometry from these configurations is then expected to reproduce the observed features of spacetime at different scales.;Google
Calixarene;Calixarenes are a class of macrocyclic organic compounds characterized by their cone-shaped structure, derived from the condensation of phenol and formaldehyde. These molecules possess multiple hydroxyl groups at the wide rim, providing sites for complexation with metal ions or other guest molecules. The rigid and preorganized cavity of calixarenes allows for selective binding interactions, making them valuable in various applications such as catalysis, sensing, and drug delivery. Their structural versatility enables modifications to tailor their properties for specific purposes, including the introduction of functional groups at different positions on the molecule.;Google
Particulate matter;Particulate matter is a complex mixture of solid particles and liquid droplets suspended in air. These particles range in size from less than 0.1 micrometers to larger than 10 micrometers in diameter. PM originates from both natural sources, such as wildfires, volcanic eruptions, and dust storms, and anthropogenic sources, including vehicle emissions, industrial processes, and power generation. Inhalation of PM can have adverse effects on human health, leading to respiratory problems, cardiovascular disease, and even premature death. Air quality standards regulate PM concentrations to protect public health and the environment.;Google
Peptidoglycan;Peptidoglycan is a large polymer that forms a mesh-like layer outside the cytoplasmic membrane of bacteria. It provides structural support and protection to bacterial cells, giving them their characteristic shape and resisting osmotic lysis. Peptidoglycan is composed of repeating disaccharide units of N-acetylglucosamine and N-acetylmuramic acid, linked by peptide cross-bridges. The structure and composition of peptidoglycan vary between bacterial species and can be targeted by antibiotics, such as penicillin, which inhibit the enzymes involved in its synthesis. The presence or absence of peptidoglycan is a key distinction between bacteria and other types of microorganisms like archaea and eukaryotes.;Google
Antibody;Antibodies, also known as immunoglobulins, are glycoproteins produced by plasma cells, a type of white blood cell. They play a crucial role in the adaptive immune system by recognizing and neutralizing specific antigens, which are foreign substances like bacteria, viruses, or toxins. Each antibody has a unique binding site that specifically recognizes and targets its corresponding antigen. This interaction can lead to several outcomes, including neutralization of the antigen, opsonization, or activation of the complement system, a cascade of proteins that helps destroy pathogens.;Google
Genetic drift;Genetic drift is the change in the frequency of gene variants within a population due to random sampling effects rather than natural selection. It is most pronounced in small populations where random fluctuations can have a significant impact on allele frequencies. Over time, genetic drift can lead to the loss of genetic diversity and the fixation of certain alleles, even if they are not advantageous. This can result in populations becoming genetically distinct from each other and potentially vulnerable to environmental changes. The founder effect and bottleneck effect are two specific examples of genetic drift that occur when a new population is established by a small number of individuals or when a population experiences a drastic reduction in size.;Google
RefSeq;RefSeq is a comprehensive, non-redundant database of curated genomic sequences from various organisms, including prokaryotes, eukaryotes, and viruses. Developed and maintained by the National Center for Biotechnology Information, RefSeq provides high-quality reference sequences that serve as gold standards for genome annotation, comparative genomics, and molecular biology research. Each sequence in RefSeq undergoes rigorous annotation and quality control measures to ensure accuracy and reliability. Researchers rely on RefSeq to identify genes, regulatory elements, and other genomic features, facilitating diverse applications such as gene discovery, phylogenetic analysis, and the development of new diagnostic tools.;Google
Pseudogene;"Pseudogenes are segments of DNA that resemble functional genes but are non-functional due to mutations or other alterations. They cannot be transcribed or translated into proteins and often lack regulatory elements essential for gene expression. Although historically considered evolutionary ""junk"" DNA, pseudogenes play various roles in genome evolution, including providing raw material for new gene formation through duplication and divergence, regulating gene expression, and serving as targets for retrotransposon insertions. The presence of pseudogenes can shed light on the evolutionary history of organisms and their functional genes. Some pseudogenes retain limited functionality or undergo alternative splicing, suggesting ongoing evolutionary processes and potential roles in cellular mechanisms yet to be fully understood.";Google
Depth-first search;Depth-first search is a graph traversal algorithm that explores as far as possible along each branch before backtracking. It systematically visits nodes in a graph by selecting an initial node and then recursively exploring its unvisited neighbors. DFS continues down each path until it reaches a dead end, at which point it backtracks to the previous node and explores alternative paths. This depth-first approach allows DFS to discover all connected components of a graph efficiently. It is commonly used in applications such as finding paths, detecting cycles, and solving puzzles. DFS can be implemented using a stack data structure to keep track of the nodes to be visited.;Google
Topology;Topology is a branch of mathematics that studies the properties of spaces that remain unchanged under continuous deformations. It focuses on concepts like connectedness, compactness, and continuity, rather than distances or angles. Topological spaces are abstract objects defined by certain axioms that capture their essential features. They find applications in various fields, including geometry, analysis, differential equations, and even physics. Topology has a rich history, with contributions from mathematicians like Leonhard Euler, Bernhard Riemann, and Henri Poincaré. It continues to be an active area of research, exploring connections with other mathematical disciplines and developing new tools for understanding complex systems.;Google
Optical flow;Optical flow is a fundamental concept in computer vision that describes the apparent motion of objects, surfaces, and edges in a visual scene as it changes over time. It involves analyzing the displacement of brightness patterns between consecutive frames of video or image sequences to estimate the direction and magnitude of movement. Optical flow algorithms rely on various techniques, such as intensity gradients, feature matching, and differential equations, to compute these motion vectors. Applications of optical flow include video stabilization, motion tracking, 3D reconstruction, and understanding human actions in videos.;Google
Folate;Folate, also known as vitamin B9, is a water-soluble vitamin crucial for various metabolic processes in the human body. It plays a vital role in DNA synthesis and cell division, making it essential for growth and development. Folate is involved in the production of red blood cells, preventing anemia. It also contributes to the proper functioning of the nervous system and helps metabolize certain amino acids. Dietary sources of folate include leafy green vegetables, legumes, citrus fruits, and fortified grains. Deficiencies in folate can lead to health problems such as neural tube defects, birth defects, and an increased risk of cardiovascular disease.;Google
Sedimentary rock;Sedimentary rocks are one of the three main types of rocks, classified as such because they form from the accumulation and cementation of sediments. These sediments can be fragments of pre-existing rocks, minerals that have crystallized from water, or organic remains. The process begins with weathering and erosion, breaking down existing rocks into smaller pieces called sediment. This sediment is then transported by wind, water, or ice and deposited in layers, often in bodies of water. Over time, these layers are compressed and cemented together by minerals, forming solid rock. Sedimentary rocks often contain fossils, providing valuable insights into past life and environments. They also play a crucial role in storing and transporting groundwater, influencing landscapes and shaping geological formations.;Google
Breadth-first search;Breadth-first search is a graph traversal algorithm that systematically explores a graph level by level. Starting from a designated root node, BFS visits all the node's immediate neighbors, then their neighbors, and so on. It prioritizes exploring nodes closer to the starting point before moving to more distant ones. BFS guarantees finding the shortest path between two nodes in an unweighted graph. Its applications include finding connected components, determining the minimum distance between nodes, and solving puzzles like mazes. The algorithm is widely used in computer science fields such as network routing, artificial intelligence, and data structures.;Google
Tubulin;Tubulin is a globular protein that polymerizes to form microtubules, crucial components of the cytoskeleton. Microtubules are dynamic structures involved in various cellular processes, including cell division, intracellular transport, and maintaining cell shape. Alpha and beta tubulin subunits assemble into heterodimers, which then associate laterally and longitudinally to form protofilaments. Thirteen protofilaments bundle together to create a microtubule with a hollow cylindrical structure. Microtubules exhibit dynamic instability, constantly growing and shrinking through the addition and removal of tubulin subunits at their ends. This dynamic behavior is regulated by various factors, including GTP hydrolysis and associated proteins.;Google
Thrust;Thrust is a force that propels an object forward, opposing inertia and causing acceleration. It is typically generated by engines, such as jet engines in airplanes or rocket engines in spacecraft, which expel mass in one direction to create an equal and opposite reaction force. The magnitude of thrust is measured in Newtons and is directly proportional to the rate of change of momentum of the expelled mass. In vehicles, thrust is crucial for overcoming drag and achieving desired speeds. Applications of thrust extend beyond transportation, including propulsion systems for submarines, rockets, and even experimental anti-gravity devices.;Google
Ozone depletion;Ozone depletion refers to the thinning of the ozone layer in Earth's stratosphere, primarily caused by human-made chemicals. The ozone layer absorbs most of the Sun's harmful ultraviolet radiation, protecting life on Earth from its damaging effects. Certain man-made compounds, particularly chlorofluorocarbons, rise into the stratosphere and break down ozone molecules upon exposure to UV radiation. This process depletes the ozone layer, allowing more harmful UV radiation to reach the Earth's surface. Ozone depletion has been linked to various health issues, including increased skin cancer rates, cataracts, and weakened immune systems. International agreements, such as the Montreal Protocol, have phased out the production of ozone-depleting substances, leading to a gradual recovery of the ozone layer.;Google
Anesthesia;Anesthesia is the practice of inducing a reversible state of loss of sensation, usually accompanied by unconsciousness, for surgical procedures and other medical interventions. It encompasses various techniques, including general anesthesia, which renders patients completely unconscious, and regional anesthesia, which targets specific areas of the body. Anesthetics can be administered intravenously, intramuscularly, or inhaled, and their effects are mediated through interactions with the nervous system. The goal of anesthesia is to provide pain relief, amnesia, and muscle relaxation during medical procedures, ensuring patient comfort and safety. A multidisciplinary team, including anesthesiologists, nurses, and technicians, carefully monitors patients throughout the anesthetic process to ensure appropriate dosage and minimize potential complications.;Google
L-function;L-functions are a fundamental class of complex functions in number theory. They are associated with arithmetic objects such as integers, algebraic numbers, and even more abstract structures like modular forms. Each L-function encodes information about the distribution of prime numbers and other arithmetic properties of its associated object. The values of an L-function at certain points can reveal profound relationships between seemingly disparate mathematical concepts. A famous example is the Riemann zeta function, whose zeros have deep implications for the distribution of prime numbers.;Google
Lepton;Leptons are fundamental particles that do not experience the strong nuclear force. They are categorized into two groups: charged leptons and neutral leptons. Charged leptons include the electron, muon, and tau, each with a corresponding neutrino. Neutrinos, being electrically neutral, are also classified as leptons. Leptons have half-integer spin, making them fermions. They play crucial roles in various fundamental interactions, such as the electromagnetic force and weak nuclear force. The Standard Model of particle physics encompasses all known leptons and their properties.;Google
Mirror neuron;Mirror neurons are a type of neuron found in the premotor cortex that fire both when an individual performs an action and when they observe another individual performing the same action. This mirroring activity suggests a fundamental link between perception and action, contributing to our understanding of others' intentions and actions. The discovery of mirror neurons has revolutionized our understanding of social cognition, empathy, language acquisition, and motor learning. Research continues to explore the diverse roles of mirror neurons in various cognitive functions and their potential implications for neurological disorders.;Google
Loop quantum gravity;Loop quantum gravity is a theoretical framework in physics that attempts to reconcile general relativity with quantum mechanics. It posits that spacetime is not continuous but rather composed of discrete, interconnected loops called spin networks. These loops are quantized, meaning they can only exist in specific discrete states. By incorporating these quantized loops, loop quantum gravity aims to provide a description of gravity at the Planck scale, where both general relativity and quantum mechanics are thought to be relevant. The theory has made predictions about the nature of black holes, the Big Bang singularity, and the possible existence of a quantum foam underlying spacetime.;Google
Diffusion;Diffusion is the net movement of particles from a region of higher concentration to a region of lower concentration. This process occurs due to the random motion of particles and continues until the concentration is uniform throughout the system. Factors affecting diffusion include temperature, molecular size, and the medium through which diffusion takes place. Diffusion plays a crucial role in biological processes such as gas exchange in lungs and nutrient uptake by cells. It is also essential in various industrial and environmental applications, including the separation of gases and the transport of pollutants.;Google
Prolactin;Prolactin is a hormone primarily produced by lactotroph cells in the anterior pituitary gland. It plays a crucial role in regulating various physiological processes, including lactation, reproductive function, and immune response. Prolactin stimulates the mammary glands to produce milk after childbirth. It also influences ovarian function in females and testicular function in males. Additionally, prolactin has immunomodulatory effects, promoting the activity of certain immune cells. Disruptions in prolactin levels can lead to a range of health issues, such as galactorrhea, infertility, and menstrual irregularities.;Google
Inattentional blindness;Inattentional blindness is a cognitive phenomenon where an individual fails to perceive objects or events that are clearly visible within their field of vision. This occurs because attention is focused on a specific task or stimulus, causing a selective filtering of information. As a result, unattended details can go unnoticed, even if they are highly salient or unexpected. Numerous studies have demonstrated this phenomenon, showcasing the limitations of human visual perception when attention is divided or directed elsewhere. The implications of inattentional blindness extend to various real-world situations, including driving accidents, security lapses, and everyday mishaps. Understanding this cognitive bias can help individuals become more aware of their perceptual limitations and develop strategies to mitigate its potential negative consequences.;Google
Photon;A photon is the fundamental quantum of light and other forms of electromagnetic radiation. It is a massless, chargeless particle that always travels at the speed of light in a vacuum. Photons exhibit both wave-like and particle-like properties, known as wave-particle duality. The energy of a photon is directly proportional to its frequency, which means higher frequency photons carry more energy. Photons are responsible for many phenomena, including vision, photosynthesis, and the emission and absorption of light by atoms and molecules. They play a crucial role in various fields of science, including optics, quantum mechanics, and astrophysics.;Google
Aquaporin;Aquaporins are a family of integral membrane proteins that function as water channels, facilitating the rapid transport of water molecules across cell membranes. They are highly selective for water and exclude other solutes, allowing for efficient water movement without disrupting osmotic balance. Aquaporins are found in a wide range of organisms, from bacteria to mammals, and play crucial roles in various physiological processes, including kidney function, saliva production, brain hydration, and plant transpiration. Dysregulation of aquaporin expression or function has been implicated in several diseases, such as diabetes insipidus and edema.;Google
Optical coherence tomography;Optical coherence tomography is a non-invasive imaging technique that uses light waves to create high-resolution cross-sectional images of biological tissues. It functions similarly to ultrasound, employing low-coherence interferometry to measure the distance to reflected light from different tissue depths. The interference pattern generated is then processed to produce detailed images of tissue microstructure and morphology. OCT has widespread applications in ophthalmology for examining the retina and cornea, as well as in other fields like cardiology, dermatology, and gastroenterology for visualizing tissues non-invasively. Its high resolution and ability to penetrate superficial layers make it a valuable tool for diagnosing and monitoring various medical conditions.;Google
Beta-lactamase;Beta-lactamase is an enzyme that breaks down beta-lactam antibiotics, a class of drugs commonly used to treat bacterial infections. These enzymes act by hydrolyzing the beta-lactam ring, which is crucial for the antibiotic's ability to inhibit bacterial cell wall synthesis. The emergence of beta-lactamase producing bacteria poses a significant challenge in treating infections, as these bacteria become resistant to many commonly used antibiotics. Different types of beta-lactamases exist, classified based on their structure and substrate specificity. Understanding the mechanisms of beta-lactamase activity is essential for developing strategies to combat antibiotic resistance.;Google
Checkpoint inhibitor;Checkpoint inhibitors are a class of immunotherapy drugs that unleash the power of the immune system to fight cancer. They work by blocking inhibitory signals that normally prevent T cells, a type of white blood cell, from attacking cancer cells. These inhibitory signals, known as checkpoints, are essential for regulating immune responses and preventing autoimmunity. Cancer cells can exploit these checkpoints to evade immune destruction. By inhibiting checkpoint proteins like CTLA-4 and PD-1, checkpoint inhibitors remove the brakes on the immune system, allowing T cells to recognize and destroy cancer cells more effectively. This has led to significant advances in treating various types of cancer, including melanoma, lung cancer, and bladder cancer.;Google
RIG-I;RIG-I, short for retinoic acid-inducible gene I, is a cytoplasmic sensor that plays a crucial role in innate immunity. It belongs to the RIG-I-like receptor family, which recognizes viral RNA and triggers an antiviral response. Upon binding to double-stranded or 5'-triphosphate RNA, typically produced by viruses, RIG-I undergoes conformational changes that activate its downstream signaling pathway. This activation leads to the production of interferons and other pro-inflammatory cytokines, ultimately inhibiting viral replication and spreading. RIG-I is essential for host defense against various RNA viruses, including influenza, hepatitis C, and Zika. Dysregulation of RIG-I signaling can contribute to autoimmune diseases or increased susceptibility to viral infections.;Google
Sedimentary basin;A sedimentary basin is a geographic depression where sediment accumulates over time. These basins form in response to tectonic activity, such as continental rifting or collision, creating spaces for deposition. Sediments, eroded from surrounding landmasses and transported by wind, water, or ice, gradually fill these depressions. The layers of accumulated sediment can vary widely in composition, reflecting the environment in which they formed and the history of the basin itself. Over millions of years, sedimentary basins can become buried and eventually transformed into layered sedimentary rocks, providing valuable insights into past environments and geological events.;Google
Ductility;Ductility is a material property that describes its ability to deform under tensile stress without fracturing. It is measured as the amount of strain a material can withstand before it breaks. Materials exhibiting high ductility can be stretched into thin wires or drawn out into long shapes. Conversely, materials with low ductility tend to fracture or shatter under tension. Ductility is influenced by factors such as crystal structure, grain size, temperature, and the presence of impurities. Metals are generally known for their high ductility, while ceramics and polymers typically exhibit lower ductility. Understanding a material's ductility is crucial in engineering applications, as it dictates its suitability for various processes like drawing, forging, and rolling.;Google
Activation function;Activation functions are crucial components of artificial neural networks, introducing non-linearity into the network's decision-making process. These mathematical functions process the weighted sum of inputs from a neuron and determine whether the neuron should be activated or not. By introducing non-linearity, activation functions enable neural networks to learn complex patterns and relationships within data that would be impossible for linear models to capture. Different types of activation functions serve various purposes, such as sigmoid for binary classification, ReLU for efficiency in deep learning, and tanh for handling continuous outputs. The choice of activation function depends on the specific task and the architecture of the neural network.;Google
Kerr effect;The Kerr effect is an optical phenomenon in which a transparent material's refractive index changes in response to an applied electric field. This change in refractive index is proportional to both the intensity and the square of the applied electric field. When light passes through a medium exhibiting the Kerr effect, its polarization rotates, known as optical rotation. The Kerr effect has applications in electro-optical devices, such as modulators and switches, due to its ability to manipulate light based on electrical signals. The effect is named after John Kerr, a Scottish physicist who discovered it in 1875.;Google
Green chemistry;Green chemistry is a field of chemistry concerned with designing chemical products and processes that minimize environmental impact. It emphasizes preventing pollution rather than treating it after it occurs. Key principles of green chemistry include using renewable feedstocks, reducing hazardous waste generation, maximizing atom economy, and designing safer chemicals. Green chemistry aims to develop sustainable practices throughout the entire lifecycle of a chemical product, from its synthesis to its disposal or recycling. By incorporating green chemistry principles, industries can reduce their environmental footprint, conserve resources, and promote a more sustainable future.;Google
Naphthalene;Naphthalene is an organic compound with the formula C10H8. It is a white to colorless solid that has a strong odor, often described as mothball-like. Naphthalene is polycyclic aromatic hydrocarbon, consisting of two fused benzene rings. It was first isolated in 1821 and is primarily used as a fumigant to deter moths and other insects. Industrially, naphthalene is also used in the production of phthalic anhydride, resins, dyes, and synthetic rubber. Naphthalene is sparingly soluble in water but readily dissolves in organic solvents. It exhibits fluorescence under ultraviolet light. Exposure to high concentrations of naphthalene can cause respiratory irritation, headaches, and nausea.;Google
Chondrocyte;Chondrocytes are the only cells found in cartilage tissue, responsible for both maintaining its structure and producing new matrix components. These specialized cells reside within small cavities called lacunae, embedded within the extracellular matrix. Chondrocytes synthesize and secrete a complex mix of proteins, glycosaminoglycans, and other molecules that form the cartilage's unique mechanical properties. They regulate their own activity and respond to mechanical stimuli through various signaling pathways, ensuring cartilage adapts to changing loads and stress. Proper chondrocyte function is crucial for healthy joint movement, shock absorption, and overall skeletal integrity.;Google
Resonance;Resonance is a physical phenomenon that occurs when a system is subjected to a driving force at or near its natural frequency. At resonance, the amplitude of oscillation increases significantly compared to the case where the driving force is not applied or is applied at a different frequency. This amplification arises because the energy from the driving force is efficiently transferred to the oscillating system, causing it to vibrate with greater intensity. Resonance plays a crucial role in many natural and man-made systems, such as musical instruments, bridges, and electrical circuits. Understanding resonance is essential for designing structures that can withstand vibrations and for optimizing the performance of various devices.;Google
Inner cell mass;The inner cell mass is a cluster of cells located within the blastocyst, a structure formed early in embryonic development. It represents the foundation for the developing embryo and gives rise to all three germ layers: ectoderm, mesoderm, and endoderm. These germ layers subsequently differentiate into all the tissues and organs of the body. The ICM is crucial for proper embryonic development and its formation is tightly regulated by a complex interplay of genetic and environmental factors. Research on the ICM has provided valuable insights into early developmental processes and holds promise for understanding congenital defects and developing regenerative medicine strategies.;Google
Dermal fibroblast;Dermal fibroblasts are spindle-shaped cells that reside in the dermis, the middle layer of skin. They play a crucial role in maintaining skin structure and function by synthesizing and secreting extracellular matrix components such as collagen, elastin, and hyaluronic acid. These ECM proteins provide tensile strength, elasticity, and hydration to the skin, contributing to its integrity and resilience. Dermal fibroblasts also participate in wound healing processes by migrating to sites of injury, proliferating, and producing new ECM to repair damaged tissues. They respond to various growth factors and cytokines that regulate their activity, influencing skin homeostasis and regeneration.;Google
Standard Model;The Standard Model is the most successful theory in particle physics, describing the fundamental constituents of matter and their interactions. It classifies all known elementary particles into fermions, which make up matter, and bosons, which mediate forces. The Standard Model explains the electromagnetic, weak, and strong nuclear forces through these interactions. It has successfully predicted numerous phenomena, including the existence of new particles like the Higgs boson, but it does not account for gravity or dark matter and dark energy, hinting at the need for extensions beyond its current framework.;Google
Wax ester;Wax esters are a class of organic compounds characterized by a long-chain fatty acid esterified to a long-chain alcohol. These molecules possess a hydrophobic nature due to their nonpolar hydrocarbon chains, making them insoluble in water and soluble in nonpolar solvents. Waxes occur naturally in various organisms, including plants, animals, and microorganisms, serving diverse functions such as waterproofing, protection, and energy storage. Synthetic wax esters are produced industrially for applications in cosmetics, pharmaceuticals, and food processing. The structure and properties of wax esters can be tailored through modifications to the fatty acid and alcohol components, leading to a wide range of potential uses.;Google
Photon statistics;Photon statistics is a branch of quantum optics that deals with the probabilistic distribution of photons in light beams. It explores how the number of photons present in a given time interval or spatial region follows certain statistical laws rather than deterministic behavior. Key concepts include photon counting, Poisson distributions, and Bose-Einstein statistics, which govern the behavior of indistinguishable particles like photons. Photon statistics provides insights into the fundamental quantum nature of light and its interactions with matter. It has applications in various fields such as quantum information processing, laser physics, and optical communication.;Google
Atopy;Atopy is a genetic predisposition to develop allergic diseases such as eczema, asthma, hay fever, and food allergies. Individuals with atopy have a heightened immune response to otherwise harmless environmental substances called allergens. This overreaction triggers the release of histamine and other inflammatory mediators, leading to characteristic symptoms like itching, sneezing, coughing, and wheezing. Atopy is thought to result from a complex interplay of genetic factors and environmental exposures. Studies have identified specific genes associated with atopy, particularly those involved in immune system regulation. Family history plays a significant role, as individuals with parents or siblings who have allergies are more likely to develop atopy themselves.;Google
Atomic force microscopy;Atomic force microscopy is a nanoscale imaging technique that uses a sharp tip to scan the surface of a material. The tip, attached to a cantilever, interacts with the sample through van der Waals forces, electrostatic forces, or chemical bonding. By measuring the deflection of the cantilever as it scans, AFM can create three-dimensional images of surfaces at atomic resolution. AFM is a versatile technique that can be used to study a wide range of materials, including metals, semiconductors, polymers, and biological molecules. It can also be used for manipulation tasks at the nanoscale, such as assembling nanostructures or measuring the mechanical properties of materials.;Google
Etiology;Etiology is the study of the causes or origins of diseases or conditions. It encompasses a wide range of factors that can contribute to the development of illness, including genetic predisposition, environmental exposures, lifestyle choices, and infectious agents. Understanding the etiology of a disease is crucial for developing effective prevention strategies, diagnostic tests, and treatment options. Epidemiological studies and clinical research are essential tools used in etiological investigations. By identifying the underlying causes of disease, healthcare professionals can better target interventions to reduce the incidence and impact of health problems.;Google
Gel electrophoresis;Gel electrophoresis is a laboratory technique used to separate charged molecules like DNA, RNA, and proteins based on their size and charge. It involves applying an electric current through a gel matrix, causing the molecules to migrate towards the oppositely charged electrode. Smaller molecules move faster and farther through the porous gel than larger molecules, resulting in separation based on molecular weight. The separated molecules can then be visualized using stains or labels, allowing for analysis and identification. Gel electrophoresis is widely used in various fields, including genetics, forensics, and medical diagnostics, for applications such as DNA fingerprinting, gene sequencing, and protein analysis.;Google
Inhibitory control;Inhibitory control refers to the cognitive ability to suppress impulsive responses and thoughts, allowing for more controlled and goal-directed behavior. It involves the regulation of actions, emotions, and attention, enabling individuals to resist distractions, override automatic reactions, and make deliberate choices. Several brain regions, including the prefrontal cortex, anterior cingulate cortex, and basal ganglia, are involved in inhibitory control processes. Deficits in inhibitory control have been linked to various behavioral problems such as impulsivity, aggression, and difficulties with attentional focus.;Google
Protein Data Bank;The Protein Data Bank is a comprehensive global repository for experimentally determined three-dimensional structural data of biological macromolecules, primarily proteins and nucleic acids. Established in 1971, the PDB archives structures obtained through techniques like X-ray crystallography, nuclear magnetic resonance spectroscopy, and cryo-electron microscopy. Researchers worldwide deposit their findings into the PDB, making it a crucial resource for understanding protein function, disease mechanisms, and drug design. The PDB facilitates advancements in fields such as biomedicine, biotechnology, and structural biology by providing researchers with a vast library of validated structural information. Its open-access nature enables collaborative research and accelerates scientific discovery.;Google
Transition state;A transition state is a high-energy, unstable intermediate species that exists momentarily during a chemical reaction. It represents the point of maximum energy along the reaction pathway, where bonds are being broken and formed simultaneously. Transition states possess vibrational frequencies distinct from reactants or products, reflecting their transient and highly reactive nature. Determining the structure and properties of transition states is crucial for understanding reaction mechanisms and predicting reaction rates. Theoretical calculations, spectroscopic techniques, and experimental observations can provide insights into the characteristics of these fleeting species. The concept of transition states is fundamental to various branches of chemistry, including organic, physical, and inorganic chemistry.;Google
Abrupt climate change;Abrupt climate change refers to rapid shifts in Earth's climate system occurring over decades or centuries, as opposed to gradual changes typically observed over millennia. These abrupt transitions can involve significant alterations in temperature, sea level, precipitation patterns, and ocean circulation. Several mechanisms drive abrupt climate change, including variations in Earth's orbit, volcanic eruptions, and shifts in greenhouse gas concentrations. Past examples of abrupt climate change include the Younger Dryas cooling period and Dansgaard-Oeschger events during glacial cycles. Understanding these past events can provide insights into potential future climate disruptions and inform mitigation strategies.;Google
Nuclear medicine;Nuclear medicine is a medical specialty that utilizes radioactive isotopes for both diagnosis and treatment of diseases. Radioactive materials, called radiopharmaceuticals, are administered to patients in trace amounts, where they concentrate in specific organs or tissues. The emitted radiation from these radioisotopes can then be detected using specialized imaging equipment, allowing doctors to visualize and assess the function of various organs. This diagnostic information is crucial for diagnosing and monitoring a wide range of conditions, including cancer, heart disease, and thyroid disorders. Nuclear medicine also plays a role in therapeutic applications, such as treating certain types of cancer with targeted radiation therapy.;Google
Carbon footprint;A carbon footprint is the total amount of greenhouse gases, primarily carbon dioxide, released into the atmosphere as a result of human activities associated with an individual, organization, event, or product. It encompasses emissions from various sources, including transportation, energy production and consumption, industrial processes, agriculture, and deforestation. Measuring and reducing carbon footprints is crucial for mitigating climate change and achieving sustainability goals. Carbon footprint calculations consider both direct emissions, such as those from burning fossil fuels for transportation, and indirect emissions, such as those resulting from the manufacturing and disposal of products. By understanding and minimizing their carbon footprints, individuals, businesses, and governments can contribute to a more sustainable future.;Google
Non-coding RNA;Non-coding RNAs are RNA molecules that do not code for proteins. They play diverse roles in cellular processes, including gene regulation, RNA processing, and translation. ncRNAs can be categorized based on their size and function. Small ncRNAs, such as microRNAs and small interfering RNAs, regulate gene expression by binding to messenger RNA molecules. Long ncRNAs are larger than 200 nucleotides and have diverse functions, including chromatin remodeling and transcriptional regulation. ncRNA dysregulation is implicated in various diseases, including cancer, neurodegenerative disorders, and cardiovascular disease. The study of ncRNAs has expanded our understanding of gene regulation and cellular function, opening new avenues for therapeutic interventions.;Google
Negishi coupling;The Negishi coupling is a palladium-catalyzed cross-coupling reaction that joins an organozinc reagent with an organic halide. It is named after its discoverer, Ei-ichi Negishi, who won the Nobel Prize in Chemistry in 2010 for this discovery. This reaction enables the formation of new carbon-carbon bonds and has widespread applications in organic synthesis. The process involves oxidative addition of the palladium catalyst to the halide, followed by transmetalation with the organozinc reagent, and finally reductive elimination to yield the coupled product. Negishi coupling is known for its high functional group tolerance and broad substrate scope, making it a versatile tool for constructing complex molecules.;Google
Sagnac effect;The Sagnac effect is a phenomenon in physics where the rotation of a frame of reference causes a difference in the speed of light traveling in opposite directions. It was first observed by French physicist Georges Sagnac in 1913 and is a consequence of the principles of special relativity. When light travels around a closed path in a rotating frame, it experiences a time dilation effect due to the rotation, leading to a measurable difference in the round-trip travel times depending on the direction. This effect has important applications in areas such as gyroscopes and interferometry, where precise measurements of angular velocity are required.;Google
P-type ATPase;"P-type ATPases are a large family of transmembrane proteins that utilize energy from ATP hydrolysis to transport various substrates across biological membranes. These enzymes are characterized by a highly conserved phosphorylation site on their cytoplasmic domain, hence the name ""P-type."" The phosphorylation cycle involves ATP binding, followed by phosphorylation of the enzyme, conformational changes, substrate binding, and finally, substrate translocation across the membrane. P-type ATPases play crucial roles in numerous cellular processes, including ion homeostasis, lipid transport, and signal transduction. Their malfunction is associated with various human diseases.";Google
Laminar flow;Laminar flow is a type of fluid flow characterized by smooth, parallel layers of fluid moving in the same direction without any mixing or turbulence between them. In laminar flow, fluid particles follow well-defined streamlines and move at a constant velocity within each layer. This flow pattern occurs when the Reynolds number, a dimensionless quantity that represents the ratio of inertial forces to viscous forces, is relatively low. Laminar flow is often observed in situations where fluids are flowing at low speeds or through narrow channels. Examples of laminar flow include the steady movement of blood through capillaries and the slow passage of honey through a narrow tube.;Google
Glacier mass balance;Glacier mass balance is the difference between the accumulation of snow and ice onto a glacier and the loss of ice through melting, sublimation, and calving. Positive mass balance occurs when accumulation exceeds ablation, leading to glacier growth, while negative mass balance results in glacier shrinkage. Mass balance measurements are crucial for understanding how glaciers respond to climate change, as they provide insights into changes in snowfall patterns, summer temperatures, and overall glacial retreat. Variations in mass balance can also influence sea level rise, water availability for downstream communities, and ecosystem dynamics.;Google
Taxonomy;Taxonomy is the science of classifying organisms into hierarchical groups based on shared characteristics. It aims to reflect the evolutionary relationships between species and provides a systematic way to name and organize the diversity of life. The classification system traditionally uses a nested hierarchy of ranks, starting with broad categories like domains and kingdoms, then progressing through phyla, classes, orders, families, genera, and finally, species. Taxonomists use morphological, genetic, and other data to determine relationships and refine classifications. The binomial nomenclature system, developed by Carl Linnaeus, assigns each species a unique two-part name consisting of its genus and species epithet.;Google
Quantum Hall effect;The Quantum Hall Effect is a remarkable phenomenon observed in two-dimensional electron systems subjected to strong magnetic fields and low temperatures. When electrons confined to a thin layer move under these conditions, their motion becomes quantized, meaning it can only occur at discrete energy levels. This quantization leads to the appearance of plateaus in the Hall resistance, which is the ratio of voltage perpendicular to the current flow to the current itself. These plateaus are precisely multiples of a fundamental constant, h/e², where h is Planck's constant and e is the elementary charge, signifying the quantized nature of electronic conduction. The Quantum Hall Effect provides a powerful platform for exploring fundamental concepts in quantum mechanics, condensed matter physics, and metrology.;Google
Boiling water reactor;A boiling water reactor is a type of nuclear reactor that generates electricity by using heat from nuclear fission to boil water and produce steam. In a BWR, the reactor core contains fuel rods made of uranium dioxide that undergo nuclear fission, releasing heat. This heat is absorbed by surrounding water, causing it to boil and create high-pressure steam. The steam then drives a turbine connected to a generator, producing electricity. The used steam is condensed back into water, which is returned to the reactor core to be heated again, creating a continuous cycle. BWRs are known for their relatively simple design and operation compared to other types of nuclear reactors.;Google
Solid-state battery;Solid-state batteries are a type of rechargeable battery that utilize solid electrolytes instead of liquid or gel-based electrolytes found in conventional lithium-ion batteries. These solid electrolytes allow for enhanced safety, as they are non-flammable and less prone to leakage. Solid-state batteries also offer the potential for higher energy density, faster charging rates, and improved lifespan compared to their liquid counterparts. The use of solid materials as electrolytes can overcome some limitations of traditional lithium-ion batteries, such as dendrite formation, which can lead to short circuits and battery failure. Research and development in solid-state battery technology are ongoing, with various promising materials being investigated for their suitability as electrolytes.;Google
Solar cell;Solar cells, also known as photovoltaic cells, are semiconductor devices that directly convert sunlight into electricity. They utilize the photoelectric effect, where photons from sunlight interact with the semiconductor material, liberating electrons and creating an electrical current. The most common type of solar cell is the silicon-based cell, which consists of two layers of differently doped silicon: a p-type layer and an n-type layer. When sunlight strikes the cell, photons excite electrons in the silicon atoms, causing them to flow from the n-type to the p-type layer, generating electricity. Solar cells are used in a wide range of applications, including solar panels for residential and commercial power generation, portable electronics, and spacecraft.;Google
Semidefinite programming;Semidefinite programming is a convex optimization technique that deals with optimizing linear functions over the set of positive semidefinite matrices. A matrix is positive semidefinite if all its eigenvalues are nonnegative. SDP formulations arise in various areas, including control theory, signal processing, and quantum information theory. The feasibility and optimality conditions for SDP problems can be expressed using linear matrix inequalities, which facilitate the development of efficient solution algorithms. These algorithms often rely on interior-point methods, iterative techniques that move towards a feasible and optimal solution within the feasible region defined by the LMIs. SDP has proven to be a powerful tool for tackling complex optimization problems with applications spanning diverse scientific and engineering disciplines.;Google
MicroRNA;MicroRNAs are small, non-coding RNA molecules that play a crucial role in regulating gene expression. They typically range in length from 21 to 25 nucleotides and are transcribed from genomic DNA as longer primary transcripts. These primary transcripts undergo processing steps, including cleavage by the enzyme Drosha and export to the cytoplasm, where they are further processed by Dicer. Mature microRNAs associate with a protein complex called RISC. The RISC complex guides the microRNA to target messenger RNA molecules based on sequence complementarity. This binding can lead to either mRNA degradation or translational repression, effectively silencing the expression of the target gene. MicroRNAs are involved in a wide range of biological processes, including development, differentiation, apoptosis, and immunity.;Google
Aphasia;Aphasia is a language disorder that affects a person's ability to communicate. It typically results from damage to specific areas of the brain, most commonly the left hemisphere, which are responsible for language processing. This damage can be caused by stroke, traumatic brain injury, brain tumor, or neurodegenerative diseases such as Alzheimer's disease. Aphasia can impair various aspects of communication, including speaking, listening, reading, and writing. Individuals with aphasia may have difficulty finding words, forming sentences, understanding spoken language, or reading and writing text. The severity of aphasia varies widely depending on the extent and location of brain damage.;Google
Endoscopy;Endoscopy is a medical procedure that involves using a thin, flexible tube called an endoscope to visualize internal organs and cavities in the body. The endoscope contains a lens and a light source, allowing physicians to examine tissues and structures without invasive surgery. Types of endoscopy include gastroscopy, colonoscopy, bronchoscopy, cystoscopy and laparoscopy. Endoscopic procedures can be diagnostic, therapeutic, or both. Diagnostic endoscopy helps identify abnormalities, while therapeutic endoscopy allows for biopsies, removal of foreign objects, and treatment of certain conditions.;Google
Gravity;Gravity is a fundamental force of nature that causes objects with mass to attract each other. It is the reason why apples fall from trees, planets orbit stars, and galaxies cluster together. The strength of the gravitational force between two objects depends on their masses and the distance between them. The more massive the objects, the stronger the attraction. Conversely, the farther apart the objects are, the weaker the attraction. Gravity is described by Albert Einstein's theory of General Relativity, which explains gravity as a curvature of spacetime caused by the presence of mass and energy.;Google
Holography;Holography is a technique for recording and reconstructing three-dimensional images using the interference patterns of light waves. Developed in 1947 by Dennis Gabor, holography utilizes coherent light sources, typically lasers, to create these interference patterns. A hologram is created when the light reflected from an object interferes with a reference beam of light on a photosensitive material. This recording captures the complete wavefront of the light, including its amplitude and phase. During reconstruction, a laser beam is shone through the hologram, causing the recorded interference pattern to recreate the original wavefront. This allows for a three-dimensional image to be viewed, which can appear to have depth and volume. Holography has applications in various fields, including microscopy, data storage, and entertainment.;Google
UniProt;UniProt is a comprehensive, freely accessible resource that provides information about proteins, including their structure, function, sequence, and interactions. It is maintained by the European Bioinformatics Institute, in collaboration with other organizations worldwide. UniProt gathers data from various sources, such as experimental research, genomic sequencing projects, and computational analyses. The database is divided into three sections: UniProtKB, UniProt Reference Clusters, and UniParc. UniProtKB contains manually curated protein sequences and annotations, while UniProt Reference Clusters groups together sequences that are similar or share common functional domains. UniParc serves as a comprehensive archive of all known protein sequences. Researchers and students worldwide utilize UniProt to explore protein information, conduct comparative analyses, and advance biological research.;Google
Prokaryote;Prokaryotes are single-celled organisms that lack a membrane-bound nucleus and other organelles. Their genetic material, consisting of a single circular chromosome, is located in a region called the nucleoid. Prokaryotes reproduce asexually through binary fission, a process where a cell divides into two identical daughter cells. They are found in diverse environments, from soil and water to extreme habitats such as hot springs and deep-sea vents. Prokaryotes play essential roles in various ecosystems, including nutrient cycling, decomposition, and nitrogen fixation. They are also important for human health, with some species being beneficial symbionts while others can cause disease.;Google
Hematopoietic stem cell;Hematopoietic stem cells are multipotent stromal cells found in bone marrow that give rise to all cellular lineages of blood. These undifferentiated cells possess two key properties: self-renewal, allowing for their own replication and long-term maintenance within the bone marrow, and differentiation, enabling them to develop into various specialized blood cell types, including erythrocytes, leukocytes, and thrombocytes. The ability of HSCs to replenish blood cell populations throughout life is essential for maintaining homeostasis and responding to physiological demands. Dysfunction or depletion of HSCs can lead to hematological disorders characterized by deficiencies in specific blood cell types, such as anemia, leukopenia, or thrombocytopenia.;Google
Helicase;Helicase is a crucial enzyme involved in DNA replication and repair. It functions by breaking the hydrogen bonds that hold together the two strands of the DNA double helix, thereby unwinding and separating them. This process creates a replication fork, exposing the nucleotide bases on each strand, which serve as templates for the synthesis of new complementary strands. Helicases are motor proteins that utilize energy from ATP hydrolysis to drive their movement along the DNA molecule. They play a vital role in ensuring accurate and efficient replication by overcoming torsional stress generated during unwinding and facilitating the access of other replication machinery to the DNA template.;Google
Quantum gravity;Quantum gravity is a theoretical framework in physics that aims to reconcile general relativity, our understanding of gravity on large scales, with quantum mechanics, which governs the behavior of particles at the subatomic level. General relativity describes gravity as the curvature of spacetime caused by mass and energy, while quantum mechanics treats matter and energy as quantized packets called quanta. The incompatibility between these two theories arises because general relativity is a classical theory that does not account for quantization, while quantum mechanics relies on probabilistic descriptions and uncertainties. Quantum gravity seeks to unify these two pillars of modern physics by proposing new theoretical models that incorporate both gravitational and quantum effects.;Google
Dark matter;Dark matter is a hypothetical form of matter that is not directly observable. It does not interact with electromagnetic radiation, meaning it does not emit, absorb, or reflect light. Its existence is inferred from its gravitational effects on visible matter, such as galaxies and galaxy clusters. Observations of galactic rotation curves, gravitational lensing, and cosmic microwave background radiation suggest that dark matter constitutes approximately 85% of the total matter in the universe. The nature of dark matter remains unknown, but leading theories propose it to be composed of weakly interacting massive particles or axions. Scientists continue to search for direct and indirect evidence of dark matter through experiments and observations.;Google
Chiral pool;A chiral pool refers to readily available enantiomerically pure organic compounds, typically derived from natural sources. These naturally occurring chiral molecules serve as building blocks for the synthesis of more complex, enantiomerically enriched compounds, particularly in pharmaceuticals and agrochemicals. The chiral pool strategy leverages the inherent chirality of these starting materials, often possessing multiple chiral centers, to efficiently construct target molecules with specific stereochemical configurations. Utilizing readily available chiral precursors from nature offers a sustainable and cost-effective approach compared to traditional synthetic methods requiring extensive separation and purification steps.;Google
Escape velocity;Escape velocity is the minimum speed an object needs to escape the gravitational pull of a celestial body without further propulsion. It depends on the mass of the celestial body and the distance from its center. The greater the mass and the closer the object, the higher the escape velocity. On Earth, the escape velocity is approximately 11.2 kilometers per second. This means that a spacecraft needs to reach this speed or higher to break free from Earth's gravity and travel into space. Escape velocity plays a crucial role in understanding planetary motions, satellite launches, and the dynamics of celestial systems.;Google
Surface plasmon polariton;Surface plasmon polaritons are hybrid quasiparticles that arise at the interface between a metal and a dielectric medium. They consist of a collective oscillation of conduction electrons in the metal, known as a surface plasmon, coupled to an electromagnetic wave propagating along the interface. This coupling results in a unique light-matter interaction with localized and highly confined electromagnetic fields, enabling exceptional sensitivity and signal enhancement. SPPs have found applications in various fields, including sensing, bioimaging, nanophotonics, and optoelectronics due to their ability to manipulate light at nanoscale dimensions.;Google
Cognitive load;"Cognitive load is a crucial concept in cognitive science that refers to the amount of mental effort required to process information. It encompasses three primary types: intrinsic load, which stems from the inherent complexity of the material itself; extraneous load, arising from irrelevant or distracting elements in the learning environment; and germane load, representing the effort invested in constructing meaningful representations and understanding the material. Managing cognitive load effectively is essential for optimal learning and performance as excessive load can lead to cognitive overload, hindering comprehension and retention. Instructional design principles aim to minimize extraneous load and optimize germane load to facilitate efficient learning.";Google
Circulating tumor DNA;Circulating tumor DNA is fragmented DNA shed by tumor cells into the bloodstream. This ctDNA originates from both viable and dying tumor cells and reflects the genetic makeup of the primary tumor and potential metastases. The detection and analysis of ctDNA provide valuable insights into cancer diagnosis, prognosis, treatment response monitoring, and emergence of resistance mutations. Real-time tracking of ctDNA levels can help clinicians assess disease progression and tailor therapies accordingly. Technological advancements have enabled highly sensitive ctDNA detection methods, such as next-generation sequencing, facilitating the integration of ctDNA analysis into clinical practice for personalized cancer management.;Google
Divergent evolution;Divergent evolution is a process in which related species evolve distinct traits over time due to adaptation to different environments or ecological niches. This occurs when populations of a common ancestor become geographically separated, resulting in genetic divergence and the accumulation of unique adaptations. Natural selection favors variations that enhance survival and reproduction in specific habitats, leading to the formation of new species with observable differences. Classic examples include Darwin's finches on the Galapagos Islands, where beak shapes evolved to suit diverse food sources. Divergent evolution highlights the role of natural selection in shaping biodiversity and the remarkable ability of life to adapt to a wide range of ecological conditions.;Google
Polyploidy;Polyploidy is a condition in which an organism possesses more than two complete sets of chromosomes. This genetic phenomenon arises from errors during cell division, resulting in extra copies of entire chromosomes. Polyploidy can occur naturally in plants and some animals, leading to variations in size, morphology, and reproductive capabilities. In plants, polyploidy often contributes to increased vigor, adaptability, and even the evolution of new species. While less common in animals, polyploidy can have significant effects on development and fertility.;Google
Electromagnetism;Electromagnetism is a fundamental force of nature that describes the interactions between electrically charged particles. It encompasses both electricity and magnetism, which are two interconnected phenomena. Electric charges at rest create electric fields, while moving charges produce magnetic fields. These fields can exert forces on other charges and magnets. The laws governing electromagnetism were first formulated by James Clerk Maxwell in the 19th century, culminating in his famous equations that unified electricity and magnetism. Electromagnetism plays a crucial role in various technologies, including electric motors, generators, telecommunications, and medical imaging.;Google
Particle accelerator;A particle accelerator is a scientific instrument that accelerates charged particles to very high speeds and energies. These devices utilize electromagnetic fields to propel particles along a closed or straight path. The increased kinetic energy allows scientists to study the fundamental constituents of matter and probe the nature of forces at extreme scales. Particle accelerators are used in various fields, including high-energy physics, nuclear physics, materials science, and medical research. They provide insights into the structure of atoms, the behavior of subatomic particles, and the origins of the universe. Some notable examples of particle accelerators include the Large Hadron Collider and the Tevatron.;Google
Synthetic lethality;Synthetic lethality is a genetic phenomenon where the simultaneous disruption of two different genes results in cell death, even if neither gene individually causes lethality. This occurs when the two genes function in parallel pathways or have overlapping roles that are essential for cellular survival. One gene may partially compensate for the loss of the other, but the combined absence of both leads to a lethal outcome. Synthetic lethality has significant implications for cancer therapy, as it allows for the identification of specific gene combinations that can be targeted to selectively kill cancer cells while sparing healthy tissues.;Google
MIMO;MIMO stands for Multiple-Input Multiple-Output, a technology used in wireless communication systems to enhance data transmission rates and spectral efficiency. It involves utilizing multiple antennas at both the transmitter and receiver ends to create multiple independent data streams. By transmitting and receiving signals simultaneously through these multiple antennas, MIMO systems exploit spatial diversity and channel capacity gain. This allows for increased throughput, improved signal quality, and reduced interference compared to single-antenna systems. MIMO is widely employed in modern wireless communication standards such as 4G LTE and Wi-Fi, enabling faster data transfer speeds and enhanced network performance.;Google
Randomization;Randomization is a fundamental concept in scientific research involving the random assignment of subjects to different treatment groups or conditions. This process aims to minimize bias and ensure that the groups are as similar as possible at the outset of an experiment. By randomly assigning subjects, researchers can increase confidence that any observed differences between groups are due to the treatment itself rather than preexisting differences among participants. Randomization is widely used in controlled experiments across various disciplines, including medicine, psychology, and social sciences, to enhance the validity and reliability of research findings.;Google
Glass transition;The glass transition is a fundamental phenomenon observed in amorphous materials, such as glass, polymers, and gels. It represents a gradual transition from a rigid, solid-like state to a more viscous, rubbery state as temperature increases. This transition occurs over a specific temperature range known as the glass transition temperature. Below Tg, molecules are essentially frozen in place, resulting in brittle behavior. Above Tg, molecular mobility increases, allowing for flow and deformation, leading to a softer, more pliable material. The glass transition is not a sharp phase transition like melting but rather a continuous change in physical properties. It is primarily driven by the increasing kinetic energy of molecules with temperature, overcoming intermolecular forces that restrict their motion.;Google
Alpha helix;The alpha helix is a common secondary structure found in proteins. It is characterized by a right-handed coil formed by amino acid residues linked together by hydrogen bonds between the carbonyl oxygen of one residue and the amide hydrogen of a residue four positions away. This regular arrangement of atoms stabilizes the protein structure and contributes to its overall function. The alpha helix is a fundamental building block of many proteins, including those involved in DNA replication, cell signaling, and enzyme catalysis.;Google
Optogenetics;Optogenetics is a groundbreaking biological technique that combines genetics and optics to control the activity of specific neurons in living organisms. It involves the expression of light-sensitive proteins, called opsins, in target neurons using viral vectors. These opsins, derived from algae or bacteria, change their conformation in response to specific wavelengths of light, thereby modulating neuronal excitability. By shining light of defined wavelengths onto genetically modified neurons, researchers can precisely activate or inhibit neural circuits, allowing for unprecedented control over brain function and behavior. Optogenetics has revolutionized neuroscience research, enabling the investigation of complex neural processes and the development of novel therapeutic strategies for neurological and psychiatric disorders.;Google
Pulsar;A pulsar is a highly magnetized, rotating neutron star that emits a beam of electromagnetic radiation out of its magnetic poles. These beams sweep across space like a lighthouse, and when they intersect with Earth, we observe them as regular pulses of radio waves, X-rays, or gamma rays. The rapid rotation of pulsars, typically ranging from milliseconds to seconds, is due to the conservation of angular momentum during their formation from massive star supernovae. The intense magnetic fields of pulsars, trillions of times stronger than Earth's, accelerate charged particles, producing these energetic radiation beams. Pulsars are fascinating astrophysical objects that provide insights into the extreme physics of neutron stars and the fundamental processes governing stellar evolution.;Google
Enthalpy;Enthalpy is a thermodynamic property that represents the total heat content of a system. It encompasses both the internal energy of the system and the work done by or on the system due to pressure changes. At constant pressure, enthalpy change equals the heat absorbed or released during a chemical reaction. Endothermic reactions have positive ΔH values, indicating heat absorption, while exothermic reactions have negative ΔH values, signifying heat release. Enthalpy plays a crucial role in understanding energy transfer and predicting the spontaneity of chemical processes.;Google
Grignard reaction;The Grignard reaction is a fundamental organic chemical reaction involving organomagnesium compounds known as Grignard reagents. These reagents are highly nucleophilic and readily react with a variety of electrophiles, including aldehydes, ketones, esters, and epoxides, to form new carbon-carbon bonds. The reaction proceeds through a nucleophilic addition mechanism, where the Grignard reagent attacks the electrophilic carbonyl carbon of the substrate. This results in the formation of an alkoxide intermediate, which is subsequently protonated to yield the final alcohol product. The versatility and high reactivity of Grignard reagents make them valuable tools for synthesizing diverse organic compounds.;Google
Crystallization;Crystallization is a phase transition process where a substance transitions from a disordered state to a highly ordered solid structure, characterized by repeating patterns of atoms or molecules arranged in a three-dimensional lattice. This process typically occurs when a solution becomes supersaturated, meaning it contains more dissolved solute than it can hold at equilibrium. As the solution cools or solvent evaporates, the solubility of the solute decreases, leading to the formation of nuclei around which additional solute molecules aggregate. These nuclei grow and eventually form macroscopic crystals. The size, shape, and properties of the resulting crystals depend on factors such as temperature, pressure, solvent composition, and the nature of the solute.;Google
Prophage;A prophage is the dormant form of a bacteriophage genome that is integrated into the DNA of a bacterium. This integration process, called lysogeny, allows the phage genetic material to replicate along with the host bacterium's DNA. Prophages can remain silent for many generations, without producing new viral particles. However, under certain environmental stresses, the prophage can be activated, leading to the production of new phages and lysis of the bacterial cell. Prophages can also contribute to bacterial evolution by transferring genes between different bacteria through a process called transduction. This genetic exchange can lead to the acquisition of new traits, such as antibiotic resistance, in bacterial populations.;Google
Quantum Fourier transform;The Quantum Fourier Transform is a fundamental operation in quantum computing that generalizes the classical Discrete Fourier Transform to operate on quantum states. It decomposes a quantum state represented as a superposition of basis vectors into a different superposition, where the amplitudes are weighted by complex exponentials. The QFT plays a crucial role in quantum algorithms, particularly Shor's algorithm for factoring integers and Grover's algorithm for searching unsorted databases. Its ability to efficiently analyze frequency components within quantum states makes it a powerful tool for exploring the capabilities of quantum computation.;Google
Post-translational modification;Post-translational modification encompasses a diverse array of enzymatic alterations that occur to proteins after their synthesis by ribosomes. These modifications can involve the addition or removal of chemical groups, such as phosphate, acetyl, methyl, or ubiquitin, to specific amino acid residues within the protein sequence. PTMs play crucial roles in regulating protein function, localization, stability, and interactions. They serve as critical mechanisms for cellular signal transduction, gene expression control, and metabolic processes. A vast number of different PTMs exist, with each modification type exhibiting distinct effects on protein behavior and contributing to the complexity of biological systems. Understanding PTMs is essential for comprehending how cells orchestrate intricate regulatory networks and respond to environmental cues.;Google
Milankovitch cycles;Milankovitch cycles are long-term variations in Earth's orbit and axial tilt that occur over tens to hundreds of thousands of years. These cycles describe subtle changes in the planet's orbital shape, the angle of its axis of rotation, and the orientation of this axis in space. The primary Milankovitch cycles involve eccentricity of Earth's orbit, axial precession, and obliquity. These cyclical variations influence the distribution of solar radiation received by different parts of Earth throughout the year, leading to fluctuations in global climate.;Google
Notochord;A notochord is a flexible, rod-shaped structure that provides skeletal support in the embryos of all chordates. It runs along the dorsal side of the body and is composed primarily of cells called notochordal cells surrounded by a tough extracellular matrix. The notochord plays a crucial role in embryonic development, acting as a signaling center that helps to define the body axis and induce the formation of the neural tube, which will eventually develop into the brain and spinal cord. In most vertebrates, the notochord is replaced by a vertebral column during development, but it persists throughout life in some chordates, such as certain fish.;Google
Germinal center;Germinal centers are specialized microanatomical structures that form within secondary lymphoid organs, such as lymph nodes and the spleen, during an adaptive immune response. They provide a unique environment for B cells to undergo somatic hypermutation and affinity maturation, processes that refine the specificity and affinity of antibodies produced against invading pathogens. Within germinal centers, B cells compete with each other based on their antibody binding capabilities, ultimately leading to the selection and clonal expansion of high-affinity B cell clones. These high-affinity B cells then differentiate into plasma cells that secrete large amounts of potent antibodies or memory B cells, providing long-lasting immunity against specific pathogens.;Google
Endoderm;The endoderm is one of the three primary germ layers that form during embryonic development in animals. It originates from the inner cell mass of the blastocyst and gives rise to various internal organs and tissues. During gastrulation, cells migrate inward to form the archenteron, the precursor to the digestive tract. The endoderm ultimately develops into the lining of the digestive system, respiratory system, and associated organs such as the liver, pancreas, and thyroid gland. It also contributes to the formation of certain glands, including those involved in hormone production and secretion. The endoderm plays a crucial role in nutrient absorption, gas exchange, and hormone regulation.;Google
White dwarf;A white dwarf is the dense, hot remnant core of a low to medium mass star that has exhausted its nuclear fuel. It is composed primarily of electron-degenerate matter, where electrons are packed tightly together due to quantum mechanical effects. The intense gravitational pressure counteracts the outward push from degenerate electron gas, resulting in an extremely compact and stable object. White dwarfs have no further means of generating energy through fusion, and they slowly cool over billions of years, gradually fading away as blackbodies. Their surface temperatures range from tens of thousands to a few thousand degrees Kelvin. White dwarfs are typically about the size of Earth but can have a mass comparable to the Sun.;Google
Allergy;An allergy is an abnormal immune response to normally harmless substances called allergens. Exposure to an allergen triggers the release of histamine and other chemicals, causing a variety of symptoms such as sneezing, itching, runny nose, and skin rashes. These reactions are mediated by immunoglobulin E antibodies, which bind to mast cells and basophils. Common allergens include pollen, dust mites, pet dander, food proteins, and insect venom. Allergies can range from mild to life-threatening, with anaphylaxis being the most severe form. Diagnosis typically involves allergy testing to identify specific triggers. Treatment options include avoidance of allergens, medications such as antihistamines and corticosteroids, and immunotherapy to desensitize the immune system.;Google
Glycogenesis;Glycogenesis is the metabolic process by which glucose is stored in the liver and muscles as glycogen. This process occurs when blood glucose levels are elevated, typically after a meal. Glycogen synthase, the key enzyme in glycogenesis, catalyzes the transfer of glucose molecules from a UDP-glucose donor to a growing glycogen chain. Glycogen storage is essential for maintaining blood glucose homeostasis during periods of fasting or increased energy demand. Hormones such as insulin stimulate glycogenesis, while glucagon and epinephrine inhibit it. Dysregulation of glycogenesis can contribute to metabolic disorders like diabetes.;Google
Spatial transcriptomics;Spatial transcriptomics is a revolutionary field in biology that combines genomics with spatial information. It allows researchers to map the expression of thousands of genes within intact tissue samples, revealing the intricate patterns of gene activity at a cellular level. This technique utilizes specialized probes and sequencing technologies to capture both the genetic content and the location of individual cells within a tissue section. By analyzing these spatial transcriptomic data sets, scientists can gain unprecedented insights into the organization and function of tissues, identifying cell types, delineating their boundaries, and understanding how gene expression patterns contribute to tissue development, disease progression, and response to stimuli.;Google
Spin foam;"Spin foam models are a theoretical framework in quantum gravity that aim to describe spacetime as a network of interconnected ""spin foams."" These spin foams are based on representations of the Lorentz group, which describes rotations and boosts in spacetime. The model replaces smooth spacetime with discrete, quantized units, where each spin foam represents a small region of spacetime. Connections between spin foams are described by intertwining operators, which encode the geometry and topology of spacetime. Spin foam models offer a background-independent approach to quantum gravity, avoiding the singularity problems encountered in general relativity. They have been used to calculate quantities like black hole entropy and the evolution of the early universe.";Google
Cyclic voltammetry;Cyclic voltammetry is an electrochemical technique used to study the redox behavior of analytes in solution. It involves applying a triangular waveform potential to an electrode and measuring the resulting current response. As the potential changes, oxidation and reduction processes occur at the electrode surface, leading to peaks in the current signal. The shape and position of these peaks provide information about the analyte's electrochemical properties, such as its formal potential, diffusion coefficient, and number of electrons transferred during the redox reaction. Cyclic voltammetry is widely used in analytical chemistry, materials science, and electrochemistry research for various applications, including studying electrode kinetics, determining analyte concentrations, and characterizing materials with electrochemical activity.;Google
Plasmid;Plasmids are small, circular, double-stranded DNA molecules that exist independently from a cell's chromosomal DNA. Found primarily in bacteria and archaea, plasmids replicate autonomously within the host cell. They often carry genes that provide advantageous traits to the host organism, such as antibiotic resistance or the ability to metabolize certain substances. Plasmids can be transferred between bacteria through a process called conjugation, allowing for the rapid spread of beneficial genes within populations. Scientists utilize plasmids as vectors in genetic engineering, inserting desired DNA sequences into them for cloning and gene expression studies.;Google
DNA sequencing;DNA sequencing is a laboratory technique used to determine the precise order of nucleotides within a DNA molecule. This process allows scientists to read the genetic code and understand the instructions contained within an organism's genome. There are various methods for DNA sequencing, including Sanger sequencing and next-generation sequencing. Sanger sequencing relies on chain termination to identify each nucleotide, while NGS technologies utilize massively parallel sequencing to analyze millions or billions of DNA fragments simultaneously. DNA sequencing has revolutionized fields such as medicine, forensics, agriculture, and evolutionary biology by enabling the identification of genetic variations, disease susceptibility, and evolutionary relationships.;Google
Exoplanet;Exoplanets are planets that orbit stars outside of our own solar system. The study of exoplanets, known as exoplanetology, has become a rapidly growing field in astronomy since the first confirmed discovery in 1992. Exoplanets can vary greatly in size, composition, and orbital characteristics. They have been detected using various methods, including the transit method, radial velocity method, and direct imaging. The discovery of thousands of exoplanets has revolutionized our understanding of planetary systems and the potential for life beyond Earth. Scientists continue to search for habitable exoplanets that may harbor conditions suitable for life as we know it.;Google
Mannich reaction;The Mannich reaction is a fundamental chemical reaction in organic synthesis that involves the condensation of an aldehyde or ketone with a primary amine and a formaldehyde derivative. This reaction produces a β-amino carbonyl compound, often referred to as a Mannich base. The mechanism proceeds through the formation of an iminium ion intermediate, which then reacts with the nucleophilic carbonyl compound. The Mannich reaction is widely used for the synthesis of various pharmaceuticals, agrochemicals, and natural products due to its versatility in creating diverse β-amino structures.;Google
Lupus;Systemic lupus erythematosus, commonly known as lupus, is a chronic autoimmune disease that can affect various organs and systems in the body. In individuals with lupus, the immune system mistakenly attacks healthy tissues and organs, leading to inflammation and damage. The exact cause of lupus is unknown, but it is believed to involve a complex interplay of genetic predisposition and environmental triggers. Symptoms of lupus can be diverse and range from fatigue and joint pain to skin rashes, fever, and organ involvement such as kidney disease or heart problems. Diagnosis of lupus often involves clinical evaluation, blood tests to detect autoantibodies, and sometimes biopsy of affected tissues.;Google
Keystone species;Keystone species are organisms that have a disproportionately large impact on their ecosystems relative to their abundance. Their presence is crucial for maintaining biodiversity and ecosystem stability. The removal of a keystone species can trigger cascading effects, leading to significant alterations in community structure and function. These species exert their influence through various mechanisms, such as predation, competition, or habitat modification. Examples include sea otters, which control populations of sea urchins that graze on kelp forests, and wolves, which regulate deer populations and influence plant diversity. Understanding the role of keystone species is essential for conservation efforts aimed at preserving biodiversity and ecosystem health.;Google
Gravitational wave;Gravitational waves are ripples in the fabric of spacetime caused by the acceleration of massive objects. Predicted by Albert Einstein's theory of general relativity, these waves propagate at the speed of light and carry information about the events that created them. The first direct detection of gravitational waves occurred in 2015, confirming a century-old prediction and opening a new window into the universe. Gravitational wave astronomy allows us to study extreme cosmic phenomena such as black hole mergers, neutron star collisions, and the early universe, providing insights into gravity, fundamental physics, and the evolution of the cosmos.;Google
Estrogen;Estrogen is a group of steroid hormones that play a crucial role in the development and regulation of the female reproductive system. It is primarily produced by the ovaries, with smaller amounts synthesized in the adrenal glands and fat tissue. Estrogen promotes the development of secondary sexual characteristics during puberty, such as breast growth, widening of the hips, and the onset of menstruation. It also plays a role in maintaining bone health, regulating cholesterol levels, and influencing mood and cognitive function. Fluctuations in estrogen levels throughout the menstrual cycle and menopause contribute to various physiological changes experienced by women.;Google
Chemical biology;Chemical biology is an interdisciplinary field that combines principles of chemistry, biology, and engineering to investigate biological systems at a molecular level. It seeks to understand how chemical processes govern cellular function and to develop new tools and strategies for manipulating these processes. Chemical biologists use synthetic organic chemistry, biochemistry, genetics, and other techniques to design and synthesize small molecules, peptides, and proteins that can interact with specific biomolecules. By studying the interactions between these chemical probes and their biological targets, researchers gain insights into the mechanisms underlying disease and explore potential therapeutic interventions. Applications of chemical biology range from drug discovery and development to diagnostics, synthetic biology, and nanotechnology.;Google
Gene duplication;Gene duplication is a major driving force of evolutionary innovation. It occurs when a segment of DNA containing a gene is replicated, resulting in two identical copies within the genome. These duplicated genes can then diverge over time through mutations and natural selection, leading to the evolution of new functions or modifications of existing ones. Gene duplication provides raw material for genetic novelty and allows organisms to explore new phenotypic possibilities. The process can occur through various mechanisms, including unequal crossing over during meiosis and retrotransposition. The presence of duplicated genes offers a safety net, as one copy can retain its original function while the other explores new roles without compromising essential cellular processes.;Google
Chirality;Chirality is a property of certain molecules that are non-superimposable on their mirror images. These molecules, called chiral molecules, exist in two forms known as enantiomers. Enantiomers have identical physical and chemical properties except for their interaction with polarized light and other chiral molecules. This difference in interaction arises from the spatial arrangement of atoms within the molecule. A common example of chirality is the human hand, which is non-superimposable on its mirror image. Chirality plays a crucial role in various fields, including biochemistry, pharmaceuticals, and materials science, as the biological activity and physical properties of molecules can be significantly influenced by their chirality.;Google
DNA methylation;DNA methylation is a biochemical process that plays a crucial role in regulating gene expression without altering the underlying DNA sequence. It involves the addition of a methyl group, typically to the 5' position of cytosine bases in DNA, often within CpG dinucleotides. This modification can influence the accessibility of genes to transcriptional machinery, leading to either activation or repression of gene expression. DNA methylation patterns are dynamic and can be influenced by various factors, including environmental stimuli, aging, and disease states. Aberrant DNA methylation patterns have been implicated in a range of human diseases, including cancer, cardiovascular disease, and neurodevelopmental disorders.;Google
Long-term potentiation;Long-term potentiation is a persistent strengthening of synapses based on recent patterns of activity. It is considered to be a key mechanism for learning and memory formation in the brain. LTP occurs when a presynaptic neuron repeatedly stimulates a postsynaptic neuron, leading to increased sensitivity of the postsynaptic neuron to subsequent stimulation. This enhancement is thought to result from changes in the structure and function of synapses, including the insertion of new AMPA receptors into the postsynaptic membrane. LTP has been extensively studied in the hippocampus, a brain region crucial for memory consolidation. It is believed that LTP plays a role in various cognitive functions, such as pattern separation, spatial navigation, and fear conditioning.;Google
Zero-shot learning;"Zero-shot learning is a subfield of machine learning where an AI model learns to recognize objects or concepts it has never been explicitly trained on. This is achieved by leveraging semantic relationships between known categories and new, unseen categories. The model uses its understanding of these relationships to generalize and make predictions about the unseen categories. For example, a zero-shot learning model could be trained to recognize dogs, cats, and birds, then use its knowledge to identify a ""horse"" even though it has never seen one before. This approach aims to overcome the limitations of traditional machine learning, which requires large labeled datasets for each task.";Google
Mast cell;Mast cells are ubiquitous immune cells found in connective tissues throughout the body. They possess large granules filled with histamine, heparin, and other inflammatory mediators. Upon activation by allergens, pathogens, or tissue injury, mast cells release these mediators, triggering a cascade of inflammatory responses. Histamine contributes to vasodilation, increased vascular permeability, and smooth muscle contraction, while heparin acts as an anticoagulant. Mast cell degranulation plays a crucial role in allergic reactions, anaphylaxis, and wound healing. Dysregulated mast cell function is implicated in various chronic inflammatory diseases, such as asthma, rheumatoid arthritis, and chronic urticaria.;Google
Population dynamics;Population dynamics is the study of how populations change in size and structure over time. This field encompasses factors influencing population growth, such as birth rates, death rates, immigration, and emigration. Population density, distribution, age structure, and genetic diversity are also key considerations within population dynamics. Ecologists utilize mathematical models and statistical analysis to understand these complex interactions and predict future population trends. Population dynamics plays a crucial role in conservation biology, resource management, and understanding the impact of human activities on ecosystems.;Google
Inflammasome;The inflammasome is a multiprotein complex that plays a crucial role in the innate immune response. It is activated by a variety of pathogen-associated molecular patterns and damage-associated molecular patterns, which signal cellular stress or infection. Upon activation, the inflammasome assembles and recruits caspase-1, an enzyme that cleaves and activates proinflammatory cytokines interleukin-1β and interleukin-18. These activated cytokines are released from the cell, triggering inflammation and recruiting other immune cells to the site of infection or injury. Dysregulation of inflammasome activation has been implicated in various inflammatory diseases, highlighting its importance in maintaining immune homeostasis.;Google
Microprocessor;"A microprocessor is a central processing unit implemented as an integrated circuit, essentially acting as the ""brain"" of a computer system. It executes instructions provided by software programs and performs arithmetic and logical operations on data. Microprocessors consist of several key components, including an arithmetic logic unit for calculations, control units for instruction decoding and execution, registers for temporary data storage, and input/output interfaces for communication with other hardware components. Moore's Law predicts the continuous increase in microprocessor density and performance over time, driven by advancements in semiconductor fabrication technology. These miniaturized circuits enable increasingly powerful and efficient computing devices, from smartphones to supercomputers.";Google
Giant magnetoresistance;Giant magnetoresistance is a physical phenomenon observed in certain magnetic multilayers where the electrical resistance changes significantly when exposed to a magnetic field. This effect arises from the spin-dependent scattering of electrons at interfaces between ferromagnetic and non-magnetic layers. When the magnetization of adjacent ferromagnetic layers are aligned, electrons experience less resistance due to reduced spin flip scattering. Conversely, when the magnetizations are anti-aligned, electron scattering is enhanced, leading to increased resistance. This sensitivity to magnetic fields has revolutionized data storage technology by enabling highly efficient read heads in hard disk drives. The discovery of GMR earned Albert Fert and Peter Grünberg the Nobel Prize in Physics in 2007.;Google
Language model;A language model is a type of artificial intelligence system trained on massive text datasets to understand and generate human language. These models learn patterns, grammar, and semantics from the data, enabling them to perform tasks such as text prediction, translation, summarization, and conversation. Language models are typically based on deep learning architectures, particularly transformer networks, which allow for efficient processing of sequential data like text. Advancements in language modeling have led to the development of powerful systems capable of generating human-quality text, raising both opportunities and ethical considerations regarding their applications in various fields.;Google
Anthracene;Anthracene is a polycyclic aromatic hydrocarbon consisting of three fused benzene rings. It is a pale-yellow crystalline solid with a distinctive odor and belongs to the family of polycyclic aromatic hydrocarbons. Anthracene occurs naturally in coal tar and crude oil and can be synthesized industrially. It serves as a precursor for various organic compounds, including dyes, pharmaceuticals, and fluorescent materials. Anthracene exhibits fluorescence under ultraviolet light, which makes it useful in analytical chemistry and biological imaging. However, due to its potential carcinogenicity, anthracene requires careful handling and disposal.;Google
Millisecond pulsar;Millisecond pulsars are a unique subclass of neutron stars that rotate incredibly rapidly, with periods as short as milliseconds. These extreme rotational speeds arise from accretion processes where material from a companion star is transferred to the pulsar, boosting its angular momentum. As a result, millisecond pulsars emit beams of electromagnetic radiation at extremely high frequencies, appearing to pulse hundreds or even thousands of times per second. Their precise timing and stable rotation make them valuable tools for studying various astrophysical phenomena, including gravity, fundamental physics, and the interstellar medium.;Google
Pair production;Pair production is a quantum mechanical process in which a high-energy photon interacts with the electromagnetic field of an atomic nucleus. This interaction results in the creation of a particle-antiparticle pair, typically an electron and its antimatter counterpart, the positron. To conserve energy and momentum, the incoming photon's energy must be at least twice the rest mass energy of an electron. The process is governed by principles of special relativity and quantum electrodynamics. Pair production plays a crucial role in various astrophysical phenomena, such as the annihilation of matter-antimatter pairs in cosmic rays and the radiation processes within stars.;Google
Dimensionality reduction;Dimensionality reduction is a set of techniques used to reduce the number of features in a dataset while preserving as much relevant information as possible. This process is often employed when dealing with high-dimensional data, where the curse of dimensionality can lead to increased computational complexity and decreased model performance. Various methods exist for dimensionality reduction, including principal component analysis, linear discriminant analysis, and t-distributed stochastic neighbor embedding. These techniques aim to transform the original high-dimensional space into a lower-dimensional representation that captures the essential structure and relationships within the data. Dimensionality reduction finds applications in diverse fields such as computer vision, natural language processing, and bioinformatics.;Google
Paleontology;Paleontology is the scientific study of ancient life on Earth. It encompasses the investigation of fossilized remains, including bones, teeth, shells, and footprints, to understand the history of life forms, their evolution, and their interactions with the environment. Paleontologists use these fossils to reconstruct past ecosystems, track evolutionary lineages, and shed light on major events in Earth's history. The field is divided into several subdisciplines, such as vertebrate paleontology, invertebrate paleontology, and micropaleontology, each focusing on specific types of organisms or geological time periods.;Google
Serology;Serology is the branch of laboratory medicine that focuses on the study of serum, the liquid portion of blood that remains after clotting factors have been removed. This field investigates the composition and function of antibodies and antigens in serum, particularly their roles in immune responses. Serological tests are widely used to diagnose infectious diseases, monitor immune system function, and identify autoimmune disorders by detecting specific antibodies or antigens in patient serum samples. These tests often involve techniques like agglutination, precipitation, and enzyme-linked immunosorbent assay to measure the binding between antibodies and their corresponding targets. Serology plays a crucial role in clinical diagnosis, disease surveillance, and vaccine development.;Google
Long-term depression;Long-term depression is a persistent weakening of synapses, the connections between neurons in the brain. It is the counterpart to long-term potentiation, which strengthens synaptic connections. LTD plays a crucial role in learning and memory by refining neural circuits and eliminating unnecessary or weak connections. Triggered by low-frequency stimulation, LTD involves several molecular mechanisms, including calcium signaling, protein phosphatases, and changes in receptor expression at the synapse. This process contributes to synaptic plasticity, the ability of synapses to change their strength over time, which is fundamental for adapting to new experiences and forming memories. Dysregulation of LTD has been implicated in various neurological and psychiatric disorders, highlighting its importance in maintaining brain health.;Google
Metamorphic rock;Metamorphic rocks are a type of rock formed by the transformation of existing rocks, called protoliths, under intense heat and pressure. This process occurs deep within the Earth's crust or at tectonic plate boundaries. The original mineral composition and texture of the protolith are altered during metamorphism, resulting in a new set of minerals and a distinct rock type. Factors influencing metamorphism include temperature, pressure, chemical fluids, and the composition of the protolith. Common types of metamorphic rocks include marble, slate, and gneiss. Metamorphic rocks provide valuable insights into the Earth's geological history and processes.;Google
Linear algebra;Linear algebra is a branch of mathematics that deals with vectors, vector spaces, linear equations, and systems of linear equations. It studies objects and transformations that can be described using linear combinations of basic elements. Linear algebra provides fundamental tools for solving problems involving relationships between quantities, such as those encountered in physics, engineering, computer science, and economics. Key concepts include matrices, determinants, eigenvalues, eigenvectors, and vector spaces. Applications of linear algebra are widespread, ranging from data analysis and machine learning to cryptography and control theory. Its theoretical foundations have deep connections with other areas of mathematics, including calculus, geometry, and abstract algebra.;Google
Viscosity;Viscosity is a measure of a fluid's resistance to flow. It quantifies the internal friction between adjacent layers of fluid as they move past each other. High viscosity indicates a thick, sluggish fluid that resists deformation, while low viscosity corresponds to a thin, easily flowing fluid. Viscosity is influenced by factors such as temperature, pressure, and the molecular structure of the fluid. It plays a crucial role in various phenomena, including lubrication, blood flow, and the behavior of liquids and gases. The unit of viscosity is the poise, which is equivalent to one gram centimeter per second.;Google
Reaction mechanism;A reaction mechanism describes the step-by-step process by which reactants are transformed into products in a chemical reaction. It elucidates the sequence of elementary steps, each involving bond breaking and formation, leading to the overall transformation. These elementary steps are often represented by chemical equations and may include intermediates, highly reactive species formed during the process but consumed in subsequent steps. Determining the reaction mechanism is crucial for understanding reaction rates, selectivity, and identifying catalysts that can enhance specific pathways.;Google
Lipid bilayer;A lipid bilayer is a thin, two-layered structure composed of amphipathic lipids, which have both hydrophilic and hydrophobic regions. The hydrophilic heads face outwards, interacting with the aqueous environments inside and outside the cell, while the hydrophobic tails face inwards, shielding themselves from water. This arrangement forms a selectively permeable barrier that regulates the passage of substances into and out of cells and organelles. The lipid bilayer is a fundamental component of all biological membranes, including cell membranes, organelle membranes, and nuclear membranes. It plays a crucial role in maintaining cellular integrity, compartmentalization, and transport processes.;Google
Rosetta;The Rosetta Stone is a granodiorite stele inscribed with three versions of a decree issued at Memphis, Egypt, in 196 BCE during the Ptolemaic dynasty. The text is written in three different scripts: Ancient Egyptian hieroglyphs, Demotic script, and Ancient Greek. This trilingual nature proved crucial in deciphering hieroglyphs, which had been undecipherable for centuries after the decline of ancient Egyptian civilization. Jean-François Champollion's successful decipherment of the Rosetta Stone in 1822 marked a turning point in Egyptology, unlocking the vast body of written records left by the ancient Egyptians. The Rosetta Stone is now held at the British Museum in London and remains a symbol of the power of linguistic analysis and historical scholarship.;Google
Differential geometry;Differential geometry is a branch of mathematics that studies smooth manifolds, which are spaces that locally resemble Euclidean space. It utilizes tools from calculus and linear algebra to analyze geometric objects in these manifolds, such as curves, surfaces, and higher-dimensional shapes. Key concepts include tangent spaces, vector fields, differential forms, and curvature, which allow for the study of properties like length, area, volume, and intrinsic geometry. Differential geometry has applications in various fields, including physics, engineering, computer graphics, and general relativity.;Google
Isothermal titration calorimetry;Isothermal titration calorimetry is a biophysical technique used to study the thermodynamic properties of biomolecular interactions. It measures the heat released or absorbed during the binding of a ligand to a macromolecule, such as a protein or DNA. In an ITC experiment, a solution of the ligand is gradually titrated into a solution containing the macromolecule, while the temperature and heat flow are continuously monitored. The data obtained from ITC experiments can be used to determine the binding affinity, enthalpy change, entropy change, and Gibbs free energy change of biomolecular interactions. ITC is a powerful tool for studying a wide range of biological processes, including enzyme-substrate binding, protein-protein interactions, and drug-receptor binding.;Google
Q-switching;"Q-switching is a technique used in lasers to produce very short, high-intensity pulses of light. It involves rapidly switching the ""quality"" factor of an optical resonator, which is essentially the cavity that houses the laser medium. By changing the Q factor, the gain and loss rates within the resonator are altered, leading to a build-up of energy in the laser medium until a sudden, rapid release occurs as a short pulse of light. This technique enables the generation of ultrashort pulses with durations ranging from picoseconds to femtoseconds, making it valuable for applications such as spectroscopy, material processing, and medical treatments.";Google
Biosensor;A biosensor is a device that combines a biological component with a physicochemical detector to produce a measurable signal proportional to the presence or concentration of a specific analyte. The biological component can be an enzyme, antibody, DNA, or cell, and it interacts specifically with the target analyte. This interaction triggers a change in the physicochemical detector, such as a change in electrical conductivity, optical properties, or mass. Biosensors offer high sensitivity, selectivity, and rapid detection times, making them valuable tools in various fields, including medicine, environmental monitoring, food safety, and biotechnology.;Google
Parkinson's disease;Parkinson's disease is a progressive neurodegenerative disorder characterized by the loss of dopaminergic neurons in the substantia nigra, a region of the brain responsible for motor control. This neuronal death leads to a deficiency in dopamine, a neurotransmitter crucial for smooth and coordinated movements. Symptoms typically include tremor, rigidity, bradykinesia, and postural instability. The exact cause of Parkinson's disease is unknown, but it is believed to be a complex interplay of genetic predisposition and environmental factors. There are currently no cures for Parkinson's disease, but medications and therapies can help manage symptoms and improve quality of life.;Google
Progress zone;The progress zone is a region in developing animal limbs where cells undergo rapid proliferation and differentiation, contributing to limb elongation. Located at the distal tip of the growing bud, this zone maintains a gradient of signaling molecules, primarily fibroblast growth factors. Cells within the progress zone receive positional information based on their distance from the FGF source, influencing their developmental fate. As cells move away from the zone towards the proximal region, they differentiate into specialized cell types that form the various structures of the limb. This spatially regulated pattern of proliferation and differentiation driven by the progress zone ensures proper limb formation and growth.;Google
Cerebrospinal fluid;Cerebrospinal fluid is a clear, colorless body fluid found in the brain and spinal cord. It serves as a protective cushion for these delicate structures, absorbing shock from impacts. CSF also provides nutrients to the central nervous system and removes waste products. Produced by specialized cells called ependymal cells in the ventricles of the brain, CSF circulates through the subarachnoid space, around the brain and spinal cord, before being reabsorbed into the bloodstream. The production and circulation of CSF are crucial for maintaining the health and proper function of the central nervous system. Disruptions in CSF flow or composition can lead to a variety of neurological disorders, such as hydrocephalus and meningitis.;Google
Tenascin;Tenascins are a family of extracellular matrix glycoproteins that play crucial roles in various biological processes, including cell adhesion, migration, and differentiation. They are characterized by their large molecular size and complex structure, featuring multiple domains that mediate interactions with other molecules, such as cells, collagen, and proteoglycans. Tenascin expression is tightly regulated during development and wound healing, where they contribute to tissue organization and remodeling. Dysregulated tenascin expression has been implicated in several pathological conditions, including cancer, neurodegenerative diseases, and fibrosis.;Google
Organogenesis;Organogenesis is the biological process that leads to the development of organs in multicellular organisms. It involves a complex series of coordinated cellular events, including cell proliferation, differentiation, migration, and apoptosis. During organogenesis, cells from different germ layers interact with each other to form specific tissues and structures. This intricate process is tightly regulated by a network of signaling pathways and transcription factors that control gene expression and cellular behavior. Disruptions in organogenesis can result in congenital abnormalities or birth defects. Understanding the mechanisms underlying organogenesis is crucial for advancing regenerative medicine and developing therapies for developmental disorders.;Google
Clinical trial;Clinical trials are research studies that evaluate the safety and effectiveness of new medical interventions, such as drugs, treatments, or devices. These trials involve human participants and are conducted in a rigorous, controlled manner to ensure reliable and ethical results. Clinical trials typically progress through several phases, starting with small groups of healthy volunteers to assess initial safety and dosage, followed by larger trials involving patients with the targeted condition to evaluate efficacy and potential side effects. The findings from clinical trials provide crucial evidence for regulatory agencies like the FDA to determine whether a new intervention is safe and effective for widespread use in the general population.;Google
Mach number;The Mach number is a dimensionless quantity representing the ratio of an object's speed to the speed of sound in the surrounding medium. It is named after Austrian physicist Ernst Mach, who pioneered research into supersonic phenomena. A Mach number of 1 indicates the speed of sound, while values greater than 1 signify supersonic speeds, and less than 1 indicate subsonic speeds. The Mach number plays a crucial role in aerodynamics, as it influences airflow characteristics, shock wave formation, and aircraft design considerations. At high Mach numbers, compressibility effects become significant, leading to phenomena like sonic booms and changes in aerodynamic forces.;Google
Decellularization;Decellularization is a scientific process that removes all cellular components from a tissue or organ while preserving its extracellular matrix. This ECM, composed of proteins, carbohydrates, and other biomolecules, provides structural support and biochemical cues for cell growth and function. Decellularized tissues are used in various biomedical applications, including tissue engineering, drug delivery, and disease modeling. The process involves using detergents, enzymes, or physical methods to disrupt cell membranes and remove cellular contents. Decellularization aims to create a scaffold that mimics the natural environment of the target tissue, promoting cell adhesion, proliferation, and differentiation.;Google
Shock wave;A shock wave is a type of self-propagating pressure disturbance that travels faster than the speed of sound in its medium. When an object moves through a fluid or solid at supersonic speeds, it generates a region of high pressure and temperature ahead of it. This region compresses the surrounding medium rapidly, creating a discontinuity known as a shock front. Shock waves are characterized by a sudden and significant change in pressure, density, temperature, and velocity across the shock front. They have numerous applications in various fields, including aerospace engineering, weaponry, medicine, and geophysics.;Google
Coding theory;Coding theory is a branch of mathematics concerned with reliable communication in the presence of noise and errors. It deals with the design, analysis, and implementation of codes that allow for the efficient transmission and reception of information over noisy channels. Codes used in coding theory are sets of rules that map data to encoded symbols, which can be transmitted or stored. These codes enable error detection and correction, ensuring accurate data retrieval despite potential corruption during transmission. Applications of coding theory are ubiquitous in modern technology, including telecommunications, data storage, and computer networks.;Google
Forest plot;A forest plot is a graphical display used in meta-analysis to summarize the results of multiple studies addressing the same research question. Each study's effect size is represented as a horizontal line, with its length indicating the magnitude and direction of the effect. The vertical axis represents the scale of the effect size. The overall summary estimate of the effect across all studies is often displayed as a diamond or other symbol on the plot. Forest plots allow for a visual assessment of the heterogeneity of study results, the precision of each individual study, and the overall strength and direction of the evidence. They are widely used in medical research, epidemiology, and social sciences to synthesize findings from multiple sources.;Google
Gluconeogenesis;Gluconeogenesis is a metabolic pathway that results in the production of glucose from non-carbohydrate carbon substrates, such as lactate, glycerol, and certain amino acids. This process occurs primarily in the liver and to a lesser extent in the kidneys. Gluconeogenesis is essential for maintaining blood glucose levels during periods of fasting or when dietary carbohydrate intake is insufficient. The pathway involves a series of enzymatic reactions that reverse glycolysis, but with bypasses around irreversible steps. Hormones such as glucagon and cortisol stimulate gluconeogenesis, while insulin inhibits it.;Google
Electrophysiology;Electrophysiology is the branch of physiology that studies the electrical properties of cells and tissues. It focuses on how ions move across cell membranes to generate and transmit electrical signals. These signals are crucial for a wide range of physiological processes, including nerve impulse conduction, muscle contraction, and hormone secretion. Electrophysiological techniques involve recording and analyzing these electrical signals using specialized electrodes. By measuring the voltage changes across cell membranes, researchers can gain insights into the cellular mechanisms underlying various physiological functions. Electrophysiology has made significant contributions to our understanding of brain function, cardiac activity, and sensory perception. Its applications extend to clinical diagnostics, drug discovery, and the development of bioelectronic devices.;Google
Action potential;An action potential is a rapid, transient electrical signal that propagates along the membrane of a neuron or other excitable cell. It is triggered by a stimulus that depolarizes the cell membrane to a certain threshold potential. This triggers the opening of voltage-gated sodium channels, allowing a rapid influx of sodium ions into the cell, further depolarizing the membrane and propagating the action potential down the axon. Following this, potassium channels open, allowing for efflux of potassium ions and repolarization of the membrane. This cycle restores the resting membrane potential and prepares the neuron for the next action potential. The all-or-none nature of an action potential ensures reliable signal transmission over long distances.;Google
Hygiene hypothesis;The Hygiene Hypothesis proposes that reduced exposure to microbes in early life increases the risk of developing allergies and autoimmune diseases. This theory suggests that a lack of microbial stimulation during childhood disrupts the development and regulation of the immune system. Early-life interactions with diverse microorganisms, particularly in the gut and on the skin, are thought to train the immune system to recognize harmless substances and prevent overreactions. Conversely, overly sanitized environments may lead to an underdeveloped immune system that is more susceptible to allergic responses and autoimmune disorders.;Google
Synaptic vesicle;Synaptic vesicles are membrane-bound sacs found in the presynaptic terminals of neurons. These tiny organelles play a crucial role in synaptic transmission, the process by which neurons communicate with each other. They store neurotransmitters, chemical messengers that transmit signals across the synaptic cleft, the gap between neurons. When an action potential arrives at the presynaptic terminal, it triggers the fusion of synaptic vesicles with the presynaptic membrane. This fusion releases neurotransmitters into the synaptic cleft, where they bind to receptors on the postsynaptic neuron, initiating a new electrical signal. The process of vesicle recycling ensures a continuous supply of neurotransmitters for ongoing synaptic transmission. Dysfunction in synaptic vesicle function has been implicated in various neurological disorders.;Google
Collagen;Collagen is the most abundant protein in mammals, comprising about 25% to 35% of the total body protein content. It provides structural support to various tissues and organs, including skin, bones, tendons, ligaments, and cartilage. Collagen molecules are characterized by their triple helical structure, consisting of three polypeptide chains wound around each other. These chains are rich in proline and glycine amino acids, which contribute to the stability of the helix. Different types of collagen exist, each with a unique structural arrangement and function. Collagen synthesis is a complex process involving several enzymes and precursor molecules. Defects in collagen production or structure can lead to various connective tissue disorders.;Google
Transfer learning;Transfer learning is a machine learning technique that involves leveraging knowledge gained from one task to improve performance on a related but different task. It exploits the idea that pre-trained models, which have been trained on large datasets for specific tasks, can serve as a valuable starting point for new learning endeavors. By transferring learned features or representations from the source task to the target task, transfer learning aims to reduce the need for extensive training data and time in the target domain. This approach has proven particularly effective in areas such as computer vision, natural language processing, and speech recognition, where labeled data can be scarce or expensive to obtain.;Google
Risk aversion;Risk aversion is a cognitive bias in which individuals prefer a certain outcome over a gamble with the potential for a higher payoff but also a possibility of a lower payoff. This preference arises from an individual's inherent dislike for uncertainty and the potential negative consequences associated with risk-taking. Economists often model risk aversion mathematically, demonstrating that individuals are willing to pay a premium to avoid taking risks. This concept has wide-ranging applications in fields such as finance, insurance, and behavioral economics, explaining various financial decisions and market phenomena. The degree of risk aversion can vary significantly between individuals, influenced by factors such as personality traits, past experiences, and cultural norms.;Google
Deep brain stimulation;Deep brain stimulation is a surgical procedure involving the implantation of electrodes in specific areas of the brain. These electrodes deliver continuous electrical impulses to modulate neuronal activity. DBS is primarily used to treat movement disorders such as Parkinson's disease, essential tremor, and dystonia. It can also be used to manage other neurological and psychiatric conditions, including obsessive-compulsive disorder, Tourette syndrome, and epilepsy. The exact mechanism of action of DBS remains incompletely understood but is thought to involve disruption of abnormal neural circuits and modulation of neurotransmitter release. DBS offers a reversible treatment option with significant potential to improve the quality of life for patients suffering from debilitating neurological and psychiatric conditions.;Google
Thermodynamics;Thermodynamics is a fundamental branch of physics that deals with heat, work, temperature, and their relation to energy, entropy, and the physical properties of matter and radiation. It establishes the laws governing energy transfer and transformation in systems. The first law of thermodynamics states that energy cannot be created or destroyed, only transferred or transformed. The second law introduces the concept of entropy, which measures disorder or randomness in a system, and asserts that the total entropy of a closed system always increases over time. These laws have profound implications for understanding various physical phenomena, from engine operation to chemical reactions to the evolution of the universe itself.;Google
Multilevel model;Multilevel modeling, also known as hierarchical linear modeling or mixed-effects modeling, is a statistical technique used to analyze data with nested structures. These structures involve multiple levels of observation, where individuals are grouped into clusters or units. Multilevel models account for both within-cluster and between-cluster variation, allowing for more accurate estimation of effects and improved understanding of complex phenomena. The model includes parameters at each level, capturing the influence of individual characteristics and group membership on the outcome variable. Multilevel modeling is widely applied in various fields, including education, psychology, sociology, and epidemiology.;Google
Power electronics;Power electronics is a field of electrical engineering that deals with the conversion, control, and conditioning of electric power. It encompasses the study of electronic circuits and devices used to efficiently transfer and manipulate electrical energy. Key components in power electronics include diodes, transistors, thyristors, and integrated circuits. These devices enable the efficient switching and regulation of power, allowing for precise control of voltage, current, and frequency. Power electronics plays a crucial role in various applications, including motor drives, renewable energy systems, electric vehicles, power supplies, and industrial automation.;Google
Configuration interaction;Configuration interaction is a post-Hartree-Fock method used in quantum chemistry to improve the accuracy of electronic structure calculations. It accounts for the mixing of different electronic configurations, which are possible arrangements of electrons in atomic or molecular orbitals. In Hartree-Fock theory, electrons are treated as moving independently in an average field created by other electrons. CI goes beyond this approximation by considering the interactions between electrons and allowing for a combination of different configurations to better describe the true wavefunction. This approach can significantly improve the accuracy of calculated properties such as energy, bond lengths, and vibrational frequencies. However, the computational cost of CI increases rapidly with the number of electrons, making it challenging to apply to large systems.;Google
Gibbs free energy;Gibbs free energy is a thermodynamic potential that measures the amount of energy available in a system to do useful work at a constant temperature and pressure. It combines enthalpy, which represents the heat content of a system, and entropy, which measures the disorder or randomness of a system. A negative Gibbs free energy change indicates a spontaneous process, meaning it will occur without external input. Conversely, a positive ΔG signifies a non-spontaneous process requiring energy input. Gibbs free energy is widely used in various fields, including chemistry, biology, and engineering, to predict the feasibility of chemical reactions, phase transitions, and other thermodynamic processes.;Google
Seismology;Seismology is the scientific study of earthquakes and seismic waves that propagate through the Earth. It encompasses the investigation of earthquake causes, mechanisms, and effects, as well as the analysis of seismic data to understand the Earth's interior structure and dynamics. Seismic waves generated by earthquakes or other sources provide valuable insights into the composition, properties, and processes occurring within the planet. Scientists use sophisticated instruments called seismographs to record and analyze these waves, enabling them to map fault lines, determine earthquake magnitudes, and study plate tectonics. Seismology plays a crucial role in hazard assessment, earthquake prediction, and understanding the Earth's deep structure.;Google
Nucleolus;The nucleolus is a densely packed structure found within the nucleus of eukaryotic cells. It is not membrane-bound, but rather a region of concentrated ribosomal RNA synthesis and assembly. Ribosomal subunits are formed in the nucleolus from rRNA and proteins transcribed from DNA in the nucleolar organizer regions. These subunits then exit the nucleus through nuclear pores and join in the cytoplasm to form functional ribosomes, essential for protein synthesis. The nucleolus plays a crucial role in cellular growth, proliferation, and response to stress.;Google
Surfactant;Surfactants are amphiphilic compounds possessing both hydrophobic and hydrophilic regions within their molecular structure. This dual nature allows surfactants to reduce surface tension at the interface between two immiscible liquids, such as water and oil, or between a liquid and a solid surface. Surfactants can form micelles, spherical structures with hydrophobic tails facing inward and hydrophilic heads outward, enabling the solubilization of nonpolar substances in water. Their applications are diverse, ranging from detergents and emulsifiers to foaming agents in fire extinguishers and drug delivery systems. Types of surfactants include anionic, cationic, nonionic, and zwitterionic, each exhibiting distinct properties and functionalities based on their chemical structure and charge characteristics.;Google
Cooper pair;A Cooper pair is a bound state of two electrons in a superconductor. This pairing occurs at low temperatures due to an interaction mediated by phonons, which are quantized vibrations of the crystal lattice. The attractive force between the electrons arises from the distortion of the lattice as each electron moves, creating a region of positive charge that attracts the other electron. Cooper pairs behave as bosons and can condense into a macroscopic quantum state, leading to the characteristic properties of superconductivity, such as zero electrical resistance and the Meissner effect.;Google
Density functional theory;Density functional theory is a quantum mechanical method used to calculate the electronic structure and properties of materials. It relies on the Hohenberg-Kohn theorems, which state that all ground-state properties of a system are uniquely determined by its electron density. DFT avoids solving the complex Schrödinger equation for all electrons by focusing on the electron density instead. The key concept is the exchange-correlation functional, which accounts for the many-body interactions between electrons. By approximating this functional, DFT can predict various material properties, such as bond lengths, vibrational frequencies, and electronic band structures.;Google
Leptin;Leptin is a hormone primarily produced by adipocytes, or fat cells. It acts as a key regulator of energy balance in the body, signaling to the hypothalamus, a region of the brain responsible for appetite and metabolism. Leptin levels rise proportionally with an increase in body fat stores, informing the hypothalamus about the availability of energy reserves. This hormonal signal suppresses appetite and stimulates energy expenditure, contributing to weight regulation. Conversely, leptin deficiency or resistance can lead to increased food intake and reduced energy expenditure, ultimately resulting in obesity. Leptin plays a crucial role in maintaining overall metabolic homeostasis and influencing body weight.;Google
Polymerase;Polymerases are enzymes that catalyze the formation of polymers from monomeric units. They play a crucial role in various biological processes, including DNA replication, transcription, and RNA translation. During DNA replication, DNA polymerases synthesize new strands of DNA complementary to existing templates. In transcription, RNA polymerases create RNA molecules from DNA templates, serving as intermediates for protein synthesis. Polymerases exhibit remarkable specificity, ensuring the accurate incorporation of nucleotides during polymerization. They possess active sites that bind both nucleotide substrates and template nucleic acids, facilitating the formation of phosphodiester bonds between adjacent monomers.;Google
Eutrophication;Eutrophication is the excessive enrichment of water bodies with nutrients, primarily nitrogen and phosphorus. This nutrient overload stimulates the rapid growth of algae and other aquatic plants, leading to algal blooms. These blooms deplete oxygen levels in the water as they decompose, creating hypoxic conditions that harm fish and other aquatic organisms. Eutrophication can result from both natural processes and human activities such as agricultural runoff, wastewater discharge, and industrial pollution. The consequences of eutrophication include reduced water quality, loss of biodiversity, and economic impacts on industries such as fisheries and tourism.;Google
Auction theory;Auction theory is a branch of microeconomics that studies how people bid in auctions and the resulting allocation of goods or services. It analyzes strategic decision-making by bidders who aim to maximize their own utility, considering factors such as valuations, costs, and the behavior of other bidders. Auction theory explores different auction formats, such as English, Dutch, and sealed-bid auctions, and investigates how these formats affect bidder strategies and outcomes. It also examines issues such as revenue maximization for auctioneers and fairness in allocation mechanisms. Applications of auction theory extend to diverse fields, including economics, computer science, and online marketplaces.;Google
Plasmon;A plasmon is a quasiparticle representing collective oscillations of conduction electrons in a metal. When electromagnetic radiation interacts with a metallic surface, the free electrons on the surface oscillate collectively, creating a localized electric field enhancement. This phenomenon is known as surface plasmon resonance and is characterized by a specific frequency at which light absorption or scattering is maximized. Plasmons have numerous applications in nanotechnology, including sensing, imaging, and energy harvesting due to their unique optical properties and ability to confine electromagnetic fields at the nanoscale.;Google
Mutation rate;Mutation rate refers to the frequency at which new mutations occur in a genome. It is a fundamental parameter in evolutionary biology, influencing the genetic diversity and adaptability of populations. Mutation rates can vary widely across species, genotypes, and environmental factors. Factors such as DNA repair mechanisms, exposure to mutagens like radiation or chemicals, and the generation time of organisms can all affect mutation rates. High mutation rates can lead to increased genetic variation but also a higher risk of deleterious mutations. Conversely, low mutation rates may result in reduced evolutionary potential. Understanding mutation rates is crucial for comprehending evolutionary processes, disease susceptibility, and the development of new genetic technologies.;Google
Catabolism;Catabolism is a set of metabolic pathways that break down complex molecules into simpler ones, releasing energy in the process. These reactions are often exergonic, meaning they release free energy. Catabolic processes provide the necessary energy for anabolic reactions, which build up complex molecules from simpler ones. Examples of catabolic reactions include glycolysis, the breakdown of carbohydrates, and cellular respiration, the oxidation of glucose to produce ATP. Enzymes catalyze these reactions, speeding them up and ensuring efficient energy extraction. Catabolism plays a crucial role in providing cells with the fuel needed for growth, repair, and other essential functions.;Google
Molality;Molality is a measure of concentration defined as the number of moles of solute dissolved per kilogram of solvent. It is expressed in units of moles per kilogram. Unlike molarity, which depends on temperature due to volume changes, molality remains constant regardless of temperature variations because mass does not change with temperature. Molality is commonly used in colligative properties calculations, which depend on the number of solute particles rather than their identity. It finds applications in fields like chemistry, physics, and engineering for quantifying solutions and understanding their behavior.;Google
Affinity maturation;Affinity maturation is a biological process that increases the binding affinity of antibodies for their specific antigens during an adaptive immune response. This occurs through somatic hypermutation, a mechanism where B cells introduce random mutations into the genes encoding their antibody variable regions. B cells expressing antibodies with higher affinity for the antigen are preferentially selected for survival and proliferation. As a result, the overall antibody repertoire within an individual becomes increasingly specific and effective at neutralizing the invading pathogen over time. This process is crucial for generating long-lasting immunity and effectively combating infections.;Google
Stratigraphy;Stratigraphy is a fundamental branch of geology concerned with the study of rock layers, known as strata. It investigates the sequence, arrangement, and relationships between these sedimentary formations to decipher Earth's history. Stratigraphers analyze the composition, texture, fossils, and other characteristics of strata to determine their age, depositional environment, and the geological events that shaped them. Through principles like superposition, original horizontality, and cross-cutting relationships, stratigraphers reconstruct past environments, climate changes, and evolutionary patterns preserved within rock sequences. These studies provide valuable insights into Earth's dynamic processes and the evolution of life over millions of years.;Google
Kolmogorov complexity;Kolmogorov complexity is a fundamental concept in computer science and information theory that quantifies the amount of information contained in a given object, such as a string of text, an image, or a mathematical function. It is defined as the length of the shortest possible computer program that can generate the object. Objects with high Kolmogorov complexity are considered to be more complex and require more information to describe. The concept has implications for various fields, including data compression, cryptography, and artificial intelligence. Kolmogorov complexity is a theoretical measure and cannot be directly computed for all objects due to the inherent difficulty of finding the shortest possible program.;Google
Neurulation;Neurulation is a fundamental process in embryonic development that gives rise to the central nervous system. It involves a series of coordinated cellular movements and transformations that shape the neural plate, a thickened region of ectoderm, into a neural tube. The neural plate first folds inward along its midline, forming a neural groove flanked by neural folds. These folds then elevate and fuse together, ultimately creating a closed neural tube that will later differentiate into the brain and spinal cord. This process is tightly regulated by signaling molecules and transcription factors, ensuring proper patterning and formation of the CNS. Disruptions in neurulation can lead to severe birth defects, such as spina bifida and anencephaly.;Google
Neutrino;Neutrinos are elementary particles with zero electric charge and very small mass. They are produced in various nuclear processes, including radioactive decay and nuclear fusion in stars. Neutrinos interact extremely weakly with matter, making them difficult to detect. Three types of neutrinos exist: electron neutrinos, muon neutrinos, and tau neutrinos. These particles play a crucial role in astrophysics, cosmology, and particle physics. They provide insights into the workings of stars, supernovae, and the early universe. Neutrino oscillations, the phenomenon where neutrinos can change flavor as they travel, has been experimentally confirmed and revolutionized our understanding of fundamental physics. Studying neutrinos helps us unravel the mysteries of the universe and its fundamental building blocks.;Google
Decomposer;Decomposers are essential organisms in any ecosystem that break down dead organic matter into simpler compounds. This process, known as decomposition, is crucial for nutrient cycling, as it releases essential elements like nitrogen and phosphorus back into the environment, making them available for uptake by plants. Decomposers include a diverse array of organisms, primarily bacteria and fungi, but also invertebrates such as earthworms and millipedes. These organisms utilize enzymes to break down complex organic molecules into simpler substances, facilitating the return of vital nutrients to the soil and supporting the growth of new life.;Google
Weak localization;Weak localization is a quantum mechanical phenomenon observed in disordered conductors where electron scattering leads to a decrease in conductivity at low temperatures. This effect arises from interference between different paths taken by electrons as they travel through the material. When electrons undergo multiple scattering events, their wavefunctions interfere destructively, reducing the probability of finding an electron at a given point. The magnitude of weak localization is sensitive to the strength of disorder and the temperature, leading to characteristic experimental signatures such as negative magnetoresistance at low magnetic fields. This phenomenon has implications for understanding transport properties in materials with diverse structures, from disordered metals to semiconductor heterostructures.;Google
Transcranial magnetic stimulation;Transcranial magnetic stimulation is a non-invasive brain stimulation technique that uses magnetic pulses to induce electrical currents in specific brain regions. These induced currents can modulate neuronal activity, either excitatory or inhibitory, depending on the parameters of the stimulation. TMS has been widely used as a research tool to investigate the function of different brain areas and their role in various cognitive and motor processes. It also has therapeutic applications for treating conditions such as depression, obsessive-compulsive disorder, and chronic pain. TMS is generally considered safe with minimal side effects, although some individuals may experience mild discomfort or headaches during or after stimulation.;Google
Golgi apparatus;The Golgi apparatus, also known as the Golgi complex or Golgi body, is a crucial organelle found in eukaryotic cells. This dynamic structure consists of flattened, membrane-bound sacs called cisternae that are stacked together and modify, sort, and package proteins and lipids synthesized by the endoplasmic reticulum. Through a series of enzymatic modifications within its cisternae, the Golgi apparatus adds carbohydrates to proteins and lipids, forming glycoproteins and glycolipids essential for cellular functions. It also sorts these molecules into different vesicles based on their destinations, ensuring proper delivery to lysosomes, the plasma membrane, or secretion outside the cell.;Google
Pyroptosis;Pyroptosis is a highly inflammatory form of programmed cell death characterized by the activation of caspase-1, an enzyme that cleaves and activates gasdermin D. Gasdermin D then forms pores in the cell membrane, leading to cell lysis and the release of pro-inflammatory cytokines like IL-1β and IL-18. Pyroptosis is triggered by various stimuli, including pathogen-associated molecular patterns and damage-associated molecular patterns, which activate inflammasomes, multiprotein complexes that assemble and activate caspase-1. This inflammatory form of cell death plays a crucial role in the immune response to infection and tissue damage but can also contribute to inflammatory diseases if dysregulated.;Google
Grid cell;Grid cells are a type of neuron found in the entorhinal cortex of mammals, including humans. These neurons exhibit a unique firing pattern where they become active at specific locations within an environment, forming a hexagonal grid-like map. This spatial representation allows for the precise localization of an animal's position and its navigation through complex environments. The activity of grid cells is believed to be crucial for cognitive functions such as path integration, memory formation, and spatial reasoning. Research on grid cells has significantly advanced our understanding of the neural mechanisms underlying spatial cognition and navigation.;Google
Eukaryote;Eukaryotes are organisms whose cells contain a membrane-bound nucleus that encloses their genetic material. This distinguishes them from prokaryotes, which lack a nucleus and other membrane-bound organelles. Eukaryotic cells also possess a variety of other complex structures, including mitochondria, chloroplasts, and the endoplasmic reticulum. These organelles carry out specialized functions essential for eukaryotic life. Eukaryotes encompass a wide range of organisms, from single-celled protists to multicellular fungi, plants, and animals. The evolution of eukaryotes marked a significant step in the history of life on Earth, enabling the development of greater cellular complexity and diversity.;Google
Dark energy;Dark energy is a mysterious force believed to permeate all of space, accelerating the expansion of the universe. It was first proposed in 1998 to explain observations that distant supernovae were fainter than expected, indicating they were farther away than predicted by models based on gravity alone. This repulsive force counteracts gravity's attractive pull and is thought to constitute roughly 68% of the total energy density of the universe. The nature of dark energy remains unknown, but leading theories include a cosmological constant representing intrinsic energy within space itself or a dynamic field called quintessence that evolves over time. Further research into dark energy's properties and behavior is crucial to understanding the ultimate fate of the universe.;Google
Plasma cell;Plasma cells are differentiated B lymphocytes responsible for humoral immunity. They arise from activated B cells in response to specific antigens. Plasma cells are characterized by their abundant rough endoplasmic reticulum and Golgi apparatus, reflecting their specialized role in antibody production. Antibodies secreted by plasma cells bind to target antigens, neutralizing pathogens or marking them for destruction by other immune cells. This antibody-mediated response is crucial for fighting bacterial and viral infections. Plasma cells typically have a short lifespan, but some may persist as memory cells, providing long-term immunity against specific pathogens.;Google
Monoclonal antibody;Monoclonal antibodies are laboratory-produced molecules that mimic the action of natural antibodies in the immune system. Each monoclonal antibody is designed to target a specific antigen, which is a molecule unique to pathogens or diseased cells. The production process involves immunizing an animal with a chosen antigen and harvesting B cells from its spleen that produce antibodies against that antigen. These B cells are then fused with myeloma cells, forming hybridoma cells that can continuously produce the desired monoclonal antibody. Monoclonal antibodies have become invaluable tools in medicine for diagnosing and treating various diseases, including cancer, autoimmune disorders, and infectious diseases. Their high specificity and effectiveness make them promising therapeutic agents for targeted drug delivery and immune modulation.;Google
Critical period;A critical period is a specific timeframe in development during which certain abilities can be learned most easily. This concept is widely accepted in developmental psychology and neuroscience. During these periods, the brain is particularly sensitive to specific stimuli and experiences, leading to rapid and efficient learning. If these experiences are absent or disrupted, it can become more difficult to acquire these abilities later in life. The duration of critical periods varies depending on the skill or function being learned, ranging from a few weeks to several years. Examples include language acquisition, motor skill development, and sensory processing.;Google
Autoimmunity;Autoimmunity is a complex immune system disorder characterized by the body's failure to distinguish its own tissues from foreign invaders. This breakdown in self-tolerance leads to the production of autoantibodies and activation of autoimmune cells that attack healthy cells and tissues, causing inflammation and damage. Various factors contribute to autoimmunity, including genetic predisposition, environmental triggers, and hormonal influences. Common autoimmune diseases include type 1 diabetes, rheumatoid arthritis, systemic lupus erythematosus, and multiple sclerosis. Treatment for autoimmune disorders often focuses on suppressing the immune system's overactivity through medications such as immunosuppressants and biologics.;Google
Matrix decomposition;Matrix decomposition is a fundamental concept in linear algebra that involves expressing a matrix as a product of simpler matrices. This factorization can reveal underlying structures and properties of the original matrix, facilitating various applications in data analysis, machine learning, and computer graphics. Common types of matrix decompositions include eigenvalue decomposition, singular value decomposition, and QR decomposition, each serving distinct purposes and offering unique insights into matrix representations. These techniques exploit linear transformations and algebraic properties to decompose matrices into manageable components, enabling efficient computation and interpretation of complex data.;Google
Nucleophile;"A nucleophile is a chemical species that donates an electron pair to another species in order to form a new chemical bond in a reaction. The term ""nucleophile"" comes from the Greek words ""nucleus loving"". Nucleophiles are commonly anions or molecules with lone pairs of electrons, which they can readily share with an electrophile, a species deficient in electrons. They play a crucial role in various organic reactions such as substitution, addition, and elimination reactions, driving the formation of new molecular structures. The strength of a nucleophile is influenced by factors like electron density, size, and electronegativity.";Google
Martensite;Martensite is a microstructure found in steel and other alloys that forms when austenite, a high-temperature phase, is rapidly cooled. It possesses a distinctive needle-like morphology and exhibits significant hardness and strength due to its non-equilibrium crystal structure. The formation of martensite is diffusionless, meaning atomic rearrangement occurs without significant movement of atoms across grain boundaries. This process is responsible for the transformation of austenite into martensite upon rapid cooling, typically below a critical temperature known as the martensitic transformation temperature. Martensite's unique properties make it valuable in applications requiring high strength and hardness, such as tool steels, springs, and gears.;Google
Trophic level;Trophic levels are hierarchical levels in an ecosystem that describe the position of organisms based on their feeding relationships. Producers, also known as autotrophs, form the base of the trophic pyramid and obtain energy directly from sunlight through photosynthesis or inorganic chemicals. Primary consumers are herbivores that feed on producers, while secondary consumers are carnivores that prey on primary consumers. Tertiary consumers, further up the trophic level, feed on secondary consumers, and so forth. Each trophic level transfers a portion of energy from one level to the next, with significant energy loss at each transfer due to metabolic processes and heat dissipation.;Google
Wave function;In quantum mechanics, the wave function is a mathematical description of a quantum system's state. It provides information about the probabilities of finding a particle in a particular location or with a specific momentum. The wave function evolves according to the Schrödinger equation, which governs the time-dependent behavior of quantum systems. The square of the absolute value of the wave function at a given point represents the probability density of finding the particle at that point. Wave functions are complex-valued functions that can be visualized as standing waves or spread out distributions. They play a fundamental role in understanding the probabilistic nature of quantum phenomena and predicting the outcomes of measurements.;Google
Consciousness;Consciousness is a complex philosophical and scientific inquiry exploring the nature of subjective experience, awareness, sentience, and the ability to perceive oneself and the environment. It encompasses various aspects, including perception, thought, emotion, self-awareness, and decision-making. The biological basis of consciousness remains a subject of ongoing research, with theories proposing that it arises from intricate interactions within the brain, particularly in regions like the cerebral cortex, thalamus, and reticular activating system. Neuroscientists utilize techniques such as brain imaging and lesion studies to investigate the neural correlates of consciousness. Philosophers continue to debate the fundamental nature of consciousness, its relationship to the physical world, and whether it is unique to humans or can exist in other forms.;Google
Cardiac output;Cardiac output is the volume of blood pumped by the heart per minute. It is a crucial physiological parameter reflecting the heart's ability to circulate blood throughout the body. Cardiac output is determined by two primary factors: heart rate, which is the number of times the heart beats per minute, and stroke volume, the amount of blood ejected with each heartbeat. The relationship between these factors can be expressed as cardiac output = heart rate x stroke volume. Factors such as age, fitness level, medications, and underlying medical conditions can influence both heart rate and stroke volume, thereby affecting cardiac output. Maintaining an adequate cardiac output is essential for delivering oxygen and nutrients to tissues and removing waste products.;Google
Multiverse;The multiverse is a hypothetical concept in cosmology suggesting that our universe is not the only one, but rather exists alongside other universes, forming a vast collection known as a multiverse. These universes may have different physical laws, constants, and histories, potentially encompassing everything from bubbles of expanding spacetime to higher-dimensional realities. While currently untestable, various theories in physics, such as inflationary cosmology and string theory, propose mechanisms for the existence of multiple universes. The multiverse concept remains speculative and a subject of ongoing scientific debate.;Google
Fibrin;Fibrin is a protein that plays a crucial role in blood clotting. It is formed from fibrinogen, a soluble protein present in the blood plasma, through the action of thrombin, an enzyme activated during the coagulation cascade. Fibrin monomers polymerize to form long, insoluble strands that intertwine, creating a mesh-like structure known as a fibrin clot. This clot serves to trap platelets and red blood cells, effectively sealing the damaged blood vessel and preventing excessive bleeding. The fibrin network also provides a framework for wound healing by supporting cell migration and tissue regeneration. Dysregulation of fibrin formation can lead to thrombotic disorders, characterized by excessive clotting, or bleeding disorders, resulting from insufficient clotting.;Google
Dye-sensitized solar cell;A dye-sensitized solar cell is a type of photovoltaic device that converts sunlight into electricity. It utilizes a semiconductor material, typically titanium dioxide, as an electron conductor and a light-harvesting dye molecule to absorb photons from sunlight. When a photon excites the dye molecule, it transfers an electron to the TiO2 semiconductor, creating a flow of electrons that can be harnessed as electrical current. DSSCs offer advantages such as low production cost, flexibility, and tunable properties through dye selection. They are considered promising for applications in building-integrated photovoltaics, portable electronics, and wearable devices due to their lightweight and aesthetic versatility.;Google
Gene therapy;Gene therapy is a medical field focused on treating or preventing diseases by altering an individual's genes. It involves introducing, removing, or modifying genetic material within cells to correct genetic defects or introduce new functionalities. Various techniques are employed for gene delivery, including viral vectors and non-viral methods. Applications of gene therapy span a wide range of conditions, such as inherited disorders, cancers, infectious diseases, and cardiovascular diseases. Gene therapy holds immense potential for revolutionizing medicine by offering curative treatments for previously incurable diseases. However, it also presents ethical considerations and technical challenges that require ongoing research and development.;Google
Intron;Introns are non-coding sequences of DNA found within genes. These segments are transcribed into RNA molecules but are subsequently removed during RNA splicing, a process that joins together the protein-coding regions called exons. The presence of introns allows for alternative splicing, where different combinations of exons can be included in the final mature mRNA molecule, leading to the production of multiple protein isoforms from a single gene. This mechanism increases genetic diversity and complexity within organisms. The function of introns is not fully understood, but they may play roles in regulating gene expression, facilitating DNA recombination, and contributing to the evolution of new genes.;Google
Representation theory;Representation theory is a branch of mathematics that studies algebraic structures by means of vector spaces and linear transformations. It provides a powerful framework for understanding symmetries and group actions in various areas of mathematics, physics, and engineering. At its core, representation theory seeks to represent abstract algebraic objects, such as groups or algebras, as concrete linear transformations acting on vector spaces. These representations allow us to analyze the properties of these abstract structures through the lens of linear algebra. By studying the structure of these representations, we can gain deeper insights into the underlying symmetries and relationships within a given mathematical system.;Google
Q-learning;Q-learning is a reinforcement learning algorithm used to train an agent to make optimal decisions in a given environment. It operates by learning a Q-function, which estimates the expected future reward for taking a specific action in a particular state. The agent interacts with the environment, taking actions and observing the resulting rewards and next states. Based on these experiences, the Q-function is updated iteratively using a formula that incorporates the immediate reward, the discount factor, and the estimated value of taking subsequent actions in the next state. This iterative process continues until the agent learns a policy that maximizes its expected long-term reward.;Google
X-ray binary;X-ray binaries are fascinating astronomical systems consisting of a compact object, such as a neutron star or black hole, in orbit with a normal star. The intense gravitational pull of the compact object draws material from its companion star, forming an accretion disk that spirals inward. As matter falls into the compact object, it heats up and emits X-rays, making these systems detectable across vast distances. X-ray binaries provide valuable insights into the properties of extreme gravity, nuclear fusion processes in accreting matter, and the evolution of stars and compact objects. Their diverse observational characteristics allow astronomers to study a wide range of phenomena, including accretion disk physics, relativistic effects near black holes, and the formation of neutron stars.;Google
Focal adhesion;Focal adhesions are multiprotein complexes that mediate the attachment of cells to the extracellular matrix. They act as crucial links between the intracellular cytoskeleton and the external environment, enabling cells to sense and respond to mechanical cues from their surroundings. These dynamic structures assemble at sites where integrins, transmembrane receptors, bind to ECM ligands such as fibronectin and collagen. Focal adhesions facilitate cell adhesion, migration, proliferation, and survival by transducing signals between the ECM and the cell interior through a network of signaling molecules. Dysregulation of focal adhesion formation and function is implicated in various pathological conditions, including cancer metastasis and cardiovascular disease.;Google
Genome browser;A genome browser is a software application designed for visualizing and analyzing genomic data. It allows users to explore DNA sequences, genes, regulatory elements, and other annotations across entire genomes. Genome browsers typically provide interactive interfaces that enable zooming, panning, and searching within large datasets. They also offer tools for comparing different genomes, identifying regions of interest, and visualizing the relationship between genetic variations and biological phenotypes. These applications have become indispensable tools for researchers in genomics, genetics, medicine, and other fields that utilize genomic information. Popular genome browsers include UCSC Genome Browser, Ensembl, and NCBI Genome Data Viewer.;Google
CRISPR;CRISPR-Cas9 is a groundbreaking gene editing technology derived from a bacterial immune system. It allows scientists to precisely target and modify DNA sequences within organisms. The CRISPR component acts as a guide RNA molecule, directing the Cas9 enzyme to a specific location on the genome. Cas9, acting as molecular scissors, can then cut the DNA at that precise point, enabling the insertion, deletion, or replacement of genetic material. This revolutionary technology has vast applications in research, medicine, and agriculture, offering potential for treating genetic diseases, developing new therapies, and enhancing crop yields.;Google
Digital filter;A digital filter is a mathematical algorithm applied to a discrete-time signal to modify its frequency content. It processes data sequentially, analyzing each sample and outputting a transformed value based on specific filtering criteria. Digital filters are implemented using hardware or software, employing techniques like convolution and finite impulse response methods. They find applications in various domains, including audio processing, image compression, telecommunications, and control systems, for tasks such as noise reduction, signal enhancement, and data analysis. The design of digital filters involves selecting appropriate filter parameters, such as cutoff frequency and order, to achieve the desired filtering characteristics. Digital filters offer advantages like programmability, flexibility, and ease of implementation compared to their analog counterparts.;Google
Raman spectroscopy;Raman spectroscopy is an analytical technique used to study the vibrational modes of molecules. It relies on the inelastic scattering of light by a sample. When a monochromatic laser beam interacts with a molecule, most photons are scattered elastically. However, a small fraction of photons undergo inelastic scattering, losing or gaining energy in the process. This energy change corresponds to the vibrational frequencies of the molecules, providing a unique fingerprint for each substance. Raman spectroscopy is widely used in various fields, including chemistry, materials science, biology, and medicine, for identification, structural analysis, and monitoring chemical reactions.;Google
Tonsil;Tonsils are masses of lymphoid tissue located at the back of the throat, forming part of the body's immune system. They act as a first line of defense against inhaled or ingested pathogens by trapping and neutralizing harmful bacteria and viruses. The tonsils contain specialized immune cells that recognize and destroy these invaders. While typically functioning effectively, tonsils can become inflamed or infected, leading to conditions like tonsillitis, which causes pain, swelling, and difficulty swallowing. In cases of recurrent or severe infections, tonsillectomy, the surgical removal of the tonsils, may be recommended.;Google
Magnetar;Magnetars are a rare type of neutron star characterized by incredibly strong magnetic fields, trillions of times stronger than those found on Earth. These extreme magnetic fields result from the rapid rotation and collapse of massive stars during supernova explosions. Magnetars are known to emit intense bursts of gamma rays and X-rays, likely caused by sudden rearrangements within their magnetic field lines. These powerful stellar remnants play a crucial role in our understanding of the physics governing extreme environments and provide insights into the life cycle of stars.;Google
Prognosis;Prognosis in medicine refers to the predicted likely course or outcome of a disease or condition. It involves assessing various factors such as the patient's medical history, physical examination findings, laboratory test results, and the stage or severity of the illness. Medical professionals use prognostic information to guide treatment decisions, inform patients about potential outcomes, and manage expectations regarding recovery or progression of the disease. Prognostication is a complex process that often involves statistical analysis and consideration of individual patient variability.;Google
ATP hydrolysis;ATP hydrolysis is a fundamental chemical reaction in which adenosine triphosphate, the primary energy currency of cells, is broken down into adenosine diphosphate and inorganic phosphate. This exergonic reaction releases a significant amount of free energy, approximately 7.3 kcal/mol under standard conditions. The released energy is harnessed by cells to power various biological processes, including muscle contraction, protein synthesis, nerve impulse transmission, and active transport. ATP hydrolysis is catalyzed by enzymes known as ATPases, which facilitate the cleavage of the high-energy phosphate bond in ATP. The products of ATP hydrolysis, ADP and Pi, can be recycled back into ATP through cellular respiration.;Google
Herd immunity;Herd immunity, also known as community immunity, is a form of indirect protection from infectious diseases that occurs when a large percentage of a population becomes immune to an infection, thereby making its spread from person to person unlikely. This protection arises because individuals who are not immune are less likely to come into contact with infected individuals if most people in the population are already immune. Herd immunity thresholds vary depending on the infectious disease and how easily it spreads. For highly contagious diseases, a higher percentage of the population needs to be immune to achieve herd immunity. Vaccinations are a common method for achieving herd immunity by conferring immunity to a large portion of the population.;Google
Anthropic principle;The anthropic principle is a philosophical concept in cosmology that explores the apparent fine-tuning of physical constants in the universe for the emergence of life. It suggests that our observations of these seemingly precise values are a consequence of our existence as observers, since if they were different, life as we know it would not be possible. There are two main formulations: the weak anthropic principle, which states that the conditions for life must exist somewhere in the universe because we observe them, and the strong anthropic principle, which posits that the universe is fine-tuned specifically for our existence.;Google
Quantum computing;Quantum computing is a new type of computation that harnesses the principles of quantum mechanics to solve problems that are intractable for classical computers. Unlike classical bits, which can be either 0 or 1, quantum bits, or qubits, can exist in a superposition of both states simultaneously. This allows quantum computers to perform computations on multiple possibilities at once, exponentially increasing their processing power for certain tasks. Quantum algorithms exploit these unique properties to tackle challenges in fields like cryptography, drug discovery, materials science, and artificial intelligence. Despite its immense potential, quantum computing is still in its early stages of development, facing technical hurdles such as maintaining qubit stability and scaling up the number of qubits.;Google
Algebraic topology;Algebraic topology is a branch of mathematics that uses algebraic tools to study topological spaces. It seeks to understand the qualitative properties of spaces by analyzing their geometric and algebraic invariants. These invariants capture essential features such as connectivity, holes, and curvature, allowing mathematicians to distinguish between topologically different spaces. Common algebraic structures used in algebraic topology include groups, rings, and modules, which provide a language for describing and manipulating topological information. Algebraic topology has applications in diverse fields such as physics, data analysis, and computer science.;Google
Neurogenesis;Neurogenesis is the formation of new neurons from neural stem cells. This process occurs throughout life in specific regions of the brain, primarily the hippocampus and olfactory bulb. In the hippocampus, neurogenesis plays a crucial role in learning, memory, and cognitive function. New neurons integrate into existing circuits, contributing to synaptic plasticity and neuronal network remodeling. Neurogenesis is influenced by various factors, including exercise, enriched environments, and stress. Disruptions in neurogenesis have been implicated in neurodevelopmental disorders, neurodegenerative diseases, and psychiatric conditions.;Google
Structural equation modeling;Structural equation modeling is a statistical technique used to analyze complex relationships among multiple variables, both observed and latent. It extends traditional regression analysis by allowing for the examination of direct, indirect, and mediating effects within a system of interconnected constructs. SEM utilizes path diagrams to visually represent hypothesized relationships between variables, enabling researchers to test theories and models about causal influences. The technique employs covariance matrices and maximum likelihood estimation to estimate model parameters and assess goodness-of-fit. SEM finds applications in diverse fields such as psychology, sociology, economics, and education for investigating a wide range of phenomena, including social behavior, cognitive processes, and economic trends.;Google
Stellar nucleosynthesis;Stellar nucleosynthesis is the process by which stars create new atomic nuclei from pre-existing ones during their life cycle. This occurs primarily through nuclear fusion reactions in the star's core, where immense temperatures and pressures force light atomic nuclei like hydrogen to fuse together, forming heavier elements such as helium. Subsequent stages of nucleosynthesis involve the fusion of helium into carbon, oxygen, and other elements, progressively building up the periodic table. This process continues until the star exhausts its nuclear fuel or undergoes a supernova explosion, dispersing newly synthesized elements into interstellar space. These elements then become incorporated into future generations of stars and planets.;Google
Histology;Histology is the scientific study of the microscopic structure of animal and plant tissues. It involves examining thin slices of biological material under a microscope to identify different cell types and their arrangements within organs and tissues. Histologists use various staining techniques to highlight specific cellular components, allowing them to visualize and analyze the intricate organization of living organisms at a fundamental level. This field plays a crucial role in understanding normal tissue development, identifying pathological changes associated with disease, and developing new diagnostic and therapeutic approaches in medicine.;Google
Myosin;Myosin is a family of motor proteins best known for their role in muscle contraction. These proteins are characterized by their ability to bind to actin filaments and utilize ATP hydrolysis to generate force and movement. Myosin molecules consist of two heavy chains and four light chains, with the heavy chains forming a coiled-coil structure that extends into globular heads. The myosin heads can bind to actin, undergo conformational changes, and release ADP and inorganic phosphate, driving the sliding filament mechanism responsible for muscle contraction. Beyond muscle function, myosin proteins are also involved in various cellular processes such as vesicle transport, cell division, and intracellular signaling.;Google
Number needed to treat;Number needed to treat is a widely used metric in healthcare that quantifies the effectiveness of a medical intervention. It represents the number of patients who need to be treated with a particular therapy to prevent one adverse outcome or achieve a desired health benefit compared to a control group. NNT is calculated by dividing 1 by the absolute risk reduction, which is the difference in risk between the treatment and control groups. A lower NNT indicates greater effectiveness, meaning fewer patients need to be treated to see a positive result. NNT provides a clinically relevant measure that helps clinicians and policymakers make informed decisions about treatment options.;Google
Peptide bond;A peptide bond is a chemical bond formed between two molecules when the carboxyl group of one molecule reacts with the amino group of another molecule. This reaction releases a water molecule and results in the formation of a new covalent bond, linking the two molecules together. Peptide bonds are the fundamental building blocks of proteins, which are essential macromolecules involved in a wide range of biological functions. The sequence of amino acids linked by peptide bonds determines the unique three-dimensional structure and function of each protein.;Google
Eosinophil;Eosinophils are a type of white blood cell that plays a crucial role in the immune system's response to parasites and allergic reactions. These granulocytes contain granules filled with toxic proteins and enzymes that are released to damage parasitic organisms and inflammatory mediators involved in allergic responses. Eosinophil levels typically increase during parasitic infections, asthma, hay fever, and other allergic conditions. They also contribute to tissue remodeling and repair processes. Dysregulated eosinophil activity can lead to chronic inflammation and tissue damage in diseases such as eosinophilic esophagitis and hypereosinophilic syndrome.;Google
Meta-learning;Meta-learning is a subfield of machine learning that focuses on enabling algorithms to learn how to learn. It involves training models on a variety of tasks, allowing them to acquire generalizable learning strategies rather than specializing in specific tasks. This meta-knowledge enables faster and more efficient adaptation to new, unseen tasks with limited data. Meta-learning algorithms can analyze patterns in training data across multiple tasks, identifying commonalities and differences that inform their approach to novel challenges. Applications of meta-learning include few-shot learning, where models can perform well on tasks with very limited examples, and continual learning, where models can acquire new knowledge without forgetting previously learned information.;Google
Aerogel;"Aerogels are highly porous, ultra-lightweight materials with a remarkable ability to trap air within a network of solid particles. These materials typically consist of a silica backbone with an extremely high surface area and low density, often referred to as ""frozen smoke"" due to their ethereal appearance. The synthesis process involves a sol-gel transition followed by supercritical drying, which removes the liquid phase without disrupting the solid structure. Aerogels exhibit exceptional thermal insulation properties, low thermal conductivity, and high porosity, making them suitable for various applications in aerospace, energy, construction, and biomedical fields.";Google
Inverse kinematics;Inverse kinematics is a field of study in robotics and computer graphics that deals with determining the joint angles required to achieve a desired end-effector position and orientation. Given a specific target pose for the robot arm or virtual limb, inverse kinematics algorithms calculate the necessary joint configurations to reach that pose. This problem is often ill-posed, meaning there may be multiple solutions for a given target pose. Inverse kinematics solutions can be found using various techniques, including analytical methods, numerical optimization, and Jacobian-based iterative approaches. Applications of inverse kinematics are widespread in robotics, animation, and virtual reality.;Google
Anderson localization;Anderson localization is a phenomenon in condensed matter physics where particles, such as electrons, become trapped within disordered materials. This occurs due to the random scattering caused by impurities or imperfections in the material's structure. As the disorder increases, the particles' wavefunctions become localized, meaning they are confined to a small region of space. This localization prevents the particles from conducting electricity effectively, leading to an insulating state even if the individual particles themselves would be conductive. Anderson localization has significant implications for understanding transport properties in disordered materials and plays a crucial role in various fields, including superconductivity and photonics.;Google
Lytic cycle;The lytic cycle is a viral replication process in which a virus infects a host cell and rapidly produces new viruses, ultimately destroying the host cell. During this cycle, the virus first attaches to the host cell and injects its genetic material into the cytoplasm. The viral genome then takes control of the host cell's machinery, forcing it to replicate viral components instead of its own. New viral proteins are assembled, and the replicated viral genome is packaged into new viral particles. These newly formed viruses burst out of the host cell, lysing it in the process, and go on to infect other cells, repeating the cycle.;Google
Balancing selection;Balancing selection is a natural selection mechanism that maintains genetic variation within a population by favoring heterozygotes over both homozygotes. This occurs when different alleles at a locus confer distinct advantages in specific environments or under certain conditions. A classic example is sickle cell anemia, where heterozygotes exhibit resistance to malaria while homozygous individuals suffer from the disease. Balancing selection can result in stable polymorphism, where multiple alleles persist in the population due to their respective fitness benefits. This evolutionary force plays a crucial role in preserving genetic diversity and contributing to the adaptability of species.;Google
Glycosylation;Glycosylation is a fundamental post-translational modification process in which sugar molecules are attached to proteins or lipids. This enzymatic process occurs in various cellular compartments and plays a crucial role in numerous biological functions. Glycosylation can influence protein folding, stability, localization, and interactions with other molecules. It contributes to the diversity of glycoproteins and glycolipids, which are involved in cell signaling, immune responses, inflammation, and tissue development. Alterations in glycosylation patterns have been implicated in various diseases, including cancer, diabetes, and inflammatory disorders.;Google
Alpha particle;An alpha particle is a type of ionizing radiation consisting of two protons and two neutrons bound together in a particle with a +2 electric charge. It has a mass number of 4, making it relatively heavy compared to other types of radiation such as beta particles or gamma rays. Alpha particles are emitted during radioactive decay by certain unstable atomic nuclei, particularly those undergoing alpha decay. Due to their size and charge, alpha particles have a relatively short range in air and can be stopped by a sheet of paper or even the outer layer of human skin.;Google
Majorana fermion;Majorana fermions are hypothetical elementary particles that are their own antiparticles. This means a Majorana fermion is indistinguishable from its antiparticle. They are named after Italian physicist Ettore Majorana, who first proposed their existence in 1937. Unlike most known fermions, which come in particle and antiparticle pairs, Majorana fermions can exist as both simultaneously. They have no electric charge and are thought to be neutral under all known fundamental forces. Majorana fermions are of great interest in condensed matter physics because they could potentially be used to build fault-tolerant quantum computers. Their non-abelian nature allows for the creation of topological quantum bits, which are less susceptible to errors than traditional qubits.;Google
Crohn's disease;Crohn's disease is a chronic inflammatory bowel disease that can affect any part of the gastrointestinal tract from mouth to anus. It is characterized by persistent inflammation of the digestive tract lining, which leads to symptoms such as abdominal pain, diarrhea, weight loss, and fatigue. The exact cause of Crohn's disease is unknown, but it is thought to be a complex interplay of genetic predisposition, environmental factors, and immune system dysfunction. The chronic inflammation can lead to complications such as fistulas, abscesses, bowel obstruction, and malnutrition. Treatment for Crohn's disease typically involves anti-inflammatory medications, immunosuppressants, and in severe cases, surgery. There is no cure for Crohn's disease, but effective management strategies can help control symptoms and improve quality of life.;Google
Kilonova;A kilonova is a powerful astrophysical event that occurs when two neutron stars or a neutron star and a black hole merge. These mergers release immense amounts of energy in the form of electromagnetic radiation across the entire spectrum, including visible light, gamma rays, and gravitational waves. Kilonovae are characterized by their extremely luminous afterglow, which fades over several weeks to months. The intense heat and pressure generated during the merger cause the formation of heavy elements, such as gold, platinum, and uranium, which are subsequently dispersed into interstellar space. The study of kilonovae provides valuable insights into the nuclear physics of extreme environments and the origins of heavy elements in the universe.;Google
Grover's algorithm;Grover's algorithm is a quantum algorithm that solves the problem of unstructured search significantly faster than classical algorithms. It operates on a superposition of all possible solutions, allowing it to explore them simultaneously. The algorithm utilizes a quantum operation called a Grover iteration, which amplifies the probability amplitude of the desired solution. This iterative process continues until the solution is found with high probability. Grover's algorithm achieves a quadratic speedup over classical search algorithms, finding the target element in O time compared to the O time required by classical methods for searching an unstructured database of size N.;Google
Extinction;Extinction is the complete disappearance of a species from Earth. It occurs when a species can no longer survive due to various factors, such as habitat loss, climate change, disease, predation, and competition. Throughout Earth's history, numerous mass extinctions have wiped out vast numbers of species over relatively short periods. The current rate of extinction is significantly higher than the natural background rate, primarily driven by human activities. The consequences of extinction are far-reaching, impacting ecosystem stability, biodiversity, and the provision of essential services such as pollination and water purification. Understanding the causes and consequences of extinction is crucial for developing conservation strategies to protect vulnerable species and preserve Earth's biodiversity.;Google
Federated learning;Federated learning is a decentralized machine learning technique that trains an AI model across multiple devices or servers without directly sharing their raw data. Each device trains a local model on its own dataset and only shares model updates, such as gradients, with a central server. The server aggregates these updates to improve the global model, which is then disseminated back to the devices for further local training. This approach preserves user privacy by keeping sensitive data localized and reduces communication costs associated with large datasets. Federated learning has applications in areas like healthcare, finance, and mobile devices where data privacy and distributed training are crucial considerations.;Google
Isotope;Isotopes are atoms of the same element that possess the same number of protons but differ in their neutron count. This variation in neutrons leads to a difference in atomic mass for each isotope. While isotopes share chemical properties due to their identical electron configurations, their physical properties can vary significantly based on their mass. Some isotopes are stable, while others are radioactive and undergo decay, emitting particles or energy over time. Isotopes have widespread applications in various fields, including medicine, archaeology, and geology, owing to their unique characteristics.;Google
Habitable zone;The habitable zone, also known as the Goldilocks zone, is the region around a star where conditions are just right for liquid water to exist on the surface of a planet. This zone is determined by the balance between the incoming solar radiation and the planet's ability to radiate heat. Planets within the habitable zone receive enough energy from their star to keep water liquid, but not so much that it boils away. The exact location of the habitable zone varies depending on the type and size of the star. The presence of liquid water is considered essential for life as we know it, making the habitable zone a key factor in the search for extraterrestrial life.;Google
Netrin;Netrins are a family of secreted proteins that play a crucial role in axon guidance during nervous system development. These chemoattractant molecules establish attractive gradients that guide growing axons to their target destinations. Netrin signaling is mediated through two transmembrane receptors, DCC and UNC5. Binding of netrin to DCC induces intracellular signaling cascades that promote axon growth and extension towards the source of the netrin gradient. Conversely, binding to UNC5 can elicit repulsive responses, ensuring proper axonal pathfinding. Disruptions in netrin signaling have been implicated in various neurological disorders, highlighting its importance in maintaining normal neuronal connectivity.;Google
Lentivirus;Lentiviruses are a genus of retroviruses characterized by their ability to infect non-dividing cells and establish long-term, persistent infections. They belong to the family Retroviridae and possess a unique feature: they can integrate their genetic material into the host cell's DNA, leading to stable transmission of viral genes to daughter cells. This integration allows lentiviruses to persist in infected individuals for extended periods, even throughout their lifetime. Lentiviruses are known to cause various diseases in animals, including feline immunodeficiency virus and equine infectious anemia virus. A significant example is the human immunodeficiency virus, which causes acquired immunodeficiency syndrome.;Google
Causal inference;Causal inference is a branch of statistics concerned with determining cause-and-effect relationships between variables. It aims to move beyond simple correlations and establish whether one variable directly influences another. This involves identifying potential confounding factors that might distort observed associations and employing various statistical methods to isolate the causal effect. Applications of causal inference span diverse fields, including medicine, economics, social sciences, and engineering. It helps researchers draw meaningful conclusions about interventions, policies, and natural phenomena by quantifying the impact of specific actions or events.;Google
Proton therapy;Proton therapy is a form of radiotherapy that uses protons, positively charged subatomic particles, to treat cancerous tumors. Unlike conventional photon radiation therapy, which deposits energy along its entire path through tissue, proton beams deliver their maximum energy dose precisely at the tumor site, sparing healthy tissues surrounding the target. This targeted approach minimizes damage to surrounding cells and reduces side effects associated with traditional radiotherapy. Proton therapy is particularly effective for treating tumors located in delicate areas near vital organs, such as the brain, spine, eyes, and young children's bodies.;Google
Pyrolysis;Pyrolysis is a thermochemical decomposition of materials in the absence of oxygen. It involves the breakdown of complex organic molecules into simpler compounds through heating. The process typically yields char, bio-oil, and syngas. Pyrolysis finds applications in waste management, biomass conversion to fuels, and the production of valuable chemicals. Temperature and residence time are crucial factors influencing the yield and composition of pyrolysis products. The mechanism involves several steps, including dehydration, cracking, and polymerization. Pyrolysis can be carried out at various temperatures ranging from 300°C to 800°C, depending on the feedstock and desired product.;Google
Total synthesis;Total synthesis is a fundamental process in organic chemistry that involves constructing complex molecules from readily available starting materials through a series of carefully planned chemical reactions. This intricate art form requires a deep understanding of reaction mechanisms, stereochemistry, and molecular architecture to create target compounds with precise control over their structure and properties. Total synthesis has revolutionized drug discovery, material science, and the study of natural products by enabling the production of biologically active compounds, novel polymers, and complex organic structures previously inaccessible through isolation or extraction from natural sources.;Google
Neuraminidase;Neuraminidase is a type of enzyme that plays a crucial role in the life cycle of influenza viruses. This glycoprotein, typically found on the surface of infected cells, catalyzes the hydrolysis of sialic acid residues present on cell membranes and other molecules. During viral replication, neuraminidase cleaves sialic acid linkages, allowing newly assembled virus particles to detach from the host cell and infect neighboring cells. This process facilitates the spread of infection and contributes to the severity of influenza symptoms. Neuraminidase is a target for antiviral medications, as inhibiting its activity can limit viral replication and disease progression.;Google
Schwarzschild radius;The Schwarzschild radius is a theoretical limit in astrophysics representing the radius of a sphere within which a given amount of mass can be compressed to form a black hole. Named after German physicist Karl Schwarzschild, who calculated it in 1916, the radius is proportional to the mass of the object. Any object whose radius is equal to or smaller than its Schwarzschild radius will collapse under its own gravity, forming a singularity. Beyond this boundary, known as the event horizon, nothing, not even light, can escape the gravitational pull. The Schwarzschild radius serves as a crucial concept in understanding the nature and behavior of black holes.;Google
Circular economy;"The circular economy is a model of production and consumption that aims to minimize waste and maximize resource utilization. It emphasizes designing products for durability, repairability, and recyclability, promoting reuse and refurbishment of materials. In contrast to the traditional linear economy, which follows a ""take-make-dispose"" pattern, the circular economy seeks to keep materials in use for as long as possible, creating closed-loop systems where waste is minimized or eliminated. This approach offers environmental, economic, and social benefits, including reduced resource depletion, lower greenhouse gas emissions, and creation of new business opportunities.";Google
Cosmic distance ladder;"The cosmic distance ladder is a system astronomers use to determine the distances to celestial objects that are too far away to be measured directly. It relies on a series of methods, each based on increasingly distant objects and different physical phenomena. Closer objects, like nearby stars, have their distances measured using techniques like parallax. For more distant stars and galaxies, we utilize standard candles, objects with known luminosity. Cepheid variable stars and Type Ia supernovae are examples of standard candles used to measure galactic and extragalactic distances, respectively. By combining these methods, astronomers can build a ""ladder"" that extends to the most remote objects in the universe.";Google
Fracture mechanics;Fracture mechanics is a branch of materials science and engineering that studies the behavior of materials when subjected to stresses that can lead to fracture. It focuses on understanding how cracks initiate, propagate, and eventually cause failure in solid materials. Key concepts in fracture mechanics include stress intensity factors, crack growth rates, and fatigue life. This field applies to a wide range of applications, from designing aircraft structures to predicting the durability of bridges and medical implants. By analyzing the mechanisms of fracture, engineers can develop safer and more reliable designs that withstand applied loads and resist cracking.;Google
Microbiome;The microbiome refers to the vast collection of microorganisms that inhabit various ecosystems, particularly within the human body. These microbes, comprising bacteria, fungi, viruses, and archaea, play a crucial role in maintaining host health and well-being. They contribute to diverse physiological processes, including digestion, nutrient absorption, immune system development, and protection against pathogens. Variations in microbial composition and function have been linked to various diseases, highlighting the significance of understanding the intricate interactions between the microbiome and its host. Research continues to unravel the complex roles of the microbiome in health and disease, paving the way for novel therapeutic strategies targeting these microbial communities.;Google
Category theory;Category theory is a branch of mathematics that studies the relationships between mathematical structures, rather than the structures themselves. It provides a general framework for understanding concepts like functions, transformations, and composition in a unified way. At its core, category theory deals with categories, which are collections of objects and arrows between them, satisfying certain axioms. These axioms formalize the intuitive notions of function application and composition. By focusing on these relationships, category theory allows for a high level of abstraction, revealing deep connections between seemingly disparate areas of mathematics. It has proven to be a powerful tool in fields such as algebra, topology, computer science, and physics.;Google
Inflammation;Inflammation is a complex biological response of vascular tissues to harmful stimuli such as pathogens, damaged cells, or irritants. It is a protective mechanism aimed at eliminating the initial cause of cell injury, clearing out damaged cells and tissues, and initiating tissue repair. Characteristic signs of inflammation include redness, swelling, heat, pain, and loss of function. Inflammation involves a cascade of cellular and molecular events, including the release of inflammatory mediators, recruitment of immune cells to the site of injury, and activation of signaling pathways that promote tissue repair. While acute inflammation is beneficial for healing, chronic inflammation can contribute to the development of various diseases, such as autoimmune disorders, cardiovascular disease, and cancer.;Google
Luminosity;Luminosity is a fundamental concept in astrophysics, representing the total amount of energy emitted per unit time by a celestial object. It is often expressed in watts or solar luminosities, where one solar luminosity corresponds to the Sun's luminosity. Luminosity can be influenced by various factors, including a star's size, temperature, and chemical composition. Measuring an object's luminosity provides crucial insights into its energy production mechanisms, evolutionary stage, and overall properties. By comparing an object's apparent brightness with its luminosity, astronomers can determine its distance using the inverse square law.;Google
Angular momentum;Angular momentum is a fundamental physical quantity that describes the rotational inertia of an object. It is analogous to linear momentum, which describes the motion of an object in a straight line. Angular momentum depends on the object's mass distribution, its speed of rotation, and the axis of rotation. Just like linear momentum is conserved in the absence of external forces, angular momentum is also conserved in systems where no net torque acts upon them. This principle has wide-ranging applications in physics, from explaining the motion of planets and satellites to the behavior of spinning tops and gyroscopes.;Google
Inflation;Inflation is a general increase in the prices of goods and services in an economy over a period of time. It results in a decrease in the purchasing power of money, meaning that the same amount of money buys fewer goods and services than before. Inflation can be caused by various factors, including increased demand for goods and services, rising production costs, government policies, and expectations of future inflation. Economists measure inflation using indices such as the Consumer Price Index, which tracks the average change in prices paid by urban consumers for a basket of consumer goods and services. Moderate inflation is generally considered healthy for an economy, as it encourages spending and investment.;Google
Osmosis;Osmosis is the spontaneous net movement of solvent molecules through a selectively permeable membrane from a region of higher solvent concentration to a region of lower solvent concentration. This process occurs in an attempt to equalize the concentration of solutes on both sides of the membrane. The driving force behind osmosis is the difference in water potential, which reflects the tendency of water to move from areas of high potential to areas of low potential. Osmosis plays a crucial role in various biological processes, including nutrient uptake by plant roots and water regulation in animal cells. Understanding osmosis is essential for comprehending the functioning of living organisms at a cellular level.;Google
T cell;T cells are a type of white blood cell crucial for the adaptive immune system's function. Originating from hematopoietic stem cells in the bone marrow, they mature in the thymus gland, where they undergo rigorous selection processes to ensure self-tolerance and functional competence. T cells recognize specific antigens presented by antigen-presenting cells through their unique T cell receptors. Upon activation, T cells differentiate into effector subtypes with diverse roles, including cytotoxic T lymphocytes that directly kill infected or cancerous cells, helper T cells that orchestrate immune responses by secreting cytokines, and regulatory T cells that suppress immune activity to prevent autoimmunity. T cell responses are essential for eliminating pathogens, controlling infections, and mounting anti-tumor immunity.;Google
Dynamic light scattering;Dynamic light scattering is a photon correlation spectroscopy technique used to determine the size distribution of particles in a solution. It relies on the Brownian motion of these particles, which causes fluctuations in the scattered light intensity over time. These fluctuations are analyzed using autocorrelation functions to calculate the diffusion coefficient of the particles. The diffusion coefficient is then related to the particle size using Stokes-Einstein equation, providing information about the hydrodynamic radius and polydispersity index of the sample. DLS finds applications in various fields, including nanotechnology, polymer science, and pharmaceuticals, for characterizing colloids, nanoparticles, and macromolecules.;Google
Convolutional neural network;A convolutional neural network is a specialized type of artificial neural network designed primarily for processing grid-like data, such as images. CNNs utilize convolutional layers that apply learnable filters to extract features from the input data. These filters slide across the input, performing element-wise multiplications and summations to capture local patterns. Max pooling layers then downsample the feature maps, reducing their dimensionality while retaining important information. Subsequent fully connected layers process the extracted features to make predictions or classifications. CNNs have achieved remarkable success in computer vision tasks like image classification, object detection, and semantic segmentation due to their ability to learn hierarchical representations of visual data.;Google
Laser;A laser is a device that emits light through a process called stimulated emission. This differs from ordinary light sources which produce incoherent light through thermal excitation. In a laser, a population inversion is created where more atoms are in an excited state than a lower energy state. A photon stimulates an excited atom to release its stored energy as another photon with the same wavelength, phase, and direction. This cascading effect produces a highly concentrated and coherent beam of light with specific properties such as monochromaticity, directionality, and high intensity. Lasers have numerous applications in diverse fields like telecommunications, medicine, manufacturing, and scientific research.;Google
Wear;Wear is the progressive degradation of material caused by physical forces or chemical reactions. It encompasses a range of mechanisms including abrasion, corrosion, fatigue, and erosion. Abrasion involves the scratching or grinding away of material by friction against a harder surface. Corrosion refers to the deterioration of materials due to reactions with their environment, often involving oxygen, water, or acids. Fatigue is the weakening of materials under repeated stress cycles, eventually leading to fracture. Erosion involves the gradual wearing away of surfaces by the impact of solid particles or fluids. Understanding wear mechanisms is crucial for developing strategies to mitigate its effects and enhance the durability of engineered components in various applications.;Google
Neutron star;Neutron stars are incredibly dense remnants of massive stars that have undergone a supernova explosion. They are composed almost entirely of neutrons, packed together with immense pressure at the heart of the collapsed core. With diameters typically around 20 kilometers, neutron stars possess masses greater than our Sun yet are incredibly compact. Their extreme density results in gravitational forces so strong that time itself slows down near their surfaces. Neutron stars exhibit various fascinating phenomena, including rapid rotation, intense magnetic fields, and the emission of radio waves known as pulsars. Their study provides valuable insights into the fundamental properties of matter under extreme conditions.;Google
Macrophage;Macrophages are large phagocytic cells that play a crucial role in the innate immune system. Derived from monocytes, these versatile cells reside in tissues throughout the body and exhibit remarkable plasticity, adapting their functions based on environmental cues. They engulf and destroy pathogens, cellular debris, and apoptotic cells through phagocytosis. Macrophages also release cytokines and chemokines, signaling molecules that orchestrate inflammatory responses and recruit other immune cells to sites of infection or injury. Furthermore, they contribute to tissue repair, wound healing, and antigen presentation, bridging the gap between innate and adaptive immunity.;Google
Sentiment analysis;Sentiment analysis, also known as opinion mining, is a field of natural language processing that focuses on computationally identifying and categorizing opinions expressed in text data. It aims to determine the emotional tone or attitude behind written expressions, classifying them as positive, negative, or neutral. This technology leverages machine learning algorithms trained on massive datasets of labeled text to recognize patterns and relationships between words, phrases, and sentiments. Sentiment analysis has wide-ranging applications, including market research, social media monitoring, customer service analytics, and political opinion polling.;Google
Electrolysis;Electrolysis is a chemical process that uses direct electric current to drive nonspontaneous redox reactions. It involves the passage of electricity through an electrolyte solution, causing the decomposition of the substance into its constituent elements or ions. At the electrodes, oxidation and reduction reactions occur simultaneously. The anode is the electrode where oxidation takes place, while the cathode is the electrode where reduction occurs. Electrolysis finds applications in various industries, including metal extraction, electroplating, and water purification. The efficiency and products of electrolysis depend on factors such as the nature of the electrolyte, applied current, and temperature.;Google
Beta sheet;A beta sheet is a common structural motif found in proteins. It consists of polypeptide chains arranged in parallel or antiparallel fashion, connected by hydrogen bonds between the carbonyl oxygen atom of one chain and the amide hydrogen atom of another. This arrangement creates a stable, sheet-like structure that contributes to the overall stability and function of proteins. Beta sheets are commonly observed in globular proteins and fibrous proteins, such as collagen. The beta sheet structure is essential for many biological processes, including enzyme catalysis, protein binding, and cell signaling.;Google
Covalent bond;A covalent bond is a chemical bond that involves the sharing of electron pairs between atoms. This sharing allows each atom to achieve a more stable electron configuration, often resembling that of a noble gas. Covalent bonds are typically formed between nonmetals and can range in strength from weak to very strong. The strength of a covalent bond depends on factors such as the electronegativity difference between the bonded atoms and the number of shared electron pairs. Covalent compounds exhibit diverse physical properties, including varying melting points, boiling points, and solubilities, depending on the nature of the covalent bonds present within the molecule.;Google
Quantum memory;Quantum memory is a rapidly developing field in quantum information science that aims to store quantum information for extended periods. Unlike classical memory, which stores information as bits, quantum memory utilizes the principles of superposition and entanglement to encode quantum states. These fragile states are highly susceptible to environmental noise and decoherence, requiring specialized techniques for preservation. Quantum memories can be implemented using various physical systems, including trapped ions, atoms in crystals, photons stored in optical fibers, and superconducting circuits. The development of efficient and long-lived quantum memories is crucial for advancing quantum technologies such as quantum computing, quantum communication, and quantum sensing.;Google
Centrosome;The centrosome is a major microtubule-organizing center found in animal cells. It plays a crucial role in cell division by organizing and separating chromosomes during mitosis and meiosis. The centrosome consists of two centrioles, cylindrical structures composed of nine triplets of microtubules, surrounded by pericentriolar material. The PCM contains numerous proteins involved in microtubule nucleation, assembly, and regulation. During interphase, the centrosome duplicates, ensuring that each daughter cell receives one complete centrosome after cell division. Dysregulation of centrosome function can lead to abnormal cell division and contribute to cancer development.;Google
Alpha wave;Alpha waves are a type of brain wave with frequencies ranging from 8 to 13 Hertz. They are most prominent during relaxed wakefulness and drowsiness, occurring when an individual is awake but not focused on any particular task. Alpha wave activity is associated with calmness, mental clarity, and a state of mild alertness. Meditation and certain relaxation techniques can increase alpha wave production. Decreased alpha wave activity has been observed in states of anxiety, stress, and fatigue. Research suggests that alpha waves play a role in cognitive functions such as memory consolidation and creative thinking.;Google
Organ-on-a-chip;"Organ-on-a-chip is a technology that miniaturizes human organs on microfluidic chips, creating functional models of biological tissues and organ systems. These ""organ chips"" mimic the physiological environment of real organs by incorporating living cells embedded in a three-dimensional matrix and perfusing them with fluids similar to bodily fluids. Organ-on-a-chip devices allow researchers to study complex biological processes, drug interactions, and disease progression in a more realistic and controlled manner than traditional cell culture methods. This technology has the potential to revolutionize drug development, personalized medicine, and our understanding of human health.";Google
Coating;Coating is a process that involves applying a thin layer of material onto a surface to modify its properties. Coatings can be applied for various purposes, including protection, decoration, and enhancement of functionality. The choice of coating material depends on the desired outcome and the nature of the substrate. Common coating materials include metals, ceramics, polymers, and composites. Coating techniques vary widely, encompassing methods such as painting, spraying, dipping, electroplating, and sputtering. Coating science is a multidisciplinary field that draws upon principles from chemistry, physics, materials science, and engineering.;Google
Vitamin B12;Vitamin B12, also known as cobalamin, is an essential nutrient that plays a vital role in various bodily functions. It is crucial for DNA synthesis, red blood cell formation, and the nervous system. Vitamin B12 is primarily obtained through animal products such as meat, poultry, fish, eggs, and dairy. The human body cannot synthesize vitamin B12, so dietary intake is essential. A deficiency in vitamin B12 can lead to pernicious anemia, a condition characterized by fatigue, weakness, and neurological symptoms.;Google
Supramolecular polymer;Supramolecular polymers are macromolecular assemblies formed non-covalently through reversible interactions between individual monomeric units. These interactions include hydrogen bonding, van der Waals forces, ionic interactions, and hydrophobic effects. Unlike conventional polymers, which rely on covalent bonds for chain formation, supramolecular polymers exhibit dynamic and self-healing properties due to the reversible nature of their intermolecular interactions. This unique characteristic allows for tunable properties and adaptable structures depending on environmental stimuli. Supramolecular polymers find applications in diverse fields such as drug delivery, sensing, and materials science owing to their self-assembly capabilities, responsiveness to external cues, and biocompatibility.;Google
Proteomics;Proteomics is the large-scale study of proteins, encompassing their structure, function, interactions, and modifications within biological systems. It complements genomics by focusing on the functional aspects of the genome, analyzing the complete set of proteins expressed by an organism, cell, or tissue at a specific time under defined conditions. Proteomic techniques involve separation, identification, quantification, and characterization of proteins using sophisticated analytical methods such as mass spectrometry and two-dimensional gel electrophoresis. Understanding proteomes provides insights into cellular processes, disease mechanisms, and drug targets. Applications of proteomics range from biomarker discovery for diagnostics to the development of personalized medicine strategies. Its interdisciplinary nature integrates biology, chemistry, computer science, and bioinformatics to unravel the complexities of the proteome.;Google
Amphiphile;Amphiphilic molecules are characterized by possessing both hydrophilic and hydrophobic regions within their structure. This dual nature arises from the presence of polar groups that attract water molecules and nonpolar groups that repel them. This unique property allows amphiphilic molecules to self-assemble into various structures, such as micelles, bilayers, and vesicles, in aqueous environments. These aggregates play crucial roles in biological systems, including membrane formation, lipid transport, and enzymatic reactions. Synthetic amphiphilic molecules find widespread applications in diverse fields, including cosmetics, pharmaceuticals, and nanotechnology.;Google
Chronoamperometry;Chronoamperometry is an electrochemical technique that measures the current response of an electrode as a function of time at a constant applied potential. It involves applying a fixed potential to the working electrode and recording the resulting current over time. This method provides information about the kinetics of electron transfer reactions, mass transport processes, and the characteristics of electroactive species in solution. Chronoamperometric data can be analyzed to determine parameters such as reaction rates, diffusion coefficients, and surface area. It finds applications in various fields, including electrochemistry, materials science, and analytical chemistry.;Google
Symbiosis;"Symbiosis is a close and often long-term interaction between two different biological species. This relationship can be beneficial, harmful, or neutral for one or both of the involved organisms. Symbiotic relationships are classified into three main categories: mutualism, where both species benefit; commensalism, where one species benefits and the other is neither harmed nor helped; and parasitism, where one species benefits at the expense of the other. Symbiosis plays a crucial role in ecosystems, influencing biodiversity, nutrient cycling, and evolutionary processes. Examples of symbiotic relationships are abundant in nature, ranging from the mutualistic partnership between bees and flowering plants to the parasitic relationship between tapeworms and their hosts.";Google
Reciprocal altruism;Reciprocal altruism is a concept in evolutionary biology that explains how seemingly selfless acts can be advantageous to individuals. It proposes that organisms may cooperate and help others with the expectation that those favors will be returned in the future. This behavior is particularly beneficial when interactions between individuals are repeated, allowing for the establishment of trust and long-term reciprocal relationships. Reciprocal altruism has been observed in a wide range of species, from primates to insects, and plays a crucial role in the development of social structures and cooperation within populations.;Google
Poisson's ratio;Poisson's ratio is a dimensionless material property that measures the extent to which a solid deforms in one direction when subjected to stress in another direction. It describes the relationship between lateral strain and axial strain. When a material is stretched or compressed, it tends to contract or expand perpendicular to the direction of the applied force. Poisson's ratio quantifies this effect. A positive Poisson's ratio indicates that the material contracts in the transverse direction when subjected to tension, while a negative ratio implies expansion. Most materials have a Poisson's ratio between 0 and 0.5, although some special materials may exhibit values outside this range. The value of Poisson's ratio depends on the material's internal structure, bonding, and crystallographic arrangement.;Google
Keratinocyte;Keratinocytes are the predominant cell type found in the epidermis, the outermost layer of skin. These epithelial cells are responsible for producing keratin, a fibrous structural protein that provides strength, flexibility, and protection to the skin. Throughout their lifecycle, keratinocytes undergo differentiation, a process where they gradually lose their nuclei and accumulate keratin, ultimately forming the tough outer layer of the epidermis known as the stratum corneum. This continuous shedding and renewal of keratinocytes is essential for maintaining the integrity and barrier function of the skin against external threats such as pathogens, UV radiation, and mechanical injury.;Google
Zeolite;Zeolites are a class of microporous, aluminosilicate minerals characterized by their three-dimensional framework structures containing interconnected cages and channels. These structures give rise to their remarkable ion exchange, adsorption, and catalytic properties. Formed both naturally and synthetically, zeolites find applications in various fields, including catalysis, water purification, and as molecular sieves. Their unique pore sizes allow them to selectively adsorb molecules of specific dimensions, making them valuable in separating and purifying substances. Zeolite's ability to exchange cations with external solutions makes them useful in softening hard water and removing pollutants from wastewater.;Google
Two-dimensional electron gas;A two-dimensional electron gas is a system of electrons confined to move within a two-dimensional plane. This unique arrangement occurs when electrons are trapped at interfaces between dissimilar materials or in thin layers due to quantum mechanical effects. 2DEGs exhibit remarkable properties distinct from their three-dimensional counterparts, such as enhanced electrical conductivity and unusual collective behavior. Their high mobility and sensitivity to external stimuli make them invaluable for developing advanced electronic devices and exploring fundamental physics concepts. Applications of 2DEGs include high-speed transistors, sensitive detectors, and quantum computing platforms. The study of 2DEGs continues to push the boundaries of condensed matter physics and materials science.;Google
Pauli exclusion principle;The Pauli exclusion principle is a fundamental principle in quantum mechanics that governs the behavior of fermions, particles with half-integer spin. It states that no two identical fermions can occupy the same quantum state simultaneously. This means that each fermion must have a unique set of quantum numbers, which describe its energy, momentum, and other properties. The Pauli exclusion principle has profound implications for the structure of matter, as it prevents electrons from collapsing into the nucleus of an atom. It also plays a crucial role in understanding the behavior of stars, white dwarfs, and neutron stars.;Google
Monomer;"A monomer is a molecule that can bind to other identical molecules to form a polymer. Monomers are the building blocks of larger macromolecules, such as proteins, carbohydrates, lipids, and nucleic acids. The term ""monomer"" comes from the Greek words ""monos,"" meaning ""single,"" and ""meros,"" meaning ""part."" The process of joining monomers together is called polymerization. Polymerization can occur through various mechanisms, including condensation reactions, where a water molecule is released with each bond formation, or addition reactions, where monomers add to a growing chain without losing any atoms.";Google
Prosthetic group;A prosthetic group is a non-protein chemical compound that is tightly bound to a protein molecule, contributing to the protein's function. These groups are essential for the biological activity of many enzymes and other proteins. Prosthetic groups can be organic or inorganic molecules and often act as cofactors, facilitating specific chemical reactions catalyzed by the protein. Examples include heme in hemoglobin, which binds oxygen, and vitamins acting as coenzymes in metabolic processes. The binding of a prosthetic group to a protein is usually covalent or ionic, ensuring stability and specificity within the protein complex.;Google
Rotaxane;"A rotaxane is a type of mechanically interlocked molecular structure consisting of two or more cyclic components, known as rings, threaded onto a linear polymeric axle. The term ""rotaxane"" derives from the Latin words ""rota"" and ""ax"". This intricate arrangement is stabilized by non-covalent interactions, such as hydrogen bonding, van der Waals forces, or π-π stacking, between the rings and the axle. Rotaxanes exhibit unique properties due to their dynamic nature, allowing for controlled ring motion along the axle, which can be triggered by external stimuli like temperature or light. Their ability to encapsulate guest molecules within their cavities makes them valuable in applications such as molecular machines, sensors, and drug delivery systems.";Google
Boundary layer;A boundary layer is a thin layer of fluid that exists adjacent to a solid surface in relative motion. Within this layer, viscous forces dominate, causing velocity gradients and significant changes in flow characteristics compared to the free stream flowing over it. The thickness of the boundary layer depends on factors such as fluid viscosity, velocity, and surface roughness. Understanding boundary layers is crucial in various fields like aerodynamics, heat transfer, and meteorology, as they significantly influence drag, friction, and temperature distributions.;Google
Contrast agent;Contrast agents are substances used in medical imaging to enhance the visibility of specific structures or tissues. They work by altering the attenuation of X-rays, magnetic fields, or sound waves, allowing for clearer differentiation between different parts of the body. Contrast agents can be administered intravenously, orally, or topically, depending on the desired area of visualization. Common types include iodinated compounds for X-ray imaging, gadolinium-based complexes for MRI, and ultrasound contrast agents containing microbubbles. The choice of contrast agent depends on the specific diagnostic procedure and individual patient factors. Side effects can range from mild allergic reactions to more serious complications, necessitating careful monitoring during administration.;Google
Quantum well;A quantum well is a thin layer of semiconductor material sandwiched between two thicker layers of a different semiconductor material with a larger band gap. This confinement creates quantized energy levels for electrons within the well, similar to how electrons in an atom are confined to specific energy levels. The width of the well determines the spacing between these energy levels. Quantum wells exhibit unique optical and electrical properties due to these quantized energy states. They find applications in optoelectronic devices such as lasers, LEDs, and solar cells because they can efficiently emit or absorb light at specific wavelengths determined by the well's dimensions.;Google
Biotin;Biotin, also known as vitamin B7, is an essential nutrient that plays a crucial role in various metabolic processes within the body. It functions as a coenzyme for carboxylase enzymes, which are involved in the metabolism of carbohydrates, fats, and proteins. Biotin deficiency can lead to a range of symptoms, including hair loss, brittle nails, skin rash, and neurological problems. Dietary sources of biotin include eggs, nuts, seeds, legumes, and whole grains. The recommended daily intake of biotin varies depending on age and gender. Supplementation with biotin is generally safe for most individuals when taken within the recommended dosage.;Google
Riemannian geometry;Riemannian geometry is a branch of differential geometry that studies manifolds equipped with a Riemannian metric. A Riemannian metric allows us to measure distances and angles on the manifold, generalizing Euclidean geometry from flat spaces to curved ones. This concept plays a crucial role in understanding the shape and curvature of space-time in Einstein's theory of general relativity. Riemannian geometry has applications in various fields, including physics, computer science, and engineering. The study of geodesics, which are the shortest paths between points on a manifold, is fundamental to Riemannian geometry.;Google
Immune system;The immune system is a complex network of cells, tissues, and organs that work together to defend the body against harmful pathogens such as bacteria, viruses, fungi, and parasites. It also plays a crucial role in recognizing and eliminating abnormal or damaged cells, such as cancer cells. The immune response involves a series of coordinated steps, including recognition of the pathogen, activation of immune cells, attack and destruction of the pathogen, and memory formation to provide long-term protection against future infections. There are two main branches of the immune system: innate immunity, which provides a rapid and non-specific defense, and adaptive immunity, which develops over time and targets specific pathogens.;Google
Electrochemistry;Electrochemistry is the branch of chemistry that studies the relationship between chemical reactions and electrical energy. It encompasses the study of electrochemical cells, which are devices that convert chemical energy into electrical energy or vice versa. Electrochemical cells consist of two electrodes immersed in an electrolyte solution, allowing for the flow of electrons between them. Oxidation occurs at the anode, where electrons are lost, while reduction takes place at the cathode, where electrons are gained. The difference in electrochemical potential between the two electrodes drives the electron flow, generating an electrical current. Electrochemistry has wide-ranging applications, including batteries, fuel cells, corrosion protection, electroplating, and analytical chemistry.;Google
Metalloprotein;Metalloproteins are proteins that contain metal ions in their structures. These metal ions, often transition metals, play crucial roles in the protein's function, acting as cofactors or prosthetic groups. Metalloproteins exhibit a wide range of biological activities, including catalysis, oxygen transport, electron transfer, and signal transduction. Examples of metalloproteins include hemoglobin, which carries oxygen in blood, and cytochrome c oxidase, involved in cellular respiration. The specific metal ion present and its coordination environment within the protein determine its unique function.;Google
Efflux pump;Efflux pumps are transmembrane proteins found in bacteria, fungi, and some plants that actively transport molecules out of the cell. These pumps play a crucial role in resistance to antibiotics, disinfectants, and other toxic compounds by removing them from the intracellular environment before they can exert their effects. They typically consist of multiple protein subunits that work together to recognize and expel a wide range of substrates. Efflux pump overexpression or mutations leading to increased activity are common mechanisms of antimicrobial resistance, posing a significant challenge in treating infections. Their broad substrate specificity allows them to contribute to resistance against diverse drugs, making efflux pumps a key target for novel therapeutic strategies aimed at overcoming drug resistance.;Google
Synthetic biology;Synthetic biology is a multidisciplinary field that applies engineering principles to biological systems. It aims to design and construct novel biological parts, devices, and systems with predefined functions, often inspired by natural processes. Scientists in this field utilize DNA sequencing, gene editing, and computational modeling to manipulate and reprogram cellular components. Synthetic biology has applications in diverse areas such as medicine, agriculture, energy production, and environmental remediation. By creating artificial biological circuits and networks, researchers seek to address global challenges and develop sustainable solutions.;Google
Signal processing;Signal processing is a multidisciplinary field concerned with the analysis, manipulation, and synthesis of signals. Signals are typically represented as functions of time or frequency and encompass various types, including audio, video, images, and sensor data. The primary objectives in signal processing include extracting meaningful information from signals, removing noise and distortions, compressing data for efficient transmission, and generating desired outputs. A wide range of mathematical tools, algorithms, and computational techniques are employed in signal processing, encompassing linear filtering, Fourier analysis, digital signal processing, wavelet analysis, and adaptive signal processing. Applications of signal processing are ubiquitous across diverse fields such as telecommunications, audio and video engineering, biomedical engineering, radar and sonar systems, and data analytics.;Google
Anti-inflammatory;Inflammation is a complex biological response to harmful stimuli, such as pathogens, damaged cells, or irritants. It is characterized by redness, swelling, pain, heat, and loss of function. Anti-inflammatory agents are substances that reduce or suppress this inflammatory response. They work by inhibiting the production or action of pro-inflammatory mediators, such as cytokines, chemokines, and prostaglandins. Anti-inflammatory drugs can be categorized into nonsteroidal anti-inflammatory drugs and corticosteroids. NSAIDs, like ibuprofen and aspirin, block the enzyme cyclooxygenase, which is involved in prostaglandin synthesis. Corticosteroids, such as prednisone, exert their effects by binding to glucocorticoid receptors, modulating gene expression and suppressing inflammation.;Google
Prospect theory;Prospect theory is a behavioral economic theory that describes how individuals make decisions under conditions of risk and uncertainty. Developed by Daniel Kahneman and Amos Tversky in 1979, it posits that people evaluate potential outcomes based on perceived gains and losses rather than absolute wealth changes. The theory highlights several key concepts, including loss aversion, where the pain of a loss is felt more strongly than the pleasure of an equivalent gain, and diminishing sensitivity, where individuals are less sensitive to changes in wealth as their overall wealth increases. Prospect theory has had a significant impact on various fields, including finance, psychology, and marketing, by providing insights into how people's irrational decision-making can deviate from traditional economic models.;Google
Paxos;Paxos is a computer science algorithm that provides a solution to the consensus problem in distributed systems. It enables a group of computers to reach agreement on a single value even if some nodes fail. Paxos operates by proposing, accepting, and learning values through a series of messages exchanged between nodes. The algorithm ensures that all participating nodes eventually agree on the same value, guaranteeing consistency in distributed applications. Paxos has been widely studied and implemented in various systems, including cloud storage, distributed databases, and consensus-based protocols. Despite its complexity, Paxos provides a robust foundation for achieving reliable consensus in the face of network partitions and node failures.;Google
Steel;Steel is a prominent alloy primarily composed of iron and carbon, with varying amounts of other elements for enhanced properties. Its production involves smelting iron ore in blast furnaces to create pig iron, which undergoes refining processes like basic oxygen steelmaking or electric arc furnace steelmaking. The addition of carbon, typically less than 2%, imparts hardness and strength to iron. Further alloying with elements like manganese, chromium, nickel, and molybdenum enhances specific characteristics such as corrosion resistance, heat resistance, or wear resistance. Steel's versatility and durability have made it a fundamental material in construction, manufacturing, transportation, and countless other industries.;Google
Epidemic;An epidemic is a widespread occurrence of infectious disease within a population over a relatively short period. It surpasses the usual or expected number of cases in a particular geographic area and can potentially spread rapidly. Epidemics are often caused by pathogens, such as viruses, bacteria, or parasites, that are highly contagious and can be transmitted through various routes like airborne particles, contaminated food or water, or direct contact with infected individuals. Public health authorities monitor disease outbreaks to track their progression, identify the causative agent, and implement control measures to prevent further spread and mitigate its impact on public health.;Google
Stainless steel;Stainless steel is a group of iron-based alloys characterized by their high chromium content, typically greater than 10.5%. This chromium content forms a passive oxide layer on the steel's surface, providing exceptional resistance to corrosion and oxidation. Stainless steels are also known for their strength, durability, and aesthetic appeal. They find widespread applications in various industries, including construction, food processing, healthcare, and aerospace, due to their versatile properties. The addition of other elements like nickel, molybdenum, nitrogen, and manganese enhances specific characteristics such as corrosion resistance, heat resistance, and formability.;Google
Pepsin;Pepsin is a digestive enzyme that plays a crucial role in protein digestion. It is secreted by chief cells in the stomach lining as an inactive precursor called pepsinogen. The acidic environment of the stomach activates pepsinogen into its active form, pepsin. Pepsin functions optimally at low pH levels and initiates the breakdown of proteins into smaller peptides. These peptides are further digested by other enzymes in the small intestine. Pepsin's specificity for peptide bonds adjacent to aromatic amino acids makes it a key player in protein hydrolysis within the digestive system.;Google
Hemagglutinin;Hemagglutinin is a glycoprotein found on the surface of influenza viruses. It plays a crucial role in the viral infection process by binding to sialic acid receptors present on host cell surfaces. This binding facilitates the entry of the virus into the host cell, enabling replication and the spread of infection. Hemagglutinin exhibits antigenic variation, meaning its structure can change over time, leading to the emergence of new influenza strains that may evade existing immunity. The variability of hemagglutinin is a significant factor contributing to the recurring nature of influenza epidemics and pandemics. Scientists closely monitor hemagglutinin changes to develop effective vaccines and antiviral therapies targeting this essential viral protein.;Google
Redshift;Redshift is the phenomenon where light from distant astronomical objects appears shifted towards longer wavelengths, specifically towards the red end of the electromagnetic spectrum. This shift occurs due to the Doppler effect, which causes a change in wavelength when the source of light and the observer are moving relative to each other. In the case of redshift, the observed light is stretched because the emitting object is moving away from the observer. This expansion of spacetime, leading to the observation of redshift, is one of the key pieces of evidence for the Big Bang theory.;Google
Thin film;A thin film is a layer of material with thickness ranging from nanometers to micrometers. Thin films possess unique properties distinct from their bulk counterparts due to quantum confinement and surface effects. These properties include altered optical, electrical, magnetic, and mechanical characteristics. Thin films are fabricated through various deposition techniques such as sputtering, evaporation, chemical vapor deposition, and atomic layer deposition. Applications of thin films are widespread, encompassing semiconductors in electronic devices, anti-reflective coatings on lenses, decorative layers in jewelry, and protective coatings in aerospace. The versatility of thin films arises from their tunable properties and ability to be deposited on diverse substrates.;Google
Binary search;Binary search is an efficient algorithm for finding a target value within a sorted dataset. It operates by repeatedly dividing the search interval in half. At each step, the algorithm compares the target value to the middle element of the current interval. If they match, the search is successful. If the target value is less than the middle element, the search continues in the left half of the interval. Conversely, if the target value is greater, the search proceeds in the right half. This process is repeated until the target value is found or the search interval is empty, indicating that the value is not present in the dataset.;Google
Dopamine;Dopamine is a neurotransmitter, a chemical messenger that transmits signals between nerve cells in the brain and body. It plays a crucial role in various physiological functions, including reward, motivation, pleasure, movement, attention, and learning. Dopamine signaling is associated with feelings of happiness, satisfaction, and euphoria when triggered by pleasurable experiences or activities. Dysregulation of dopamine pathways has been implicated in several neurological and psychiatric disorders, such as Parkinson's disease, addiction, schizophrenia, and depression. Pharmacological interventions often target dopamine receptors to treat these conditions.;Google
Elimination reaction;Elimination reactions are organic chemical reactions that involve the removal of atoms or groups from adjacent carbon atoms in a molecule, resulting in the formation of a double or triple bond. These reactions typically proceed through an E1 or E2 mechanism. In E1 reactions, the leaving group departs first, forming a carbocation intermediate, followed by deprotonation to form the double bond. E2 reactions involve simultaneous removal of the leaving group and a proton, concerted with the formation of the new bond. Elimination reactions are widely used in organic synthesis for creating unsaturated compounds. They are often competing with substitution reactions under similar conditions.;Google
Connectome;The connectome is a comprehensive map of neural connections in the brain. It details the intricate web of synapses, the junctions between neurons where signals are transmitted. Understanding the connectome aims to unravel how information flows through the brain, contributing to our understanding of cognition, behavior, and neurological disorders. Mapping the connectome is a complex undertaking requiring advanced imaging techniques and computational analysis. Progress in this field has unveiled key organizational principles of neural circuits and provided insights into the functional specialization of brain regions. The connectome holds immense potential for personalized medicine, allowing for tailored treatments based on an individual's unique brain wiring.;Google
Regulatory T cell;Regulatory T cells, also known as Tregs, are a specialized subset of T lymphocytes that play a crucial role in immune regulation and homeostasis. They suppress the activation and proliferation of other immune cells, preventing excessive or inappropriate immune responses. Tregs express a unique transcription factor called Foxp3, which is essential for their development and function. They exert their regulatory effects through various mechanisms, including direct cell-to-cell contact, cytokine secretion, and metabolic disruption. Defects in Treg function can contribute to autoimmune diseases, while their therapeutic manipulation holds promise for treating inflammatory disorders and transplant rejection.;Google
Liquid biopsy;Liquid biopsy is a minimally invasive diagnostic technique that analyzes biological fluids, primarily blood, for biomarkers indicative of disease. These biomarkers can include circulating tumor cells, cell-free DNA, and extracellular vesicles. Liquid biopsies provide real-time information about a patient's disease status, enabling personalized treatment strategies and monitoring treatment response. They offer advantages over traditional tissue biopsies, such as reduced invasiveness, ease of repeat sampling, and the potential for early detection of cancer and other diseases. Research is ongoing to expand the applications of liquid biopsies in various fields, including oncology, cardiology, and neurology. Liquid biopsy holds promise for revolutionizing disease diagnosis and management by providing a dynamic and comprehensive view of a patient's health.;Google
X-ray;X-rays are a form of electromagnetic radiation with wavelengths shorter than ultraviolet light but longer than gamma rays. They were discovered in 1895 by Wilhelm Conrad Röntgen and are characterized by their ability to penetrate matter, making them useful for medical imaging and other applications. X-ray generation involves accelerating electrons to high speeds and then abruptly stopping them, releasing energy as photons with characteristic x-ray wavelengths. The interaction of X-rays with matter depends on the density and atomic number of the material, leading to variations in absorption and transmission. This principle is exploited in medical imaging techniques like radiography and computed tomography, where differences in X-ray absorption create images of internal structures.;Google
Porphyrin;Porphyrins are a class of macrocyclic organic compounds characterized by their planar structures containing four pyrrole rings linked together by methine bridges. These molecules possess a characteristic porphyrin ring system with a central metal ion often found coordinated within the cavity. Porphyrins play crucial roles in various biological systems, notably as the prosthetic groups in heme and chlorophyll. Heme is essential for oxygen transport in hemoglobin and myoglobin, while chlorophyll is vital for photosynthesis in plants and other photosynthetic organisms. Synthetic porphyrins have diverse applications, including catalysis, photodynamic therapy, and sensing.;Google
Horizontal gene transfer;Horizontal gene transfer, also known as lateral gene transfer, is the movement of genetic material between organisms that are not directly related by descent. Unlike vertical gene transfer, which occurs from parent to offspring, HGT allows for the acquisition of new traits and genetic diversity within populations. This process can occur through various mechanisms, including transformation, transduction, and conjugation. HGT plays a crucial role in bacterial evolution, allowing for the rapid spread of antibiotic resistance genes and other beneficial traits. It also contributes to the diversity and adaptation of eukaryotic organisms, particularly in symbiotic relationships.;Google
Default mode network;The default mode network is a large-scale brain network that shows increased activity when an individual is not focused on any particular task, such as during daydreaming, mind-wandering, or resting. It encompasses several interconnected regions across both cerebral hemispheres, including the medial prefrontal cortex, posterior cingulate cortex, and angular gyrus. The DMN is thought to be involved in a variety of cognitive functions, such as self-reflection, social cognition, memory retrieval, and future planning. Research suggests that the DMN plays a crucial role in integrating information from different brain regions and constructing a coherent sense of self and the world around us. Dysregulation of the DMN has been implicated in various neurological and psychiatric disorders, including Alzheimer's disease, depression, and anxiety.;Google
Enzyme;Enzymes are biological catalysts, typically proteins, that accelerate biochemical reactions within living organisms. They possess highly specific active sites that bind to reactant molecules known as substrates, forming enzyme-substrate complexes. This binding facilitates the formation of products by lowering the activation energy required for the reaction to proceed. Enzymes exhibit remarkable efficiency and specificity, enabling a vast array of metabolic processes essential for life. Factors such as temperature, pH, and substrate concentration can influence enzyme activity. Enzymes play crucial roles in diverse biological functions, including digestion, metabolism, DNA replication, and signal transduction.;Google
Wind turbine;Wind turbines are devices that convert kinetic energy from wind into electrical energy. They utilize aerodynamic principles to capture wind power and drive a generator, producing electricity. The rotating blades of a wind turbine act as airfoils, similar to airplane wings, generating lift when wind passes over them. This rotation powers a shaft connected to a generator, which produces electricity. Wind turbines can be classified by their size, type, and placement, ranging from small residential units to massive offshore installations. Wind energy is a renewable and sustainable source of power, contributing to clean energy generation and reducing reliance on fossil fuels.;Google
Younger Dryas;The Younger Dryas was a period of rapid climate change that occurred roughly between 12,900 and 11,700 years ago, marking the end of the last glacial period. During this time, global temperatures dropped significantly, returning to conditions similar to the last glacial maximum. This cooling event interrupted the warming trend that had been occurring since the ice age and disrupted ecosystems worldwide. The Younger Dryas is believed to have been triggered by a large influx of cold water from the North Atlantic Ocean into the Labrador Sea, potentially caused by disruptions in ocean currents or a massive meteorite impact.;Google
Partial correlation;Partial correlation is a statistical method used to measure the association between two variables while controlling for the influence of one or more other variables. It quantifies the linear relationship between two variables after removing the effects of these additional variables, known as confounders. Partial correlations are particularly useful when studying relationships between variables that may be influenced by unobserved factors or when there is a concern about spurious associations due to confounding variables. They provide a more precise estimate of the true association between two variables compared to simple correlation, which does not account for potential confounds. The calculation of partial correlation involves using regression analysis techniques to adjust for the effects of the controlling variables.;Google
Chromatic aberration;Chromatic aberration is a common optical defect that occurs when different wavelengths of light are refracted at slightly different angles through a lens. This results in the image being dispersed into its constituent colors, causing colored fringes to appear around objects or along edges. The severity of chromatic aberration depends on the design and material of the lens as well as the wavelength of light being focused. It is particularly noticeable in lenses with simpler designs and can be mitigated through the use of multiple lens elements with different refractive indices or by incorporating specialized coatings designed to compensate for color dispersion.;Google
Subunit vaccine;A subunit vaccine is a type of vaccine that uses only specific pieces of a pathogen, such as proteins, carbohydrates, or toxins, to trigger an immune response. Unlike whole-attenuated or inactivated vaccines, subunit vaccines do not contain the entire pathogen, minimizing the risk of causing illness. These purified antigens are often produced using recombinant DNA technology, allowing for precise control over the antigen composition. Subunit vaccines can be effective against a wide range of infectious diseases and offer advantages such as safety and stability.;Google
Epigenetics;Epigenetics is the study of heritable changes in gene expression that occur without alterations to the underlying DNA sequence. These modifications can influence how genes are turned on or off, affecting an organism's traits and development. Epigenetic mechanisms include DNA methylation, histone modification, and non-coding RNA regulation. Environmental factors such as diet, stress, and exposure to toxins can influence epigenetic marks, contributing to disease susceptibility and phenotypic variation. Epigenetic changes play a crucial role in cellular differentiation, developmental processes, and the response to environmental cues. Understanding epigenetics has broad implications for healthcare, agriculture, and evolutionary biology.;Google
Basophil;Basophils are a type of white blood cell that plays a crucial role in the immune response. They constitute about 0.5% to 1% of circulating white blood cells and are characterized by their large, dark-staining granules. Basophils contain histamine, heparin, and other inflammatory mediators. These mediators are released upon stimulation by allergens, parasites, or inflammatory signals. Histamine causes vasodilation and increased vascular permeability, contributing to allergic reactions and inflammation. Heparin acts as an anticoagulant, preventing blood clot formation. Basophils also participate in the immune response against parasitic infections by releasing cytotoxic granules that damage parasites.;Google
X-ray crystallography;X-ray crystallography is a powerful technique used to determine the three-dimensional structure of molecules. It relies on the diffraction pattern produced when X-rays are shone through a crystal of the molecule of interest. The diffraction pattern acts like a fingerprint, revealing the positions of atoms within the crystal lattice. By analyzing this pattern, scientists can build a detailed model of the molecule's structure, including the arrangement of its atoms and their bonds. X-ray crystallography has been instrumental in advancing our understanding of biological macromolecules such as proteins and DNA, as well as materials science and pharmaceuticals.;Google
Sharpless epoxidation;The Sharpless epoxidation is a highly enantioselective chemical reaction that converts allylic alcohols into chiral epoxides. This reaction utilizes a titanium catalyst complexed with diethyl tartrate as a chiral ligand, which directs the insertion of an oxygen atom across the double bond to form the epoxide with high stereoselectivity. The Sharpless epoxidation is widely used in organic synthesis for the preparation of enantiomerically pure compounds, particularly in the pharmaceutical and agrochemical industries. Its selectivity stems from the intricate interaction between the chiral catalyst and the allylic alcohol substrate, leading to a preferential formation of one enantiomer over the other.;Google
Computational fluid dynamics;Computational fluid dynamics is a branch of fluid mechanics that uses numerical analysis and algorithms to solve and analyze problems involving fluid flows. It leverages computer simulations to model complex fluid behaviors, considering factors such as viscosity, density, pressure, and temperature. CFD applications span various fields, including aerospace engineering, automotive design, weather forecasting, and biomedical engineering. By simulating fluid flow patterns, engineers and scientists can optimize designs, predict performance, and gain insights into intricate fluid phenomena that are difficult to study experimentally. CFD simulations rely on fundamental equations governing fluid motion, such as the Navier-Stokes equations, which are discretized and solved iteratively using numerical methods.;Google
Coronal mass ejection;A coronal mass ejection is a massive expulsion of plasma and magnetic field from the Sun's corona. These events are often associated with solar flares and occur when magnetic fields within the Sun become unstable and release their energy. CMEs travel outward at speeds ranging from hundreds to thousands of kilometers per second, carrying billions of tons of material into space. When a CME interacts with Earth's magnetosphere, it can cause geomagnetic storms, which disrupt power grids, satellite communications, and navigation systems. The study of CMEs is crucial for understanding the Sun's activity and its impact on Earth. Researchers use various space-based observatories to monitor these events and predict their potential effects.;Google
Optical rotation;Optical rotation is the phenomenon where certain materials interact with polarized light by rotating the plane of polarization. This occurs when a material possesses chirality, meaning it exists in non-superimposable mirror images. Molecules exhibiting chirality are called enantiomers and rotate the plane of polarized light in opposite directions. The amount of rotation is measured in degrees and depends on factors such as the concentration of the material, the path length of the light beam, and the wavelength of light used. Optical rotation is a valuable tool in chemistry for identifying and characterizing chiral molecules, determining their purity, and studying their interactions with other molecules.;Google
Group theory;Group theory is a branch of abstract algebra that studies algebraic structures called groups. A group is a set equipped with a binary operation that combines any two elements to produce a third element within the same set, satisfying certain axioms: closure, associativity, existence of an identity element, and existence of inverses for each element. These axioms impose a powerful structure on sets, allowing mathematicians to analyze symmetry and transformations in various fields. Group theory has applications in diverse areas such as physics, chemistry, computer science, and cryptography. It provides tools for understanding symmetries in molecules, analyzing the behavior of physical systems, designing encryption algorithms, and solving mathematical problems involving permutations and transformations.;Google
Mass spectrometry;Mass spectrometry is an analytical technique that measures the mass-to-charge ratio of ions to identify and quantify them. It involves ionizing a sample, separating ions based on their m/z values, and detecting the resulting signal. The process provides information about the molecular weight, structure, and abundance of different components in a mixture. Mass spectrometry has widespread applications in various fields, including chemistry, biology, medicine, forensics, and environmental science. It is used for analyzing proteins, peptides, drugs, metabolites, pollutants, and other substances.;Google
Contact mechanics;Contact mechanics is a branch of physics that deals with the interaction of solid bodies in contact. It studies the forces, stresses, and deformations that arise when two surfaces come into contact, considering factors such as surface roughness, material properties, and applied loads. Key concepts in contact mechanics include Hertzian contact theory, which describes the deformation of elastic materials under point loads, and friction, the resistance to motion between contacting surfaces. Applications of contact mechanics are widespread, encompassing fields such as tribology, mechanical engineering, geomechanics, and biomechanics.;Google
Isostasy;Isostasy is a principle in geology that describes the state of gravitational equilibrium between the Earth's lithosphere and the underlying asthenosphere. It states that the lithosphere floats atop the denser asthenosphere, much like an ice cube floats on water. The thickness and density of the lithosphere influence its buoyancy and determine how it responds to changes in weight. When a load is added to the lithosphere, such as by mountain building or glacial ice accumulation, the crust sinks deeper into the asthenosphere. Conversely, when the load is removed, the crust rebounds upwards. This process of adjustment to gravitational balance is known as isostatic rebound.;Google
Singular value decomposition;Singular Value Decomposition is a fundamental matrix factorization technique in linear algebra. It decomposes any real or complex matrix A into three matrices: U, Σ, and V*. U and V* are unitary matrices, meaning their inverses are equal to their conjugates. Σ is a diagonal matrix containing the singular values of A, which are non-negative real numbers. The SVD can be expressed as A = UΣV*, where the columns of U form an orthonormal basis for the range of A, and the columns of V* form an orthonormal basis for the range of A's transpose. SVD has numerous applications in various fields, including dimensionality reduction, noise removal, recommender systems, and image compression.;Google
Gasification;Gasification is a thermochemical process that converts carbonaceous materials into a combustible gas mixture called syngas. This process occurs in a reactor vessel known as a gasifier at high temperatures and in the presence of a controlled amount of oxygen or air. During gasification, the feedstock undergoes partial combustion and thermal decomposition, resulting in the production of syngas primarily composed of carbon monoxide, hydrogen, and small amounts of methane. Syngas can be further processed to produce electricity, fuels, chemicals, and other valuable products.;Google
Chain reaction;A chain reaction is a sequence of events where each event triggers the next, resulting in an exponential increase in the number of occurrences. This concept is fundamental to many physical and chemical processes. In nuclear fission, a neutron strikes a uranium atom, causing it to split and release more neutrons, which in turn strike other atoms, creating a self-sustaining reaction. Similarly, in combustion, the heat from burning fuel ignites more fuel molecules, propagating the fire. Chain reactions can be controlled or uncontrolled, with the latter leading to explosive events like nuclear bombs or wildfires. Understanding chain reactions is crucial for controlling and harnessing these powerful phenomena.;Google
DNA virus;DNA viruses are a large group of viruses that utilize DNA as their genetic material. These viruses encompass a wide range of structures and replication strategies, infecting various organisms, including bacteria, plants, and animals. Some notable examples include herpesviruses, adenoviruses, and poxviruses. DNA viruses replicate within the host cell's nucleus, utilizing the cellular machinery to transcribe and translate their DNA into viral proteins. The newly synthesized viral components then assemble into new virus particles, which are released to infect other cells. DNA viruses can cause a variety of diseases in humans, ranging from mild respiratory infections to severe conditions like cancer.;Google
Coevolution;Coevolution is the process where two or more species reciprocally influence each other's evolution. This means that changes in one species drive adaptations in the other, and vice versa, leading to a dynamic interplay over time. Coevolution can occur between various interacting organisms, such as predator-prey pairs, parasites and hosts, mutualistic partners, and competitors. Examples include the long tongues of hummingbirds evolving alongside the tubular flowers they pollinate or the development of resistance in bacteria to antibiotics. The intricate dance of coevolution shapes biodiversity and ecosystem structure, demonstrating the interconnectedness of life on Earth.;Google
Gastric acid;Gastric acid is a digestive fluid formed in the stomach that consists primarily of hydrochloric acid. It plays a crucial role in the digestion process by activating enzymes, breaking down food particles, and killing harmful bacteria ingested with food. The secretion of gastric acid is regulated by various hormones and neurotransmitters, ensuring its release in response to meals and optimal acidity for digestion. The parietal cells lining the stomach are responsible for producing HCl, which is secreted into the lumen of the stomach, creating a highly acidic environment with a pH typically between 1.5 and 3.5.;Google
Pathogen;A pathogen is a biological agent that causes disease or illness to its host. Pathogens can be classified into several categories, including bacteria, viruses, fungi, protozoa, and parasites. These microorganisms have evolved mechanisms to invade, colonize, and damage host tissues, leading to various symptoms and conditions. Infectious diseases caused by pathogens are a major public health concern worldwide, responsible for millions of deaths annually. Transmission of pathogens occurs through various routes, including direct contact, airborne particles, contaminated food or water, and vector-borne transmission. Preventing the spread of pathogens involves hygiene practices, vaccination, antimicrobial therapy, and control measures to limit exposure. Understanding pathogen biology and epidemiology is crucial for developing effective strategies to combat infectious diseases.;Google
Magnetohydrodynamics;Magnetohydrodynamics is the study of electrically conducting fluids interacting with magnetic fields. It encompasses both theoretical and experimental aspects, investigating phenomena where electric currents flow within a fluid due to its motion through a magnetic field or vice versa. These interactions generate electromagnetic forces that influence the fluid's behavior, leading to complex patterns of motion and energy transfer. MHD finds applications in diverse fields such as astrophysics, geophysics, plasma physics, and engineering. Examples include studying solar flares, Earth's magnetosphere, fusion reactors, and magnetic levitation systems.;Google
Structural genomics;Structural genomics is a field of research that focuses on determining the three-dimensional structures of proteins and other biomolecules. Scientists in this field utilize various experimental techniques, such as X-ray crystallography, nuclear magnetic resonance spectroscopy, and cryo-electron microscopy, to elucidate the atomic arrangements within these molecules. Understanding these structures is crucial for comprehending their functions in biological processes and for developing new drugs and therapies. Structural genomics plays a vital role in advancing our knowledge of molecular biology and its applications in medicine, agriculture, and biotechnology.;Google
Cluster analysis;Cluster analysis is an unsupervised machine learning technique used to group data points into clusters based on their similarity. It aims to identify natural groupings within a dataset without prior knowledge of these groups. Algorithms like k-means and hierarchical clustering are commonly used in cluster analysis. The goal is to create clusters where data points within a cluster are more similar to each other than to points in other clusters. Applications of cluster analysis include customer segmentation, image recognition, and anomaly detection.;Google
Critical mass;Critical mass refers to the minimum amount of fissile material required to sustain a nuclear chain reaction. When a nucleus undergoes fission, it releases neutrons that can trigger further fission events in neighboring nuclei. Below critical mass, the released neutrons escape before causing more fissions, leading to an unsustaining chain reaction. Above critical mass, enough neutrons are captured to sustain a self-amplifying chain reaction, resulting in a nuclear explosion or controlled energy production in a reactor. The exact critical mass depends on factors such as the type of fissile material, its shape and density, and the surrounding environment.;Google
Convex optimization;Convex optimization is a subfield of mathematical optimization concerned with finding the minimum or maximum of a real-valued function over a convex set. A key feature of convex optimization problems is that the objective function and feasible region are both convex, meaning they satisfy specific curvature properties. This convexity guarantees that any local optimum found will also be a global optimum, simplifying the search process. Convex optimization has wide applications in various fields, including engineering, computer science, finance, and economics, where it is used to solve problems such as resource allocation, machine learning, signal processing, and portfolio optimization.;Google
Chemical vapor deposition;Chemical vapor deposition is a thin-film deposition technique used to produce high-quality, uniform coatings on substrates. In CVD, precursor gases containing the desired element are introduced into a reaction chamber at elevated temperatures. These precursors decompose and react on the substrate surface, forming a solid film. The process can be performed in various environments, including atmospheric pressure, vacuum, or plasma-enhanced conditions, depending on the desired film properties and application. CVD offers precise control over film thickness, composition, and morphology, making it suitable for a wide range of applications, such as microelectronics, aerospace, optics, and biomedical engineering.;Google
Limnology;Limnology is the scientific study of inland waters, encompassing lakes, rivers, ponds, wetlands, and other freshwater ecosystems. This interdisciplinary field draws on principles from biology, chemistry, geology, physics, and ecology to understand the structure, function, and dynamics of these aquatic environments. Limnologists investigate a wide range of topics, including water quality, nutrient cycling, primary productivity, food webs, species interactions, and the impacts of human activities on freshwater ecosystems. The field plays a crucial role in assessing the health of inland waters, informing conservation efforts, and managing resources sustainably.;Google
Calorimeter;A calorimeter is an insulated container used to measure the amount of heat absorbed or released during a chemical or physical process. It operates on the principle that heat transfer within a closed system is conserved. By measuring the temperature change of a known mass of water inside the calorimeter, scientists can calculate the heat exchanged by the reaction or process taking place. Calorimeters are essential tools in various scientific disciplines, including chemistry, physics, and biochemistry, for determining thermodynamic properties such as enthalpy changes, specific heat capacities, and heats of combustion.;Google
Differential privacy;Differential privacy is a rigorous mathematical framework for publishing aggregate data while protecting individual privacy. It guarantees that adding or removing any single individual's data from the dataset has a negligible impact on the published results. This is achieved by adding carefully calibrated noise to the aggregated data, making it difficult to infer information about specific individuals. Differential privacy has become increasingly important in fields such as data analysis, machine learning, and healthcare, where protecting sensitive information is crucial. Various algorithms and techniques have been developed to implement differential privacy, allowing for the responsible release of valuable insights while safeguarding individual privacy.;Google
Pleiotropy;Pleiotropy is a genetic phenomenon where a single gene influences multiple phenotypic traits. This occurs because a single gene may encode a protein involved in various biological pathways or cellular functions. The expression of a pleiotropic gene can therefore have wide-ranging effects on an organism's characteristics, including physical traits, behaviors, and disease susceptibility. Understanding pleiotropy is crucial for comprehending the complexity of gene regulation and its impact on phenotypic diversity. The study of pleiotropy often involves analyzing how mutations in a single gene can lead to multiple disorders or variations in seemingly unrelated traits.;Google
Probiotic;Probiotics are live microorganisms that, when consumed in adequate amounts, confer a health benefit on the host. These beneficial bacteria primarily reside in the gastrointestinal tract and play a crucial role in maintaining gut health. Probiotics can contribute to various aspects of well-being, including digestion, immune function, and mental health. They achieve these benefits by competing with harmful bacteria for resources, producing antimicrobial substances, and modulating the host's immune system. Common sources of probiotics include fermented foods such as yogurt, kefir, sauerkraut, and kimchi, as well as probiotic supplements. Scientific research continues to explore the diverse mechanisms of action and potential therapeutic applications of probiotics in various health conditions.;Google
Radioactive decay;Radioactive decay is the spontaneous transformation of an unstable atomic nucleus into a more stable configuration. This process involves the emission of particles and/or energy from the nucleus, resulting in a decrease in mass and an alteration of the element's identity. The rate of radioactive decay is characterized by a constant called the half-life, which represents the time required for half of a given sample of radioactive material to decay. Various types of radioactive decay exist, including alpha decay, beta decay, and gamma decay, each involving different modes of particle or energy emission. Radioactive decay plays a crucial role in various fields, including nuclear physics, medicine, and geology.;Google
Orbital forcing;Orbital forcing refers to the long-term changes in Earth's climate caused by variations in its orbit around the Sun. These variations, known as Milankovitch cycles, affect the amount of solar radiation received at different latitudes and seasons. The cycles involve variations in the Earth's axial tilt, orbital eccentricity, and precession, which occur over tens of thousands of years. Changes in these orbital parameters influence the distribution of sunlight across the planet, affecting factors such as ice sheet growth and retreat, sea levels, and global temperatures. Orbital forcing is considered a key driver of glacial-interglacial cycles, shaping Earth's climate history over millions of years.;Google
ITER;ITER is a multinational collaborative project aimed at demonstrating the feasibility of fusion power as a safe and sustainable energy source. Located in Cadarache, France, ITER will be the world's largest tokamak, a magnetic confinement device designed to confine superheated plasma, enabling nuclear fusion reactions similar to those powering the sun. By heating deuterium and tritium isotopes to millions of degrees Celsius, ITER aims to produce more energy than it consumes, proving the scientific and technological basis for future fusion power plants. The project involves 35 participating countries contributing expertise, technology, and funding to advance this crucial step towards clean energy production. ITER's success could revolutionize global energy systems by providing a virtually limitless source of carbon-free electricity.;Google
Hippocampus;The hippocampus is a complex brain structure located in the medial temporal lobe of mammals. It plays a crucial role in learning and memory, particularly the formation of new episodic memories, which are memories of events and experiences. The hippocampus receives input from various cortical areas and projects to other brain regions involved in memory consolidation, such as the neocortex and amygdala. Damage to the hippocampus can lead to anterograde amnesia, an inability to form new memories after the injury. Research suggests that the hippocampus exhibits plasticity, meaning its structure and function can change in response to learning and experience.;Google
Molecular cloud;Molecular clouds are vast interstellar regions composed primarily of hydrogen and helium atoms in their molecular form, along with trace amounts of other elements and dust particles. These clouds are typically several light-years across and exhibit extremely low temperatures, ranging from 10 to 50 Kelvin. The dense nature of molecular clouds allows for the formation of complex organic molecules, which serve as building blocks for stars and planets. Within these clouds, gravity acts to pull matter together, leading to the collapse of regions and the eventual birth of new stars. The study of molecular clouds provides crucial insights into the processes governing star and planet formation within our galaxy and beyond.;Google
Quantum key distribution;Quantum key distribution is a cryptographic technique that allows two parties to securely establish a shared secret key over a quantum communication channel. It leverages the principles of quantum mechanics, specifically the properties of quantum states like superposition and entanglement. By transmitting photons with specific polarization states, QKD enables the sender to encode information that can only be measured by the receiver without disturbing the quantum state. Any eavesdropping attempt by a third party will inevitably alter these states, revealing their presence. This allows Alice and Bob to detect and discard compromised data, ensuring the security of their shared key.;Google
Rashba effect;The Rashba effect is a spin-orbit coupling phenomenon observed in two-dimensional electron systems subjected to strong electric fields applied perpendicular to the plane of motion. This effect arises due to the interaction between an electron's intrinsic spin and its momentum, leading to a splitting of energy levels based on the direction of spin. Consequently, the Rashba effect induces spin-dependent momentum, effectively manipulating the electron's spin orientation by controlling its movement. This phenomenon has significant implications for spintronics, a field that aims to harness electron spin for information processing and storage. The Rashba effect enables the development of novel devices such as spin valves, spin transistors, and quantum computing architectures.;Google
Machine translation;Machine translation is a field within computational linguistics that focuses on automatically translating text from one language to another. It leverages various techniques, including statistical machine translation, rule-based systems, and neural machine translation, to map words and phrases across languages. SMT relies on statistical models trained on large bilingual corpora, while rule-based systems use manually defined linguistic rules. NMT employs deep learning algorithms to capture complex semantic relationships between languages. MT applications range from real-time chatbots and website localization to document translation and literary works.;Google
Memory hierarchy;A memory hierarchy is a system of storing data in computer systems that organizes different types of memory based on speed and cost. It consists of multiple levels, each with its own characteristics and access time. The fastest and most expensive memory, such as registers, are located closest to the CPU, while slower and cheaper memory types, like hard drives, are farther away. This structure allows the CPU to quickly access frequently used data in faster memory, improving overall system performance. Data is transferred between levels as needed, with larger amounts of less frequently accessed data residing in slower storage tiers. This hierarchical organization optimizes both speed and capacity, balancing the trade-off between quick access and vast storage.;Google
Drag coefficient;The drag coefficient is a dimensionless quantity that represents the resistance an object encounters when moving through a fluid. It quantifies the ratio between the aerodynamic drag force acting on an object and the product of its frontal area and the square of the fluid velocity. The drag coefficient varies depending on factors such as the shape, size, and surface characteristics of the object, as well as the viscosity and density of the fluid. It is a crucial parameter in fields like aeronautics, automotive engineering, and meteorology for optimizing designs to minimize drag and improve efficiency.;Google
Pyrimidine;Pyrimidines are one of two major classes of nitrogenous bases found in nucleic acids like DNA and RNA. They consist of a six-membered aromatic ring containing two nitrogen atoms. The four main pyrimidine bases are cytosine, thymine, uracil, and barbituric acid derivatives. Cytosine and thymine pair with guanine, while uracil pairs with adenine through hydrogen bonding in nucleic acid structures. Pyrimidines play crucial roles in genetic information storage, transmission, and protein synthesis. They are also important components of various coenzymes and metabolic intermediates.;Google
Permafrost;Permafrost is ground that remains frozen for at least two consecutive years. It typically exists in high-latitude and high-altitude regions where average annual air temperatures remain below freezing. Permafrost consists of soil, rock, ice, and organic matter, forming a complex heterogeneous layer often hundreds of meters thick. As the climate warms, permafrost thaws, releasing large amounts of methane and carbon dioxide, potent greenhouse gases that contribute to global warming. This thawing process can also destabilize infrastructure built on permafrost, leading to landslides and damage to buildings. Studying permafrost is crucial for understanding past and future climate change, as it acts as a significant reservoir of carbon and influences the global carbon cycle.;Google
Prime number theorem;The prime number theorem is a fundamental result in number theory that describes the distribution of prime numbers among the natural numbers. It states that the number of prime numbers less than or equal to a given positive real number x is asymptotic to x/ln, where ln is the natural logarithm of x. This means that as x grows larger, the ratio of the number of primes less than or equal to x to x/ln approaches 1. The theorem provides a precise estimate for the density of prime numbers and has numerous applications in various branches of mathematics, including cryptography and computer science.;Google
Trajectory inference;Trajectory inference is a computational technique used in systems biology and related fields to reconstruct the evolutionary paths of cells within a population over time. It aims to uncover hidden dynamics and patterns by analyzing single-cell data that captures gene expression, protein levels, or other cellular characteristics at different time points. By modeling these changes as transitions between distinct cell states, trajectory inference algorithms can generate pseudotemporal representations of cellular development, differentiation, or responses to stimuli. These inferred trajectories provide insights into the mechanisms underlying cellular behavior and contribute to a deeper understanding of complex biological systems. Various methods exist for trajectory inference, including dynamical systems models, graph-based approaches, and machine learning techniques.;Google
Quantum optics;Quantum optics is a branch of physics that studies the interaction of light with matter at the quantum level. It investigates phenomena such as photon statistics, quantum entanglement, and squeezed states, which arise when light is treated as quantized packets of energy called photons. Quantum optics has applications in diverse fields, including laser technology, quantum computing, and cryptography. Fundamental concepts in quantum optics include wave-particle duality, the Heisenberg uncertainty principle, and the Schrödinger equation. These concepts are used to describe the behavior of single photons and their interactions with atoms, molecules, and other light sources.;Google
Astrocyte;Astrocytes are star-shaped glial cells found in the central nervous system, comprising approximately half of all brain cells. They play vital roles in maintaining homeostasis, neuronal support, and synaptic plasticity. Astrocytes regulate the chemical environment around neurons by taking up excess neurotransmitters, potassium ions, and glutamate. They also contribute to blood-brain barrier formation and participate in the repair process following CNS injury. Moreover, astrocytes interact with neurons through gap junctions and release gliotransmitters, influencing neuronal signaling and network activity. Dysfunctional astrocytes have been implicated in various neurological disorders, including Alzheimer's disease, Parkinson's disease, and stroke.;Google
Axon guidance;Axon guidance is a fundamental process in the development of the nervous system that involves the directed growth of axons, the long projections of neurons, to their target destinations. This intricate process ensures proper neuronal connectivity and function. A variety of molecular cues, both attractive and repulsive, guide axon pathfinding. These cues can be secreted by target cells, surrounding tissues, or even other growing axons. Axons respond to these cues through complex signaling pathways that activate cytoskeletal rearrangements, ultimately directing their growth cones towards or away from the source of the signal. Disruptions in axon guidance mechanisms can lead to developmental disorders and neurological diseases.;Google
Lipid metabolism;Lipid metabolism encompasses the biochemical processes involved in the synthesis, breakdown, and transport of lipids. These processes are essential for energy production, cell structure maintenance, and hormone regulation. Lipids, including triglycerides, cholesterol, and phospholipids, are stored in adipose tissue and released when energy demands exceed glucose availability. Metabolic pathways such as beta-oxidation break down fatty acids for ATP synthesis, while lipogenesis synthesizes new lipids from excess carbohydrates or proteins. Lipids are transported through the bloodstream bound to lipoproteins, which facilitate their delivery to various tissues. Disruptions in lipid metabolism can contribute to metabolic disorders like obesity, cardiovascular disease, and type 2 diabetes. Understanding these pathways is crucial for developing therapies targeting lipid-related diseases.;Google
Plate tectonics;Plate tectonics is a scientific theory that describes the large-scale motion of Earth's lithosphere, which consists of tectonic plates. These plates are in constant, albeit slow, movement driven by convection currents in the mantle, the semi-molten layer beneath the lithosphere. The interactions between these plates at their boundaries cause earthquakes, volcanic eruptions, mountain building, and the formation of ocean basins. Plate tectonics is a unifying theory that explains many geological phenomena and has revolutionized our understanding of Earth's history and structure. The theory proposes three main types of plate boundaries: convergent, divergent, and transform boundaries, each characterized by distinct geological features and processes.;Google
Nucleation;Nucleation is a fundamental process in physics and chemistry involving the formation of new thermodynamic phases from a homogeneous precursor state. It often occurs at surfaces or interfaces where local fluctuations in energy can create favorable sites for phase transformations. The process typically requires an initial critical number of molecules or atoms to assemble into a stable nucleus, overcoming energy barriers associated with surface tension or other intermolecular forces. Once the nucleus reaches a critical size, further growth of the new phase becomes thermodynamically favorable. Nucleation plays crucial roles in various phenomena, including cloud formation, crystallization, and boiling. Understanding nucleation is essential for controlling and manipulating phase transitions in diverse applications ranging from material science to pharmaceutical manufacturing.;Google
Computer vision;"Computer vision is a field of artificial intelligence that enables computers to ""see"" and interpret images and videos. It involves developing algorithms and models that can analyze visual information, extract meaningful features, and make decisions based on the perceived content. Computer vision systems utilize various techniques, including image processing, pattern recognition, and deep learning, to accomplish tasks such as object detection, image classification, facial recognition, and scene understanding. Applications of computer vision are widespread, ranging from self-driving cars and medical diagnosis to security surveillance and robotics.";Google
Bile acid;Bile acids are a group of steroid acids synthesized primarily in the liver from cholesterol. They play a crucial role in fat digestion and absorption by emulsifying dietary fats into smaller droplets, increasing their surface area for enzymatic breakdown. Bile acids also facilitate the absorption of fat-soluble vitamins and contribute to the elimination of waste products, such as bilirubin, from the body through feces. Bile acids are secreted by the liver into the gallbladder, where they are stored and concentrated before being released into the small intestine. They exist in both conjugated and unconjugated forms, with conjugation enhancing their solubility in water.;Google
Natural selection;Natural selection is a fundamental mechanism of evolution, first proposed by Charles Darwin and Alfred Russel Wallace. It describes the process by which organisms with traits better suited to their environment tend to survive and reproduce more successfully than those less suited. These advantageous traits are then passed on to offspring, leading to a gradual change in the population over time. This process is driven by variation within populations, where individuals exhibit differences in their characteristics. Environmental pressures, such as competition for resources or predation, act as selective agents, favoring certain traits that enhance survival and reproductive success. Over many generations, natural selection can lead to the evolution of new species and the diversity of life we observe today.;Google
Bile;Bile is a complex fluid produced by hepatocytes in the liver and stored in the gallbladder. It plays a crucial role in the digestion and absorption of fats. Bile salts, the primary component of bile, act as emulsifiers, breaking down large fat globules into smaller droplets, increasing their surface area for enzymatic action by lipases. Bile also aids in the absorption of fat-soluble vitamins and cholesterol. It facilitates the elimination of waste products, such as bilirubin, from the body through feces. Bile composition can vary depending on dietary intake and physiological conditions. Dysfunctions in bile production or flow can lead to various digestive disorders.;Google
Photoelectric effect;The photoelectric effect is the emission of electrons from a material when light shines on it. This phenomenon occurs because photons in light carry energy, and when they strike the material's surface, they can transfer this energy to electrons. If the photon's energy exceeds the material's work function, the minimum energy required to liberate an electron, then electron emission takes place. The photoelectric effect demonstrates the particle nature of light, as it cannot be explained by classical wave theory. Albert Einstein explained the photoelectric effect in 1905 by proposing that light exists as discrete packets of energy called photons, each with an energy proportional to its frequency.;Google
Depolarization;Depolarization is a fundamental process in electrophysiology that describes the change in electrical potential across a cell membrane. It refers to the decrease in the negative charge inside the cell relative to the outside, causing the membrane potential to become less negative or even positive. This shift occurs primarily through the influx of positively charged ions, such as sodium, into the cell. Depolarization is essential for various cellular functions, including nerve impulse propagation and muscle contraction. It triggers a cascade of events that ultimately leads to the generation of an action potential, the electrical signal responsible for communication between neurons.;Google
Synchrotron;A synchrotron is a type of particle accelerator that accelerates charged particles, typically electrons, to nearly the speed of light in a circular path using powerful magnetic fields. The particles travel within a vacuum tube called a storage ring, where they are constantly accelerated and their energy increases. This high-energy beam can be used for various scientific applications, including X-ray diffraction for studying crystal structures, spectroscopy for analyzing materials, and medical imaging. Synchrotron radiation is emitted by the accelerating particles, providing a highly intense and tunable source of electromagnetic radiation across a wide range of wavelengths, from infrared to gamma rays. This versatile tool has revolutionized research in fields such as physics, chemistry, biology, and materials science.;Google
Curvature;Curvature is a geometric concept describing the extent to which a curve deviates from being a straight line. It quantifies how much a path bends at a given point. In two-dimensional space, curvature is measured by the radius of the circle that best approximates the curve at that point. In higher dimensions, more complex measures are used, often involving tensors. Curvature plays a fundamental role in various fields, including geometry, physics, and engineering. For instance, it describes the shape of surfaces, influences gravitational forces according to Einstein's theory of general relativity, and affects the behavior of light rays. Understanding curvature is essential for comprehending the nature of space, time, and physical phenomena.;Google
Smart grid;A smart grid is a modern electrical grid that uses digital communication technologies to enhance efficiency, reliability, and sustainability. It incorporates advanced sensors, meters, control systems, and data analytics to monitor and manage electricity flow in real time. Smart grids enable two-way communication between utilities and consumers, allowing for demand response programs and the integration of renewable energy sources. They also improve grid resilience by identifying and isolating faults quickly, minimizing outages. By optimizing energy distribution and consumption patterns, smart grids contribute to reducing greenhouse gas emissions and promoting a more sustainable energy future.;Google
Diastereomer;Diastereomers are stereoisomers that are not mirror images of each other. They arise when a molecule has two or more stereocenters, which are chiral carbon atoms bonded to four different groups. Diastereomers have different physical and chemical properties because they possess distinct spatial arrangements of their substituents. These isomers do not rotate plane-polarized light in the same direction or to the same extent as enantiomers, their mirror image counterparts. The number of possible diastereomers for a molecule with multiple stereocenters can be calculated using the formula 2^, where n is the number of stereocenters. Diastereomerism plays a crucial role in various fields, including organic chemistry, biochemistry, and pharmaceutical science.;Google
Synapse;A synapse is a specialized junction that mediates signal transmission between two neurons, called presynaptic and postsynaptic neurons. At the synapse, electrical signals traveling along the axon of the presynaptic neuron are converted into chemical signals in the form of neurotransmitters. These neurotransmitters diffuse across the synaptic cleft, the narrow gap separating the pre- and postsynaptic neurons, and bind to receptors on the postsynaptic neuron. This binding triggers a response in the postsynaptic neuron, which can be excitatory or inhibitory, ultimately influencing whether the neuron fires an action potential. Synapses are crucial for various cognitive functions, including learning, memory, and sensory perception.;Google
Peroxisome;Peroxisomes are small, membrane-bound organelles found in nearly all eukaryotic cells. They play a crucial role in various metabolic processes, primarily involving oxidation reactions. One of their key functions is the breakdown of fatty acids through beta-oxidation, producing energy and reducing byproducts like hydrogen peroxide. Peroxisomes also detoxify harmful substances such as alcohol and drugs by converting them into less toxic compounds. They contain numerous enzymes, including catalase, which neutralizes hydrogen peroxide, preventing cellular damage. Defects in peroxisome function can lead to a group of genetic disorders known as peroxisomal diseases, characterized by various metabolic abnormalities and tissue dysfunction.;Google
Cosmic inflation;Cosmic inflation is a theoretical concept in cosmology that proposes a period of extremely rapid expansion of the universe in its earliest moments, just fractions of a second after the Big Bang. This inflationary epoch is believed to have occurred before the era of ordinary matter and radiation dominated the universe. The theory posits that the universe expanded exponentially during this period, smoothing out any initial irregularities and setting the stage for the large-scale structure we observe today. Inflation is supported by observations such as the cosmic microwave background radiation, which shows a remarkably uniform temperature across the sky.;Google
Batch normalization;Batch normalization is a technique used in deep learning to normalize the activations of neurons within each layer of a neural network during training. It aims to stabilize and accelerate the training process by reducing internal covariate shift, which refers to the changes in the distribution of activations as the network learns. By normalizing the activations, batch normalization helps prevent vanishing or exploding gradients, allowing for faster convergence and improved performance. This technique involves calculating the mean and variance of activations within a mini-batch of data and then normalizing the activations based on these statistics.;Google
Immunological synapse;The immunological synapse is a specialized intercellular junction formed between T lymphocytes and antigen-presenting cells, such as macrophages or dendritic cells. This dynamic structure facilitates the communication and activation of T cells upon recognition of specific antigens presented by APCs. During synapse formation, T cell receptors engage with major histocompatibility complex molecules on APCs, leading to a redistribution of signaling molecules within both cells. The immunological synapse plays a crucial role in initiating immune responses, including the proliferation and differentiation of T cells into effector cells capable of eliminating pathogens or tumor cells. Disruptions in immunological synapse formation or function can contribute to immune deficiencies or autoimmune disorders.;Google
Fermi level;The Fermi level is a fundamental concept in solid-state physics that describes the energy state of electrons at absolute zero temperature in a material. It represents the highest occupied energy level for electrons in a system at thermal equilibrium. The Fermi level plays a crucial role in determining the electrical conductivity and optical properties of materials. In conductors, the Fermi level lies within a partially filled band, allowing for free electron movement. Conversely, in insulators, the Fermi level lies in an energy gap between filled valence bands and empty conduction bands, hindering electron flow. The position of the Fermi level relative to the energy bands can be influenced by factors such as temperature, doping, and external electric fields.;Google
Tribology;Tribology is the scientific study of friction, lubrication, and wear. It encompasses the interactions between surfaces in relative motion, examining the forces involved, the resulting wear patterns, and strategies for minimizing friction and wear. Tribological principles are applied across a vast range of fields, including automotive engineering, aerospace, manufacturing, biomedical devices, and even natural systems like biological joints. Understanding tribology is crucial for optimizing performance, reducing energy consumption, extending component lifespans, and mitigating the environmental impact associated with friction and wear.;Google
Central tolerance;Central tolerance is a crucial immune system process that prevents autoimmune diseases. It occurs in primary lymphoid organs, such as the bone marrow and thymus, during the development of T cells and B cells. During this developmental stage, lymphocytes that recognize self-antigens are eliminated or rendered inactive to prevent them from attacking the body's own tissues. This process ensures that mature immune cells primarily target foreign invaders like pathogens, leaving self-tissues unharmed. Central tolerance is essential for maintaining immune system homeostasis and preventing autoimmune disorders.;Google
Species evenness;Species evenness is a metric in ecology that quantifies the relative abundance of different species within a community. It measures how evenly distributed individuals are among various species, as opposed to species richness which simply counts the number of species present. A community with high species evenness has a relatively similar number of individuals for each species, whereas a community with low species evenness has a few dominant species and many rare species. Species evenness is an important ecological concept because it can influence ecosystem stability, productivity, and resilience to disturbance. Various indices, such as the Pielou's evenness index, are used to calculate species evenness and compare the distribution of species across different communities.;Google
Anthropocene;The Anthropocene is a proposed geological epoch that highlights the profound influence of human activity on Earth's systems. This concept centers around the idea that since the Industrial Revolution, human activities have significantly altered the planet's geology, climate, and ecosystems, marking a distinct period in Earth's history. Proposed markers for the Anthropocene include the widespread use of fossil fuels, increased atmospheric carbon dioxide levels, and the proliferation of plastic pollution. The formal recognition of the Anthropocene by the International Commission on Stratigraphy is currently under debate, with ongoing research aiming to identify definitive geological signatures of this proposed epoch.;Google
Michelson interferometer;The Michelson interferometer is a precision instrument used to measure the interference of light waves. It was invented by American physicist Albert A. Michelson in the late 19th century. The interferometer consists of a beam splitter that divides an incoming light beam into two separate beams, which travel along different paths and then recombine. The resulting interference pattern, consisting of alternating bright and dark fringes, can be analyzed to determine the wavelength of light, the refractive index of materials, or even the presence of minute changes in distance or time. The most famous application of the Michelson interferometer was the Michelson-Morley experiment, which aimed to detect the hypothetical luminiferous ether, a medium thought to carry light waves.;Google
Mineral;Minerals are naturally occurring, inorganic solids with a defined chemical composition and a crystalline structure. They form through geological processes such as crystallization from magma or precipitation from aqueous solutions. Each mineral species has a unique set of physical properties, including hardness, color, luster, cleavage, and specific gravity. These properties are determined by the arrangement of atoms within the mineral's crystal lattice. Minerals are classified based on their chemical composition, with major groups including silicates, oxides, sulfides, carbonates, and halides. They play a vital role in various Earth systems, serving as building blocks for rocks, ores, and gemstones, and influencing soil fertility and water quality.;Google
Finite element method;The finite element method is a numerical technique used to approximate solutions to complex engineering problems involving partial differential equations. It discretizes a continuous domain into smaller, interconnected elements called finite elements. Within each element, the unknown variables are approximated using simple functions, typically polynomials. The resulting system of algebraic equations can be solved efficiently using standard computational methods. FEM has wide applications in various fields, including structural analysis, fluid mechanics, heat transfer, and electromagnetism. It offers a powerful tool for simulating real-world phenomena and analyzing complex systems.;Google
Histone;Histones are highly basic proteins found in eukaryotic cells that act as packaging elements for DNA. They form nucleosomes, which consist of a histone octamer wrapped by approximately 147 base pairs of DNA. Histone tails protrude from the nucleosome core and are subject to various post-translational modifications, such as acetylation, methylation, phosphorylation, and ubiquitination. These modifications can alter chromatin structure and gene expression by influencing DNA accessibility. Histones play a crucial role in regulating DNA replication, repair, and transcription, contributing to the dynamic organization and function of the genome.;Google
Pyridoxal phosphate;Pyridoxal phosphate is the active form of vitamin B6 and a crucial coenzyme involved in numerous metabolic reactions within living organisms. It acts as a cofactor for over 140 enzymes, primarily those participating in amino acid metabolism, such as transamination, decarboxylation, racemization, and glycogenolysis. Pyridoxal phosphate facilitates these reactions by forming transient covalent bonds with amino acids, enabling their transfer or modification. Its essentiality for human health stems from its role in neurotransmitter synthesis, red blood cell formation, and the regulation of glucose metabolism. Deficiencies in pyridoxal phosphate can lead to various neurological disorders, anemia, and impaired immune function.;Google
Differential equation;A differential equation is a mathematical equation that involves an unknown function and its derivatives. These equations describe relationships between quantities that change over time or space. They find applications in various fields such as physics, engineering, biology, and economics to model phenomena like motion, growth, and diffusion. Solving a differential equation means finding the unknown function that satisfies the equation. Different types of differential equations exist depending on the order of derivatives involved, linearity, and other properties. Techniques like separation of variables, integrating factors, and power series are commonly used to solve them.;Google
Thalamus;The thalamus is a large oval-shaped structure situated deep within the brain, forming part of the diencephalon, which sits between the cerebrum and brainstem. It plays a crucial role in relaying sensory information to the cerebral cortex, acting as a gateway for processing touch, taste, temperature, pain, vision, and auditory input. The thalamus also participates in motor control, sleep-wake cycles, and consciousness regulation. Its complex circuitry allows for filtering, prioritizing, and modulating incoming sensory signals, ensuring that only relevant information reaches higher brain centers. Dysfunction in the thalamus can result in various neurological disorders affecting sensory perception, movement, and cognitive function.;Google
Working memory;Working memory is a cognitive system responsible for temporarily holding and manipulating information during ongoing tasks. It allows us to perform complex operations such as reasoning, problem-solving, and language comprehension. Composed of several interconnected components, working memory stores information in an active state, enabling it to be readily accessed and processed. The phonological loop processes auditory information, the visuospatial sketchpad handles visual and spatial data, and the central executive controls attention and coordinates these subsystems. Working memory capacity varies among individuals and can be influenced by factors like age, genetics, and training.;Google
Question answering;Question answering is a task in natural language processing where a system aims to automatically provide accurate answers to questions posed in natural language. It involves understanding the context and meaning of the question, identifying relevant information from a knowledge base or text corpus, and formulating a coherent and grammatically correct response. QA systems can be categorized into factoid QA, which seeks factual answers to specific queries, and open-domain QA, which aims to answer a wider range of questions without predefined knowledge domains. Recent advancements in deep learning have led to significant progress in QA, with transformer models like BERT and GPT achieving state-of-the-art performance on various benchmark datasets.;Google
Bonferroni correction;The Bonferroni correction is a method for controlling the family-wise error rate in multiple comparisons problem. In hypothesis testing, when conducting numerous independent tests simultaneously, the probability of obtaining at least one false positive result increases. The Bonferroni correction addresses this issue by dividing the desired significance level by the number of comparisons being made. This adjustment results in a more stringent threshold for statistical significance, reducing the overall risk of making Type I errors. The Bonferroni correction is widely used across various scientific disciplines to ensure the validity and reliability of statistical findings when dealing with multiple hypotheses.;Google
Young's modulus;Young's modulus, also known as the elastic modulus, is a mechanical property of materials that quantifies their stiffness or resistance to elastic deformation under tensile or compressive stress. It is defined as the ratio of stress to strain within the elastic limit of a material. A higher Young's modulus indicates greater stiffness, meaning the material will deform less under a given stress. Conversely, a lower Young's modulus signifies greater flexibility and susceptibility to deformation. This property is crucial in engineering design, as it helps determine the suitability of materials for specific applications requiring strength, resilience, or flexibility. Young's modulus is typically measured in units of Pascals or pounds per square inch.;Google
Allosteric regulation;Allosteric regulation is a crucial mechanism in biochemistry that modulates the activity of enzymes and proteins. It involves the binding of a molecule, known as an allosteric regulator, to a site distinct from the active site on the protein. This binding induces conformational changes in the protein structure, thereby influencing its catalytic activity or function. Allosteric regulators can either enhance or inhibit the protein's activity depending on their nature and binding affinity. Allosteric regulation plays a vital role in metabolic pathways, signal transduction, and cellular processes by allowing for fine-tuned control of protein activity based on cellular needs and environmental cues.;Google
Super-resolution microscopy;Super-resolution microscopy is a collection of imaging techniques that surpass the diffraction limit of light, allowing for visualization of biological specimens at resolutions beyond the capabilities of conventional light microscopy. This resolution barrier, stemming from the wave nature of light, limits the smallest detail visible to approximately 200 nanometers. Super-resolution methods circumvent this limitation by exploiting various strategies, such as fluorescence photoactivation and stochastic optical reconstruction microscopy, to achieve nanoscale resolution. These techniques enable researchers to observe individual molecules and cellular structures with unprecedented clarity, revolutionizing our understanding of biological processes at the molecular level.;Google
Complement system;The complement system is a crucial part of the innate immune system, composed of over 30 proteins found circulating in the blood and tissues. These proteins work together in a cascade-like fashion, activating each other upon recognition of pathogens or damage signals. This activation leads to a series of biological effects, including opsonization, inflammation, and direct killing of pathogens through the formation of membrane attack complexes. The complement system plays a vital role in controlling infections and clearing cellular debris, but its overactivation can contribute to autoimmune diseases and tissue damage. Regulation mechanisms tightly control the complement cascade to ensure proper function and prevent harmful consequences.;Google
Targeted therapy;Targeted therapy is a form of cancer treatment that uses drugs designed to attack specific molecules involved in the growth and spread of cancer cells. These targets can include proteins, genes, or enzymes that are overactive or altered in cancer cells, allowing for more precise treatment with fewer side effects compared to traditional chemotherapy. Targeted therapies aim to inhibit the function of these molecules, ultimately slowing or stopping cancer cell proliferation and survival. The identification and validation of suitable targets are crucial for developing effective targeted therapies, often involving extensive research and analysis of tumor biology.;Google
Glycolysis;Glycolysis is a fundamental metabolic pathway that converts glucose into pyruvate, generating a small amount of ATP in the process. This anaerobic process takes place in the cytoplasm of cells and consists of ten enzymatic reactions. During glycolysis, glucose is first phosphorylated, then isomerized and cleaved into two three-carbon molecules called glyceraldehyde 3-phosphate. These molecules undergo oxidation and phosphorylation, producing a net gain of two ATP molecules per glucose molecule. The final product of glycolysis is pyruvate, which can enter further metabolic pathways such as the Krebs cycle or fermentation depending on cellular conditions. Glycolysis plays a crucial role in energy production and provides intermediates for various biosynthetic processes.;Google
Hydrogen bond;A hydrogen bond is a special type of dipole-dipole attraction that occurs when a hydrogen atom covalently bonded to a highly electronegative atom like oxygen, nitrogen, or fluorine is attracted to an electron pair in another electronegative atom. This interaction is weaker than covalent bonds but stronger than typical van der Waals forces. Hydrogen bonding plays a crucial role in many biological processes, such as the structure of DNA and proteins, and is responsible for the high boiling point of water compared to other molecules of similar size. The strength of hydrogen bonds depends on factors like the electronegativity difference between the atoms involved and the distance between them.;Google
Biogeochemistry;Biogeochemistry is the study of the chemical and biological processes that shape the Earth's systems. It focuses on the movement, transformation, and cycling of elements such as carbon, nitrogen, phosphorus, and sulfur through living organisms, the atmosphere, hydrosphere, and lithosphere. Biogeochemical cycles are fundamental to maintaining life on Earth by regulating climate, providing essential nutrients, and influencing soil fertility. Understanding biogeochemistry is crucial for addressing environmental challenges like climate change, pollution, and biodiversity loss. By examining the interactions between biological, chemical, and physical processes, biogeochemists seek to unravel the complexities of Earth's systems and develop solutions for a sustainable future.;Google
Wernicke's area;Wernicke's area is a region in the brain crucial for language comprehension. Located in the posterior superior temporal gyrus of the left hemisphere in most right-handed individuals, it plays a vital role in understanding spoken and written words. Damage to Wernicke's area can result in Wernicke's aphasia, characterized by fluent but nonsensical speech, difficulty understanding spoken and written language, and an inability to grasp grammatical structures. Neuroimaging studies have revealed extensive neural connections between Wernicke's area and other brain regions involved in auditory processing, visual perception, and semantic memory.;Google
Pearlite;Pearlite is a common microstructure found in steel and other ferrous alloys. It consists of alternating lamellae of ferrite and cementite, resulting from a diffusional transformation of austenite upon cooling. Ferrite is a body-centered cubic iron phase with low carbon content, while cementite is an iron carbide compound. The formation of pearlite occurs at a specific temperature range known as the pearlitic transformation temperature, which depends on the alloy's composition. Pearlite exhibits a lamellar structure under a microscope, appearing as alternating dark and light bands representing ferrite and cementite, respectively. Its properties are intermediate between those of pure ferrite and cementite, making it a versatile material for various applications.;Google
pH;pH is a measure of the acidity or alkalinity of a solution. It is defined as the negative logarithm of the hydrogen ion concentration. The pH scale ranges from 0 to 14, with 7 being neutral. Solutions with a pH less than 7 are acidic, while solutions with a pH greater than 7 are alkaline or basic. The higher the hydrogen ion concentration, the lower the pH and the more acidic the solution. Conversely, a lower hydrogen ion concentration results in a higher pH and a more alkaline solution. pH plays a crucial role in many chemical and biological processes, as the acidity or alkalinity of a solution can influence the behavior of molecules and reactions.;Google
Somite;Somites are blocks of mesoderm that form along the neural tube during embryonic development in vertebrates. They arise sequentially from a specialized region of the presomitic mesoderm and give rise to a variety of tissues, including skeletal muscle, vertebrae, ribs, and dermis. The process of somite formation is tightly regulated by a complex interplay of signaling pathways, including Wnt, Notch, and retinoic acid. Somite patterning is crucial for establishing the segmented body plan and ensuring proper development of the musculoskeletal system. Disruptions in somite formation can lead to severe congenital anomalies affecting skeletal structure and muscle function.;Google
Adaptation;Adaptation is a fundamental concept in evolutionary biology, referring to the process by which organisms develop traits that enhance their survival and reproductive success in a given environment. These adaptations arise through natural selection, where individuals with advantageous traits are more likely to survive, reproduce, and pass on those traits to their offspring. Over generations, this leads to a gradual change in the population's characteristics, making them better suited to their surroundings. Adaptations can be structural, behavioral, or physiological, reflecting the diverse ways organisms interact with their environment. Examples include camouflage in prey animals, mimicry in insects, and drought resistance in plants.;Google
Differential scanning calorimetry;Differential scanning calorimetry is a thermal analysis technique used to study the physical and chemical changes in materials as a function of temperature. It measures the difference in heat flow between a sample and a reference material as they are heated, cooled, or held at constant temperature. This heat flow difference arises from the energy absorbed or released by the sample during phase transitions, such as melting, crystallization, or glass transition, as well as chemical reactions. DSC provides valuable information about the thermal properties of materials, including their melting point, enthalpy of fusion, glass transition temperature, and decomposition behavior. Applications of DSC include characterizing polymers, pharmaceuticals, food products, and other materials to determine their thermal stability, purity, and composition.;Google
Energy-based model;Energy-based models are a class of statistical models in machine learning that represent data as probability distributions defined by energy functions. These functions assign a scalar energy value to each possible configuration of data, with lower energy values corresponding to more probable configurations. Training an energy-based model involves adjusting the parameters of the energy function so that it assigns lower energies to observed data points and higher energies to unseen data points. By minimizing the energy of the observed data, the model learns a representation of the underlying data distribution. Energy-based models have found applications in various domains, including image recognition, natural language processing, and generative modeling.;Google
Beamforming;Beamforming is a signal processing technique used to manipulate the directionality of electromagnetic waves. It involves combining signals from multiple antennas to create a focused beam in a desired direction. This technology relies on principles of wave interference, where constructive interference amplifies signals in the desired direction while destructive interference cancels out unwanted signals. Applications of beamforming include radar systems, satellite communication, and wireless networks. By focusing signal power, beamforming enhances signal strength, reduces interference, and improves system performance.;Google
Austenite;Austenite is a high-temperature allotrope of iron, denoted as γ-iron. It exhibits a face-centered cubic crystal structure and possesses a higher density than ferrite. Austenite forms when iron is heated above 910°C. At this temperature, carbon dissolves in austenite to form austenitic stainless steels. During cooling, austenite can transform into different phases, such as ferrite or martensite, depending on the cooling rate and carbon content. Austenite's properties, including its ability to readily absorb carbon, make it crucial in steel processing and heat treatment for achieving desired mechanical characteristics.;Google
Flow chemistry;Flow chemistry is a chemical synthesis technique where reactants are continuously pumped through a reactor system. This method offers advantages over traditional batch processes, such as enhanced control over reaction parameters, improved safety by minimizing hazardous material accumulation, and increased scalability for industrial production. Reactions in flow systems can be precisely controlled using adjustable flow rates, temperatures, and mixing patterns. Flow chemistry also enables the exploration of new reaction pathways and the development of novel catalysts due to its ability to rapidly screen conditions and generate diverse chemical libraries. Its applications span various fields, including pharmaceutical synthesis, materials science, and fine chemical manufacturing.;Google
Word embedding;Word embedding is a technique in natural language processing that represents words as dense, multi-dimensional vectors. These vectors capture semantic and syntactic relationships between words, allowing computers to understand word meaning and context. Different embedding techniques exist, such as Word2Vec and GloVe, which utilize large text corpora to learn these vector representations. Word embeddings have proven highly effective in various NLP tasks, including sentiment analysis, machine translation, and text classification, by enabling models to capture subtle nuances in language. Their ability to represent words as numerical entities facilitates mathematical operations and comparisons, enhancing the performance of downstream applications.;Google
ALS;Amyotrophic lateral sclerosis, also known as Lou Gehrig's disease, is a progressive neurodegenerative disease that affects nerve cells in the brain and spinal cord. The degeneration of motor neurons, which control voluntary muscle movement, leads to muscle weakness, atrophy, and paralysis. While the exact cause of ALS remains unknown, genetic factors and environmental influences are thought to contribute to its development. Currently, there is no cure for ALS, but treatments can help manage symptoms and improve quality of life. Research continues to explore potential therapies aimed at slowing or halting the progression of this devastating disease.;Google
Ionizing radiation;Ionizing radiation is a type of electromagnetic radiation that possesses enough energy to remove tightly bound electrons from atoms, creating ions in the process. This ionization can disrupt chemical bonds and alter the structure of molecules, potentially leading to damage to biological tissues. Sources of ionizing radiation include radioactive materials, X-rays, gamma rays, and cosmic rays. The effects of ionizing radiation depend on factors such as the type, energy, and duration of exposure, as well as the individual's susceptibility. High doses of ionizing radiation can cause acute health effects like radiation sickness, while long-term exposure to lower doses may increase the risk of cancer and other diseases.;Google
Vadose zone;The vadose zone, also known as the unsaturated zone or aeration zone, is the portion of the Earth's subsurface between the land surface and the water table. It encompasses all soil layers and rock strata that are not saturated with water. The vadose zone plays a crucial role in regulating the movement of water, nutrients, and contaminants through the environment. Water infiltrates from the surface and percolates downward through the vadose zone, eventually reaching the water table or being absorbed by plant roots. The vadose zone also serves as a reservoir for groundwater recharge and influences soil properties such as texture, structure, and drainage. Contaminants can accumulate in the vadose zone, posing risks to groundwater quality and human health.;Google
Repolarization;Repolarization is the final phase of an action potential in excitable cells like neurons and muscle fibers. During repolarization, the cell membrane's voltage returns to its resting state after depolarization. This occurs primarily through the opening of potassium ion channels, allowing positively charged K+ ions to flow out of the cell. The outward movement of positive charge counteracts the depolarization caused by sodium influx during the action potential. Repolarization ensures that the cell can recover and prepare for the next action potential, effectively maintaining the unidirectional propagation of nerve impulses.;Google
Subduction;Subduction is a geological process where one tectonic plate moves beneath another, typically occurring at convergent plate boundaries. The descending plate, known as the subducting plate, sinks into the Earth's mantle, causing intense heat and pressure. This interaction between plates plays a crucial role in shaping the Earth's surface, generating earthquakes, volcanoes, and mountain ranges. Subduction zones are characterized by deep oceanic trenches, volcanic arcs parallel to the trench, and significant seismic activity. The sinking of the subducting plate can lead to melting of both the descending plate and the overlying mantle material, creating magma that rises to the surface and erupts as volcanoes.;Google
Glycolipid;Glycolipids are a class of lipids with covalently attached carbohydrate chains. These complex molecules play essential roles in various cellular processes, including cell signaling, recognition, and adhesion. Glycolipids are primarily found in the plasma membrane of eukaryotic cells, where they contribute to the formation of lipid rafts and influence membrane fluidity. The carbohydrate moiety of glycolipids can vary greatly in structure and composition, allowing for a diverse range of specific interactions with other molecules. This diversity enables glycolipids to participate in immune responses, cell-cell communication, and tissue development.;Google
Data acquisition;Data acquisition is a fundamental process in scientific research and engineering involving the systematic collection of raw data from physical phenomena or digital sources. This process encompasses various stages, including sensor selection, signal conditioning, analog-to-digital conversion, and data storage. Data acquisition systems utilize specialized hardware components such as sensors, amplifiers, multiplexer boards, and data loggers to capture and process signals accurately and efficiently. The collected data serves as the foundation for analysis, interpretation, and decision-making in diverse fields such as physics, biology, medicine, and industrial automation.;Google
Hubbard model;The Hubbard model is a fundamental theoretical model in condensed matter physics used to describe the behavior of electrons in a crystalline lattice. It focuses on the interaction between electrons at neighboring sites, neglecting their kinetic energy and treating only the electrostatic repulsion between them. This simplified model captures essential features of electron correlations, leading to various intriguing phenomena like Mott insulators, charge density waves, and superconductivity. The Hubbard model has proven immensely valuable for understanding strongly correlated electronic systems and remains a cornerstone in condensed matter theory. Its analytical and numerical solutions provide insights into complex many-body interactions governing the electronic properties of materials.;Google
Ion channel;Ion channels are transmembrane proteins that play a crucial role in cellular signaling and communication. These specialized protein pores selectively allow ions such as sodium, potassium, calcium, and chloride to pass through the cell membrane down their electrochemical gradients. This regulated ion flow is essential for various physiological processes, including nerve impulse transmission, muscle contraction, hormone secretion, and nutrient uptake. Ion channels can be classified based on their selectivity, gating mechanisms, and cellular localization. Dysfunction of ion channels has been implicated in numerous diseases, highlighting their importance in maintaining cellular homeostasis.;Google
Dislocation;A dislocation is a linear defect in the crystal structure of a solid material. It occurs when an atom or group of atoms are displaced from their regular lattice positions, creating a line of discontinuity within the crystal. This disruption in the periodic arrangement of atoms can significantly alter the mechanical properties of a material, influencing its strength, ductility, and hardness. Dislocations play a crucial role in plastic deformation, as they allow for the movement of atoms under applied stress without breaking the chemical bonds. Their motion is responsible for phenomena such as slip, which enables materials to deform permanently.;Google
Dysbiosis;Dysbiosis refers to a state of microbial imbalance within a host organism's ecosystem, primarily the gut microbiota. This imbalance can involve shifts in species composition, diversity, and function, often resulting from factors such as diet, medication use, or environmental stressors. Dysbiosis has been implicated in various health conditions, including inflammatory bowel disease, obesity, metabolic disorders, and autoimmune diseases. The disrupted microbial communities can contribute to inflammation, altered nutrient metabolism, and impaired immune function, ultimately affecting host health. Restoring microbial balance through interventions like diet modification, prebiotics, probiotics, or fecal microbiota transplantation is a focus of research aimed at mitigating the negative consequences of dysbiosis.;Google
Fractional quantum Hall effect;The fractional quantum Hall effect is a remarkable phenomenon observed in two-dimensional electron systems subjected to strong magnetic fields and low temperatures. In these conditions, electrons, which typically behave individually, start exhibiting collective behavior, forming quasiparticles with fractional electric charges. These quasiparticles, known as composite fermions, have quantized Hall conductance that are fractions of the fundamental quantum unit. The fractional quantum Hall effect is a direct consequence of electron-electron interactions and provides strong evidence for the emergence of exotic many-body states in condensed matter physics. The discovery of this effect earned Horst Störmer, Daniel Tsui, and Robert Laughlin the Nobel Prize in Physics in 1998.;Google
Homeostasis;Homeostasis is the ability of a biological system to maintain a stable internal environment despite external changes. This dynamic equilibrium involves complex feedback mechanisms that regulate various physiological parameters within narrow ranges. Key components of homeostasis include sensors that detect deviations from set points, control centers that process information and generate responses, and effectors that carry out adjustments to restore balance. Examples of homeostatic processes include temperature regulation, blood glucose control, and water balance. Disruption of homeostasis can lead to illness or disease.;Google
MHC class II;Major histocompatibility complex class II molecules are a type of cell surface protein found primarily on antigen-presenting cells, such as macrophages, dendritic cells, and B lymphocytes. These molecules play a crucial role in the adaptive immune response by presenting processed antigens to T helper cells. MHC class II molecules bind to peptides derived from exogenous antigens, which are typically proteins taken up from outside the cell. The antigen-MHC complex is then displayed on the cell surface, where it can be recognized by T helper cells expressing specific T cell receptors. This interaction between the TCR and the antigen-MHC complex initiates a cascade of signaling events that ultimately leads to the activation of T helper cells and the subsequent immune response.;Google
Lithography;Lithography is a fundamental process in microfabrication that uses light to transfer patterns onto a surface. It involves creating a photoresist-coated substrate and exposing it selectively to ultraviolet light through a mask containing the desired pattern. The exposed areas undergo chemical changes, allowing for selective etching or deposition of materials to create microscopic features. This technique is widely used in semiconductor manufacturing, printing circuit boards, and microfluidic device fabrication, enabling the production of complex structures with nanometer-scale precision. Its versatility and high resolution have revolutionized various technological fields by facilitating the miniaturization and integration of electronic components, sensors, and other devices.;Google
