Termo;Text;Label
Predation;Predation is the interaction between two organisms where one organism, the predator, hunts and feeds on another organism, the prey. This relationship involves a power imbalance, with predators typically having adaptations that allow them to capture and kill their prey more effectively. Predators use various strategies to locate and catch their prey, including ambush, active hunting, and sensory detection. Prey often have adaptations to avoid predation, such as camouflage, warning colors, or behavioral defenses. The relationship between predator and prey can be mutualistic, commensal, or parasitic, with each side benefiting or neither benefiting from the interaction.;Meta
Stem cell;Stem cells are undifferentiated cells that have the ability to differentiate into various cell types, thereby restoring tissue and organ function in development and repair. They can be classified as embryonic stem cells, which are derived from the inner cell mass of a blastocyst, or adult stem cells, which are found in tissues throughout the body. Stem cells undergo cell division while maintaining their potency, allowing them to give rise to multiple cell types. The study of stem cells has led to a greater understanding of cellular differentiation and development, as well as potential therapeutic applications for regenerative medicine and tissue repair.;Meta
Neuroprotection;Neuroprotection refers to the mechanisms and strategies employed to prevent or mitigate damage to neuronal cells and tissues in the central nervous system. This concept is essential for understanding various neurological disorders, including Alzheimer's disease, Parkinson's disease, and stroke. Neuroprotective agents, such as antioxidants, anti-inflammatory compounds, and neurotrophic factors, have been shown to exert protective effects against oxidative stress, inflammation, and neuronal death. Research has also focused on the development of novel therapeutic strategies, including pharmacological interventions, gene therapy, and tissue engineering techniques aimed at promoting neuronal survival and function in damaged or diseased brains.;Meta
Bone marrow;Bone marrow is the spongy tissue found within bones that produces blood cells, including red blood cells, white blood cells, and platelets. It is a dynamic and constantly renewing tissue composed of mesenchymal stem cells which differentiate into various cell types under the influence of growth factors and hormones. The bone marrow performs several critical functions such as producing blood components, storing stem cells, and aiding in the repair of damaged tissues. Conditions affecting bone marrow include aplastic anemia, leukemia, and lymphoma, highlighting its importance in maintaining overall health and combating disease.;Meta
Synaptic pruning;Synaptic pruning is a process by which the nervous system eliminates unnecessary neural connections, also known as synapses, during development and maturation. This process refines circuitry and reduces neural noise, allowing for more efficient communication between neurons. During synaptic pruning, weak or redundant synaptic connections are eliminated through various mechanisms such as activity-dependent receptor clipping or synaptic collapse. The result is a reduction in the number of synapses, which can lead to improved neural plasticity and learning efficiency. Synaptic pruning plays a critical role in shaping brain development and function, particularly during childhood and adolescence.;Meta
Mucosa-associated lymphoid tissue;Mucosa-associated lymphoid tissue is a type of immune system structure that is found in various parts of the body, including the respiratory, gastrointestinal, and genitourinary tracts. It consists of organized clusters of immune cells, such as B cells, T cells, and macrophages, which work together to recognize and respond to pathogens and other foreign substances. MALT plays a crucial role in protecting the body from infections and diseases, including those caused by bacteria, viruses, and parasites. Abnormalities or damage to MALT can lead to various conditions, such as gastric cancer and Sjögren's syndrome, highlighting its importance in maintaining immune system homeostasis.;Meta
Volcanism;Volcanism is the process by which magma from the Earth's interior rises to the surface, resulting in eruptions of molten rock, ash, and gas. This occurs when the pressure of magma builds up due to a decrease in density or an increase in volume, causing it to seek a path to release. Volcanic eruptions can range from gentle effusions of lava to violent explosions of pyroclastic flows. The movement of tectonic plates is responsible for the distribution and formation of volcanoes, which can be found at subduction zones, continental rifts, and hotspots.;Meta
Pentose phosphate pathway;The pentose phosphate pathway is a metabolic pathway that generates NADPH and pentoses from glucose-6-phosphate in cells, primarily involved in biosynthetic and redox reactions. It is an important source of reducing power and building blocks for nucleic acid synthesis. The pathway consists of two phases: the oxidative phase, which produces NADPH, and the non-oxidative phase, which generates pentoses from glucose-6-phosphate. The pentose phosphate pathway also produces ribulose-5-phosphate, a precursor for nucleotide synthesis, and xylulose-5-phosphate, which can be converted to other sugars. This pathway is essential for various cellular processes, including DNA synthesis, fatty acid synthesis, and cell growth.;Meta
Attenuated vaccine;An attenuated vaccine is a type of vaccine that uses a weakened or modified form of a pathogen to stimulate an immune response. The pathogen is made less virulent through various techniques such as serial passage in tissue culture or attenuation by heat, chemicals, or radiation. Attenuated vaccines are characterized by their ability to induce immunity without causing the disease itself. They work by triggering the production of antibodies and activating immune cells that recognize and neutralize pathogens. Examples include the smallpox vaccine and measles vaccine which have been used widely to protect against these diseases worldwide.;Meta
Carrying capacity;Carrying capacity refers to the maximum population size that an environment can sustain indefinitely given the food, habitat, water, and other necessities available in the area. It is a fundamental concept in ecology and is influenced by factors such as climate, geography, and the availability of resources. The carrying capacity of a population is determined by its exponential growth rate, which is affected by factors such as birth rates, death rates, and migration patterns. When a population reaches its carrying capacity, it will experience a decline in growth rate due to decreased resource availability.;Meta
Quantum dot;Quantum dots are tiny particles made of semiconductor material with dimensions on the nanoscale, typically between 2-10 nanometers in diameter. They exhibit unique optical properties due to quantum confinement effects, where the small size restricts the movement of electrons and results in discrete energy levels. This confinement leads to a blue-shifted emission spectrum compared to bulk materials, making them emit light at shorter wavelengths. Quantum dots have potential applications in displays, lighting, solar cells, and biomedical imaging due to their tunable optical properties and ability to be functionalized with various molecules or polymers.;Meta
Lock and key;The lock and key concept in science refers to the idea that a specific shape or structure can only fit into another specific shape or structure with precision, much like a lock requires a corresponding key to unlock it. This principle is rooted in chemistry, particularly in the field of biochemistry, where enzymes and receptors are studied for their specificity towards binding molecules. The shape-complementary model proposes that these biomolecules have unique shapes that allow them to bind only to specific ligands or substrates, ensuring precise biochemical interactions.;Meta
Extracellular matrix;The extracellular matrix is a complex network of proteins and polysaccharides that provides structural and biochemical support to surrounding cells in various organisms. It consists of collagen, elastin, and fibrillin, which provide elasticity and strength, while proteoglycans and glycoproteins contribute to its viscoelastic properties. The extracellular matrix also plays a crucial role in cell migration, differentiation, and signaling through interactions with cell surface receptors. Abnormalities in the composition or structure of the extracellular matrix can lead to various diseases such as cancer, fibrosis, and osteoporosis, highlighting its importance in maintaining tissue homeostasis and overall organismal function.;Meta
Oceanography;Oceanography is the scientific study of the world's oceans, including their properties, behavior, and life forms. It encompasses various subfields such as physical oceanography, which examines ocean currents, temperature, salinity, and other physical parameters. Biological oceanography explores the distribution, abundance, and interaction of marine organisms with their environment. Chemical oceanography investigates the chemical composition of seawater and its changes due to human activities. Geological oceanography studies the ocean floor, its geology, and tectonic processes that shape it. Ecological oceanography examines the relationships between living organisms and their surroundings in the ocean.;Meta
Toughness;Toughness is a measure of an object's ability to withstand external forces without failure, such as fracture or deformation. It can be defined as the ratio of the stress at break point to the stress at the yield point, or alternatively, it is related to the work required to cause crack growth and eventual fracture. In materials science, toughness is often expressed in terms of the energy released during fracture, which is typically measured using methods such as Charpy impact testing. The relationship between material properties and toughness has significant implications for structural integrity and design of engineered systems.;Meta
Gamma-ray burst;Gamma-ray bursts are incredibly powerful explosions that occur when massive stars collapse or when neutron stars or black holes merge. These events release enormous amounts of energy in the form of gamma rays, which are high-energy electromagnetic radiation with wavelengths shorter than X-rays. The burst's intensity can be so great that it is detectable from vast distances across the universe, making it a significant tool for astronomers to study distant galaxies and stars. The exact mechanisms behind gamma-ray bursts are still not fully understood, but scientists have proposed theories involving supernovae, magnetic reconnections, and collapse of massive stars.;Meta
Embedding;Embedding is a concept in statistical analysis that refers to the process of inserting a random variable into another variable's domain without altering its distribution. This technique is used to create new variables from existing ones, allowing researchers to analyze relationships between different types of data. Embedding can be performed using various methods such as dimensionality reduction techniques or linear transformations. The resulting embedded variables retain the original variable's statistical properties while providing a lower-dimensional representation for analysis. This method has been widely applied in machine learning and data mining tasks, enabling efficient handling of high-dimensional data.;Meta
Neuroinflammation;Neuroinflammation refers to the activation of immune cells in the central nervous system, leading to the production of pro-inflammatory molecules that disrupt normal neural function. This condition is characterized by the infiltration of immune cells, such as microglia and astrocytes, into the brain and spinal cord. Neuroinflammation can result from various factors, including infection, injury, or autoimmune disorders. The activation of certain neurotransmitters, such as cytokines and chemokines, plays a crucial role in the development of neuroinflammatory responses. Chronic or persistent neuroinflammation has been linked to various neurological conditions, including Alzheimer's disease, Parkinson's disease, and multiple sclerosis.;Meta
Cache coherence;Cache coherence refers to the consistency between different levels of memory hierarchy in computer systems, particularly between cache memory and main memory. It is a fundamental concept in computer architecture, ensuring that data retrieved from one location is valid and consistent across all other locations. Cache coherence protocols, such as MESI or MSHR, are used to maintain consistency by periodically polling each cache line to verify its validity. Effective cache coherence mechanisms are essential for maintaining system performance, reducing false shares, and preventing data corruption in modern multi-core processors.;Meta
Single-cell analysis;Single-cell analysis is a scientific field that studies individual cells in their natural state to understand cellular behavior, function, and interactions. This field employs various techniques such as flow cytometry, fluorescence microscopy, and single-cell RNA sequencing to isolate, analyze, and quantify cells. Single-cell analysis has revolutionized our understanding of cell biology, allowing researchers to investigate rare cell populations, track individual cell fate, and identify specific cell subsets. It has also enabled the development of personalized medicine approaches, where individual patient cells are analyzed to inform treatment decisions.;Meta
Triple-alpha process;The triple-alpha process is a theoretical astrophysical reaction in which three helium-4 nuclei combine to form a carbon-12 nucleus through the fusion of four protons and six protons, resulting in the emission of 28 alpha particles and 22.8 MeV of energy. This process is considered the most likely mechanism for the creation of atomic carbon from helium nuclei during the Big Bang nucleosynthesis or in stars that have exhausted their hydrogen fuel. The triple-alpha process provides insight into the origins of light elements and has implications for our understanding of stellar evolution and nucleosynthesis.;Meta
Leaving group;In organic chemistry, a leaving group is a functional group that donates a pair of electrons to form a new bond during a substitution reaction in a molecule. It can be an atom or a group of atoms that are bonded to the central atom in the reaction and have a relatively low electronegativity value, allowing them to easily depart from the molecule. The most common leaving groups include halide ions such as chloride and bromide, alkoxide ions, and oxoanions like hydroxide and sulfite. Leaving groups play a crucial role in determining the reactivity of a molecule towards nucleophilic attack.;Meta
Holographic principle;The holographic principle is a theoretical concept in physics that proposes that the information contained in a region of space can be encoded on the surface at the boundary of that region. This idea was first proposed by Gerard 't Hooft and later developed by Leonard Susskind, who suggested that the information contained in a black hole could be encoded on its event horizon. The holographic principle has been applied to various areas of physics, including cosmology and condensed matter physics. According to this principle, the information contained in a region is fundamentally two-dimensional and can be projected onto a surface for storage.;Meta
Endospore;An endospore is a highly resistant, dormant structure formed by certain bacteria, typically in response to adverse environmental conditions such as heat, cold, drought, or radiation. This spore-like structure, also known as a sporule, consists of a thick outer wall and a highly dehydrated internal core that protects the cell's genetic material from damage. The endospore is surrounded by a protective coat called a exosporium, which helps to maintain its sterility and resistance to external factors. When conditions become favorable, the endospore germinates, releasing a new bacterial cell that resumes normal growth and metabolism.;Meta
BCS theory;The BCS theory is a fundamental concept in physics that describes the behavior of superconductors. It was developed by John Bardeen, Leon Cooper, and Robert Schrieffer in 1957. The theory states that at very low temperatures, electrons in a material can form pairs, known as Cooper pairs, which exhibit zero electrical resistance and perfect diamagnetism. This pairing is facilitated by the exchange of phonons, quantum mechanical waves that describe the vibrations of atoms in the crystal lattice. The BCS theory explains how superconductors work and has had a profound impact on the development of materials science and technology.;Meta
Cellular respiration;Cellular respiration is the process by which cells generate energy from the food they consume. It involves the breakdown of glucose to produce ATP, releasing carbon dioxide and water as byproducts. The process occurs in three stages: glycolysis, the citric acid cycle, and oxidative phosphorylation. Glycolysis converts glucose into pyruvate, producing a small amount of ATP and NADH. The citric acid cycle generates ATP and NADH from pyruvate, while oxidative phosphorylation uses oxygen to produce a large amount of ATP from the remaining NADH and FADH2. This process is essential for the survival of most living organisms.;Meta
Neural tissue engineering;Neural tissue engineering is a subfield of regenerative medicine that aims to develop methods for repairing or replacing damaged neural tissues. It involves the design and construction of scaffolds, biomaterials, and bioactive molecules to promote neural cell growth, differentiation, and integration into host tissues. Researchers use various techniques such as 3D printing, stem cell therapies, and gene editing to create functional neural tissue replacements. The ultimate goal is to restore neural function and improve patient outcomes for conditions such as spinal cord injuries, Parkinson's disease, and stroke.;Meta
Principal component analysis;Principal component analysis is a statistical technique used to reduce the dimensionality of a dataset by transforming it into a new set of uncorrelated variables called principal components. The goal is to retain most of the information in the data while eliminating noise and redundancy. This method is widely used in data visualization, machine learning, and pattern recognition applications. PCA is based on the idea that any multivariate distribution can be approximated by a linear combination of its principal components. By retaining only the first few principal components, one can often capture the underlying structure of the data with minimal loss of information.;Meta
Cloning;Cloning is the process of creating an exact genetic replica of an organism. It involves the duplication of DNA sequences using various techniques such as somatic cell nuclear transfer, in vitro fertilization, and embryo splitting. The most well-known cloning technique is SCNT, which was first achieved by Ian Wilmut in 1996. This method involves removing the nucleus from an adult cell and replacing it with a nucleus from an egg cell, allowing the cell to divide and develop into a clone. Cloning has various applications in fields such as genetics, biotechnology, and agriculture, but it also raises ethical concerns about the potential misuse of this technology.;Meta
Game theory;Game theory is a branch of mathematics that studies strategic decision making in situations where the outcome depends on the actions of multiple individuals or parties. It provides a framework for analyzing and predicting the behavior of players in competitive and cooperative games. Game theory assumes that players make rational decisions, given their knowledge of the game and other players' strategies. The concept of Nash equilibrium is central to game theory, which describes a situation where no player can improve their payoff by unilaterally changing their strategy. This concept has been applied to various fields, including economics, politics, and biology.;Meta
Titration;Titration is a scientific technique used to determine the concentration of a substance in a solution by reacting it with another substance until equilibrium is reached. The reaction between the analyte and the titrant is often accompanied by a color change, which serves as an indicator for the endpoint of the reaction. A burette containing the titrant is slowly added to a known volume of the analyte solution while measuring the volume with a graduated cylinder or pipette. The point at which the endpoint is reached indicates the stoichiometric ratio between the two substances and can be used to calculate the concentration of the analyte.;Meta
Leukopoiesis;Leukopoiesis is the process by which white blood cells are produced in the bone marrow through a complex series of cellular interactions and differentiation pathways. It begins with hematopoietic stem cells, which undergo proliferation and self-renewal to produce more stem cells or mature into different types of blood cells, including neutrophils, lymphocytes, and monocytes. Leukopoiesis is regulated by a network of transcription factors, growth factors, and cytokines that control cell cycle progression, differentiation, and survival. Abnormalities in leukopoiesis can lead to various hematological disorders, such as leukemia, anemia, and neutropenia, highlighting the importance of this cellular process in maintaining immune function and overall health.;Meta
Molecular recognition;Molecular recognition refers to the process by which molecules interact with each other at the atomic and molecular level. This phenomenon is crucial in various biological processes, including protein-ligand interactions, enzyme-substrate binding, and DNA-helix formation. Recognition can be specific, involving precise spatial arrangements of atoms, or non-specific, involving more general interactions such as hydrogen bonding, hydrophobicity, and ionic forces. Understanding molecular recognition has led to the development of biomimetic materials and catalysts that mimic natural biological processes, with applications in fields like medicine, agriculture, and materials science.;Meta
Asymptotic giant branch;The asymptotic giant branch is a phase in the evolution of low- to intermediate-mass stars that occurs in the final stages of their lives. During this phase, the star's core contracts and heats up, causing helium fusion to occur in a shell around the core. This leads to the synthesis of elements such as carbon, nitrogen, and oxygen. The AGB phase is characterized by the star's expansion into a red giant, with a surface temperature that decreases from tens to hundreds of thousands of degrees Kelvin. The star eventually sheds its outer layers, leaving behind a compact white dwarf remnant.;Meta
Pi bond;"A pi bond is a type of covalent chemical bond that involves the sideways overlap of p-orbitals on adjacent atoms, resulting in a planar, symmetrical bonding arrangement. The term ""pi"" comes from the Greek letter π, which represents the concept of rotation around an axis perpendicular to the bonds. Pi bonds are typically found in molecules with alternating double bonds, such as polyenes and aromatic compounds like benzene and its derivatives. They play a crucial role in determining the stability and reactivity of these molecules. The strength and character of pi bonds vary depending on the specific molecule and bonding arrangement.";Meta
Hemoglobin;Hemoglobin is a protein in red blood cells that carries oxygen from the lungs to the body's tissues. It is composed of four polypeptide chains: two alpha and two beta chains. Hemoglobin has a unique heme group, which contains an iron atom at its center. The iron atom plays a crucial role in binding oxygen, with four oxygen molecules able to bind simultaneously. When oxygen is bound, the hemoglobin molecule changes shape, allowing it to be transported through the bloodstream. At low oxygen levels, hemoglobin releases oxygen to tissues, helping to maintain proper oxygenation and support metabolic processes throughout the body.;Meta
Computability;Computability is a branch of mathematical logic that deals with the study of algorithms and their ability to solve problems within a finite amount of time and space. It was developed by Alonzo Church and Alan Turing in the 1930s as a way to formalize the concept of what can be computed using a machine. The field has since evolved to include the study of decidability, the halting problem, and the limits of computation, including the famous Turing's Halting Problem which states that there exists no general algorithm that can determine whether a given program will halt or run forever on any given input.;Meta
Apical ectodermal ridge;The apical ectodermal ridge is a critical structure in embryonic development that plays a central role in limb patterning and digit formation. It forms at the distal end of each limb bud and consists of a thickened layer of epithelial cells that secrete signals regulating cell proliferation, differentiation, and pattern formation. The ApE, as it is also known, acts as a signaling center, promoting the growth and elongation of the limb and inducing the formation of digits through the interaction with other nearby tissues and signaling molecules. Abnormalities in ApE development can lead to congenital limb abnormalities and disorders such as polydactyly.;Meta
Spread spectrum;Spread spectrum is a technique used in wireless communication to reduce interference by modulating a wide frequency band onto a narrow sub-carrier signal. This allows multiple users to share the same radio channel without causing significant interference. Spread spectrum operates on the principle of encoding information onto a carrier wave using a pseudorandom noise code, which is then multiplied with the carrier to produce a spread-spectrum signal. The PN code is designed to minimize interference by spreading the energy across a wide frequency band, thereby increasing the resistance to jamming and interference.;Meta
Finite difference method;The finite difference method is a numerical technique used to approximate solutions to partial differential equations by discretizing the spatial and temporal derivatives. It involves approximating the derivative of a function at a point using a difference quotient, which is the ratio of the change in the function value to the change in the independent variable. This approach allows for the numerical solution of PDEs on discrete grids, making it useful for solving problems in physics, engineering, and other fields where continuous models are not feasible or sufficient. The method has been widely used in various applications including fluid dynamics, heat transfer, and quantum mechanics.;Meta
Hsp70;Hsp70 is a family of heat shock proteins that play a crucial role in cellular stress responses. These molecular chaperones assist in the proper folding and unfolding of proteins, maintaining protein homeostasis under conditions of thermal stress, oxidative stress, or other forms of cellular distress. Hsp70s bind to denatured proteins, preventing their aggregation and facilitating their refolding into their native conformation. This function helps protect cells against protein misfolding diseases such as Alzheimer's, Parkinson's, and Huntington's. Additionally, Hsp70 has been implicated in various signaling pathways, regulating cell growth, differentiation, and survival.;Meta
Limb bud;A limb bud is a small, protruding mass of cells that forms at the tip of a developing appendage in embryos of animals such as humans and other mammals. It arises from the apical ectodermal ridge, a zone of cells that produces signaling molecules promoting growth and differentiation. The limb bud consists of mesenchymal tissue and epidermal cells and begins to develop into the digits of a hand or foot by the fifth week of gestation in humans. During this process, the limb bud undergoes rapid cell division and morphogenesis, resulting in the formation of distinct digit patterns.;Meta
Biosignature;A biosignature is a characteristic or signature that indicates the presence of life on another planet or in a celestial body. The search for biosignatures has become a crucial area of research in astrobiology and exoplanetary science, as it could provide evidence of past or present biological activity. Biosignatures can be detected using a variety of methods, including spectroscopy, which analyzes the light emitted or absorbed by a planet's atmosphere. Different types of biosignatures, such as oxygen, methane, and organic molecules, can be used to infer the existence of life on another world. The detection of biosignatures has significant implications for our understanding of the origins of life and the potential for life beyond Earth.;Meta
Hidden Markov model;A Hidden Markov model is a mathematical statistical model used to estimate a probability distribution over a finite number of hidden states, and to generate sequences of observations possibly representing these states. The model assumes that the observed output sequence is generated by a first-order Markov chain with unobserved initial and transition probabilities. In practice, HMMs are widely used in speech recognition, natural language processing, and bioinformatics for tasks such as speaker identification, language modeling, and gene finding. They provide a probabilistic framework for modeling complex systems with multiple hidden variables.;Meta
p-value;The p-value is a statistical measure used to determine the significance of the results obtained from a hypothesis test. It represents the probability of observing the obtained results, or more extreme results, assuming that the null hypothesis is true. The p-value is calculated using the null hypothesis and the sample data. A small p-value indicates strong evidence against the null hypothesis, while a large p-value suggests little evidence against it. The threshold for significance varies depending on the field of study and the desired level of precision, with common thresholds being 0.05 or less.;Meta
Ubiquitin;Ubiquitin is a small protein that plays a crucial role in various cellular processes, including protein degradation, cell signaling, and transcriptional regulation. It is characterized by its ubiquitin-like domain, which allows it to bind to specific receptors on the surface of cells. When attached to target proteins, ubiquitin marks them for degradation by proteasomes, a protein complex responsible for breaking down damaged or misfolded proteins. Ubiquitin also functions as an endogenous activator of various kinases and phosphatases, modulating their activity in response to cellular signals. Its dysregulation has been implicated in numerous diseases, including cancer, neurodegenerative disorders, and infectious diseases.;Meta
Cell adhesion;Cell adhesion refers to the process by which cells interact with each other and their surroundings through specific biochemical and physical interactions. This process is mediated by cell surface molecules such as integrins, selectins, and cadherins that recognize and bind to ligands on adjacent cells or extracellular matrices. The binding of these molecules triggers a series of intracellular signaling events that regulate various cellular processes including migration, proliferation, differentiation, and survival. Cell adhesion plays a crucial role in maintaining tissue structure, regulating cell movement, and responding to environmental cues such as mechanical stress and chemical signals.;Meta
ABC transporter;An ABC transporter is a type of transport protein that uses energy from ATP hydrolysis to transport molecules across cell membranes in both prokaryotes and eukaryotes. These transporters are part of the ATP-binding cassette family, characterized by two transmembrane domains and a conserved domain containing an ATP-binding site. They play critical roles in transporting various substrates, including ions, sugars, and antibiotics, out of cells or into them. ABC transporters have been implicated in numerous physiological processes, such as nutrient uptake and efflux, and are also involved in multidrug resistance in cancer cells and in bacterial antibiotic resistance.;Meta
Causal dynamical triangulation;Causal dynamical triangulation is a quantum gravity theory that uses a discretized spacetime to describe the fundamental laws of physics. The theory posits that spacetime is made up of simple geometric building blocks called simplices, which are used to construct a network of vertices and edges. These simplices are then used to define a Hilbert space, which is the mathematical structure used to calculate probabilities in quantum mechanics. The theory uses renormalization group techniques to describe how these simplices evolve over time, and it has been shown to reproduce some features of both general relativity and quantum mechanics.;Meta
Calixarene;"Calixarene is a type of macrocyclic molecule composed of nine phenol rings connected in a ring structure. The term ""calix"" comes from the Greek word for ""garden"", referring to the resemblance of the molecule's shape to a floral basket. Calixarenes are known for their unique ability to form inclusion complexes with guest molecules, due to the presence of hydroxyl groups that can participate in hydrogen bonding and solvation. This property makes calixarenes useful as molecular sieves and sensors for detecting specific ions or molecules in solution.";Meta
Particulate matter;Particulate matter refers to small particles suspended in the air that can be inhaled and have adverse effects on human health. These particles are typically less than 10 micrometers in diameter and come from a variety of sources including industrial emissions, vehicle exhaust, natural events such as wildfires, and construction activities. The health impacts of particulate matter include increased risk of respiratory problems, cardiovascular disease, and cancer. Exposure to particulate matter is often associated with poor air quality, and monitoring its levels is an important aspect of public health and environmental management.;Meta
Peptidoglycan;Peptidoglycan is a critical component of bacterial cell walls, providing structural support and maintaining cellular integrity. Composed of polysaccharide chains cross-linked by short peptides, peptidoglycan forms a strong matrix that resists osmotic pressure and mechanical stress. The biosynthesis of peptidoglycan involves the sequential assembly of sugar monomers and peptide linkers, mediated by enzyme-catalyzed reactions. Defects in peptidoglycan synthesis can lead to increased permeability and cell lysis, making it a key target for antimicrobial therapies. Additionally, peptidoglycan plays a role in bacterial cell division, allowing the separation of daughter cells during cytokinesis.;Meta
Antibody;Antibodies are proteins produced by the immune system in response to the presence of foreign substances such as bacteria, viruses, and other pathogens. They are produced by B cells, a type of white blood cell, and serve as a defense mechanism against these invaders. Antibodies bind specifically to antigens on the surface of pathogens, marking them for destruction or neutralizing their ability to cause harm. There are five major classes of antibodies: IgA, IgD, IgE, IgG, and IgM, each with distinct properties and functions in the immune response. They play a crucial role in protecting the body against infection and disease.;Meta
Genetic drift;Genetic drift is the random change in the frequency of a gene or genes in a population over time. It occurs when there are more individuals with certain traits than would be expected under a neutral model, leading to an increase or decrease in those traits. This process can result in the loss or fixation of genetic variants, even if they are not beneficial. Genetic drift is influenced by factors such as population size, bottlenecks, and genetic variation. It plays a significant role in shaping the evolutionary history of populations, particularly in small and isolated groups.;Meta
RefSeq;RefSeq is a comprehensive collection of reference sequences for all types of organisms, including bacteria, viruses, fungi, and humans. These sequences are derived from publicly available genomic data from various sources, such as GenBank and RefSeq databases. The primary goal of RefSeq is to provide accurate and up-to-date information on the genomic characteristics of each organism, facilitating research in fields like comparative genomics, evolutionary biology, and disease diagnosis. The database contains over 1 million reference sequences, and its content is updated regularly to reflect new discoveries and revisions in genomic annotation.;Meta
Pseudogene;A pseudogene is a nonfunctional copy of a gene that has evolved from a functional ancestral gene through a process called pseudogenization. This occurs when a gene undergoes mutations and deletions that render it unable to produce a protein, resulting in a noncoding sequence. Pseudogenes can be found in many organisms, including animals, plants, and fungi. They often occupy the same genomic location as their functional counterparts and may even share similar sequences, but are unable to transcribe or translate into a usable product. Despite being nonfunctional, pseudogenes can still influence gene regulation and evolution through other mechanisms such as interference with gene expression or serving as targets for evolutionary selection.;Meta
Depth-first search;Depth-first search is a graph traversal algorithm used to explore a network or graph by visiting a node and then exploring as far as possible along each of its edges before backtracking. The algorithm starts at an arbitrary node in the graph, visits all nodes reachable from that node, and then moves on to the next node. This process continues until all nodes have been visited or it has reached a predetermined depth limit. The algorithm is commonly used for searching, traversing, and solving problems related to networks and graphs, such as finding connected components, detecting cycles, and testing graph connectivity.;Meta
Topology;Topology is a branch of mathematics that studies the properties of shapes and spaces that are preserved under continuous deformations, such as stretching and bending. It examines the relationships between objects without considering their size or shape, focusing instead on the connections and boundaries between them. Topological spaces can be classified into different types, including compact and non-compact spaces, connected and disconnected spaces, and finite and infinite spaces. The study of topology has numerous applications in physics, chemistry, and engineering, particularly in understanding the behavior of materials and systems under different conditions.;Meta
Optical flow;Optical flow is the apparent motion of objects in a scene when viewed from different angles. It is a fundamental concept in computer vision and image processing. The law of perspective states that parallel lines appear to converge at a vanishing point, creating the illusion of depth. By analyzing the change in pixel locations between consecutive frames, optical flow can be computed to determine the motion of objects within an image. This technique is used extensively in various applications such as object tracking, motion estimation, and virtual reality. The computation of optical flow involves solving a complex system of equations that relate pixel coordinates at different frames.;Meta
Folate;Folate is a B-vitamin essential for various bodily functions including DNA synthesis and repair, cell division, and maintenance of healthy skin, hair, and mucous membranes. It plays a crucial role in the metabolism of homocysteine, an amino acid linked to cardiovascular disease when elevated levels are present. Folate deficiency can lead to megaloblastic anemia, impaired wound healing, and increased risk of cancer. The recommended dietary allowance for folate varies by age, with higher amounts required during pregnancy and lactation. Food sources include leafy greens, legumes, and fortified cereals, while supplements are often prescribed to prevent deficiency in individuals at risk.;Meta
Sedimentary rock;Sedimentary rocks are formed through the accumulation and compression of sediments, which can include fragments of other rocks, minerals, and organic matter. The process typically begins with erosion, where existing rocks are broken down into smaller particles. These particles are then transported by wind or water to a new location, such as a river delta or ocean floor, where they settle out of the water. Over time, additional layers of sediment accumulate, causing the pressure on the lower layers to increase, resulting in cementation and the formation of a new rock.;Meta
Breadth-first search;Breadth-first search is a graph traversal algorithm that explores all nodes at the current depth level before moving on to the next level. It uses a queue data structure to keep track of nodes to visit and their distances from the starting node. The algorithm starts with the source node and adds its neighbors to the queue, then removes the first node from the queue, visits it, and repeats the process for its unvisited neighbors. This continues until all reachable nodes have been visited or a termination condition is met, such as a maximum depth limit or an unreachable node detected.;Meta
Tubulin;Tubulin is a microtubule-forming protein that is composed of two subunits: alpha-tubulin and beta-tubulin. It is the primary component of microtubules, which are dynamic structures that play a crucial role in maintaining cellular shape, organizing intracellular trafficking, and regulating cell division. The assembly and disassembly of microtubules involve the cooperative binding of tubulin dimers to the growing end of the filament. Abnormalities in tubulin structure or function have been implicated in various diseases, including neurodegenerative disorders such as Alzheimer's disease and Parkinson's disease, as well as cancer. Research on tubulin has led to the development of microtubule-targeting antineoplastic agents.;Meta
Thrust;Thrust is a fundamental concept in physics that describes the forward motion of an object due to an external force applied to it. According to Newton's third law of motion, for every action, there is an equal and opposite reaction, which results in a net force acting on the object. Thrust can be generated by various means such as explosions, jet engines, or even human muscle power. The magnitude and direction of thrust determine the rate and direction of acceleration of the object. In aerospace engineering, thrust is a critical factor in designing aircraft and spacecraft that require precise control over their trajectory and velocity.;Meta
Ozone depletion;Ozone depletion refers to the thinning of the ozone layer in the Earth's atmosphere, primarily caused by human activities such as the release of chlorofluorocarbons and other halogenated gases. These substances were widely used as refrigerants, propellants, and solvents before being phased out due to their detrimental effects on the environment. The ozone layer is composed of three main layers: the troposphere, stratosphere, and mesosphere. Ozone depletion occurs when CFCs rise to the stratosphere, where they are broken down by ultraviolet radiation, releasing chlorine and bromine atoms that destroy ozone molecules. This has significant implications for global climate regulation and human health.;Meta
Anesthesia;Anesthesia is a medical discipline that involves the administration of pharmacological agents to induce a state of controlled unconsciousness in a patient. The goal of anesthesia is to minimize pain and discomfort during medical procedures while maintaining vital organ function. Anesthetics work by interacting with specific receptors in the nervous system, blocking or modifying neural signaling pathways to produce their effects. There are various types of anesthetics, including inhalational agents, intravenous anesthetics, and regional anesthetics, each with its own mechanism of action and indications for use. The development of anesthesia has revolutionized medical practice and enabled widespread surgical interventions.;Meta
L-function;In number theory, an L-function is a Dirichlet series that encodes information about the distribution of prime numbers. It is defined as the sum of terms involving the Euler's totient function and powers of primes, over all positive integers n. The L-function is used to study properties of the Riemann zeta function, which is closely related to the distribution of prime numbers. The L-function can also be used to prove various theorems in number theory, such as the Prime Number Theorem, and has applications in cryptography and coding theory. The study of L-functions is an active area of research in mathematics.;Meta
Lepton;Leptons are elementary particles that constitute part of the Standard Model of particle physics, a theory describing the fundamental constituents of matter and energy. They are among the six types of fermions, which also include quarks and electrons. Leptons possess zero charge and are characterized by their unique properties such as being weakly interacting with other particles and having large masses compared to quarks. The six types of leptons include electrons, muons, taus, and three neutrinos: electron neutrino, muon neutrino, and tau neutrino.;Meta
Mirror neuron;Mirror neurons are a type of neuron that fires both when an individual performs an action and when they observe someone else performing the same action. This neural phenomenon was first discovered by Giacomo Rizzolatti in 1995, who found that macaque monkeys showed increased activity in their brain cells while watching another monkey perform an action, such as grasping or reaching. Similar neurons have been identified in humans, suggesting a common evolutionary origin. The mirror neuron system is thought to play a crucial role in empathy, social learning, and imitation, allowing us to understand and connect with others through observation of their actions.;Meta
Loop quantum gravity;Loop quantum gravity is a theoretical framework in physics that attempts to merge quantum mechanics and general relativity. The theory posits that space is made up of discrete, granular units of space and time, rather than being continuous as described by classical general relativity. This discreteness gives rise to quantized Planck length and Planck time, which are the fundamental scales at which space-time becomes grainy. The theory also introduces a new kind of curvature, known as spin networks, which describe the geometric structure of space in terms of discrete, loop-like connections between nodes.;Meta
Diffusion;Diffusion is the process by which particles move from an area of higher concentration to an area of lower concentration, resulting in uniform distribution. This phenomenon occurs due to random molecular motion and collisions between particles. The rate of diffusion depends on factors such as temperature, pressure, and the size of the particles. In gases, diffusion is driven by the kinetic energy of molecules, while in liquids and solids, it is influenced by intermolecular forces and viscosity. Diffusion plays a crucial role in various natural processes, including gas exchange, osmosis, and biological transport of nutrients and waste products.;Meta
Prolactin;Prolactin is a hormone produced by the pituitary gland that plays a crucial role in regulating various physiological processes in the body. It is also known as lactogenic hormone due to its ability to stimulate milk production in lactating females. Prolactin levels typically rise during pregnancy and breastfeeding, but can also be elevated in response to stress, certain medications, or medical conditions such as hyperprolactinemia. In males, high prolactin levels can disrupt normal reproductive function. Research on prolactin has led to the development of treatments for various conditions, including thyroid disorders and infertility, highlighting its importance as a key regulator of hormonal balance in the body.;Meta
Inattentional blindness;Inattentional blindness is a phenomenon where individuals fail to perceive stimuli in their environment due to focused attention on another task. This occurs when the brain's cognitive resources are divided between processing new information and retaining existing knowledge, resulting in a lack of awareness for surrounding events. Research suggests that inattentional blindness can affect both conscious and unconscious perception, with studies demonstrating that people can be oblivious to obvious stimuli while performing tasks requiring sustained attention. The exact mechanisms behind inattentional blindness are not yet fully understood, but it is thought to involve the brain's allocation of attentional resources.;Meta
Photon;A photon is a type of elementary particle that represents a quantum of light or electromagnetic radiation. It has both wave-like and particle-like properties, exhibiting characteristics of both types simultaneously. Photons have zero rest mass and are massless particles, traveling at the speed of light in a vacuum. The energy of a photon is directly proportional to its frequency and inversely proportional to its wavelength. When two photons interact, they can transfer their energy and momentum to other particles through processes such as Compton scattering and pair production. Photons play a fundamental role in understanding the behavior of electromagnetic radiation and its interactions with matter.;Meta
Aquaporin;Aquaporin is a family of integral membrane proteins that facilitate water transport across cell membranes. These proteins are characterized by six transmembrane alpha-helices and a pore-forming region that allows water molecules to pass through. Aquaporins play crucial roles in various biological processes, including the regulation of body temperature, the maintenance of proper ion balance, and the transport of water and solutes within the kidney and other organs. There are 13 different types of aquaporin, with AQP1-5 being widely distributed in mammals, while others have more restricted distributions or play specific roles in plants and bacteria.;Meta
Optical coherence tomography;Optical Coherence Tomography is a non-invasive imaging technique that uses low-coherence interferometry to capture high-resolution images of tissues and cells. It relies on the principle of optical coherence, where light waves interfere with each other to produce a more detailed image. The technique involves illuminating a sample with a narrowband source of coherent light, which is then scattered by tissue components. The scattered light is detected and processed to form an interference pattern, revealing structural details at the microscopic level. OCT has applications in ophthalmology, dermatology, and cardiology, enabling precise imaging of retinal layers, skin structures, and coronary artery walls.;Meta
Beta-lactamase;Beta-lactamase is an enzyme that inactivates beta-lactam antibiotics by hydrolyzing their beta-lactam ring structure. This results in the degradation of the antibiotic's effectiveness and resistance to its antibacterial properties. Beta-lactamases are produced by certain bacteria, including Gram-negative bacteria such as Pseudomonas aeruginosa, and Gram-positive bacteria like Staphylococcus aureus. The production of beta-lactamase is often a response to selective pressure from antibiotics, allowing bacteria to adapt and survive in the presence of these drugs. This enzyme plays a significant role in the development of antibiotic resistance, making it a target for research and therapeutic interventions aimed at overcoming this growing concern.;Meta
Checkpoint inhibitor;Checkpoint inhibitors are immunotherapies that work by releasing the brakes on the immune system to attack cancer cells. They target proteins called checkpoint molecules, which normally prevent the immune system from attacking normal cells as well as cancer cells. By blocking these checkpoint molecules, checkpoint inhibitors allow the immune system to recognize and destroy cancer cells more effectively. This approach has shown promise in treating various types of cancers, including melanoma, lung cancer, and kidney cancer, and has become a cornerstone of modern oncology. The development of checkpoint inhibitors has revolutionized the treatment of cancer.;Meta
RIG-I;RIG-I is a cytoplasmic RNA sensor that plays a crucial role in the innate immune response against viral infections. It recognizes double-stranded RNA and triggers an interferon response, which inhibits viral replication and promotes antiviral defenses. RIG-I interacts with MDA5 to form a complex that activates downstream signaling pathways, leading to the production of type I interferons. Mutations in the RIG-I gene have been associated with immunodeficiency disorders, highlighting its importance in maintaining effective antiviral immunity. Research on RIG-I has also revealed mechanisms for viral evasion and persistence, providing new targets for therapeutic intervention against viral infections.;Meta
Sedimentary basin;A sedimentary basin is a landform characterized by the accumulation of sediments over time, resulting from the erosion and deposition of rocks and minerals from surrounding areas. These basins are typically formed in areas where tectonic activity, weathering, or erosion has created depressions that collect and hold sediments. The processes of lithification, cementation, and compaction transform these sediments into sedimentary rock, which can be composed of a wide range of minerals, fossils, and other geological features. Sedimentary basins play a crucial role in the Earth's geology, serving as archives for past environments and providing insights into historical events and climates.;Meta
Ductility;Ductility refers to the ability of a material to deform plastically without breaking or shattering when subjected to tensile stress. It is a measure of how much a material can stretch before failing. Ductility is influenced by factors such as grain size, crystal structure, and impurities in the material. Materials with high ductility are typically metals, while those with low ductility tend to be brittle polymers or glasses. The relationship between ductility and strength is complex, with some materials exhibiting high strength at the expense of ductility, while others can exhibit both properties simultaneously.;Meta
Activation function;An activation function is a mathematical operation used in artificial neural networks to introduce non-linearity into the model. This allows the network to learn more complex relationships between inputs and outputs. The output of each neuron, typically a weighted sum of its inputs, is passed through an activation function to produce an output that represents the likelihood or probability of the input being present. Common examples of activation functions include sigmoid, ReLU, and tanh. The choice of activation function can significantly impact the behavior and performance of a neural network, and researchers often experiment with different options to find the best fit for a particular problem.;Meta
Kerr effect;The Kerr effect is a nonlinear optical phenomenon where the refractive index of a material changes in response to its own polarization state, creating a nonreciprocal interaction between light and matter. When a polarized beam of light passes through an anisotropic medium containing magnetic dipoles, it induces magnetization that causes a rotation of the polarization plane. This effect leads to a variation in the refractive index, resulting in a change in the optical path length of the beam. The Kerr effect has been extensively studied in ferromagnetic materials and is relevant to the development of advanced optoelectronic devices such as magneto-optical switches and ultrafast optical switching systems.;Meta
Green chemistry;Green chemistry is a branch of chemistry that aims to reduce the environmental impact of chemical processes and products by minimizing waste, reducing toxic substances, and promoting sustainable development. It involves the design and synthesis of chemicals using renewable resources, reducing the use and generation of hazardous byproducts, and developing new technologies to minimize pollution. The principles of green chemistry include atom economy, least toxic principle, and preventive principle, which aim to minimize environmental harm while maximizing chemical efficiency. By adopting these principles, green chemistry seeks to create a more sustainable future for chemicals production and use.;Meta
Naphthalene;Naphthalene is a polycyclic aromatic hydrocarbon with two fused benzene rings. It is a colorless solid at room temperature and has a sweet, pungent odor. Naphthalene is found in coal tar and is used as an intermediate in the production of various chemicals, including dyes, plastics, and pharmaceuticals. As a solvent, naphthalene has been used in a range of applications, including cleaning products and paints. The compound's toxicological profile includes potential carcinogenic effects and irritation to the skin, eyes, and respiratory tract. Its widespread use has raised environmental concerns due to its persistence in air, water, and soil.;Meta
Chondrocyte;Chondrocytes are the only cells found in healthy cartilage, which is a connective tissue that provides support and cushioning to joints and other body parts. They are responsible for the production and maintenance of the extracellular matrix, a network of collagen and proteoglycans that gives cartilage its unique properties. Chondrocytes produce and deposit new matrix through a process called endochondral ossification, where the cartilage template is replaced by bone tissue. Abnormalities in chondrocyte function or number can lead to cartilage-related disorders such as osteoarthritis, and understanding their biology has significant implications for the development of treatments for these conditions.;Meta
Resonance;Resonance is a phenomenon where a system vibrates or oscillates at a specific frequency, resulting in maximum energy transfer between two or more objects. This occurs when the natural frequency of the system matches the external force or vibration, causing the amplitude to increase exponentially. Resonance can be found in various fields, including physics, engineering, and biology. It plays a crucial role in many natural processes, such as sound waves in musical instruments and medical imaging techniques like MRI and ultrasound. In technology, resonance is used in applications like speakers, amplifiers, and electrical circuits to enhance performance and efficiency.;Meta
Inner cell mass;Inner cell mass is a cluster of cells in the early stages of embryonic development that eventually gives rise to the placenta and fetal tissues. It forms approximately 5 days after fertilization, when the zygote undergoes several cleavage divisions without significant growth. The inner cell mass consists primarily of trophectoderm cells, which are then replaced by cytotrophoblast cells. These cells differentiate into two main populations: trophoblastic cells that form the placenta and parietal endoderm cells that contribute to the development of the fetal chorion. The inner cell mass plays a crucial role in supporting embryonic growth and development, providing nutrients and oxygen to the embryo.;Meta
Dermal fibroblast;Dermal fibroblasts are a type of cell found in the dermal layer of skin, responsible for producing collagen and elastin fibers that provide structural support and elasticity to the skin. They are also involved in wound healing, tissue repair, and the production of glycosaminoglycans, which contribute to skin hydration and firmness. Dermal fibroblasts respond to various signals, including growth factors, cytokines, and mechanical stimuli, to regulate their activity and maintain skin homeostasis. Alterations in dermal fibroblast function have been implicated in various dermatological conditions, such as acne, psoriasis, and aging skin.;Meta
Standard Model;The Standard Model is a theoretical framework in particle physics that describes the behavior of fundamental particles and forces in the universe. It posits that the universe consists of elementary particles such as quarks and leptons, which are held together by fundamental forces including electromagnetism and the strong and weak nuclear forces. The model was developed to explain the properties and interactions of subatomic particles and has been incredibly successful in predicting a wide range of phenomena observed in high-energy collisions. Despite its success, the Standard Model remains incomplete as it does not account for the nature of dark matter or dark energy.;Meta
Wax ester;Wax esters are ester compounds that consist of a fatty acid linked to a hydrocarbon chain, typically derived from wax. They are formed through the reaction of fatty acids with alcohols in the presence of an acid catalyst. Wax esters have unique physical properties, such as high melting points and low solubility in water, making them suitable for use in various applications including cosmetics, pharmaceuticals, and food industry. In nature, wax esters are found in plant waxes and animal fats, where they serve as natural emollients and lubricants.;Meta
Photon statistics;Photon statistics is a fundamental concept in quantum mechanics that describes the behavior of light as a collection of particles. According to the Bose-Einstein statistics, photons exhibit integer spin and follow Fermi-Dirac statistics at very low temperatures. This leads to some unique properties such as boson condensation where photons occupy the lowest energy state and form a single macroscopic wave function. The Pauli exclusion principle does not apply to photons due to their zero rest mass, resulting in no restriction on the number of particles that can occupy a given quantum state.;Meta
Atopy;Atopy refers to a genetic predisposition to develop allergic diseases such as asthma, eczema, and hay fever. It is characterized by an abnormal immune response to harmless environmental antigens, resulting in the production of IgE antibodies and subsequent inflammation. Atopic individuals possess specific genetic markers that increase their susceptibility to these conditions. The exact mechanisms underlying atopy are not fully understood, but it is believed to involve a combination of genetic, environmental, and immunological factors. Research has identified several key genes associated with atopy, including those involved in the regulation of immune responses and the metabolism of fatty acids.;Meta
Atomic force microscopy;Atomic force microscopy is a technique used to visualize and analyze surfaces at the nanoscale by employing a sharp probe that interacts with the surface through van der Waals forces, allowing for precise measurement of surface topography and properties. The microscope consists of a cantilevered probe attached to a piezoelectric actuator that scans the surface in small increments. As the probe approaches or recoils from the surface, its deflection is measured by laser light reflected off the tip, resulting in high-resolution images of surfaces with features as small as atomic dimensions.;Meta
Etiology;Etiology refers to the study of causes and origins of diseases, health-related conditions, and other phenomena. It is a multidisciplinary field that draws from biology, psychology, sociology, anthropology, and medicine to understand the underlying factors that contribute to the development and maintenance of health or disease. Etiological research aims to identify the complex interactions between genetic, environmental, social, and lifestyle factors that influence an individual's susceptibility to illness or disease. By elucidating these causes, etiology seeks to inform evidence-based prevention and treatment strategies, ultimately aiming to reduce morbidity and mortality rates worldwide.;Meta
Gel electrophoresis;Gel electrophoresis is a laboratory technique used to separate and analyze DNA, RNA, and proteins based on their size and charge. The process involves loading a sample into a gel matrix and applying an electric field that separates the components according to their movement through the gel. The separated components then bind to an electrode, allowing them to be visualized using various staining techniques or detection methods such as fluorescence or radioactive labeling. This technique is widely used in molecular biology for DNA sequencing, gene cloning, and protein purification among other applications.;Meta
Inhibitory control;Inhibitory control refers to the ability of individuals to suppress irrelevant information, impulses, or responses in order to achieve a specific goal or maintain focus. This cognitive process is essential for executing complex tasks, such as decision-making, problem-solving, and regulating emotions. Inhibitory control involves the activation of inhibitory neurons, which counteract the activity of excitatory neurons, thereby reducing neural noise and increasing signal-to-noise ratio. Dysregulation of inhibitory control has been implicated in various neuropsychological disorders, including attention-deficit/hyperactivity disorder, impulsivity disorders, and substance use addiction, highlighting its critical role in maintaining cognitive function and emotional regulation.;Meta
Protein Data Bank;The Protein Data Bank is a repository of three-dimensional structures of proteins, a type of biomolecule essential for various biological processes. The database was established in 1975 to provide a centralized resource for researchers and scientists studying protein structure and function. It contains a vast collection of protein structures, including those from humans, animals, plants, and microbes, as well as protein complexes and enzymes. The data is stored in a standardized format using the PDB file format, allowing easy comparison and analysis of protein structures across different species and research areas.;Meta
Transition state;In chemistry, the transition state is a temporary, high-energy state that occurs during a chemical reaction. It is the point at which the reactants are being converted into products and is characterized by a particular arrangement of atoms and bonds. The transition state is typically unstable and rapidly returns to the reactant side once the reaction is complete. Understanding the transition state is crucial in explaining the mechanisms of chemical reactions, as it can provide insight into the factors that influence reaction rates, selectivity, and overall reactivity. The concept has been extensively studied using quantum mechanics and theoretical methods.;Meta
Abrupt climate change;Abrupt climate change refers to rapid and significant shifts in global climate patterns that occur over a relatively short period of time. This phenomenon is characterized by extreme and unpredictable weather events, such as intense hurricanes, droughts, and heatwaves. The rapid warming of the Earth's atmosphere, caused by increasing greenhouse gas emissions, is exacerbating these extreme weather events, leading to catastrophic consequences for ecosystems, human health, and economies. Some studies suggest that abrupt climate change may be triggered by feedback loops in the Earth's climate system, which amplify the effects of changing atmospheric conditions.;Meta
Nuclear medicine;Nuclear medicine is a branch of medical imaging that uses small amounts of radioactive materials to diagnose, treat, and monitor diseases. These radioactive materials are called radiopharmaceuticals, which can be injected into the body or inhaled into the lungs to accumulate in specific tissues or organs. The most commonly used radiopharmaceuticals are technetium-99m and iodine-131, which emit gamma rays that can be detected by specialized cameras. Nuclear medicine imaging techniques, such as positron emission tomography and single-photon emission computed tomography, provide detailed information about cellular function and metabolic processes in the body.;Meta
Carbon footprint;A carbon footprint refers to the amount of greenhouse gas emissions produced by human activities, such as burning fossil fuels for energy, transportation, and industry. It is measured in terms of the amount of carbon dioxide equivalent emitted into the atmosphere. Carbon footprint can be calculated using various methods, including direct emissions measurement or indirect estimation through energy consumption patterns. The main sources of carbon footprint include electricity generation, heat production, air travel, road transport, and industrial processes. Reducing carbon footprint is essential to mitigate climate change by decreasing greenhouse gas emissions and preserving natural resources.;Meta
Non-coding RNA;Non-coding RNA refers to a class of RNA molecules that do not encode proteins but instead regulate gene expression and perform various cellular functions. These RNAs play crucial roles in RNA processing, splicing, and modification, as well as regulating gene transcription and translation. Some non-coding RNAs are involved in the regulation of chromatin structure and epigenetic marks, while others are involved in the translation of messenger RNA into proteins. Non-coding RNAs have been implicated in various diseases, including cancer, neurodegenerative disorders, and genetic disorders. The study of non-coding RNAs has led to a deeper understanding of gene regulation and cellular function.;Meta
Negishi coupling;Negishi coupling is a type of cross-coupling reaction in organic chemistry that involves the formation of a carbon-carbon bond between two unsaturated compounds. It was first discovered by Akira Negishi and his colleagues in 1984. The reaction typically involves a palladium catalyst, which forms a π-bond with one of the alkyl groups on the substrate, allowing for the transfer of a metal-carbon bond to the other substrate molecule. This results in the formation of a new carbon-carbon bond and the release of a palladium complex as a byproduct.;Meta
Sagnac effect;The Sagnac effect is a phenomenon in which the phase difference between two orthogonal components of light emerging from a rotating frame of reference differs by an amount proportional to the angular velocity of rotation. This occurs due to the differential time taken by light traveling along different paths within the rotating frame, resulting in a shift in the relative phase of the two beams. The effect was first observed by French physicist Georges Léon Sagnac in 1913 and has since been experimentally confirmed numerous times, providing further evidence for the principles of special relativity.;Meta
P-type ATPase;P-type ATPase is a type of transmembrane enzyme that plays a crucial role in various cellular processes including ion transport and cell signaling. It is named after the distinctive P-state conformation it adopts during its catalytic cycle. The enzyme pumps ions across cell membranes, maintaining proper ion gradients and pH homeostasis. P-type ATPases are found in various organelles including plasma membranes, mitochondria, and endoplasmic reticulum, where they regulate calcium, sodium, potassium, magnesium, and chloride transport. These enzymes are essential for many cellular functions including muscle contraction, neuronal signaling, and cell volume regulation.;Meta
Laminar flow;Laminar flow refers to the smooth, orderly layering of fluid molecules in a direction parallel to the flow velocity, typically found at low velocities and high Reynolds numbers. This type of flow is characterized by a thin boundary layer near the surface of an object, with a continuous and unbroken layer of fluid that moves as one. The laminar flow regime is governed by the Navier-Stokes equations, which describe the motion of fluids in terms of pressure, velocity, and viscosity. Laminar flow is often contrasted with turbulent flow, which involves chaotic mixing of fluid layers.;Meta
Glacier mass balance;Glacier mass balance refers to the difference between the amount of snowfall a glacier receives and the amount of ice that is lost through melting, calving, and sublimation. It is a critical indicator of a glacier's overall health and response to climate change. A positive mass balance indicates net accumulation of ice, while a negative mass balance suggests net loss of ice. The rate of change in mass balance is influenced by factors such as temperature, precipitation, and solar radiation. Changes in mass balance can have significant impacts on sea levels and global ocean currents, making it an essential component of climate research and monitoring.;Meta
Taxonomy;Taxonomy is the science of classifying living organisms into groups based on their shared characteristics and evolutionary relationships. It involves the classification of species into hierarchical categories such as kingdom, phylum, class, order, family, genus, and species. Taxonomists use various techniques including morphological analysis, molecular biology, and phylogenetic reconstruction to determine the relationships between organisms. The most widely accepted system of classification is the Linnaean system developed by Carolus Linnaeus in 1735, which provides a framework for organizing living organisms into a coherent hierarchy. Understanding taxonomy is essential for conservation, ecology, and biomedical research.;Meta
Quantum Hall effect;The Quantum Hall effect is a phenomenon in which a two-dimensional electron gas exhibits quantized plateaus in its electrical conductivity in response to perpendicular magnetic fields. This occurs when the Fermi level of the electron gas aligns with an integer multiple of the magnetic flux quantum, causing the conductivity to step up at specific energies. The Quantum Hall effect was first observed by Klaus von Klitzing in 1980 and has been extensively studied since then. It is a direct result of the interplay between the fermionic statistics of electrons and the quantization of magnetic fields, providing insights into the fundamental nature of solids and liquids.;Meta
Boiling water reactor;A boiling water reactor is a type of pressurized light water reactor used for nuclear power generation. It operates on the principle of supercritical carbon dioxide, where water is heated to produce steam that drives a turbine connected to a generator. The reactor core consists of fuel rods surrounded by moderator material and control rod assemblies, which regulate the reaction rate. The boiling water reactor's primary coolant is water, which is pumped through the reactor and heat exchanger, producing steam that drives the turbine. This design allows for a simpler cooling system compared to other types of reactors.;Meta
Solid-state battery;A solid-state battery is a type of rechargeable battery that replaces the liquid electrolyte with a solid material, typically a ceramic or glass compound. This design change enhances safety and energy density by reducing the risk of thermal runaway and improving conductivity. Solid-state batteries use an ionic conductor instead of a liquid electrolyte to facilitate ion transport between the electrodes. The solid electrolyte also enables more efficient charge and discharge cycles, leading to increased battery lifespan and reduced self-discharge. As a result, solid-state batteries offer potential improvements in performance, safety, and sustainability over traditional lithium-ion batteries.;Meta
Solar cell;A solar cell is a device that converts light into electrical energy through the photovoltaic effect. It consists of semiconducting materials, typically silicon, which are arranged in a p-n junction to create an electric field. When sunlight hits the material, it excites electrons, causing them to flow from the n-side to the p-side, generating an electrical current. The efficiency of a solar cell is determined by its ability to convert a certain percentage of incident light into usable electricity. Solar cells are widely used in renewable energy systems, including homes, businesses, and vehicles, providing a clean and sustainable source of power.;Meta
Semidefinite programming;Semidefinite programming is a type of optimization problem that involves finding the maximum or minimum of a quadratic function subject to linear equality constraints. It is defined as maximizing or minimizing a quadratic form over the set of all positive semidefinite matrices, which are symmetric matrices with non-negative eigenvalues. This problem is closely related to linear algebra and matrix theory, particularly the study of eigendecomposition and singular value decomposition. Semidefinite programming has numerous applications in fields such as computer vision, machine learning, and control theory, including signal processing and image compression.;Meta
MicroRNA;MicroRNA is a small non-coding RNA molecule that plays a crucial role in regulating gene expression by binding to messenger RNA and modulating its translation into protein. MicroRNAs are typically 20-25 nucleotides in length and are transcribed from genomic DNA in the nucleus before being processed into mature forms that can be exported to the cytoplasm. They bind to specific sequences on target mRNAs, usually leading to their degradation or repression of translation. This regulatory mechanism allows microRNAs to fine-tune gene expression in response to cellular signals and environmental cues, influencing a wide range of biological processes including development, differentiation, and disease.;Meta
Aphasia;Aphasia is a neurological disorder that affects an individual's ability to communicate effectively. It typically results from damage to portions of the brain responsible for language processing, often caused by stroke, traumatic brain injury, or neurodegenerative diseases such as Alzheimer's. Aphasia can manifest in various ways, including difficulties with speaking, reading, writing, and understanding spoken language. Individuals with aphasia may struggle to find words, comprehend conversations, or express their own thoughts and feelings. While there is no cure for aphasia, treatments such as speech therapy can help improve communication skills and restore some level of functionality.;Meta
Endoscopy;Endoscopy is a medical procedure that involves inserting a flexible tube with a camera and light on the end into the body to visually examine internal organs and tissues. The most common type of endoscopy is gastroscopy, which is used to examine the esophagus, stomach, and duodenum. Colonoscopy is another common procedure that involves examining the large intestine for polyps, inflammation, and other abnormalities. Endoscopy can be performed using various techniques such as flexible bronchoscopy, laryngoscopy, and arthroscopy. The use of endoscopy has revolutionized the diagnosis and treatment of various medical conditions, including gastrointestinal disorders and cancer.;Meta
Gravity;Gravity is a fundamental force of nature that arises from the interaction between masses. According to Newton's law of universal gravitation, every point mass attracts every other point mass by a force acting along the line intersecting both points. The force of gravity depends on the product of the two masses and inversely proportional to the square of the distance between them. This concept was later refined by Einstein with his theory of general relativity, which describes gravity as the curvature of spacetime caused by massive objects. Gravity is a universal force that affects all objects with mass or energy.;Meta
Holography;Holography is the recording of light waves in three dimensions using lasers or other coherent light sources. This technique captures the interference pattern of light waves that reflect off an object, creating a three-dimensional image. The recorded hologram consists of an amplitude grating and a phase gradient, which together encode the spatial information of the original light wave. Holography can be used to create 3D images that appear superimposed on a flat surface, allowing for the reconstruction of the original object's appearance with minimal distortion. Holograms have numerous applications in fields such as medicine, entertainment, and security.;Meta
UniProt;UniProt is a comprehensive online database that contains information on protein sequences and their functional annotations. The database was established in collaboration with the European Bioinformatics Institute and is maintained by the UniProt Consortium. It provides access to detailed descriptions of protein sequences, including their primary structure, secondary structure, and 3D coordinates. The database also includes functional and biochemical information, such as gene ontology annotations, protein interactions, and experimental evidence. The data in UniProt is derived from various sources, including genome assemblies, gene expression datasets, and scientific literature, providing a centralized resource for researchers to explore protein biology and function.;Meta
Prokaryote;Prokaryotes are single-celled organisms that lack a true nucleus and other membrane-bound organelles. They are found in a wide range of environments, including soil, water, and the human body. Prokaryotes are characterized by their small size, simple cell structure, and limited genetic complexity. They possess a single circular chromosome that codes for essential genes necessary for survival. Prokaryotes are responsible for decomposing organic matter and play a crucial role in nutrient cycling. Many prokaryotes are also capable of forming symbiotic relationships with other organisms, such as bacteria that live inside plant roots.;Meta
Hematopoietic stem cell;Hematopoietic stem cells are multipotent cells capable of differentiating into all blood cell types, including red blood cells, white blood cells, and platelets. These stem cells reside in bone marrow, where they undergo self-renewal and expansion through a process known as hematopoiesis. The development and regulation of hematopoietic stem cells involve complex interactions between various cell types, growth factors, and signaling pathways. Hematopoietic stem cells are crucial for maintaining the integrity of the hematopoietic system, which produces over 1 trillion blood cells per day in humans. Abnormalities in hematopoietic stem cells can lead to blood disorders such as leukemia and anemia.;Meta
Helicase;Helicase is a type of enzyme that plays a crucial role in DNA replication and repair. It unwinds double-stranded DNA into two single strands by breaking hydrogen bonds between the base pairs. This process creates a replication fork, allowing other enzymes to access the DNA template for transcription and replication. Helicases are involved in various cellular processes, including cell division, recombination, and genome maintenance. They also play a key role in the regulation of gene expression by controlling the availability of single-stranded DNA. Different types of helicase exist, each with distinct specificity and function.;Meta
Quantum gravity;Quantum gravity is a theoretical framework that seeks to merge quantum mechanics and general relativity, two fundamental theories in physics that describe different aspects of reality. Quantum mechanics explains the behavior of matter and energy at the atomic and subatomic level, while general relativity describes the gravitational force and its effects on spacetime. The combination of these theories aims to reconcile the principles of wave-particle duality, uncertainty principle, and entanglement with the curvature of spacetime and gravity waves. Researchers have proposed various approaches, such as loop quantum gravity, string theory, and Causal Dynamical Triangulation, to merge these frameworks into a cohesive understanding of the universe's fundamental laws.;Meta
Dark matter;Dark matter is a hypothetical form of matter that is thought to exist in the universe, yet it has not been directly observed. It is estimated to make up approximately 27% of the total mass-energy density of the universe, while visible matter accounts for only about 5%. The existence of dark matter was first proposed by Swiss astrophysicist Fritz Zwicky in the 1930s, based on observations of galaxy clusters and their motion. Since then, a wealth of observational evidence has accumulated to support the existence of dark matter, including its gravitational effects on galaxies and galaxy clusters.;Meta
Chiral pool;In organic chemistry, the chiral pool refers to the set of stereocenters in a molecule that are connected by a common bond. The concept was introduced by Cahn and Ingold in 1965 as a way to predict the absolute configuration of molecules. The chiral pool is formed when two or more stereocenters are linked together, creating a network of interlinked chiral centers. This network determines the overall chirality of the molecule, which can be either meso or d- or l-enantiomeric. Understanding the chiral pool is crucial for predicting the stereochemistry of molecules and determining their optical activity.;Meta
Escape velocity;Escape velocity is the minimum speed required for an object to escape from the gravitational pull of a celestial body. It depends on the mass and radius of the body, as well as the distance from its center at which the object is released. The concept was first described by Isaac Newton in his law of universal gravitation. Mathematically, escape velocity can be calculated using the equation v = sqrt, where v is the escape velocity, G is the gravitational constant, M is the mass of the celestial body, and r is its radius.;Meta
Surface plasmon polariton;Surface plasmon polariton is a type of electromagnetic wave that propagates along the interface between two dielectric media, typically metal and insulator, when light is shone on it. This phenomenon occurs due to the interaction between the incident light and the free electrons present in the metal surface, causing them to oscillate. The resulting oscillations create a collective plasma mode, which is then coupled with the incident electromagnetic wave, giving rise to a new polarization state of the wave. This allows for efficient coupling of energy between the metal and the surrounding environment, making surface plasmon polariton useful for applications in nanotechnology, optoelectronics, and biosensing.;Meta
Cognitive load;Cognitive load refers to the amount of mental effort required to process and retain information during a task or activity. It is influenced by factors such as the complexity of the material being presented, the individual's prior knowledge and experience, and the time available for processing. When cognitive load is high, performance on tasks can be impaired due to increased mental fatigue, decreased accuracy, and reduced retention. Conversely, when cognitive load is low, individuals are able to process information more efficiently and effectively, leading to improved learning outcomes and productivity.;Meta
Circulating tumor DNA;Circulating tumor DNA refers to DNA fragments shed by cancer cells into the bloodstream. These DNA molecules can be used as biomarkers for various types of cancers, including lung, breast, and colon cancer. The presence of ctDNA in blood or other bodily fluids can indicate the presence of a malignant tumor. Researchers have developed techniques to detect and analyze ctDNA, allowing for non-invasive monitoring of cancer progression and treatment response. ctDNA has also been used to identify genetic mutations associated with cancer development, providing valuable insights into the molecular mechanisms underlying tumorigenesis.;Meta
Divergent evolution;Divergent evolution is a process in which two or more species that are closely related to each other undergo significant genetic changes over time, resulting in distinct adaptations to their environments. This occurs when populations of the same species migrate to different habitats and face new selective pressures, leading to the development of unique traits and characteristics. As a result, the species diverge into distinct lineages, often with varying degrees of reproductive isolation. Divergent evolution can occur within a single genus or across multiple genera, resulting in a range of outcomes, including the formation of new species.;Meta
Polyploidy;Polyploidy is a type of genetic variation where an organism has more than two sets of chromosomes, resulting in a total number of chromosomes that is a multiple of the haploid set. This occurs when there is a failure in the normal separation of chromosomes during cell division, often due to errors in meiosis or mitosis. The extra set of chromosomes can be from another individual of the same species, and this process is known as allopolyploidy, or it can result from the duplication of an individual's own chromosomes, resulting in autozygosity polyploidy. Polyploidy can have significant effects on an organism's development, growth, and reproduction.;Meta
Electromagnetism;Electromagnetism is a fundamental physical phenomenon that describes the interaction between electrically charged particles and the electromagnetic force, one of the four fundamental forces of nature. It is a unified theory that combines electricity and magnetism, revealing their underlying connection as different aspects of a single, more fundamental field called electromagnetism. The electromagnetic force acts on charged particles, such as protons and electrons, causing them to interact with each other and with the electromagnetic field itself. Electromagnetic waves, including light and radio waves, are a direct result of this interaction, carrying energy and information through space and time.;Meta
Particle accelerator;A particle accelerator is a device that accelerates charged particles to incredibly high speeds, typically on the order of a significant fraction of the speed of light. The most common type of particle accelerator uses electric and magnetic fields to steer and accelerate the charged particles in a controlled manner. By manipulating the electromagnetic forces acting upon the particles, the particle accelerator can create collisions between particles at the desired energy levels. These high-energy collisions allow scientists to study the fundamental nature of matter and the universe in unprecedented detail.;Meta
Synthetic lethality;Synthetic lethality refers to a phenomenon in genetics where two mutations, either in the same gene or separate genes, result in cell death when combined, but neither mutation alone causes cell death. This concept was first described in yeast and has since been observed in various organisms, including humans. Synthetic lethal interactions can be exploited as a therapeutic strategy for cancer treatment and other diseases. Researchers have identified several synthetic lethal pairs in human cancers, such as p53 mutations combined with loss of TP53 regulatory functions or BRCA1/BRCA2 mutations combined with homologous recombination deficiency.;Meta
MIMO;MIMO is a technology that utilizes multiple input and output antennas to increase wireless communication efficiency. It operates by sending multiple data streams simultaneously over the same frequency band. This allows for increased data transfer rates and improved reliability. The number of active antennas can range from 2 to 8 or more, depending on the implementation. MIMO technology is commonly used in Wi-Fi routers, mobile devices, and wireless local area networks. It enables faster data transmission, improved signal quality, and increased capacity for multiple users. The effectiveness of MIMO depends on the antenna design, transmitter power, and reception capabilities.;Meta
Randomization;Randomization is a fundamental concept in statistics and research design that involves assigning participants or observations into groups at random to minimize bias and ensure equal representation across different categories. This technique is used to reduce confounding variables and increase the generalizability of results. Randomization can be performed using various methods, including simple random sampling, stratified sampling, and block randomization. The process of randomization helps to minimize selection bias and ensures that each group has a representative sample size, allowing researchers to make inferences about the population with greater accuracy and reliability.;Meta
Glass transition;The glass transition is a critical phenomenon in polymer science that marks the change from a rigid, glassy state to a more flexible, rubbery state as temperature increases. This transition occurs when the molecules in the material gain enough thermal energy to overcome their intermolecular forces and begin to move more freely, allowing them to slide past one another with increasing ease. The glass transition temperature is the specific temperature at which this transition occurs, varying depending on the chemical structure and molecular weight of the polymer. Above Tg, the material becomes more pliable and less resistant to deformation.;Meta
Alpha helix;The alpha helix is a fundamental structure found in proteins, consisting of a spiral conformation where amino acids are arranged in a repeating pattern of left-handed twists. This secondary structure is stabilized by hydrogen bonds between the carbonyl oxygen of one amino acid and the amide hydrogen of another, three residues away. The alpha helix is commonly observed in globular proteins, such as enzymes and hormones, where it plays a crucial role in protein stability and function. It is also an important feature of many biomolecules, including DNA and RNA, where it contributes to their structural integrity and replication processes.;Meta
Optogenetics;Optogenetics is a branch of neuroscience that utilizes light to control cellular activity in living organisms. It employs genetically encoded light-sensitive proteins, known as optogenetic tools, which change their conformation in response to specific wavelengths of visible light. This allows researchers to selectively activate or inhibit neural circuits and study the underlying mechanisms of brain function. The use of optogenetics has enabled precise manipulation of neuronal populations, facilitating a deeper understanding of neurological disorders and potential treatments for conditions such as Parkinson's disease and depression.;Meta
Pulsar;A pulsar is a rapidly rotating, highly magnetized neutron star that emits electromagnetic radiation in a beam, which can be observed as pulses of radiation when viewed from different angles. Pulsars are formed when a massive star undergoes a supernova explosion, leaving behind a dense remnant core. The rotation and magnetic field of the neutron star create a strong electric current, producing a lighthouse-like effect that scatters electromagnetic radiation, resulting in pulsations. Pulsars can be detected by their periodic pulses and have become important tools for studying astrophysics and testing theories of gravity, particularly general relativity.;Meta
Enthalpy;Enthalpy is a thermodynamic property that represents the total energy of a system, including both internal energy and the energy associated with the pressure and volume of a gas. It is defined as H = U + PV, where U is the internal energy, P is the pressure, and V is the volume of the system. Enthalpy change is used to calculate the heat transfer between systems, which is essential in various fields such as chemistry, physics, and engineering. The concept of enthalpy is also crucial in understanding chemical reactions and phase transitions, making it a fundamental tool in thermodynamics.;Meta
Grignard reaction;The Grignard reaction is a type of organic reaction in which a Grignard reagent, formed from magnesium and an alkyl halide, reacts with a carbonyl compound to produce a carbon-carbon bond. The reaction involves the nucleophilic attack of the Grignard reagent on the carbonyl group, resulting in the formation of a new carbon-carbon bond and the elimination of a hydrogen atom. This reaction is widely used in organic synthesis due to its high regio- and stereoselectivity, allowing for the creation of complex molecules with controlled stereochemistry. The Grignard reaction is also influenced by the reaction conditions and reagents used.;Meta
Crystallization;Crystallization is the process by which a solid forms from a solution, liquid, or gas, resulting in the formation of a crystal lattice structure. It occurs when the concentration of solute particles exceeds the saturation point, causing them to precipitate out of solution as crystals. The rate and conditions under which crystallization takes place depend on factors such as temperature, concentration, and nucleation sites. Crystallization plays a crucial role in various industrial processes, including pharmacy, agriculture, and materials science, where it is used to purify substances and create new materials with desired properties.;Meta
Prophage;A prophage is a viral genome that has integrated into the bacterial genome without producing a viable infectious virus. This integration occurs when a bacteriophage, a virus that infects bacteria, enters a bacterium and its genetic material becomes partially incorporated into the host's DNA through a process called lysogenic conversion. The prophage then remains dormant within the host bacterium until it is activated by various signals or environmental factors, at which point it can produce a new infectious phage genome and replicate. Prophages play a crucial role in bacterial evolution and ecology.;Meta
Quantum Fourier transform;The Quantum Fourier Transform is a quantum algorithm used to efficiently compute discrete Fourier transforms on quantum computers. It was first proposed by Lov Grover in 1996 as a way to solve certain problems that are intractable using classical algorithms. The QFT works by applying a series of unitary gates to a input state, which is then measured. The resulting output is a superposition of states representing the frequencies of interest. The QFT has been demonstrated experimentally on small-scale quantum systems and has potential applications in quantum computing, cryptography, and signal processing.;Meta
Post-translational modification;Post-translational modification refers to the process by which proteins are modified after they have been synthesized through translation. These modifications involve the addition of various chemical groups, such as phosphate, ubiquitin, or acetyl groups, to the protein's amino acid residues. This process can alter a protein's function, localization, and stability, and is crucial for regulating cellular processes such as metabolism, signal transduction, and cell growth. The many types of post-translational modifications include phosphorylation, ubiquitination, glycosylation, and acetylation, each with distinct effects on protein activity and interactions.;Meta
Milankovitch cycles;Milankovitch cycles refer to periodic changes in Earth's orbital parameters that affect the distribution of solar radiation on its surface. The three main components of these cycles are variations in Earth's axial tilt, eccentricity, and precession. Changes in axial tilt result from the planet's slightly ellipsoidal shape and the gravitational pull of other celestial bodies. Eccentricity changes occur due to the gravitational interactions with Jupiter and Saturn. Precession is caused by the torque exerted by these planets as well as the Sun. These cycles have a significant impact on climate and glaciation, with periods of increased solar radiation leading to warmer temperatures and decreased ice ages, while periods of reduced radiation contribute to cooling and expansion of ice sheets.;Meta
Notochord;The notochord is a flexible, rod-like structure that serves as a precursor to a spinal column in many animals. It forms during embryonic development and provides support, stability, and rigidity to the body. The notochord is composed of cells called notochordal cells, which produce a protein called notochordal fluid that maintains its shape and provides flexibility. In vertebrates, the notochord gives rise to the vertebrae, intervertebral discs, and spinal nerves. In invertebrates, such as tunicates and lancelets, the notochord persists into adulthood and continues to provide support and stability to the body. The notochord is a critical component of embryonic development in many animal phyla.;Meta
Germinal center;A germinal center is a structure within secondary lymphoid organs such as lymph nodes and Peyer's patches that plays a crucial role in the adaptive immune response to infections. It is a site where B cells undergo proliferation and differentiation into plasma cells, which produce antibodies against specific pathogens. The germinal center is characterized by the presence of follicular dendritic cells, B cells, T cells, and macrophages, all of which work together to facilitate the process of humoral immunity. The germinal center is also thought to be involved in the development of immune memory, allowing for a more rapid and effective response to future infections.;Meta
Endoderm;The endoderm is one of the three primary germ layers formed during embryogenesis in animals, including humans. It develops from the inner cell mass and surrounds the blastocoel, eventually giving rise to various internal organs such as the lining of the digestive tract, respiratory system, and urinary bladder. The endoderm also gives rise to certain tissues in other parts of the body, including the pancreas, liver, and epithelial linings of glands. Its role is crucial for maintaining homeostasis and facilitating digestion, respiration, and other vital functions necessary for overall survival.;Meta
White dwarf;A white dwarf is a dense stellar remnant that forms when a star undergoes a supernova explosion and sheds its outer layers. The core, consisting mainly of carbon and oxygen, is compressed to an incredibly high density, resulting in a compact, hot object with a surface temperature of around 10,000 Kelvin. Due to the degeneracy pressure of electron degeneracy, white dwarfs do not collapse under their own gravity, instead maintaining a stable state. White dwarfs are often the final stage of evolution for stars like our Sun, and can be detected through X-ray emission from hot surface material.;Meta
Allergy;An allergy is a type of overreaction of the immune system to a harmless substance, such as pollen, dust mites, or certain foods. The immune system mistakenly identifies these substances as foreign invaders and triggers an allergic response, which can cause a range of symptoms from mild discomfort to life-threatening reactions. The exact mechanisms behind allergies are not fully understood but are thought to involve the release of chemical mediators, such as histamine, which cause blood vessels to dilate and smooth muscle to contract, leading to increased mucus production and constriction of airways.;Meta
Glycogenesis;Glycogenesis is the process by which glucose molecules are converted into glycogen, a complex carbohydrate stored in the liver and muscles. This process occurs in response to increased glucose availability in the blood, triggering an increase in glycolytic enzymes that facilitate glycogen synthesis. The enzyme glycogen synthase catalyzes the transfer of glucose molecules onto the growing glycogen chain. Glycogenesis is essential for maintaining energy homeostasis during fasting or starvation, allowing the body to mobilize stored glycogen as a readily available energy source. Disruptions in glycogenesis have been implicated in various metabolic disorders, including insulin resistance and type 2 diabetes.;Meta
Spatial transcriptomics;Spatial transcriptomics is a powerful tool that combines single-cell RNA sequencing with spatial information to study cellular heterogeneity and tissue organization in vivo. By integrating spatial information into single-cell data analysis, researchers can reconstruct the 3D organization of cells within tissues, revealing the spatial relationships between different cell types and their transcriptional profiles. This approach enables the discovery of previously unknown spatial transcriptomic patterns and provides a more comprehensive understanding of tissue development, homeostasis, and disease mechanisms. Spatial transcriptomics has been applied to study various biological systems, including the brain, heart, and kidney.;Meta
Spin foam;"Spin foam is a theoretical concept in physics that attempts to reconcile quantum mechanics and general relativity, two fundamental theories that describe the behavior of matter and energy at different scales. It proposes that space-time is not smooth and continuous, but rather made up of tiny, grainy units called ""spins"" or ""foams."" These spins are thought to arise from the inherent uncertainty principle in quantum mechanics, which introduces fluctuations in space-time at the smallest distances. The spin foam model has been proposed as a possible solution to the black hole information paradox and has potential applications in cosmology and gravitational physics.";Meta
Cyclic voltammetry;Cyclic voltammetry is a technique used in electrochemistry to study the interplay between electrode kinetics and reaction mechanisms. It involves slowly varying the potential applied across an electrode in a repetitive cycle, typically between two specific values. During this process, the current flowing through the electrode changes as it cycles between these potentials, providing information about the redox reactions occurring at the interface. The resulting curve, known as a voltammogram, offers valuable insights into the kinetics and mechanism of electrochemical processes, enabling researchers to understand and characterize complex electrochemical systems.;Meta
Plasmid;A plasmid is a small DNA molecule within a cell that is physically separated from chromosomal DNA and can replicate independently. Plasmids are found in many types of bacteria, such as E. coli, and are often used as vectors for genetic engineering. They contain their own origin of replication, which allows them to replicate without the host's chromosomal DNA. Plasmids can carry genes that provide antibiotic resistance or other useful traits, making them a valuable tool for scientists studying genetics and biotechnology. In some bacteria, plasmids also play a role in conjugation, where they are transferred between cells through direct cell-to-cell contact.;Meta
DNA sequencing;DNA sequencing is the process of determining the order of nucleotides in a DNA molecule. It involves analyzing the base pairing patterns between two complementary strands of DNA to reconstruct the original sequence. This technique has revolutionized genetics and genomics research by enabling the rapid analysis of entire genomes, allowing for the discovery of genetic variations associated with diseases, evolution, and adaptation. Automated sequencing technologies such as Next-Generation Sequencing have made it possible to generate vast amounts of genomic data at an unprecedented scale and speed.;Meta
Exoplanet;An exoplanet is a planet that orbits a star outside of our solar system. The term was coined by astronomer Michel Mayor and his colleague Didier Queloz in 1995. Exoplanets can be similar to Earth or have vastly different characteristics, such as being gas giants or rocky worlds. They are typically discovered using the transit method, where a planet passes in front of its host star, blocking some of the light, or by directly imaging the planet with powerful telescopes. Exoplanets can also be detected through gravitational lensing and radial velocity measurements. The study of exoplanets helps scientists understand planetary formation and evolution, as well as the possibility of life beyond Earth.;Meta
Mannich reaction;The Mannich reaction is a chemical reaction in organic chemistry where an aldehyde reacts with two molecules of a primary amine to form a β-amino alcohol compound. This type of reaction involves the condensation of an aldehyde and a primary amine, followed by the addition of another molecule of amine to form the β-amino alcohol. The reaction is typically catalyzed by a strong base such as potassium hydroxide or sodium hydride, which activates the aldehyde functional group for nucleophilic attack. The Mannich reaction is widely used in the synthesis of complex molecules, including pharmaceuticals and agrochemicals.;Meta
Lupus;Lupus is a chronic autoimmune disease characterized by inflammation and damage to various tissues in the body, including the skin, joints, kidneys, and other organs. The exact cause of lupus is unknown, but it is believed to result from a combination of genetic predisposition, environmental factors, and abnormal immune system function. In lupus, the immune system mistakenly attacks healthy tissues, leading to inflammation and tissue damage. Lupus can be treated with various medications, including corticosteroids and immunosuppressants, and lifestyle modifications such as maintaining a healthy diet and avoiding triggers that may exacerbate symptoms.;Meta
Keystone species;A keystone species is a species that has a disproportionate impact on its environment and plays a crucial role in maintaining the structure and function of its ecosystem. These species often have unique characteristics such as large body size, specialized diets, or specific habitat requirements that enable them to dominate their ecological niche. Keystone species can regulate population sizes of other species, modify their environments through activities like nutrient cycling or seed dispersal, and influence the composition of their communities. Their loss can lead to cascading effects throughout the ecosystem, making them vulnerable to extinction due to the fragility of their ecosystems.;Meta
Gravitational wave;Gravitational waves are ripples in the fabric of spacetime that are produced by violent cosmic events such as the collision of two black holes or neutron stars. They were predicted by Albert Einstein's theory of general relativity in 1915, which describes gravity as a curvature of spacetime caused by mass and energy. Gravitational waves have a unique signature characterized by their frequency and polarization, allowing them to be detected using specialized instruments such as laser interferometers and gravitational wave detectors. The detection of gravitational waves has confirmed a key prediction of general relativity and opened a new window into the study of strong-field gravity and cosmology.;Meta
Estrogen;Estrogen is a class of sex hormones that play a crucial role in regulating various physiological processes in humans and animals. These hormones are produced by the ovaries in females and the testes in males, although significantly higher levels are present in females. Estrogen's primary function is to stimulate the growth and maintenance of female reproductive tissues, as well as regulate secondary sexual characteristics such as breast development and body shape. Additionally, estrogen has been shown to have neuroprotective effects and a role in maintaining bone density, particularly in postmenopausal women.;Meta
Chemical biology;Chemical biology is a multidisciplinary field that combines principles from chemistry, biochemistry, and biology to study the chemical processes that occur within living organisms. It involves the design, synthesis, and characterization of small molecules that interact with biological systems, such as enzymes, receptors, and other biomolecules. Chemical biologists use techniques from organic synthesis, structural biology, and biophysical chemistry to understand how these molecules bind to their targets and modulate their activity. By developing new chemical probes and therapeutic agents, chemical biologists aim to elucidate the mechanisms of disease and develop novel treatments for human diseases.;Meta
Gene duplication;Gene duplication is a process by which a copy of a gene is created due to errors in DNA replication or other mechanisms that result in identical genetic material being produced. This duplicated gene can become a functional unit with its own regulatory elements, leading to the evolution of new genes and functions. The duplicated gene can remain dormant or evolve into a separate gene with novel functions, contributing to the diversity of gene families. Gene duplication is an important mechanism driving evolutionary innovation, allowing for the creation of new proteins and enzymes that adapt organisms to changing environments.;Meta
Chirality;Chirality is a fundamental concept in physics, chemistry, and biology that refers to the non-superimposability of three-dimensional molecular structures. It arises from the asymmetrical arrangement of atoms within a molecule, resulting in a mirror image that cannot be transformed into another by rotations or reflections alone. Chiral molecules exhibit unique properties, such as optical activity, which is the ability to rotate plane-polarized light. The presence of chirality has significant implications for biochemistry and pharmacology, with many enzymes and biological processes relying on chiral specificity to function correctly. This property is a hallmark of life itself, influencing the behavior of biomolecules in living organisms.;Meta
DNA methylation;DNA methylation is a biochemical modification involving the addition of a methyl group to the DNA molecule. This process occurs at specific sites on the DNA molecule, known as CpG islands, and plays a crucial role in regulating gene expression. The addition of a methyl group by an enzyme called DNA methyltransferase alters the structure of the DNA molecule, making it more difficult for transcription factors to bind to the gene promoter region. As a result, genes that are silenced through methylation are less likely to be transcribed into RNA and subsequently translated into proteins.;Meta
Long-term potentiation;Long-term potentiation is a persistent increase in synaptic efficacy following repetitive activation of neural pathways. It is thought to be a cellular mechanism underlying learning and memory. The process involves changes in the strength and number of connections between neurons, leading to increased signal transmission. This phenomenon was first described by Terje Lømo and Frederic Gairdner in 1950. Since then, research has shown that long-term potentiation is mediated by a variety of molecular mechanisms, including calcium influx, protein kinase C activation, and changes in gene expression. It plays a critical role in the consolidation of memories and synaptic plasticity.;Meta
Zero-shot learning;Zero-shot learning is a machine learning technique that allows models to learn from few examples without requiring explicit supervision for training. This approach enables machines to generalize well to unseen classes and instances with minimal additional data. In traditional supervised learning methods, the model learns a mapping between input data and labeled outputs. However, in zero-shot learning, the model learns to recognize new classes by leveraging pre-trained models and semantic relationships among the classes. This is achieved through the use of meta-learning algorithms that adapt to new tasks, enabling machines to generalize across diverse domains without requiring additional training data.;Meta
Mast cell;Mast cells are a type of immune system cell that play a crucial role in the body's response to injury, infection, and allergic reactions. They are found throughout the body, particularly in tissues such as skin, lungs, and mucous membranes. When activated, mast cells release histamine and other chemical mediators that cause blood vessels to dilate and smooth muscle to contract, leading to symptoms such as itching, swelling, and increased mucus production. Abnormalities in mast cell function or numbers can contribute to conditions like anaphylaxis, asthma, and atopic dermatitis. Research on mast cells continues to uncover their complex roles in immune system regulation.;Meta
Population dynamics;Population dynamics is the study of the processes that influence the size, structure, and distribution of populations in various species. It encompasses the interactions between organisms and their environment, including factors such as birth rates, death rates, migration, and predation. Population growth or decline can be influenced by demographic rates, environmental pressures, and genetic variation. Ecological principles, such as the carrying capacity and limiting factors, are also important in understanding population dynamics. The study of population dynamics provides insights into the conservation and management of populations, as well as the long-term sustainability of ecosystems.;Meta
Inflammasome;The inflammasome is a multiprotein complex that plays a crucial role in the innate immune response to microbial infections and tissue damage. It is composed of NLRP1, NLRP3, and ASC proteins that form a structure called an oligomerization platform. Upon activation by various stimuli such as pathogens, toxins, or endogenous danger signals, the inflammasome undergoes conformational changes that allow it to recruit pro-inflammatory caspases, leading to the cleavage of pro-inflammatory cytokines such as IL-1β and IL-18. This process is essential for the elimination of pathogens and the initiation of a protective immune response against tissue injury.;Meta
Microprocessor;A microprocessor is a central processing unit that contains the entire central processing system of a computer on a single integrated circuit. It executes most instructions that a computer receives and performs calculations at incredible speeds due to its high clock speed and large cache memory. Microprocessors use transistors to store data in flip-flops, which are electronic switches that can be set to one of two states: 0 or 1. The microprocessor uses a binary number system to perform arithmetic operations and logical functions, allowing it to process information at speeds ranging from tens of megahertz to several gigahertz.;Meta
Giant magnetoresistance;Giant magnetoresistance is a phenomenon in which certain materials exhibit a highly sensitive response to magnetic fields when electric current flows through them. This effect was first observed in 1995 by Albert Fert and Peter Grünberg, who discovered that thin layers of iron and garnet separated by a thin insulating layer exhibited an enormous change in electrical resistance in response to a small change in the applied magnetic field. The discovery led to the development of spintronics, a new class of electronic devices that use the spin of electrons rather than their charge.;Meta
Language model;A language model is a machine learning algorithm that processes and generates human-like language, typically using natural language processing techniques. The core concept involves training the model on vast amounts of text data to learn patterns, relationships, and structures of language. This enables the model to predict the next word or sequence in a sentence, making it useful for tasks such as language translation, sentiment analysis, and text summarization. Language models are typically implemented using deep learning architectures, including recurrent neural networks and transformers, which have achieved remarkable success in recent years due to their ability to capture complex linguistic relationships and nuances.;Meta
Anthracene;Anthracene is a polycyclic aromatic hydrocarbon with the molecular formula C14H10. It is a colorless crystalline solid that occurs naturally in coal and other carbon-rich materials. Anthracene was first isolated from coal tar in 1820 by German chemist Friedrich Wöhler. The compound has been shown to be carcinogenic, meaning it can cause cancer in humans. Its toxic effects are attributed to its ability to bind to DNA and disrupt normal cellular function. Research on anthracene has also explored its potential applications in the production of pigments, dyes, and other chemicals.;Meta
Millisecond pulsar;Millisecond pulsars are highly magnetized, rotating neutron stars that emit electromagnetic radiation in a beam, which can be observed as pulses from Earth. These objects are characterized by their extremely rapid rotation periods, typically between 1-10 milliseconds, and high surface magnetic fields. The millisecond period is thought to result from the accretion of material onto the star, leading to a buildup of angular momentum and subsequent spin-up through gravitational wave emission or the transfer of momentum during binary interactions with a companion star. The unique properties of millisecond pulsars provide valuable insights into their formation and evolution processes, as well as the physics of extreme astrophysical environments.;Meta
Pair production;Pair production is a process in which a high-energy photon collides with a strong magnetic field to produce an electron-positron pair. This phenomenon was first predicted by physicist Paul Dirac in 1931 as a consequence of his theory of matter-antimatter symmetry. When a photon encounters a strong magnetic field, it transfers its energy and momentum to the field's electrons, resulting in the creation of an electron-positron pair. The energy released from this process is equivalent to the sum of the energies of the two particles, providing a powerful tool for studying high-energy physics and cosmology, as well as testing theories of particle physics.;Meta
Dimensionality reduction;Dimensionality reduction is a mathematical technique used to reduce the number of features or dimensions in a dataset while preserving as much information as possible. It involves reducing the dimensionality from high-dimensional spaces to lower-dimensional spaces. This technique is often used in data mining and machine learning to simplify complex datasets, improve model performance, and reduce computational costs. Techniques such as Principal Component Analysis, Singular Value Decomposition, and t-Distributed Stochastic Neighbor Embedding are commonly employed for dimensionality reduction. The goal is to retain the most relevant information while discarding redundant or irrelevant data.;Meta
Paleontology;Paleontology is the scientific study of fossils and ancient life forms. It involves the discovery, excavation, analysis, and interpretation of fossil evidence to reconstruct the history of life on Earth. Paleontologists use various techniques such as geologic mapping, stratigraphy, and biostratigraphy to date and sequence fossils. They also employ specialized tools like microscopes, X-ray computed tomography scanners, and 3D printing to analyze and restore fossils. By studying fossils, paleontologists gain insights into the evolution, diversity, and extinction of ancient organisms, as well as the Earth's geological history and climate change.;Meta
Serology;Serology is the study of the interactions between antibodies and antigens, which are molecules that can trigger an immune response in an organism. It involves the examination of bodily fluids such as blood, urine, and saliva to detect the presence and type of antibodies produced by the body in response to a specific antigen or infection. Serological tests are used to diagnose infectious diseases, track disease progression, and monitor treatment efficacy. The most common serological test is the ELISA test, which detects the presence of antibodies against certain pathogens such as viruses, bacteria, and parasites.;Meta
Long-term depression;Long-term depression is a type of synaptic plasticity that occurs in the brain as a result of repeated activation of neurotransmitter receptors. It is characterized by a persistent decrease in neurotransmitter release and a corresponding reduction in synaptic efficacy. In long-term depression, the synaptic strength decreases due to a reduction in AMPA receptor density and an increase in GABA receptor density, leading to decreased excitatory drive. This type of plasticity plays a crucial role in learning and memory, particularly in the context of repetitive sensory stimulation or repetitive motor activity. It can also contribute to the development of depression and anxiety disorders.;Meta
Metamorphic rock;Metamorphic rocks are formed when existing rocks are subjected to high temperatures and pressures, causing changes in their mineral composition and structure. This process, known as metamorphism, can occur due to tectonic forces, mountain building, or contact metamorphism near magma or volcanoes. The resulting rock is distinct from the original parent rock, with new minerals and textures formed through recrystallization. Metamorphic rocks can exhibit a range of characteristics, including foliation, schistosity, and banding, which are indicative of the pressure and temperature conditions under which they were formed. They provide valuable information about the geological history and tectonic evolution of an area.;Meta
Linear algebra;Linear algebra is a branch of mathematics that deals with the study of linear equations, vector spaces, and linear transformations. It provides a framework for solving systems of linear equations, finding eigenvalues and eigenvectors, and performing other operations on vectors and matrices. The core concepts in linear algebra include vector addition, scalar multiplication, matrix multiplication, and determinants. Linear algebra has numerous applications in physics, engineering, computer science, and other fields, including data analysis, machine learning, and cryptography. It also has connections to other areas of mathematics such as calculus and topology.;Meta
Viscosity;"Viscosity is a measure of a fluid's resistance to flow, which can be thought of as its ""thickness"" or ""stickiness"". The higher the viscosity of a fluid, the more energy it requires to produce a given amount of flow. Viscosity is an intrinsic property of a fluid and is determined by the interactions between the molecules that make up the fluid. It can be influenced by factors such as temperature, pressure, and the presence of additives or impurities. The viscosity of a fluid is typically measured in units of poise or pascal-seconds, with higher values indicating greater resistance to flow.";Meta
Reaction mechanism;A reaction mechanism is the sequence of chemical reactions that occur in a single step to transform reactants into products. It describes the detailed interactions between atoms and molecules during a chemical transformation. Reaction mechanisms can be represented as written equations, known as molecular mechanisms, or by diagrams illustrating the sequential steps involved. The study of reaction mechanisms is crucial in understanding and predicting the outcome of various chemical reactions, including those involved in biological systems such as metabolism and enzyme-catalyzed processes. Understanding reaction mechanisms has led to the development of new synthetic methods and improved our comprehension of chemical reactivity.;Meta
Lipid bilayer;A lipid bilayer is a structure composed of two layers of lipids with their hydrophobic tails facing each other and hydrophilic heads exposed to water. This bilayer is a fundamental component of cell membranes in eukaryotic cells, separating the internal environment from the external one. The phospholipid molecules arrange themselves in an alternating pattern of hydrophobic and hydrophilic regions, resulting in a bilayer structure that provides mechanical stability and fluidity to the membrane. This bilayer also regulates the movement of substances across the cell membrane through selective permeability, allowing certain ions and molecules to pass while keeping others out.;Meta
Rosetta;The Rosetta comet is a periodic comet that originated in the outer Solar System and passed through the inner Solar System. In 2014, NASA's Deep Impact and ESA's Rosetta missions were sent to study the comet's composition and behavior. The Rosetta spacecraft orbited the comet from August 2014 to November 2016, providing detailed information about its surface geology, atmospheric composition, and interaction with solar wind. The discovery of the Philae lander on the comet's surface in 2014 marked a significant milestone in the study of comets. The Rosetta mission revealed insights into the formation and evolution of our Solar System.;Meta
Differential geometry;Differential geometry is a branch of mathematics that studies the properties and behavior of curves and surfaces in n-dimensional space. It provides a framework for understanding the relationships between geometric objects and their interactions with other mathematical structures such as tensors and differential forms. Differential geometry has numerous applications in physics, engineering, computer science, and other fields, including the study of curvature, rigidity, and stability of shapes. The subject relies on advanced mathematical techniques such as multivariable calculus, linear algebra, and analytical topology to analyze and describe geometric phenomena.;Meta
Isothermal titration calorimetry;Isothermal titration calorimetry is a thermodynamic technique used to measure the heat of neutralization reactions between a reactant and a substrate in solution. The reaction mixture is placed in a sealed calorimeter, which contains a thermoprobe that measures the temperature change as reactants are added. As the reaction proceeds, the temperature increases due to the release of energy, and this increase is measured by the thermoprobe. By analyzing the heat of neutralization curve, researchers can determine the stoichiometry and thermodynamics of the reaction, providing valuable information on the interactions between molecules in solution.;Meta
Q-switching;Q-switching is a technique used in pulsed lasers to efficiently generate high-intensity pulses by synchronizing the cavity with a master oscillator. The master oscillator generates a periodic signal that locks onto the cavity's resonant frequency, causing the laser gain medium to oscillate at a high rate. When the cavity is locked, it produces a burst of coherent light when released from the locking state, resulting in a high-intensity pulse. Q-switching has been widely used in applications such as material processing, medical treatments, and spectroscopy due to its ability to produce high-energy pulses with precise control over pulse duration and intensity.;Meta
Biosensor;A biosensor is a device that uses biological molecules to detect and analyze specific molecules, such as analytes, in a sample. Biosensors typically consist of a sensor element, which is a biologically active material, and an analytical system, which converts the biological response into a measurable signal. The sensor element can be a living cell, an enzyme, or a protein that reacts to the presence of the target molecule. When the target molecule binds to the sensor element, it triggers a biological response, such as a change in conductivity or fluorescence, which is then detected by the analytical system.;Meta
Parkinson's disease;Parkinson's disease is a neurodegenerative disorder characterized by the loss of dopamine-producing neurons in the substantia nigra region of the brain. The exact cause of Parkinson's disease is unknown, but it is believed to be related to a combination of genetic and environmental factors. Symptoms include tremors, rigidity, bradykinesia, and postural instability. The disease progresses through five distinct stages: early-stage symptoms such as tremors and rigidity, followed by mid-stage bradykinesia and postural instability, and finally late-stage symptoms like severe mobility impairment and cognitive decline. Treatment options include medications that replace dopamine or mimic its effects, deep brain stimulation, and lifestyle modifications to manage symptoms.;Meta
Progress zone;The progress zone is a concept in exercise science that refers to the range of intensities at which an individual can maintain optimal performance over time. Research has shown that when individuals are performing at high intensities for extended periods, their body adapts through various physiological mechanisms such as increased capillarization and myofibril density. Conversely, if training is too easy or too difficult, the body will not adapt effectively, leading to plateaus in performance. The progress zone is typically characterized by a moderate level of intensity that challenges an individual but still allows for recovery and adaptation, resulting in long-term gains in fitness and athletic performance.;Meta
Cerebrospinal fluid;Cerebrospinal fluid is a clear, colorless body fluid found in the brain and spinal cord. It surrounds the central nervous system, serving as a cushioning agent, nutrient carrier, and waste remover. CSF is produced by the choroid plexus in the ventricles of the brain, with an average production rate of 500 milliliters per day. The fluid contains electrolytes, proteins, sugars, and other substances that are essential for maintaining proper nervous system function. CSF is continuously circulated through the central nervous system via arachnoid villi, which help regulate its composition and pressure.;Meta
Tenascin;Tenascin is a type of extracellular matrix glycoprotein that plays a role in various biological processes including cell adhesion, differentiation and migration. It is characterized by its complex structure, composed of two large collagen-like domains and several epidermal growth factor domains. Tenascin expression is typically upregulated during development and tissue repair, where it contributes to the formation of scar tissue and facilitates cell migration and proliferation. Abnormalities in tenascin expression have been linked to various diseases including cancer, fibrosis and autoimmune disorders, highlighting its potential as a biomarker and therapeutic target.;Meta
Organogenesis;Organogenesis refers to the process by which tissues and organs form from a single fertilized egg cell, or zygote. This complex process involves a series of intricate cellular movements, signals, and interactions that ultimately give rise to the development of an entire organism. The earliest stages of organogenesis involve the cleavage of the zygote into multiple cells, followed by gastrulation, where the cells undergo significant rearrangements to form three primary germ layers: ectoderm, endoderm, and mesoderm. These germ layers then differentiate into various tissues and organs, such as skin, muscle, and nervous system, through a series of highly regulated developmental pathways.;Meta
Clinical trial;"A clinical trial is an experiment conducted in human subjects to evaluate the safety and efficacy of a medical intervention. It typically involves three phases: Phase I, where the treatment is tested on a small group for initial safety and dosage information; Phase II, which examines the efficacy and side effects on a larger population; and Phase III, a large-scale study that compares the new treatment to existing therapies. Researchers aim to identify potential benefits, risks, and optimal dosages of a drug or medical device through participant recruitment and data collection and analysis.";Meta
Mach number;The Mach number is a dimensionless quantity used to describe the velocity of an object relative to the speed of sound in its surrounding medium. It is defined as the ratio of the absolute velocity of the object to the local speed of sound, and is typically expressed as M = V/a, where V is the velocity of the object and a is the speed of sound. The Mach number is commonly used in aerodynamics and hydrodynamics to predict flow behavior around objects, such as aircraft and ships. It can also indicate the onset of turbulence and shock waves in supersonic flows.;Meta
Decellularization;Decellularization is a process used in tissue engineering to remove cells from an extracellular matrix while preserving its structural integrity. This technique involves treating tissues with enzymes and detergent solutions that selectively degrade cell membranes and release cellular components into the surrounding medium. The goal is to obtain a decellularized scaffold, which can then be repopulated with new cells or seeded with biomaterials to support tissue regeneration. Decellularization has been applied to various organs such as skin, bone, and lung tissues, with the aim of developing functional xenografts for transplantation purposes.;Meta
Shock wave;A shock wave is a sudden, intense release of energy that propagates through a medium, such as air or water, at supersonic speeds. It is created when an object moves at high velocity into a stationary medium, causing the air molecules to rapidly compress and then expand, generating a series of pressure waves. The shock wave can cause damage to objects and living organisms due to its intense pressure and temperature changes. In atmospheric science, shock waves are also responsible for sonic booms, which occur when an object breaks the sound barrier at high altitude.;Meta
Coding theory;Coding theory is a branch of mathematics that deals with the design and analysis of error-correcting codes. These codes are used to transmit information over noisy channels without errors, such as in telecommunications and data storage. The basic idea behind coding theory is to add redundant information to the original message to make it possible to detect and correct errors that occur during transmission or storage. This is achieved through mathematical techniques such as convolutional codes, block codes, and cyclic codes, which provide a systematic way of designing and analyzing error-correcting codes for different types of channels.;Meta
Forest plot;A forest plot is a graphical representation used in meta-analysis to display the results of multiple studies that have investigated a particular research question. The plot displays the estimated effect size of an intervention on a continuous outcome variable for each study, along with the confidence intervals and statistical significance. Forest plots are useful for comparing the effects of different interventions or treatments across multiple studies, and can help to identify patterns and discrepancies in the evidence. They are commonly used in medical research to summarize the results of clinical trials and other types of randomized controlled trials.;Meta
Gluconeogenesis;Gluconeogenesis is a metabolic pathway that results in the generation of glucose from non-carbohydrate sources such as amino acids, lactate, and glycerol. This process occurs primarily in the liver and kidney, where it serves as an alternative source of energy when glucose levels are low. Gluconeogenesis involves a series of enzyme-catalyzed reactions that convert these substrates into glucose through a network of metabolic intermediates. The pathway is tightly regulated by hormones such as glucagon and cortisol to maintain blood glucose homeostasis, ensuring adequate energy supply for the brain and other tissues during periods of fasting or stress.;Meta
Electrophysiology;Electrophysiology is the study of the electrical properties and functions of living organisms, particularly the nervous system and muscle tissue. It involves the measurement of electrical activity in various cells, tissues, and organs to understand their behavior and function. Electrophysiology has been used to diagnose and treat various medical conditions, such as epilepsy, heart rhythm disorders, and muscle diseases. Techniques such as electroencephalography, electromyography, and electrophysiological stimulation are used in clinical settings to measure electrical activity and stimulate nerve cells. This field of study has contributed significantly to our understanding of neural function and development.;Meta
Action potential;An action potential is a rapid change in membrane potential that allows for the transmission of nerve impulses along neurons. It occurs when voltage-gated sodium channels open, allowing positively charged ions to rush into the cell, causing a rapid depolarization of the membrane. This depolarization triggers an influx of calcium ions and a release of neurotransmitters at the synapse, which can either excite or inhibit the postsynaptic neuron. The action potential is propagated along the length of the neuron by the movement of sodium and potassium ions through voltage-gated channels, allowing for rapid communication between neurons.;Meta
Hygiene hypothesis;The hygiene hypothesis proposes that exposure to certain microorganisms in childhood is essential for the development of a healthy immune system. This theory suggests that the reduced exposure to these microorganisms due to improved hygiene and sanitation has led to an increase in autoimmune diseases and allergies. Research has shown that mice raised in germ-free environments are more prone to developing autoimmune disorders, while those exposed to beneficial microorganisms develop stronger immune systems. The hypothesis suggests that a balance between good and bad bacteria is necessary for optimal health, and that the lack of exposure to certain microorganisms may disrupt this balance.;Meta
Synaptic vesicle;Synaptic vesicles are small, membrane-bound organelles found in neurons that play a crucial role in neurotransmission. They contain a high concentration of neurotransmitters, which are chemical messengers released by the neuron to communicate with other cells. The process of synaptic transmission involves the release of these neurotransmitters from synaptic vesicles through exocytosis, allowing them to bind to receptors on adjacent cells and initiate a response. Synaptic vesicle dynamics, including their formation, fusion, and recycling, are tightly regulated by various molecular mechanisms, influencing neuronal function and behavior, such as learning and memory.;Meta
Collagen;Collagen is the most abundant protein in humans and animals, making up approximately 25-35% of all proteins in the body. It is a type of structural protein that provides strength, elasticity, and firmness to tissues such as skin, bones, tendons, and ligaments. Collagen molecules are composed of three polypeptide chains twisted together to form a helix structure. They are secreted by cells called fibroblasts and then deposited into the extracellular matrix, where they provide structural support and maintain tissue integrity. Abnormalities in collagen production or structure can lead to various diseases and disorders, such as osteogenesis imperfecta and Ehlers-Danlos syndrome.;Meta
Transfer learning;Transfer learning is a machine learning technique where a model trained on one task is used as a starting point for training on another related task. The idea is that the knowledge and features learned from the first task are valuable and can be applied to the second task, reducing the need for extensive retraining from scratch. This approach leverages the pre-trained model's ability to capture domain-invariant features, such as edges, shapes, and textures, which remain useful across different tasks and datasets. By fine-tuning the pre-trained model on the target task, it adapts to the specific requirements of the new task while retaining the generalizable knowledge from the previous task.;Meta
Risk aversion;Risk aversion is a fundamental concept in decision-making theory and behavioral economics that describes an individual's tendency to prefer certain outcomes over others when uncertainty is present. It is often measured using the utility function, which assigns numerical values to different outcomes based on their desirability. The risk-averse individual will typically choose a safer option with a lower potential payoff but higher probability of success, rather than a riskier option with a potentially higher payoff. This concept was first introduced by economist Frank Knight in 1921 and has since been widely applied in various fields such as finance and economics.;Meta
Deep brain stimulation;Deep brain stimulation is a neurosurgical procedure that involves implanting electrodes in targeted areas of the brain to modulate abnormal brain activity. The procedure typically consists of a neurosurgeon surgically accessing the brain and installing an electrode array that delivers electrical impulses to specific regions. The stimulation can be programmed to mimic natural brain wave patterns, or to introduce new patterns that inhibit symptoms. Techniques vary but often involve using pulse generators implanted under the skin to deliver the electrical pulses through electrodes connected to the skull.;Meta
Thermodynamics;Thermodynamics is a branch of physics that deals with the relationships between heat, work, and energy. It describes the direction of spontaneous processes such as heat transfer and chemical reactions. The laws of thermodynamics govern the behavior of energy in isolation from its surroundings, stating that energy cannot be created or destroyed, only converted from one form to another. The first law of thermodynamics relates the change in internal energy of a system to the heat added to it and the work done by it. The second law of thermodynamics describes the direction of spontaneous processes.;Meta
Multilevel model;A multilevel model is a statistical framework used to analyze data with multiple levels of organization, such as individuals, groups, and settings. The model recognizes that relationships between variables are not limited to individual units, but also exist between groups and within groups. Multilevel models account for variation at multiple levels by incorporating hierarchical structures into the analysis, allowing for the estimation of effects at each level. This approach is commonly used in fields such as psychology, education, and sociology to study phenomena that exhibit group-level or contextual influences, providing a more nuanced understanding of complex relationships between variables.;Meta
Power electronics;Power electronics is a branch of electrical engineering that deals with the design, development, and application of electronic circuits for efficient energy conversion and transfer of power in electrical systems. It involves the control and switching of power devices such as thyristors, insulated gate bipolar transistors, and power MOSFETs to manage the flow of electrical current. Power electronics technology is used in a wide range of applications including motor drives, renewable energy systems, industrial control systems, and electric vehicles. The primary goal of power electronics is to improve the efficiency, reliability, and safety of electrical systems by minimizing energy losses and optimizing power conversion.;Meta
Configuration interaction;Configuration interaction is a theoretical framework in quantum chemistry that describes the electronic structure of molecules by considering the interactions among all possible electron configurations. It treats each electron's behavior as independent and calculates the total wave function by expanding it as a linear combination of Slater determinants, representing all unique electron configurations. This approach accounts for the effects of electron-electron interactions, which are crucial in describing molecular properties such as spectroscopic characteristics and reactivity. Configuration interaction has been widely used to study molecular systems, particularly those with multiple electrons and complex electronic structures.;Meta
Gibbs free energy;Gibbs free energy is a thermodynamic property that quantifies the maximum amount of work that can be extracted from a system at constant temperature and pressure. It is defined as the change in enthalpy and entropy of a system, divided by the gas constant and the temperature of the system. Mathematically, it is expressed as ΔG = ΔH - TΔS. Gibbs free energy is used to predict the spontaneity of chemical reactions, with lower values indicating greater spontaneity. It has numerous applications in fields such as chemistry, biochemistry, and engineering, including predicting the feasibility of chemical reactions and designing energy-efficient systems.;Meta
Seismology;Seismology is the scientific study of earthquakes and other seismic phenomena. It involves the analysis of seismic waves generated by earthquakes to determine the location, depth, and size of faults, as well as the structure of the Earth's interior. Seismologists use seismographs to record seismic data, which are then analyzed using various techniques such as waveform analysis and spectral analysis. The study of seismology has led to a greater understanding of the Earth's internal dynamics, including plate tectonics and mantle convection. It also provides valuable information for earthquake prediction and hazard mitigation.;Meta
Nucleolus;The nucleolus is a distinct region within the nucleus of eukaryotic cells where ribosome synthesis occurs. It is characterized by the presence of specific nucleolar organizer regions which contain the genes that encode ribosomal RNA. The nucleolus is responsible for the production and processing of rRNA, as well as the assembly of ribosomal subunits. This process involves the coordinated action of multiple proteins and enzymes, including ribosomal proteins, nucleophosphatase, and RNA polymerase II. The nucleolus plays a crucial role in cell growth and development, particularly during times of rapid cell division.;Meta
Surfactant;"A surfactant is a surface-active agent that reduces the surface tension between two liquids or between a liquid and a solid. The term ""surfactant"" comes from the French words ""surface"" and ""activant"". Surfactants work by reducing the intermolecular forces between molecules at the interface, allowing them to wet and spread on surfaces more easily. They are commonly found in nature, such as soap and shampoo, or can be synthesized for use in industrial applications. Surfactants have a hydrophobic tail and a hydrophilic head, which allows them to interact with both water and non-polar substances.";Meta
Cooper pair;A Cooper pair is a theoretical entity in physics that describes the behavior of paired electrons in certain materials at very low temperatures. It was first proposed by Leon Cooper in 1952 as an alternative to Bardeen-Cooper-Schrieffer theory, which explained superconductivity through phonon-mediated electron pairing. A Cooper pair consists of two electrons that are entangled and move together as a single entity, exhibiting zero electrical resistance. The presence of Cooper pairs is necessary for the establishment of superconducting order in materials. This concept has been experimentally confirmed in several systems, including copper oxide and heavy fermion compounds.;Meta
Density functional theory;Density functional theory is a computational method used to determine the properties of many-electron systems, such as atoms, molecules, and solids. It is based on the Hohenberg-Kohn theorem, which states that the electronic structure of a system can be uniquely determined from its density. The Kohn-Sham equations are derived from this theorem, providing a framework for solving the many-electron problem in a practical way. By solving these equations with numerical methods, researchers can compute various properties of materials, including their energy landscape, charge distribution, and optical spectra. This method has become a cornerstone of condensed matter physics and materials science research.;Meta
Leptin;Leptin is a hormone produced by fat cells that plays a crucial role in regulating energy balance and body weight. It signals to the brain when the body has sufficient energy stores, inhibiting hunger and increasing metabolism. Leptin also regulates reproductive functions, including menstruation and fertility, and influences bone density and blood pressure. Deficiencies in leptin have been linked to various health conditions, including obesity, diabetes, and infertility. Overproduction of leptin has been associated with conditions such as thyroid disorders and polycystic ovary syndrome. Leptin levels typically peak during childhood and then decrease with age.;Meta
Polymerase;"Polymerase is an enzyme that catalyzes the synthesis of long chains of nucleotides into a polynucleotide chain through the process of elongation. It is responsible for replicating DNA and synthesizing RNA by adding nucleotides to a growing chain in the presence of dNTPs, or deoxyribonucleotide triphosphates. The enzyme has three main activities: primase, which generates the primer for DNA replication; DNA polymerase, which extends the primer by matching nucleotides; and RNase H, which removes RNA from newly synthesized DNA-RNA hybrids. Polymerases are critical in many biological processes, including DNA repair, recombination, and gene expression.";Meta
Eutrophication;Eutrophication is a process by which excess nutrients in water bodies lead to an overgrowth of algae and deplete dissolved oxygen levels. This can occur when fertilizers and sewage from agricultural runoff and human waste enter waterways, providing an abundance of nitrogen and phosphorus for aquatic plants to absorb. As these plants die and decompose, they consume more oxygen, causing low oxygen levels that can harm or kill aquatic life. Eutrophication can also lead to the formation of harmful algal blooms, which can produce toxins that are deadly to humans and animals.;Meta
Auction theory;Auction theory is a branch of microeconomics that studies the strategic interaction among bidders in auctions. It assumes that each bidder has rational preferences and seeks to maximize their expected payoff from participating in the auction. The theory provides a framework for understanding how bidders make decisions, including determining bids, strategies, and outcomes. Auction theorists consider various types of auctions, such as first-price and second-price auctions, and analyze the effects of different factors, like competition intensity and bidder heterogeneity. The study of auction theory has applications in fields like economics, finance, and operations research, and informs policy decisions related to public goods and resource allocation.;Meta
Plasmon;A plasmon is a collective excitation of electrons in a metal surface that exhibits both wave-like and particle-like behavior. It occurs when light hits a metal surface, causing the electrons to oscillate at their resonant frequency. This oscillation creates an electromagnetic wave with a specific wavelength and amplitude. Plasmons are responsible for the color and optical properties of metals, as well as their ability to focus light and enhance its energy density. They play a crucial role in various applications such as surface-enhanced Raman spectroscopy, plasmonic imaging, and metal-based solar cells.;Meta
Mutation rate;The mutation rate refers to the frequency at which genetic mutations occur in a population over time. It is measured as the number of point mutations per base pair per generation and is typically expressed as a rate constant. The mutation rate can be influenced by various factors including environmental mutagens, errors during DNA replication, and high levels of oxidative stress. High mutation rates can lead to increased genetic diversity and adaptation to changing environments, but also contribute to deleterious effects such as cancer and genetic disorders. Understanding the mutation rate is crucial for studying evolution and developing new treatments for diseases.;Meta
Catabolism;Catabolism is a metabolic process that breaks down complex molecules into simpler ones, releasing energy in the form of ATP. This process occurs in cells and involves the catalysis of enzymes that facilitate the conversion of macromolecules such as carbohydrates, fats, and proteins into smaller units like sugars, fatty acids, and amino acids. Catabolism is an essential process for cell growth, maintenance, and repair, as it provides energy and building blocks for biosynthesis reactions. The products of catabolic reactions are then fed into the citric acid cycle or glycolysis to generate ATP.;Meta
Molality;Molality is a measure of the concentration of a solute in a solution, expressed as the number of moles of solute per kilogram of solvent. It is defined as the mass of the solvent in kilograms divided by the number of moles of solute. The unit of molality is typically represented by the symbol m. Moliality is often used to describe solutions where the amount of solute is known, but the volume of the solution is unknown. Unlike molarity, which is a volumetric concentration, moliality provides an accurate measure of solute concentration regardless of the solvent's density or volume.;Meta
Affinity maturation;Affinity maturation is a laboratory technique used to produce antibodies with improved specificity and affinity for their target antigens. It involves iterative rounds of selection and amplification, starting from a diverse library of antibody sequences. In each round, single-chain variable fragments are cloned into a fusion protein, which is then screened for its ability to bind to the target antigen. The best-scoring scFv are amplified and used as templates for the next round, allowing the process to converge towards high-affinity antibodies with reduced non-specific binding properties.;Meta
Stratigraphy;Stratigraphy is the scientific study of layering in rocks, focusing on the principles and methods used to analyze the sequence and characteristics of rock layers. It involves the identification and correlation of geological formations, such as sedimentary basins and tectonic zones, to understand Earth's history and evolution. Stratigraphers use a range of techniques, including field observations, laboratory analysis, and statistical modeling, to reconstruct the depositional environment, timing, and processes that formed each layer. By analyzing the sequence of layers, scientists can reconstruct past climates, sea levels, and geological events, providing valuable insights into Earth's history and evolution.;Meta
Kolmogorov complexity;Kolmogorov complexity is a measure of the length of a string that encodes a given object, such as a number or a program. It was introduced by Andrey Kolmogorov in 1965 as a way to quantify the simplicity of a string. A string's Kolmogorov complexity is defined as the minimum average length of all possible programs that can generate the string. The concept is closely related to algorithmic information theory, which studies the size of information and its relation to computation. Kolmogorov complexity has been used to solve problems in computer science, such as data compression and cryptography. It is a fundamental concept in theoretical computer science and continues to be an active area of research.;Meta
Neurulation;Neurulation is the process by which the neural tube forms during embryonic development in animals. It begins with the closure of the single-layered ectoderm overlying the notochord and overlaps of the somites, resulting in a solid mass. The neural plate then undergoes a series of folding and invaginations to form the neural groove, which deepens into the neural tube. As the neural tube forms, it undergoes multiple rounds of cell division and differentiation, giving rise to the various nervous system structures such as neurons, glial cells, and blood vessels. Proper neurulation is crucial for the development of the central nervous system in vertebrates.;Meta
Neutrino;"Neutrinos are subatomic particles that are emitted by certain types of atomic nuclei during radioactive decay. They are created when a nucleus in an atom splits into two or more smaller nuclei, releasing energy in the form of neutrino particles. Neutrinos have a very small mass and interact with matter via the weak nuclear force, but they do not participate in electromagnetism, which is why they are often referred to as ""ghost particles."" Due to their neutral charge and ability to pass through matter with minimal interaction, neutrinos play a crucial role in understanding the behavior of atomic nuclei and the universe.";Meta
Decomposer;Decomposers are organisms that break down dead organic matter into simpler compounds, releasing nutrients back into the environment. These organisms play a crucial role in the ecosystem by facilitating nutrient cycling and maintaining soil fertility. Decomposers can be bacteria, fungi, or other microorganisms that feed on decaying plant material such as leaves, roots, and dead wood. They secrete enzymes to break down complex molecules like cellulose and proteins into simpler sugars and amino acids. This process also helps to recycle nutrients like nitrogen and phosphorus, making them available for uptake by plants.;Meta
Weak localization;Weak localization is a quantum mechanical effect that occurs in metals at very low temperatures. It is characterized by the appearance of quantized conductance plateaus when the electron temperature is cooled below a certain threshold. In this regime, electrons are localized in specific regions of the metal, resulting in a significant reduction in conductivity. The phenomenon is thought to arise from the formation of Cooper pairs, which are pairs of electrons that can tunnel through potential barriers more easily than individual electrons. This leads to an increase in the electron mobility and a corresponding increase in the conductance at low temperatures.;Meta
Transcranial magnetic stimulation;Transcranial magnetic stimulation is a non-invasive form of brain stimulation therapy that uses electromagnetic pulses to temporarily modulate brain activity. It involves placing a small coil on the scalp over the area of interest in the brain, which induces electrical currents in specific brain regions. The treatment can be used to treat various neurological and psychiatric disorders such as depression, anxiety, and chronic pain. TMS works by either stimulating or suppressing brain activity, depending on the intensity and frequency of the stimulation. Research has shown that TMS can be effective in treating depression, with some studies suggesting it may have a therapeutic effect comparable to medications.;Meta
Golgi apparatus;The Golgi apparatus is a complex organelle found in eukaryotic cells responsible for modifying, sorting, and packaging proteins and lipids for storage or transport out of the cell. It consists of stacks of flattened sacs called cisternae that are separated by thin filaments known as ribbons. The cisternae receive vesicles from the endoplasmic reticulum containing cargo to be processed, which are then modified through various enzymatic reactions and glycosylation processes. The modified cargo is then packaged into vesicles for secretion or incorporation into cellular membranes, with excess materials being broken down by enzymes.;Meta
Pyroptosis;Pyroptosis is a form of programmed cell death that involves inflammation. It is characterized by the release of pro-inflammatory cytokines and chemokines, which recruit immune cells to the site of cell death. This leads to the formation of an inflammatory infiltrate, composed primarily of neutrophils and macrophages. Pyroptosis is mediated by the activation of the inflammasome complex, a multiprotein structure that recognizes and signals for cell death. The process can be triggered by various stimuli, including bacterial infections, viral infections, and cellular damage. Pyroptosis plays an important role in the elimination of pathogens and the resolution of inflammation.;Meta
Grid cell;Grid cells are a type of neuron found in the medial entorhinal cortex of rodents that play a crucial role in spatial navigation and memory formation. These cells are characterized by their high firing rates during exploratory behavior and their ability to maintain a stable grid-like pattern of activity over time. The periodic firing of grid cells is thought to represent a mental map or cognitive representation of the environment, allowing animals to navigate and orient themselves with great accuracy. Research on grid cells has shed light on the neural mechanisms underlying spatial cognition and has implications for our understanding of human navigation and mapping abilities.;Meta
Eukaryote;Eukaryotes are organisms with complex cells that contain a true nucleus, membrane-bound organelles, and other specialized structures. The cell membrane is selectively permeable, allowing for controlled exchange of substances. Eukaryotic cells have a defined cytoplasmic region enclosed by a nuclear envelope, which separates the genetic material from the rest of the cell. This compartmentalization enables efficient regulation of gene expression and protein synthesis. Eukaryotes also possess mitochondria, chloroplasts, and other organelles that facilitate energy production, photosynthesis, and various metabolic processes. Their cells can divide by mitosis or meiosis, ensuring genetic continuity and diversity within eukaryotic organisms.;Meta
Dark energy;Dark energy is a hypothetical form of energy thought to permeate all of space, driving the acceleration of the universe's expansion since the Big Bang. The concept was first proposed in the late 1990s by scientists who observed that the rate of expansion of the universe was increasing, rather than slowing down as one would expect due to gravity. Dark energy is believed to make up approximately 68% of the universe's total energy density, with ordinary matter and dark matter making up only about 32%. Its nature remains unknown, with various theories suggesting it may be a property of space itself or a manifestation of new physics beyond our current understanding.;Meta
Plasma cell;"Plasma cells are specialized white blood cells that play a key role in the adaptive immune system. They are formed from B cells, which undergo differentiation and activation upon encountering antigens. Plasma cells are responsible for producing large amounts of antibodies, which are proteins that recognize and bind to specific antigens, helping to neutralize pathogens and promote immunity. The name ""plasma cell"" refers to the high concentration of plasma proteins within these cells. In addition, plasma cells can also produce cytokines and other immune factors that help coordinate the immune response.";Meta
Monoclonal antibody;A monoclonal antibody is a type of antibody that is produced by a single clone of cells. It is created through a process called hybridoma technology, where genetically engineered myeloma cells are fused with B cells to produce large quantities of identical antibodies. These antibodies can be tailored to bind specifically to certain antigens, making them useful for a variety of medical applications such as cancer treatment and disease diagnosis. Monoclonal antibodies can also be designed to modulate the immune system, making them potential treatments for autoimmune disorders. Their high specificity and consistency have made them a valuable tool in modern medicine.;Meta
Critical period;The critical period is a concept in neuroscience that refers to a specific time frame during which a developing organism's brain exhibits heightened sensitivity to environmental stimuli, leading to optimal development and learning. This sensitive period allows the formation of neural connections and pathways that are crucial for the acquisition of skills and behaviors. After this period has closed, these opportunities may be lost forever, resulting in impaired or incomplete development. The concept was first introduced by ethologist Konrad Lorenz, who observed that certain developmental processes were only possible during specific age ranges.;Meta
Autoimmunity;Autoimmunity is a complex immune response in which the body's immune system mistakenly attacks and damages its own cells, tissues, and organs. This occurs when the immune system fails to distinguish between self and non-self substances, leading to an overactive or inappropriate immune response. Autoimmune diseases can manifest in various forms, including rheumatoid arthritis, lupus, type 1 diabetes, and multiple sclerosis. The exact mechanisms underlying autoimmunity are not yet fully understood, but research suggests that genetic predisposition, environmental factors, and molecular mimicry play a role in the development of autoimmune disorders. Treatment options vary depending on the specific disease and severity of symptoms.;Meta
Matrix decomposition;Matrix decomposition is a mathematical technique used to simplify large matrices into smaller, more manageable components. It involves expressing a matrix as a product of simpler matrices, such that the resulting matrices are easier to analyze and manipulate. The most common types of matrix decompositions include LU decomposition, Cholesky decomposition, QR decomposition, and singular value decomposition. Each type has its own set of applications and advantages, and is used in various fields such as linear algebra, numerical analysis, signal processing, and machine learning. Matrix decomposition has numerous practical uses in solving systems of linear equations and finding eigenvalues and eigenvectors.;Meta
Nucleophile;In chemistry, a nucleophile is a species that donates a pair of electrons to form a covalent bond with an electron-deficient atom or molecule, typically resulting in the addition of a group. Nucleophiles are often negatively charged ions, such as hydroxide or amide, but can also be neutral molecules, like water or phosphine. The nucleophilic character of an atom or molecule is influenced by its electronegativity, polarity, and reactivity with other atoms or groups. Nucleophiles play crucial roles in various chemical reactions, including substitution, elimination, and addition processes, and are essential components in organic synthesis and pharmaceutical chemistry.;Meta
Martensite;Martensite is a type of ultra-hard face-centered cubic crystal structure that forms through the rapid quenching of austenite during phase transformation. It is typically present in steels and alloys, where it is produced by cooling the material from high temperatures too rapidly to allow for the normal formation of ferrite. Martensite's unique crystal structure gives it exceptional hardness, strength, and toughness, making it highly resistant to wear and corrosion. The properties of martensite can be tailored through control of alloy composition and quenching rate, allowing its use in a wide range of industrial applications such as cutting tools and high-performance steels.;Meta
Trophic level;In ecology, trophic level refers to the position of an organism in a food chain. It is defined as the number of energy transfers that have occurred from one trophic level to another. The first trophic level consists of primary producers such as plants and algae that convert sunlight into organic matter through photosynthesis. Herbivores occupy the second trophic level, consuming primary producers for energy. Carnivores occupy higher trophic levels, consuming herbivores for energy, while decomposers occupy the lowest trophic level, breaking down dead organisms to release nutrients back into the ecosystem. Each trophic level has a unique set of characteristics and adaptations.;Meta
Wave function;The wave function is a mathematical representation of the quantum state of a particle in a physical system. It is a complex-valued function that encodes all the properties of the system, including its position, momentum, energy, and spin. The wave function is used to calculate the probability of finding a particle within a given region of space, known as the probability density. In quantum mechanics, the wave function is governed by the Schrödinger equation, which describes how the wave function evolves over time. The wave function is a fundamental concept in quantum physics and is used to make precise predictions about the behavior of particles at the atomic and subatomic level.;Meta
Consciousness;Consciousness refers to the subjective experience of being aware of one's surroundings, thoughts, and emotions. The scientific study of consciousness aims to understand its neural correlates, mechanisms, and functions. Integrated Information Theory proposes that consciousness arises from the integrated processing of information within the brain. Global Workspace Theory suggests that consciousness is generated by the global workspace of the brain, which integrates information from various sensory and cognitive systems. Other theories, such as The Binding Problem and Neuroplasticity, also attempt to explain the neural basis of conscious experience. Despite significant research, a comprehensive understanding of consciousness remains an open question in neuroscience and philosophy.;Meta
Cardiac output;Cardiac output is the volume of blood the heart pumps per minute, typically measured in liters per minute. It is a critical indicator of cardiac function and overall cardiovascular health. Cardiac output is calculated by multiplying the stroke volume, which is the amount of blood pumped by each heartbeat, by the heart rate, which is the number of beats per minute. An increase in cardiac output can indicate increased physical activity or stress, while a decrease may suggest decreased cardiac function or disease. Normal values vary by age and sex, but typically range from 4-7 L/min in adults.;Meta
Multiverse;The concept of the multiverse refers to the idea that there may be an infinite number of universes beyond our own, each with its own unique set of physical laws and properties. This theory is based on the principle of eternal inflation, which suggests that our universe is just one of many bubbles in a vast multidimensional space. The multiverse hypothesis is supported by some theories in cosmology and quantum mechanics, but it remains a speculative idea with no empirical evidence to confirm its existence. Some versions of string theory also predict the existence of multiple universes, each with different physical laws.;Meta
Fibrin;Fibrin is a fibrous protein involved in blood coagulation, produced by activated platelets and released from weeping wounds. It forms a network that traps blood cells, platelets, and other debris to prevent excessive bleeding. Fibrinolysis, the breakdown of fibrin, is mediated by enzymes such as plasmin and tissue plasminogen activator. The formation of a fibrin clot provides an immediate seal to stop bleeding, but it must be dissolved for normal blood flow to resume. Abnormalities in fibrin structure or function can lead to coagulopathies, including thrombophilia and fibrinogen deficiency disorders.;Meta
Dye-sensitized solar cell;A dye-sensitized solar cell is a type of photoelectric cell that converts light into electrical energy using a photosensitizer, typically a metal oxide, and a redox couple. The cell consists of a transparent electrode, a porous semiconductor material, and an electrolyte solution containing the redox couple. When sunlight hits the photosensitizer, it excites electrons which are then injected into the external circuit, creating an electric potential difference between two electrodes. The dye-sensitized solar cell has a low cost structure and can be used for large-scale renewable energy applications due to its high power conversion efficiency and long lifespan.;Meta
Gene therapy;Gene therapy is a medical treatment that uses genes to prevent or treat diseases. It involves introducing healthy copies of a gene into cells to replace faulty or missing ones. This can help restore normal cell function and potentially cure genetic disorders. Gene therapy can be achieved through various methods, including viral vectors, which carry the healthy gene into cells, and DNA injection, where the gene is directly inserted into cells. The goal of gene therapy is to modify genes to produce a desired effect, such as repairing damaged genes or introducing new functions.;Meta
Intron;An intron is a segment of DNA that is removed during the process of RNA splicing, resulting in the formation of mature messenger RNA. Intron sequences are non-coding and do not code for any proteins. They often contain regulatory elements that influence gene expression, such as enhancers or silencers, which can regulate transcription factor binding sites or other gene regulatory regions. Introns vary in size and number between species, with some organisms having many introns while others have few or none at all. The removal of introns is a crucial step in the process of gene expression and plays a key role in regulating the translation of genetic information into proteins.;Meta
Representation theory;"Representation theory is a branch of abstract algebra that studies the way linear transformations on vector spaces act on each other. It provides a framework for classifying and analyzing symmetries in mathematics and physics. In particular, it deals with the study of representations of groups, which are collections of linear transformations that satisfy certain properties. Representations can be thought of as ""ways"" that a group acts on a space, and understanding these representations is crucial in various areas of mathematics and physics, such as quantum mechanics, Lie algebras, and algebraic geometry.";Meta
Q-learning;Q-learning is a model-free reinforcement learning algorithm used to learn optimal actions in a given environment. It is based on the concept of Q-values, which represent the expected return or utility of taking an action in a particular state. The Q-value function learns to predict the expected return for each state-action pair by trial and error through experience. An agent iteratively selects an action based on its current state and estimated Q-values, receives feedback in the form of rewards or penalties, and updates its estimates accordingly. This process is repeated until the agent converges to a stable policy that maximizes cumulative rewards over time.;Meta
X-ray binary;An X-ray binary is a binary star system consisting of a compact object such as a neutron star or black hole and a normal star. The compact object is accreting material from the companion star, typically in a disk around it, which heats up to produce intense X-rays. This process occurs when the strong gravitational pull of the compact object causes the star's outer layers to be stripped away, creating a narrow disk that orbits the star. As the material spirals inward, its kinetic energy is converted into thermal energy, releasing X-rays across the entire electromagnetic spectrum.;Meta
Focal adhesion;Focal adhesion is a complex structural and functional junction formed by the integration of integrins on the cell surface with specific extracellular matrix components, such as collagen and fibronectin. This interaction triggers the activation of various signaling pathways that regulate cellular behavior, including migration, proliferation, and differentiation. The focal adhesion is composed of three main components: the cytoplasmic tail of integrins, the ECM ligand, and the actin cytoskeleton. The mechanical forces generated by cell attachment to the ECM lead to changes in the structure and dynamics of the focal adhesion, which can be altered by various cellular signals.;Meta
Genome browser;A genome browser is a software tool used to visualize and analyze large DNA sequences. It provides a graphical representation of the sequence, allowing users to navigate through the genome at different scales. The most commonly used genome browsers are Genome Browser and UCSC Genome Browser. These tools use algorithms to map the sequence data onto a linear chromosome and display it in a 2D format. They also provide various features such as annotation, gene prediction, and comparison of multiple sequences. By analyzing these graphical representations, researchers can identify patterns, motifs, and functional elements within the genome.;Meta
CRISPR;CRISPR is a bacterial defense mechanism that involves a small RNA molecule known as CRISPR-associated protein 9 cutting DNA at specific sequences. The system works by storing short DNA fragments from invading viruses in a protected region called a protospacer adjacent motif, which serves as a guide for the Cas9 enzyme to locate and cleave target DNA sequences. This precise editing mechanism has been adapted for use in genome engineering, allowing researchers to edit genes with unprecedented precision and efficiency. The technology has revolutionized fields such as genetics, biotechnology, and biomedicine, enabling precise modifications to the genome of living organisms.;Meta
Digital filter;A digital filter is a mathematical algorithm used to modify signals in the time domain. It operates on discrete-time signals, typically represented by a finite number of samples at regular intervals. The main function of a digital filter is to remove unwanted components from the signal, such as noise or interference, while preserving the desired components. Digital filters can be classified into two primary categories: low-pass and high-pass filters, which determine the frequency range of the filtered output. They are widely used in various fields, including audio processing, image processing, and control systems to improve signal quality and stability.;Meta
Raman spectroscopy;Raman spectroscopy is a non-destructive analytical technique that measures the inelastic scattering of monochromatic light by molecular vibrations. When a sample is excited with a laser beam, the scattered light is analyzed for its shifted frequencies, which correspond to specific vibrational modes of the molecules. This phenomenon is known as Raman scattering. The resulting spectrum provides information on the molecular structure and composition of the sample, allowing researchers to identify and quantify various substances. By analyzing the spectral signature of a substance, scientists can determine its purity, concentration, and chemical properties.;Meta
Tonsil;Tonsils are masses of lymphoid tissue located in the back of the throat. They are part of the immune system, helping to defend against infections and foreign particles. Tonsils are composed of follicles, which contain lymphocytes, a type of white blood cell that fights infection. The presence of tonsillar disease, such as tonsillitis, is often associated with an increased risk of developing certain types of cancer, including nasopharyngeal carcinoma. Tonsillectomy, the surgical removal of the tonsils, is sometimes performed to treat recurrent or severe tonsillitis, and can be done using various methods, including total tonsillectomy or suprasigmoid tonsillectomy.;Meta
Magnetar;A magnetar is a type of magnetized neutron star that has an extremely strong magnetic field, trillions of times stronger than Earth's. The magnetic field is so intense that it can power a powerful beam of X-rays and gamma rays into space, emitting hundreds of times more energy than the entire sun. Magnetars are formed when a massive star undergoes a supernova explosion, leaving behind a dense core that rapidly spins and magnetizes. This rapid magnetization process creates an incredibly strong magnetic field that traps particles and accelerates them to high energies, producing intense radiation.;Meta
Prognosis;Prognosis refers to the predicted outcome or forecast of the progression of a disease in an individual patient, taking into account various factors such as age, health status, and response to treatment. It is based on statistical analysis of data from similar patients and incorporates expert judgment and clinical experience. Prognostic indicators include biomarkers, imaging studies, and laboratory tests, which provide information about the extent of disease progression and potential outcomes. Accurate prognosis enables healthcare providers to make informed decisions regarding treatment options and patient care, ultimately influencing the quality of life and survival rates for patients with various conditions.;Meta
ATP hydrolysis;ATP hydrolysis is the process by which adenosine triphosphate, a molecule commonly used as energy currency in cells, releases energy by breaking down into its component parts. This process involves the transfer of phosphate groups from ATP to various molecules, resulting in the formation of adenosine diphosphate and inorganic phosphate. The hydrolysis reaction is exergonic, releasing free energy that can be harnessed to perform cellular work such as muscle contraction, protein synthesis, and membrane transport. This fundamental biochemical process underlies many cellular functions and is essential for the proper functioning of cells in living organisms.;Meta
Herd immunity;Herd immunity refers to the phenomenon where a significant portion of a population becomes immune to a disease, thereby protecting those who are not immune, such as young children and individuals with compromised immune systems. This occurs when a sufficient percentage of the population has been vaccinated or infected, allowing for the reduction of infectious disease transmission through herd-level interactions. As a result, susceptible individuals within the herd are less likely to be exposed to the pathogen, thereby reducing the spread of the disease. Effective herd immunity requires a sufficient level of vaccination coverage and can have significant public health benefits.;Meta
Anthropic principle;The anthropic principle is a scientific concept that explains why the fundamental physical constants in our universe are so finely tuned for life to exist. It suggests that the apparent probability of the existence of life and intelligent beings depends on their ability to observe the universe from which they originated. This observation bias leads scientists to conclude that the universe must be capable of supporting life, as we would not be here to observe it if it were not. The principle is often expressed in two forms: weak and strong, with the latter suggesting a multiverse or infinite possibilities to accommodate our existence.;Meta
Quantum computing;Quantum computing is a new paradigm for computation that uses the principles of quantum mechanics to perform calculations. In classical computers, information is represented as bits that can have two values: 0 or 1. In contrast, quantum computers use qubits that can exist in multiple states simultaneously, allowing for an exponential increase in computational power. Quantum computing relies on superposition, entanglement, and interference to process complex problems. The most commonly used model of a quantum computer is the quantum gate, which applies operations to the quantum state. By harnessing these principles, quantum computers have the potential to solve certain problems much faster than classical computers.;Meta
Algebraic topology;Algebraic topology is a branch of mathematics that studies the topological properties of geometric objects by using algebraic methods such as group theory and homology. It provides a framework for classifying and analyzing the topological invariants of spaces, such as their holes, tunnels, and voids. Topologists use algebraic tools to define and compute these invariants, which can be used to distinguish between spaces that are homeomorphic but not necessarily isomorphic. The study of algebraic topology has numerous applications in physics, computer science, and engineering, particularly in the analysis of symmetries and topological phase transitions.;Meta
Neurogenesis;Neurogenesis is the process by which new neurons are formed in the brain, a function previously thought to be restricted to embryonic development and adult neurodegenerative diseases. However, research has shown that the adult brain can generate new neurons throughout life, with estimates suggesting that up to 700 new neurons are produced daily in certain areas of the hippocampus. This process is mediated by neural stem cells, which differentiate into mature neurons through a complex interplay of genetic and environmental factors. Neurogenesis plays a critical role in learning and memory, with impaired neurogenesis linked to various neurological disorders, including Alzheimer's disease and depression.;Meta
Structural equation modeling;Structural equation modeling is a statistical method used to test hypotheses about complex relationships among variables in a single model. It extends classical path analysis and provides a more comprehensive framework for understanding the underlying mechanisms that give rise to observed correlations between variables. The model consists of latent variables, which represent unobserved constructs, and manifest variables, which are measured quantities. By specifying relationships between these variables, researchers can estimate parameters such as coefficients and correlations, providing insights into the underlying structure of a system and informing decisions in fields like psychology, sociology, and marketing research.;Meta
Stellar nucleosynthesis;Stellar nucleosynthesis is the process by which atomic nuclei combine to form heavier elements in stars. This process occurs when hydrogen nuclei are fused together to form helium, releasing energy in the form of light and heat. As stars age and run out of fuel, they begin to fuse lighter elements such as carbon, nitrogen, and oxygen into more massive elements like iron and nickel. The heavier elements produced through stellar nucleosynthesis can then be dispersed into space when a star explodes as a supernova or is shed into interstellar medium during its lifetime.;Meta
Histology;Histology is the study of the microscopic structure and organization of tissues in living organisms. It involves the examination of tissue samples using light microscopy and electron microscopy to visualize the arrangement and characteristics of cellular components such as cytoplasm, nucleus, and organelles. Histological techniques include fixation, staining, and sectioning of tissues to prepare them for microscopic examination. Histology provides a foundation for understanding normal tissue physiology and function, as well as pathology and disease processes, allowing researchers to identify patterns and correlations between tissue structure and behavior.;Meta
Myosin;Myosin is a superfamily of motor proteins that play a crucial role in various cellular processes including muscle contraction, cell division, and intracellular transport. The myosin molecule consists of two heavy chains and four light chains, with the latter being variable in size and composition. Myosin motors use ATP hydrolysis to generate force, which is then transmitted to move actin filaments or other cargo along microtubules. There are several types of myosin, including non-muscle myosin II, muscle myosin IIA, and smooth muscle myosin IIB, each with distinct functions in different cell types. Myosin dysfunction is implicated in various diseases, including muscular dystrophy and cancer.;Meta
Number needed to treat;Number Needed to Treat is a statistical measure used in clinical trials to evaluate the effectiveness of medical interventions. It represents the number of patients who need to be treated with an intervention in order to prevent one additional case of the disease or condition being studied. NNT is calculated as the ratio of the risk difference between the treatment and control groups, multiplied by the total number of participants in each group. A lower NNT indicates a more effective treatment. NNT can help clinicians and patients make informed decisions about which treatments to use.;Meta
Peptide bond;A peptide bond is a chemical bond formed between two amino acids during protein synthesis. This bond is characterized by the loss of a water molecule and the formation of a carbonyl group, resulting in a condensation reaction. The peptide bond is covalent in nature, linking the carboxyl groups of one amino acid to the amino groups of another. The energy released from this reaction drives the process of protein synthesis, allowing for the assembly of long polypeptide chains. Peptide bonds are crucial for the structure and function of proteins, and their stability is essential for maintaining the 3D conformation of a protein.;Meta
Eosinophil;Eosinophils are a type of white blood cell that plays a crucial role in the immune system's response to inflammation and infection. They are characterized by their distinctive pink or purple color due to the presence of the dye eosin, which stains their granules. Eosinophils are primarily involved in combating parasitic infections and in allergic reactions, where they release granules that contain toxic proteins that help eliminate invading organisms or allergens. Abnormal levels of eosinophils can indicate conditions such as asthma, atopic dermatitis, and parasitic infestations, and their dysfunction has been linked to various diseases including cancer and autoimmune disorders.;Meta
Meta-learning;Meta-learning is a subfield of machine learning that focuses on developing algorithms that can learn to learn from few examples or adapt to new tasks quickly. It involves training models on a set of tasks and then fine-tuning these models on new, unseen data. Meta-learning has applications in areas such as few-shot learning, where a model must learn from only a few examples of a task, and transfer learning, where a pre-trained model is adapted for a new task with little to no additional training. The goal of meta-learning is to create models that can adapt rapidly to changing environments and tasks.;Meta
Aerogel;Aerogel is a type of ultra-lightweight, porous material that is made from a gel-like substance, typically obtained by removing liquid through various methods such as supercritical drying, gas infusion, or solvent evaporation. The result is a solid structure with a high surface area and low density, making it extremely lightweight for its volume. Aerogels have unique properties that make them useful in various applications including insulation, sound absorption, and fireproofing, due to their ability to trap air and maintain thermal stability. Their aerodynamic properties also make them suitable for use as spacecraft components or in wind tunnel testing.;Meta
Inverse kinematics;Inverse kinematics is a mathematical algorithm used to calculate the movement of joints in a robotic arm or other manipulator to achieve a desired end effector position. It involves solving a system of equations that relate the joint angles and lengths, allowing the system to compute the most efficient path to reach a target location. This approach enables robots to perform tasks such as grasping, picking, and placing objects with high precision and accuracy. The algorithm is widely used in robotics, computer vision, and animation, where it helps create realistic character movements and simulations of human-like gestures.;Meta
Anderson localization;Anderson localization is a phenomenon in quantum mechanics where a disordered system exhibits metallic behavior despite having randomly arranged scatterers. The term was coined by physicist Philip W. Anderson in 1967. In an Anderson-localized system, electrons are scattered in all directions by impurities or defects, preventing them from forming a coherent wave function and leading to a loss of mobility. This results in an unusual behavior where the electrical conductivity is independent of temperature, unlike typical metal-insulator transitions. The concept has significant implications for understanding disordered materials and their potential applications in quantum computing and other fields.;Meta
Lytic cycle;The lytic cycle is a biological process by which certain viruses undergo replication and release new virions to infect new host cells. This process involves two stages: the attachment stage where the virus binds to the host cell surface, and the uncoating stage where the viral genome is released from its protein coat. The viral genome then hijacks the host cell's machinery to produce new proteins and replicate itself, ultimately resulting in the production of new virions through a process known as assembly and budding. The lytic cycle allows viruses to rapidly multiply and infect new hosts, contributing to their high replication rates and ability to spread disease.;Meta
Balancing selection;Balancing selection is a mechanism in evolution that maintains genetic variation within populations by balancing the effects of mutation and natural selection on gene frequencies. When a population is subjected to a strong selective pressure, the frequency of favorable alleles may drop below zero, leading to the loss of beneficial traits. However, mutation can introduce new variants with similar or enhanced fitness, which can reinvigorate the genetic pool. Balancing selection also occurs when populations are genetically heterogeneous, allowing for coexistence of multiple allele forms at a single locus. This maintains genetic diversity and enables populations to adapt to changing environments.;Meta
Glycosylation;Glycosylation is the covalent attachment of carbohydrate molecules, known as glycans, to other biomolecules such as proteins, lipids, and nucleic acids. This process is crucial for various biological functions including protein stability, cell signaling, and recognition. Glycans can be present on the surface of cells or within the interior of cells, influencing cellular behavior and interactions with the environment. The diversity of glycans is generated by different glycosylation pathways, involving enzymes called glycosyltransferases that add sugar moieties to existing molecules. Alterations in glycosylation patterns have been implicated in various diseases such as cancer, diabetes, and neurological disorders.;Meta
Alpha particle;Alpha particles are high-energy, positively charged subatomic particles consisting of two protons and two neutrons bound together in a nucleus. They are emitted by certain radioactive materials, such as uranium and thorium, during alpha decay. Alpha particles have a mass of approximately 4 atomic mass units and a charge of +2 elementary charges. Due to their large mass and relatively low energy compared to other forms of radiation, alpha particles can be stopped by a sheet of paper or a few centimeters of air, making them relatively easy to detect and contain.;Meta
Majorana fermion;A Majorana fermion is a type of fundamental particle in physics that is its own antiparticle. This means that if one were to create two identical fermions with opposite charges, they would be exactly the same and have no distinct difference between them. The concept was first proposed by Ettore Majorana in 1937, and it has since been a topic of interest in particle physics due to its potential implications for the understanding of neutrino behavior and the nature of matter-antimatter interactions. The existence of Majorana fermions would require new physics beyond the Standard Model, which is currently not experimentally confirmed.;Meta
Crohn's disease;Crohn's disease is a type of inflammatory bowel disease characterized by chronic inflammation and damage to the lining of the digestive tract. The exact cause of Crohn's disease is unknown, but it is believed to result from an abnormal immune response to bacteria or other factors in the gut microbiome. This immune response leads to inflammation and tissue damage, which can extend throughout the digestive tract, causing symptoms such as abdominal pain, diarrhea, weight loss, and fatigue. Genetic predisposition, environmental factors, and an imbalance of gut bacteria have been linked to the development of Crohn's disease.;Meta
Kilonova;A kilonova is a type of astronomical explosion that occurs when two neutron stars or a neutron star and a black hole collide. The resulting merger releases an enormous amount of energy in the form of electromagnetic radiation, which can be detected by astronomers as a burst of gamma-ray, X-ray, and optical light. Kilonovae are named after their estimated brightness, equivalent to a thousand supernovae. They are thought to occur when massive stars collapse into neutron stars or merge with other objects, producing heavy elements through rapid nucleosynthesis.;Meta
Grover's algorithm;Grover's algorithm is a quantum computing process that exploits the principles of superposition and entanglement to search an unsorted database of N entries in O) time, significantly faster than classical algorithms which require O time. It operates on a qubit-based quantum computer with two control qubits and one target qubit. The algorithm begins by preparing the control qubits to a superposition state, applying Grover's operator to the system, and then measuring the control qubits. This process repeats until all target qubits have been measured, yielding the desired result in a limited number of iterations.;Meta
Extinction;Extinction is a biological process where a species ceases to exist due to various factors such as habitat destruction, climate change, pollution, and overexploitation. This phenomenon has been observed throughout Earth's history, with many ancient species going extinct at the end of each geological epoch. The current rate of extinction is estimated to be 100-1,000 times higher than the natural background rate due to human activities. Extinction can occur suddenly or gradually, depending on the cause and the species' adaptability. Studying extinction helps scientists understand the impact of human actions on the environment and develop strategies for conservation and preservation of threatened species.;Meta
Federated learning;Federated learning is a distributed machine learning paradigm that enables multiple entities to collaboratively train models on their local data without sharing their data. In this approach, each entity maintains its own model and data, and instead, shares a portion of the model updates with other entities through a centralized server. The updates are aggregated from all participating entities, allowing the model to be updated across the network while preserving user privacy. Federated learning has been widely applied in various domains such as healthcare, finance, and autonomous vehicles, where sensitive data needs to be protected and shared across multiple organizations.;Meta
Isotope;An isotope is a version of a chemical element that has the same number of protons in its atomic nucleus but a different number of neutrons. This variation in neutron number affects the element's atomic mass, which differs from that of other isotopes of the same element. Isotopes are formed when an atom gains or loses neutrons during radioactive decay, nuclear reactions, or other processes. The most common method of producing isotopes is through nuclear fission, where heavy atoms are split into lighter ones and release additional neutrons to create new isotopes.;Meta
Habitable zone;The habitable zone is the region around a star where temperatures are suitable for liquid water to exist on a planet's surface. This zone is also known as the Goldilocks zone due to the ideal temperature range being not too hot or too cold, just right for life as we know it. Planets within this zone receive the perfect amount of solar radiation to support liquid water, which is essential for life. The habitable zone varies depending on the star's size and type, but in general, it's between 0.95 and 1.37 astronomical units from a G-type main-sequence star like the Sun.;Meta
Netrin;Netrin is a class of proteins that play a crucial role in axon guidance during the development of the nervous system. These proteins were first identified as netrins and are known to be involved in the repulsion of axons from certain cells. Netrins bind to receptors such as DCC, ROBO1, and UNC5H3, triggering signaling cascades that regulate axonal growth and migration. The interactions between netrins and their receptors have been shown to influence various aspects of neural development, including cell migration, differentiation, and synaptogenesis. Abnormalities in netrin signaling have been implicated in several neurological disorders.;Meta
Lentivirus;Lentivirus is a type of retrovirus that has been engineered to be non-replicative and thus safe for gene therapy applications. It was first developed in the 1980s as an alternative to other viral vectors used in genetic engineering. Lentiviruses are characterized by their ability to integrate into the host genome, allowing them to maintain expression of the transgene over long periods of time. They are commonly used in research and clinical trials to deliver genes to human cells, particularly those that have been damaged or diseased, such as stem cells and cancer cells.;Meta
Causal inference;Causal inference is the process of determining the causal relationship between variables in a statistical analysis. It involves identifying the underlying mechanisms that produce the observed relationships and making inferences about the direction and strength of causality. Causal inference relies on various statistical methods, including regression analysis, propensity scores, and instrumental variable analysis. These methods aim to control for confounding variables and biases, allowing researchers to estimate the effect of an intervention or treatment on an outcome. Effective causal inference is essential in fields such as medicine, economics, and social sciences.;Meta
Proton therapy;Proton therapy is a type of cancer treatment that uses protons to kill cancer cells. Protons are positively charged particles that can be accelerated to high speeds and focused onto a specific target area within the body. When protons enter tissue, they transfer their energy to water molecules, causing them to break apart and release radiation. This process is more efficient than traditional X-ray treatment methods, allowing for precise targeting of tumors while minimizing damage to surrounding healthy tissue. Proton therapy has become increasingly popular worldwide due to its ability to improve patient outcomes while reducing side effects.;Meta
Pyrolysis;"Pyrolysis is a thermal decomposition process in which organic materials are heated in the absence of oxygen to produce a range of products including liquids and gases. The term pyrolysis comes from the Greek words ""pyro"" meaning fire and ""lysis"" meaning breaking down. Pyrolysis can occur naturally, such as during wildfires or volcanic eruptions, or artificially through controlled laboratory experiments or industrial processes. The resulting products can vary widely depending on the starting material, temperature, and pressure conditions, and include biofuels, chemicals, and other valuable commodities.";Meta
Total synthesis;Total synthesis is the process of creating a chemical compound from its simplest building blocks, known as individual subunits, through a series of chemical reactions. This method involves constructing the target molecule step-by-step using established chemical reactions and reagents, ultimately yielding a single molecule that corresponds to the desired structure. Total synthesis is an approach used in organic chemistry to create complex molecules, such as pharmaceuticals, from scratch, allowing for precise control over molecular composition and structure. It requires significant expertise and resources, but provides a fundamental understanding of the underlying chemical mechanisms.;Meta
Neuraminidase;Neuraminidase is an enzyme that breaks down sialic acids on the surface of cells, particularly in the nervous system and respiratory tract. It plays a crucial role in the release of viruses such as influenza from infected cells. Neuraminidase inhibitors are used to prevent and treat seasonal flu outbreaks by blocking the enzyme's activity. The enzyme is also involved in various cellular processes including cell signaling and adhesion. Mutations in the gene encoding neuraminidase have been linked to certain neurological disorders, highlighting its importance in maintaining cellular homeostasis.;Meta
Schwarzschild radius;The Schwarzschild radius is the boundary beyond which nothing, including light, can escape the gravitational pull of a black hole, marking the point of no return. It is named after Karl Schwarzschild, who first calculated it in 1916 as part of his work on general relativity theory. The event horizon, also known as the Schwarzschild radius, is defined as the distance from the center of a black hole at which its gravitational pull becomes so strong that escape velocity exceeds the speed of light. Any object with mass greater than a certain threshold will have a singularity at this point.;Meta
Circular economy;A circular economy is a production and consumption model based on sharing, collaboration and resource recovery, aiming to keep resources in use for as long as possible. This approach seeks to reduce waste and the continuous consumption of new raw materials by promoting reuse, recycling, and biodegradation of products. The four principles of a circular economy are design for circularity, production and business models that support circular economy, product service system that supports product usage, and sharing economies. By adopting this model, companies can reduce their environmental impact while creating new economic opportunities and improving the overall well-being of society.;Meta
Cosmic distance ladder;The Cosmic Distance Ladder is a method used to measure the distance to celestial objects in the universe based on their apparent brightness. It relies on the principle that more luminous objects are farther away from Earth. The ladder consists of several steps, starting with nearby stars and galaxies, which can be observed directly or through indirect methods such as parallax and spectroscopic analysis. As the distances increase, methods like supernovae type Ia observations, redshift measurements, and Cepheid variable star studies come into play. By combining data from these methods, astronomers can estimate distances to more distant objects in the universe with increasing accuracy.;Meta
Fracture mechanics;Fracture mechanics is the study of the mechanical behavior of materials under dynamic loading conditions that lead to crack initiation and propagation. It involves the analysis of the stress intensity factor K, which characterizes the severity of a crack's tip field. The concept of the J-integral, which accounts for the energy released during crack growth, is also central to fracture mechanics. Fracture mechanics has applications in various fields such as aerospace engineering, nuclear power plants, and construction, where material failure can lead to catastrophic consequences. The study of fracture mechanics helps engineers design safer structures and materials that can withstand external forces without failing.;Meta
Microbiome;The microbiome refers to the community of microorganisms that reside within and on the human body. These microbes include bacteria, viruses, fungi, and other microscopic organisms that play a crucial role in maintaining host health and regulating various physiological processes. The microbiome can be found in diverse environments such as the gut, skin, respiratory tract, and mouth, and is composed of trillions of microorganisms working together to perform complex functions. Imbalances in the microbiome have been linked to various diseases and disorders, highlighting the importance of understanding the intricate relationships between host and microbe.;Meta
Category theory;Category theory is a branch of mathematics that studies the commonalities between different mathematical structures. It provides a framework for abstracting and generalizing concepts across various fields, such as algebra, geometry, and topology. A category is a mathematical structure consisting of objects and arrows between them, satisfying certain properties like associativity and identity. Categories can be used to represent relations between sets, functions, or other abstract structures, allowing for the identification of patterns and connections between seemingly disparate concepts. This abstract perspective enables researchers to tackle complex problems and develop new mathematical theories that transcend traditional disciplinary boundaries.;Meta
Inflammation;Inflammation is a complex biological response to injury or infection characterized by increased blood flow, redness, swelling, heat, and pain in the affected area. It involves the coordinated effort of multiple cell types, including neutrophils, macrophages, and T-cells, which work together to eliminate pathogens and promote tissue repair. The inflammatory process is mediated by various signaling molecules, such as cytokines and chemokines, that recruit immune cells to the site of injury. Chronic inflammation can lead to tissue damage and contribute to the development of various diseases, including arthritis, diabetes, and cardiovascular disease.;Meta
Luminosity;Luminosity is the total amount of energy emitted by a celestial object or phenomenon as light. It is typically measured in units of solar luminosities, where one solar luminosity equals the amount of energy emitted by the Sun over its entire surface area. The luminosity of an object can be affected by factors such as temperature, composition, and distance from an observer. In astrophysics, luminosity is often used to classify stars according to their spectral types, which determine their surface temperatures and hence their brightness. Luminosity plays a crucial role in understanding the properties and behavior of celestial objects.;Meta
Angular momentum;Angular momentum is a measure of an object's tendency to continue rotating or revolving around a central axis. It is quantified as the product of an object's moment of inertia and its angular velocity. The conservation of angular momentum states that if the net torque acting on an object is zero, then the total angular momentum remains constant. This fundamental principle in physics explains many phenomena, such as the precession of planets around stars and the rotation of galaxies. Angular momentum also plays a crucial role in determining the stability and motion of objects under various forces.;Meta
Inflation;Inflation is a sustained increase in the general price level of goods and services in an economy over time. It occurs when there is too much money circulating in the economy, causing businesses to raise their prices. The demand-pull inflation theory suggests that excessive money supply and aggregate demand for goods and services drive up prices, while the cost-push inflation theory proposes that increases in production costs, such as higher wages or raw materials, lead to price hikes. Central banks use monetary policy tools, like interest rates, to combat inflation by reducing the money supply.;Meta
Osmosis;Osmosis is the movement of water molecules from a region of high concentration to a region of low concentration through a semipermeable membrane. This process occurs in living organisms and cells, where it helps maintain proper fluid balance and regulate the amount of solutes within a given space. The driving force behind osmosis is the difference in osmotic pressure between the two sides of the membrane, with higher pressures pushing water molecules from high concentration areas to low concentration areas. Osmosis plays a crucial role in maintaining cellular homeostasis and regulating fluid balance in the body.;Meta
T cell;T cells are a type of white blood cell that plays a crucial role in the adaptive immune system. They are named after their characteristic shape, resembling a T-cell receptor on their surface. Upon activation, T cells can differentiate into various effector cells, such as cytotoxic T cells and helper T cells, which mediate different responses to infections. The T cell receptor on the surface of these cells recognizes specific antigens, allowing them to distinguish between self and non-self. The immune response generated by T cells is highly specific, making them a key component of the adaptive immune system, providing long-term immunity against pathogens and cancer cells.;Meta
Dynamic light scattering;Dynamic light scattering is a technique used to study the size distribution of particles in suspension. It involves measuring the fluctuations in intensity of light scattered by particles when illuminated by a laser beam. The scattered light is proportional to the particle's size and concentration. By analyzing these fluctuations, researchers can determine the size distribution of particles, including their size range and concentration. This technique has applications in various fields such as physics, chemistry, biology, and materials science, allowing for the study of complex systems like colloids, polymers, and living cells.;Meta
Convolutional neural network;A convolutional neural network is a type of deep learning model used primarily for image and video analysis tasks. It consists of multiple layers that share weights through a process called convolution, which extracts features from small regions of input data. The output of each layer is passed through an activation function to introduce non-linearity. These layers are repeated with different filter sizes to capture both local and global patterns in the data. The final layer typically produces a probability distribution over all possible classes or outputs. Convnets have achieved state-of-the-art performance on various image classification tasks, and have been widely adopted in applications such as object detection, segmentation, and generation.;Meta
Laser;A laser is a device that produces an intense beam of light by amplifying light through stimulated emission. This process involves exciting atoms or molecules with energy, causing them to release photons at a specific wavelength and direction. The amplified light is produced when these photons interact with other excited particles, leading to a self-sustaining process. Lasers operate on the principle of optical feedback, where the output beam is fed back into the system to stimulate further emission. This creates a highly concentrated and directional beam of light with remarkable properties, such as coherence and intensity.;Meta
Wear;Wear is a fundamental concept in materials science that refers to the loss of mechanical properties resulting from exposure to external forces such as friction, stress, and temperature changes. It occurs when a material undergoes deformation, leading to a permanent change in its shape or structure. Wear can be further categorized into different types including abrasive wear, adhesive wear, fatigue wear, and corrosion wear. The rate and type of wear depend on various factors such as the material's properties, environmental conditions, and the nature of the load applied. Understanding wear is essential for developing materials with improved durability and performance in various applications.;Meta
Neutron star;A neutron star is the extremely dense remnant of a massive star that has undergone a supernova explosion. These stars are formed when a massive star runs out of fuel and collapses in on itself, causing its core to compress into an incredibly small space. The density of a neutron star is so great that a sugar-cube-sized amount would have a mass equivalent to a mountain, due to the incredibly high number of neutrons packed into such a small space. Neutron stars are characterized by their extremely strong gravitational fields and rapid rotation periods, resulting in intense magnetic field and radiation emission.;Meta
Macrophage;Macrophages are a type of white blood cell that play a crucial role in the immune system by engulfing and digesting foreign particles, bacteria, and dead cells. They are produced by hematopoietic stem cells in the bone marrow and circulate in the bloodstream and tissues. Macrophages recognize pathogens through pattern recognition receptors on their surface and initiate an inflammatory response to eliminate the threat. They can also regulate immune responses by presenting antigens to T-cells and producing cytokines that promote or suppress inflammation. The function of macrophages is essential for maintaining tissue homeostasis and preventing infections.;Meta
Sentiment analysis;Sentiment analysis is a subfield of natural language processing that deals with determining the emotional tone or attitude conveyed by a piece of text, such as a review, comment, or social media post. This field of study aims to identify whether a piece of text expresses positive, negative, or neutral sentiment, and to quantify the intensity of the sentiment. Sentiment analysis can be performed manually through human evaluation, but more commonly is done using machine learning algorithms that analyze linguistic features such as word choice, tone, and syntax to determine the emotional content of the text.;Meta
Electrolysis;Electrolysis is a chemical process that uses electricity to drive a chemical reaction. It involves the passage of an electric current through an electrolyte solution, causing the separation of ions and the formation of new compounds. The process can be used to produce metals such as hydrogen, oxygen, chlorine, and sodium from their respective oxides or chlorides. Electrolysis also has applications in water purification, where it is used to remove impurities and contaminants from water. Additionally, electrolysis is used in various industrial processes, including the production of chemicals and pharmaceuticals, and in medical procedures such as blood plasma separation.;Meta
Beta sheet;In protein structure, beta sheets are planar arrangements of alpha helices that form a specific type of secondary structure in proteins. Beta sheets are composed of two or more strands that are connected by hydrogen bonds, resulting in a flat, parallel arrangement of the polypeptide chain. The strands can be oriented in different directions, leading to either an alpha beta sheet or a beta sheet with a twist. This structure is commonly found in globular proteins and plays a crucial role in stabilizing protein function and facilitating interactions with other molecules.;Meta
Covalent bond;A covalent bond is a type of chemical bond that involves the sharing of electrons between atoms to form a stable molecule. This occurs when two or more atoms have similar electronegativity values and share one or more pairs of electrons to achieve a full outer energy level. The sharing of electrons results in the formation of a molecular orbital, which holds the atoms together. Covalent bonds can be polar or nonpolar, depending on the difference in electronegativity between the atoms involved. They are commonly found in molecules such as water, methane, and carbon dioxide.;Meta
Quantum memory;Quantum memory refers to the ability of quantum systems to store information in a way that is fundamentally different from classical computing. This concept is based on the principles of quantum mechanics, where particles can exist in multiple states simultaneously and be entangled with each other. Quantum memories use these properties to encode information onto the quantum state of a system, such as an ion or a photon. The stored information can then be retrieved by manipulating the quantum state, allowing for the creation of ultra-secure communication channels and potentially even quantum computers. Quantum memory is still in its infancy but holds great promise for future technological advancements.;Meta
Centrosome;The centrosome is a microtubule-organizing center that plays a crucial role in the organization of the cell's cytoskeleton and the regulation of cell division. It consists of two centrioles, which are cylindrical structures composed of microtubules, surrounded by a pericentric region containing various proteins and organelles. The centrosome is responsible for the formation of the spindle apparatus during mitosis, which separates chromosomes into daughter cells. Abnormalities in centrosome function can lead to defects in cell division, resulting in aneuploidy and cancer. The centrosome also regulates cell polarity and migration by controlling the organization of microtubules and actin filaments.;Meta
Alpha wave;Alpha waves are a type of brainwave pattern characterized by frequencies ranging from 8 to 12 Hz. They are typically observed in relaxed, closed-eyed individuals and are often associated with states of drowsiness, sleep, and reduced cortical activity. Alpha waves are also present during relaxation, meditation, and reading, indicating decreased cognitive engagement. In contrast to beta waves, which are high-frequency brainwaves linked to attention and concentration, alpha waves suggest a state of mind that is both calm and focused inwardly. Research suggests that alpha wave activity may play a role in regulating the autonomic nervous system and promoting emotional balance.;Meta
Organ-on-a-chip;"Organ-on-a-chip is a miniature human organ model fabricated on a microchip, mimicking the structure and function of a specific organ in the body. This technology utilizes a layer of cells grown on a substrate, often a silicon chip, to create a three-dimensional tissue-like environment. The resulting ""organ"" can be used for various applications, including drug testing, disease modeling, and toxicity screening. By integrating fluid dynamics with cellular biology, organ-on-a-chip systems can simulate real-world physiological conditions, allowing researchers to study disease mechanisms and develop new treatments in a highly controlled and reproducible manner.";Meta
Coating;A coating is a thin layer of material applied to the surface of an object for various purposes such as protection, decoration, or functionality. In materials science, coatings are typically made from polymers, metals, or ceramics. The process of applying a coating involves sublimation, where the coating material is vaporized and then condensed onto the substrate surface. Coatings can provide corrosion resistance, friction reduction, and improved appearance. There are several types of coatings including organic coatings, inorganic coatings, electroplating, and thermal spray coatings. Coatings have numerous applications in industries such as aerospace, automotive, and construction.;Meta
Vitamin B12;Vitamin B12 is a complex organometallic compound essential for various bodily functions, including DNA synthesis and fatty acid metabolism. It plays a crucial role in maintaining healthy red blood cells by facilitating the production of methionine from homocysteine. A deficiency in vitamin B12 can lead to megaloblastic anemia, where red blood cells are abnormally large and immature. Vitamin B12 is found primarily in animal products, such as meat, poultry, fish, eggs, and dairy products. The most commonly used forms of vitamin B12 for supplementation are methylcobalamin and cyanocobalamin.;Meta
Supramolecular polymer;A supramolecular polymer is a type of material composed of self-assembling units that are held together by non-covalent interactions such as hydrogen bonding, π-π stacking and van der Waals forces. These interactions allow the individual components to associate in specific ways to form a three-dimensional structure. Supramolecular polymers can be designed to have tailored properties including solubility, mechanical strength and optical transparency. They are often used in applications requiring dynamic control over their architecture such as drug delivery systems and sensors. The design of supramolecular polymers involves the selection of appropriate host-guest pairs that can form stable inclusion complexes with specific guest molecules.;Meta
Proteomics;Proteomics is the large-scale study of proteins and their interactions within cells and organisms. It involves the analysis of protein expression, structure, function, and interactions, as well as the identification of post-translational modifications. Proteomics uses various analytical techniques such as mass spectrometry and liquid chromatography to quantify and identify proteins in complex biological samples. The field has numerous applications in medicine, including disease diagnosis and treatment, as well as in agriculture and biotechnology. By understanding protein function and interactions, researchers can gain insights into the underlying mechanisms of cellular processes and develop new therapeutic strategies.;Meta
Amphiphile;An amphiphile is a type of molecule that has both hydrophilic and hydrophobic regions. This allows it to interact with both water and non-polar substances. Amphiphilic molecules often form structures such as micelles, where the hydrophobic tails are arranged on the outer surface and the hydrophilic heads face outwards towards the aqueous solution. Amphiphilic compounds can be found in nature, such as soap and detergent molecules, which use their amphipathic properties to clean surfaces by reducing surface tension. This property also makes them useful in various industrial applications, including surfactant technology and biotechnology.;Meta
Chronoamperometry;Chronoamperometry is a potentiometric technique used to measure the current flowing through an electrochemical cell over time. It involves holding the potential of the electrode constant and measuring the change in current over a specific period, typically seconds or minutes. The technique relies on the principles of electrolysis and the Nernst equation to determine the concentration of species present at the electrode surface. By analyzing the current-time curves obtained from chronoamperometry, researchers can gain insights into the kinetics of electrochemical reactions, such as diffusion-limited mass transport and reaction kinetics.;Meta
Symbiosis;Symbiosis is a biological interaction between two different species that live in close association with each other, often resulting in mutual benefit. There are three main types of symbiosis: mutualism, commensalism, and parasitism. Mutualism occurs when both species benefit, such as the relationship between clownfish and sea anemones, where the fish receives protection from predators and the anemone receives cleaning services. Commensalism occurs when one species benefits and the other is unaffected, like remora fish attaching to sharks for nutrients. Parasitism occurs when one species benefits at the expense of the other, such as tapeworms infecting their hosts.;Meta
Reciprocal altruism;Reciprocal altruism is a phenomenon in which an individual helps another, expecting that they will help them in return at some point in the future. This behavior is based on the idea that mutual assistance can be beneficial to both parties involved. In evolutionary biology, reciprocal altruism is thought to have evolved as a mechanism for cooperation and social bonding within groups, such as families or primate troops. However, it can also lead to problems when individuals do not reciprocate or die before they can return favors, creating a dilemma for the helping individual.;Meta
Poisson's ratio;Poisson's ratio is a measure of the lateral strain response of a material to a uniaxial tensile loading. It is defined as the ratio of lateral contraction to longitudinal extension when a material is stretched along one axis, resulting in an opposite and equal change in area perpendicular to that axis. Poisson's ratio represents the degree of lateral deformation caused by a longitudinal load, which can be calculated using a series of experiments or inferred from the material's elastic behavior. The value of Poisson's ratio varies between 0 and 1 for most materials, with higher values indicating greater lateral contraction.;Meta
Keratinocyte;Keratinocytes are a type of epidermal cell that play a crucial role in maintaining the integrity and function of the skin. They are responsible for producing keratin, a protein that provides strength and rigidity to the skin. Keratinocytes undergo a process called differentiation, where they transform into more mature cells that eventually form the outermost layer of the skin. This process is tightly regulated by various molecular mechanisms, including signals from hormones and growth factors. Abnormalities in keratinocyte function can lead to various skin disorders, such as psoriasis and eczema.;Meta
Zeolite;Zeolites are microporous aluminosilicate minerals that have a unique structure composed of silicon-oxygen tetrahedra and aluminum atoms, which create a three-dimensional framework. They are formed through the hydrothermal crystallization process, involving water vapor and dissolved ions in high-pressure environments. Zeolites exhibit high thermal stability, chemical resistance, and catalytic properties, making them useful in various industrial applications such as petroleum refining, petrochemical production, and environmental remediation. Their unique pore size and shape allow for selective adsorption of gas molecules, including methane, carbon dioxide, and other pollutants, making them valuable materials for gas separation and purification processes.;Meta
Two-dimensional electron gas;A two-dimensional electron gas is a material system in which electrons are confined to a plane, typically near a interface between two materials with different electrical properties. This confinement leads to unique electronic and transport properties due to quantum mechanical effects such as quantized conductance and enhanced mobility. The 2DEG is often created by growing a thin film of semiconductor material on a substrate with a lattice mismatch, allowing electrons to be confined in the layer. The 2DEG has been extensively studied for its potential applications in high-speed electronics, quantum computing, and optoelectronics.;Meta
Pauli exclusion principle;The Pauli exclusion principle states that no two electrons in an atom can have the same set of quantum numbers, which describe the energy, spin, and spatial distribution of an electron. Each electron must occupy a unique set of quantum numbers, resulting in a maximum number of electrons per energy level. This principle explains why atoms are stable and cannot be formed by adding more than two protons to the nucleus. It was first proposed by Wolfgang Pauli in 1925 and is a fundamental concept in understanding atomic structure and electron behavior.;Meta
Monomer;A monomer is a small molecule that can react with other identical molecules to form a larger polymer chain. Monomers are typically small and contain functional groups that allow them to participate in chemical reactions. The most common type of monomer is a small molecule with multiple bonds, such as ethene or propene. Monomers are commonly derived from natural sources, such as sugars, amino acids, and fatty acids. When combined, monomers form a polymer, which can have unique properties depending on its structure and composition. Polymers play a crucial role in various industries, including textiles, plastics, and pharmaceuticals.;Meta
Prosthetic group;A prosthetic group is a chemically linked collection of atoms within a molecule that provides specific enzymatic activity to a protein. These groups are typically composed of a metal ion or other atoms that bind to specific functional groups on the protein, thereby altering its shape and facilitating chemical reactions. Prosthetic groups can be organic or inorganic molecules, such as heme in hemoglobin or flavin in enzymes like lactate dehydrogenase. They often play critical roles in catalyzing metabolic processes, transporting ions, or regulating cellular signaling pathways, highlighting their essential importance in maintaining cellular homeostasis and function.;Meta
Rotaxane;"Rotaxane is a type of molecular structure consisting of a central core with multiple repeated units that wrap around it in a helical fashion. This unique arrangement creates a macrocycle with a large diameter and a relatively small number of atoms. The name ""rotaxane"" was coined by Professor Fraser Stoddart, who first synthesized this molecule in 1991. Rotaxanes are often used as molecular recognition agents due to their ability to bind specific ligands or guests through non-covalent interactions, making them useful in applications such as drug delivery and catalysis. Their unique structure also makes them of interest for studying the principles of molecular encapsulation.";Meta
Boundary layer;The boundary layer is the region near a surface where fluid flow occurs from the free stream to the surface, characterized by a thin layer of viscous sublayer and a turbulent outer layer. It forms when air flows over an object, such as a wing or a cylinder, creating a layer of slower-moving air close to the surface due to friction. The boundary layer is influenced by factors like Reynolds number, Mach number, and surface roughness, which determine its thickness and behavior. Understanding the boundary layer is crucial in aerodynamics, hydrodynamics, and heat transfer, as it affects the performance and efficiency of various systems and structures.;Meta
Contrast agent;A contrast agent is a substance used in medical imaging to enhance the visibility of structures or lesions within the body. It works by altering the way X-rays, ultrasound, or other forms of radiation interact with tissues. Contrast agents are typically made from metals such as gadolinium or barium, and can be administered intravenously, inhaled, or ingested. They change the density or refractive index of the surrounding tissue, allowing for clearer images to be captured during diagnostic procedures. The choice of contrast agent depends on the specific imaging technique being used, as well as the patient's medical condition and allergies.;Meta
Quantum well;A quantum well is a narrow, two-dimensional region of semiconductor material with a thickness of a few nanometers, typically between 5-20 nanometers. It is created by sandwiching a thin layer of an insulating material, such as aluminum oxide or silicon dioxide, between two layers of semiconductor material, typically gallium arsenide and indium phosphide. The quantum well's small size allows for quantization of energy levels, resulting in discrete energy states that are characteristic of quantum mechanics. This property makes quantum wells useful for applications such as high-speed electronics, optoelectronics, and quantum computing devices, where the confinement of electrons and holes is essential for their operation.;Meta
Biotin;Biotin is a water-soluble vitamin that plays a crucial role in various bodily functions including metabolism, growth, and maintenance of skin, hair, and nails. It acts as a coenzyme for carboxylase enzymes, which are involved in the synthesis and breakdown of fatty acids and amino acids. Deficiencies in biotin can cause symptoms such as fatigue, skin rashes, and hair loss, while excessive levels can lead to side effects like skin irritation and dizziness. Biotin is found in foods rich in proteins, nuts, and whole grains, and can also be taken as a dietary supplement.;Meta
Riemannian geometry;Riemannian geometry is a branch of differential geometry that studies the properties of Riemannian manifolds, which are geometric spaces equipped with an inner product that defines the notion of distance and angle between vectors. This theory was developed by Bernhard Riemann in the mid-19th century as part of his work on differential equations. A key concept in Riemannian geometry is the Levi-Civita connection, a way to connect tangent vectors at different points on a manifold in a way that preserves the inner product. The theory has numerous applications in physics, particularly in general relativity and gauge field theories, where it provides a framework for describing curved spacetime and the behavior of particles under gravitational forces.;Meta
Immune system;The immune system is a complex network of cells, tissues, and organs that work together to defend the body against pathogens such as bacteria, viruses, fungi, and other foreign substances. It consists of two main branches: the innate immune system, which provides immediate defense, and the adaptive immune system, which provides long-term immunity. The immune system uses various mechanisms to recognize and eliminate invading organisms, including physical barriers, chemical defenses, and cell-mediated responses. The immune system also plays a crucial role in preventing disease and maintaining overall health by regulating inflammation and repairing damaged tissues.;Meta
Electrochemistry;Electrochemistry is the study of the interactions between electricity and chemical reactions, including those that involve the transfer of electrons. It encompasses a wide range of phenomena, from simple electrochemical cells to complex electrocatalytic processes. Electrochemists examine the relationships between electrode materials, electrolytes, and reactants in various electrochemical systems, such as batteries, fuel cells, and corrosion sensors. Understanding electrochemistry is essential for developing new technologies, including renewable energy sources, water purification systems, and biomedical devices. The field also seeks to improve our understanding of natural processes, like photosynthesis and biomineralization.;Meta
Metalloprotein;Metalloproteins are proteins that contain metal ions as cofactors, which play a crucial role in their function and structure. These metal ions can be either tightly bound to the protein or present as free ions within the protein's environment. The most common metal ions incorporated into proteins are iron, zinc, calcium, copper, and manganese. Metalloproteins perform various biological functions such as catalyzing chemical reactions, facilitating electron transfer, and interacting with DNA and RNA. The incorporation of metal ions into proteins allows for their unique structural and functional properties, making them essential components in many biological processes.;Meta
Efflux pump;Efflux pumps are a type of multidrug resistance mechanism used by bacteria to efflux toxic compounds out of their cells. They are composed of a membrane protein that spans the cell membrane and utilizes energy from ATPases to pump out substrates against their concentration gradient. Efflux pumps play a crucial role in protecting bacteria against antimicrobial agents such as antibiotics, detergents, and other xenobiotics. Overexpression or hyperactivation of efflux pumps can lead to multidrug resistance, making infections more challenging to treat. Researchers have identified various efflux pump systems in bacteria, highlighting their importance in bacterial defense mechanisms.;Meta
Synthetic biology;Synthetic biology is an interdisciplinary field that uses engineering principles to design, construct, and modify living systems, such as microorganisms, to produce specific functions or traits. This approach leverages advances in genomics, bioinformatics, and biotechnology to create new biological pathways, circuits, and organisms with desired characteristics. Synthetic biologists aim to revolutionize various industries, including agriculture, pharmaceuticals, and energy production, by developing novel biological systems that can improve efficiency, productivity, and sustainability. By harnessing the power of synthetic biology, researchers can develop innovative solutions to some of humanity's most pressing challenges.;Meta
Signal processing;Signal processing is the field of study that deals with the analysis and manipulation of signals, which are functions that vary in time or space. In signal processing, mathematical techniques are used to extract relevant information from a signal, such as filtering out unwanted noise or compressing data to reduce storage requirements. Signal processing has numerous applications in fields such as audio engineering, image processing, and telecommunications, where it is used to improve the quality of signals and extract meaningful information from them. Techniques such as Fourier transforms, convolution, and statistical methods are commonly employed in signal processing.;Meta
Anti-inflammatory;Anti-inflammatory refers to the reduction of inflammation in the body through various means such as medication, diet, exercise, and lifestyle modifications. Inflammation is a natural response to injury or infection characterized by increased blood flow, swelling, pain, and redness. Chronic inflammation has been linked to various diseases including arthritis, diabetes, and cardiovascular disease. Anti-inflammatory agents work by inhibiting the production of pro-inflammatory cytokines, reducing oxidative stress, and modulating the immune system. Nonsteroidal anti-inflammatory drugs, corticosteroids, and omega-3 fatty acids are common examples of anti-inflammatory therapies. Understanding inflammation is crucial for developing effective treatments and prevention strategies against inflammatory disorders.;Meta
Prospect theory;Prospect theory is a psychological model that explains how people make decisions under uncertainty. It was developed by psychologists Amos Tversky and Daniel Kahneman in the 1970s. The theory states that people's mental representations of possible outcomes are not symmetric, with losses being more painful than gains of equal magnitude. As a result, people tend to prefer avoiding losses over acquiring equivalent gains. Prospect theory also predicts that people will overweight rare events and underweight common ones when making decisions, leading to suboptimal choices in some cases.;Meta
Paxos;Paxos is a mathematical concept in computational geometry that describes the relationship between two geometric objects. It was introduced by Andrew Chiueh and Seth Gilbert in 1999 as a solution to the problem of maintaining a distributed voting system. In this context, Paxos is a consensus protocol that ensures that all nodes agree on a single value before it becomes valid. The protocol works by having each node propose a value and then waiting for a certain number of other nodes to agree with it before accepting it as the new value.;Meta
Steel;Steel is an alloy of iron and carbon, with small amounts of other elements such as manganese, phosphorus, and sulfur, added to improve its strength, durability, and versatility. The production of steel involves mixing molten metal with impurities in a furnace, where the iron and carbon combine to form a crystalline structure known as austenite. Upon cooling, the austenite transforms into one of several types of steel, including martensite, ferrite, or pearlite, depending on the composition and treatment. The resulting material is strong, malleable, and resistant to corrosion, making it a crucial component in modern industries such as construction, transportation, and manufacturing.;Meta
Epidemic;An epidemic is a widespread outbreak of disease that affects a large number of people in a specific geographic area. It can be caused by various factors such as bacterial, viral, parasitic, or fungal infections. The World Health Organization defines an epidemic as an unusual increase in cases of a disease that persists for more than three months. Epidemics are often characterized by their rapid spread and high mortality rates. They can be triggered by various events such as natural disasters, human migration, or global travel, leading to the rapid transmission of pathogens among populations.;Meta
Stainless steel;Stainless steel is a corrosion-resistant alloy made primarily from iron, chromium, and nickel. The addition of chromium creates a passive layer on the surface, inhibiting the reaction with oxygen and preventing rusting. Nickel enhances the strength and ductility of the material while also contributing to its resistance to corrosion. Other elements such as molybdenum and titanium may be added for further improvement in corrosion resistance and strength. The combination of these elements allows stainless steel to withstand exposure to a wide range of environments, making it a versatile material used in various industrial applications.;Meta
Pepsin;Pepsin is a proteolytic enzyme produced by the chief cells in the stomach lining and plays a crucial role in protein digestion. It is secreted as a zymogen in an inactive form, pepsinogen, and activated to its active form by gastric acid in the stomach's acidic environment. Once activated, pepsin cleaves peptide bonds between amino acids, breaking down proteins into smaller peptides and eventually individual amino acids. The action of pepsin is specific to the pH range found in the stomach, allowing it to efficiently break down food proteins without denaturing itself or causing tissue damage.;Meta
Hemagglutinin;Hemagglutinin is a type of protein found on the surface of influenza viruses. It plays a crucial role in the attachment and entry of these viruses into host cells. Hemagglutinin molecules bind to specific receptors on the surface of red blood cells, forming a stable complex that allows the virus to fuse with the cell membrane. This process enables the virus to release its genetic material into the host cell's cytoplasm, where it can replicate and produce new viral particles. Mutations in hemagglutinin can lead to changes in the virus's antigenic properties, influencing its ability to trigger an immune response.;Meta
Redshift;Redshift is a phenomenon observed in light emitted by celestial objects, where the wavelength of the light increases as it travels through space. This occurs when light is shifted towards the red end of the spectrum due to the expansion of space itself, causing the light to be stretched and lengthened. The redshift is often used as an indicator of how far away an object is from us, with more pronounced shifts indicating greater distances. Astronomers use redshift measurements to determine the velocity of celestial objects and their places within the universe's expanding structure.;Meta
Thin film;Thin films are layers of material with thicknesses measured in nanometers, typically ranging from a few angstroms to several hundred angstroms. They are created through various methods including vacuum evaporation, sputtering, and chemical vapor deposition. Thin films exhibit unique physical properties due to their reduced dimensionality, such as changes in electrical conductivity, optical absorption, and mechanical strength. The film's thickness and composition significantly influence its behavior, allowing for tailored applications in fields like electronics, optics, and medicine. Researchers continue to investigate thin films' properties to develop innovative technologies with potential applications in energy, sensors, and more.;Meta
Binary search;Binary search is a fast search algorithm that finds the position of a target value within a sorted array. It works by repeatedly dividing in half the portion of the list that could contain the item, until you've narrowed down the possible locations to just one. The process involves comparing the target value to the middle element of the current search range and adjusting the bounds accordingly. This efficient algorithm reduces the number of comparisons required to find the target value from O in a linear search to O, making it a crucial component in many computer systems, databases, and programming languages.;Meta
Dopamine;Dopamine is a neurotransmitter that plays a crucial role in various physiological and psychological processes in the brain. It is produced by the enzyme dopamine, which is activated by the amino acid L-tyrosine. Dopamine is involved in reward processing, motivation, and pleasure, making it a key player in addiction and impulse control disorders. Imbalances of dopamine have been implicated in several neurological and psychiatric conditions, including Parkinson's disease, schizophrenia, and depression. The release of dopamine is regulated by the dopaminergic system, which includes various receptors and transporters that respond to dopamine binding.;Meta
Elimination reaction;An elimination reaction is a type of chemical reaction where a molecule loses an atom or group of atoms to form a new compound. This occurs when the leaving group in the reactant is bonded to the carbon atom that it is also attached to, resulting in a sigma bond breaking and a pi bond forming. The product of an elimination reaction typically has one fewer bonds than the original reactant molecule, making it more stable due to resonance stabilization. Elimination reactions are commonly used in organic synthesis to form alkenes and alkynes from alkanes.;Meta
Connectome;The connectome is a comprehensive map of the complex network of neural connections within the brain. It represents the structural and functional relationships between neurons, glial cells, and other components of the nervous system. The study of the connectome is an interdisciplinary field that combines neuroscience, neuroanatomy, and computational biology to understand how different brain regions communicate with each other. By mapping the connectivity patterns in the brain, researchers can identify patterns associated with various neurological disorders, develop new treatments, and gain insights into cognitive processes such as perception, attention, and memory.;Meta
Regulatory T cell;Regulatory T cells are a subtype of T cells that play a crucial role in maintaining immune homeostasis by suppressing excessive or inappropriate immune responses. These cells express specific surface molecules such as CD4 and CD25, and are characterized by their ability to inhibit the activation and proliferation of other immune cells. Regulatory T cells can be induced from naive T cells through antigen exposure and are involved in preventing autoimmune diseases, transplant rejection, and inflammatory responses. They also contribute to tolerance to commensal microorganisms and cancer cells, allowing for a balance between immunity and tissue damage.;Meta
Liquid biopsy;A liquid biopsy is a diagnostic tool that uses circulating tumor DNA in blood to detect and monitor cancer. The technique involves analyzing the genetic material present in the bloodstream of patients with cancer, typically after surgical removal or radiation treatment. This material can be isolated from whole blood using a proprietary method and then amplified and sequenced for mutations specific to cancer cells. Liquid biopsy has shown promise as a non-invasive and cost-effective alternative to traditional tissue-based diagnostic methods, allowing for early detection, monitoring of treatment response, and identification of potential recurrence.;Meta
X-ray;X-rays are a form of electromagnetic radiation with wavelengths between approximately 0.01 and 10 nanometers. They are produced when high-speed electrons collide with a metal target, such as tungsten, causing the release of energy in the form of photons. The energy of X-ray photons is inversely proportional to their wavelength, with higher-energy photons having shorter wavelengths. X-rays have enough energy to penetrate solid objects, making them useful for medical imaging and material analysis. They interact with matter through photoelectric absorption, Compton scattering, and pair production, allowing scientists to study the internal structure of materials and diagnose diseases.;Meta
Porphyrin;Porphyrin is a macrocyclic organic compound consisting of four pyrrole subunits linked by meso-shaped bridges. It is a crucial component in the biosynthesis of heme, a vital molecule found in hemoglobin and other hemoproteins. Porphyrins are responsible for the red color of many biological systems, including blood, skin, and bile. The molecular structure of porphyrin allows it to bind with metal ions, which is essential for its role in oxygen transport and storage. Various synthetic derivatives of porphyrin have been developed for medical applications, including as antimalarial agents and photosensitizing compounds used in cancer treatment.;Meta
Horizontal gene transfer;Horizontal gene transfer is the movement of genetic material from one organism to another other than by vertical inheritance, where genes are passed down through generations. This process involves the exchange of genetic information between bacteria, archaea, fungi, and protists. It can occur through various mechanisms such as conjugation, transformation, transduction, and gene transfer agents like viruses and plasmids. Horizontal gene transfer plays a significant role in the evolution of microorganisms, allowing them to acquire new traits and resistances to antibiotics. As a result, it has important implications for our understanding of the origins of genetic diversity and the spread of antibiotic resistance in pathogens.;Meta
Default mode network;The default mode network is a brain network that is active when an individual is not engaged in tasks requiring attention, such as mind-wandering, daydreaming, or recalling past events. The DMN consists of several interconnected regions in the brain, including the medial prefrontal cortex, posterior cingulate cortex, and temporoparietal junction. These regions are involved in self-referential thinking, emotion regulation, and memory retrieval. Research has shown that the DMN is also active during meditation, daydreaming, and recalling past experiences, suggesting its role in introspection, self-awareness, and mental time travel. Abnormalities in the DMN have been linked to various psychiatric disorders, such as depression and anxiety.;Meta
Enzyme;Enzymes are biological catalysts that speed up chemical reactions in living organisms by lowering the activation energy required for a reaction to occur. They are proteins that are highly specific and can accelerate specific biochemical reactions without being consumed in the process, making them essential for life. Enzymes work by binding to their substrate molecules, positioning them correctly for optimal chemical reaction, and facilitating the transfer of electrons or groups between molecules. This process allows cells to maintain homeostasis and respond to changing environmental conditions, enabling organisms to grow, reproduce, and adapt to their surroundings.;Meta
Wind turbine;A wind turbine is a device that converts the kinetic energy of wind into electrical energy through electromagnetic induction. The turbine consists of blades attached to a rotor, which rotates when wind flows over it. As the rotor spins, it drives an electrical generator connected to a gearbox and transmission system. The electrical output is then transmitted to the power grid or stored in batteries for later use. Wind turbines can be classified into horizontal-axis and vertical-axis designs, with horizontal-axis turbines being more common due to their higher efficiency and lower cost.;Meta
Younger Dryas;The Younger Dryas is a period of rapid cooling that occurred approximately 12,800 years ago during the Late Pleistocene epoch. It was characterized by a sudden and extreme drop in global temperatures, with average annual temperatures estimated to be around 5-7 degrees Celsius lower than normal. This event was also marked by changes in vegetation, with the expansion of tree lines southwards, and an increase in ice cover in many regions. The causes of the Younger Dryas are still debated among scientists, but it is believed to have been triggered by changes in ocean circulation and atmospheric conditions that affected the Earth's climate system.;Meta
Partial correlation;Partial correlation is a statistical measure used to examine the relationship between two variables while controlling for the effects of one or more additional variables. This technique is essential in multivariate analysis as it allows researchers to isolate the specific association between two variables and disentangle their relationships from confounding variables. Partial correlation coefficients are calculated using specialized methods such as the Hotelling's T-squared approach, which provides a measure of the linear relationship between two variables while adjusting for the variance of other covariates. This statistical tool helps in understanding complex relationships between multiple variables in various fields like psychology, sociology, and medicine.;Meta
Chromatic aberration;Chromatic aberration is a optical phenomenon that occurs when white light passes through a lens system, causing different wavelengths to focus at slightly different points due to dispersion. The dispersing medium separates the white light into its component colors, resulting in chromatic aberration, which appears as a color fringing or distortion around images. This effect is more pronounced in lenses with a large aperture and short focal length. The amount of chromatic aberration can be reduced by using achromatic lenses, which combine two types of glass with different refractive indices to minimize the dispersion of light.;Meta
Subunit vaccine;A subunit vaccine is a type of vaccine that uses only specific components of a pathogen to stimulate an immune response. It is derived from the genetic material of the microorganism, such as bacteria or viruses, which are then inserted into a harmless vector, typically a plasmid. The resulting vaccine contains antigens that are recognized by the immune system as foreign, triggering an immune response against the specific subunit. Subunit vaccines offer several advantages over traditional vaccines, including reduced production costs and improved safety profiles. They have been used to develop vaccines for diseases such as meningitis and tuberculosis.;Meta
Epigenetics;Epigenetics is the study of heritable changes in gene function that occur without a change in the underlying DNA sequence. These changes can be caused by various factors such as environmental exposures, lifestyle choices, and stress, which lead to modifications in chromatin structure or histone protein modification. This results in altered access to gene expression, allowing for the regulation of gene activity in response to external stimuli. Epigenetic mechanisms are crucial in development, growth, and disease, influencing traits such as metabolism, cell differentiation, and immune response. These changes can be heritable but also reversible.;Meta
Basophil;Basophils are a type of white blood cell that plays a key role in the immune system's response to inflammation and allergic reactions. They are the least abundant of the five major blood cell types and account for approximately 1% of circulating leukocytes. Basophils contain granules rich in histamine, a chemical mediator involved in allergic responses, as well as heparin, which can inhibit platelet aggregation. The release of histamine from basophils leads to increased vascular permeability, smooth muscle contraction, and mucous secretion, contributing to the development of allergic symptoms such as itching, swelling, and congestion.;Meta
X-ray crystallography;X-ray crystallography is a technique used to determine the three-dimensional structure of molecules by analyzing how X-rays scatter off electrons in their crystalline lattice. The process begins with the creation of high-quality crystals from a solution, typically containing the molecule of interest. These crystals are then subjected to X-ray radiation, causing scattered X-rays to interact with electrons, producing characteristic diffraction patterns that reveal information about the molecular structure. By analyzing these patterns using computational methods and data analysis techniques, researchers can reconstruct the atomic arrangement within the crystal, providing detailed insights into the molecular architecture of proteins, DNA, and other biological macromolecules.;Meta
Sharpless epoxidation;Sharpless epoxidation is a chemical reaction in which a terminal alkene is converted into a ring-containing compound called an epoxide through the transfer of a single electron from a metal hydride reagent to the alkene's terminal carbon atom. This process occurs under mild conditions and results in minimal damage to the alkene substrate. The reaction was first developed by K Barry Sharpless and his team in the 1970s and has since become a widely used tool in organic synthesis, particularly for creating complex ring systems such as epoxides, oxiranes, and diol functional groups.;Meta
Computational fluid dynamics;Computational fluid dynamics is the scientific study of the motion of fluids and the forces they exert on surrounding structures. It involves the numerical solution of the Navier-Stokes equations, which describe the motion of fluids in response to various forces such as gravity, viscosity, and surface tension. Computational methods such as finite element, finite volume, and lattice Boltzmann methods are used to discretize the equations and solve them using powerful computers. The resulting simulations provide detailed insights into fluid behavior under various conditions, including flow rates, pressures, and temperatures.;Meta
Coronal mass ejection;A coronal mass ejection is a massive release of plasma and magnetic field from the sun's corona, often associated with solar flares. CMEs are typically caused by magnetic reconnections in the sun's atmosphere, where hot plasma builds up and eventually explodes outward. The ejected material can reach speeds of millions of kilometers per hour and carry significant amounts of energy and charged particles into space. CMEs can affect the Earth's magnetic field, causing geomagnetic storms that can disrupt communication systems, power grids, and satellite operations. They are an important area of study in solar physics and space weather forecasting.;Meta
Optical rotation;Optical rotation is the phenomenon by which light waves are deflected as they pass through a non-superimposable mirror image of an object. This occurs due to the asymmetric molecular structure of certain compounds, causing the light to interact differently with left and right circularly polarized light. The amount of rotation depends on the concentration of chiral molecules in the solution or medium, resulting in a measurable effect known as specific rotation. Optical rotation is a key concept in stereochemistry and has applications in fields such as spectroscopy, chromatography, and biophysics, where it can be used to analyze molecular structure and enantiomerism.;Meta
Group theory;Group theory is a branch of abstract algebra that studies the symmetries of objects. A group is a set of elements with a binary operation that satisfies certain properties such as closure, associativity, identity element, and inverse element. The key concepts in group theory include the order of an element, the cycle index, and the conjugacy classes. Group theory has numerous applications in physics, chemistry, and computer science. It is used to describe symmetries in molecules, crystal structures, and particle physics. The fundamental theorem of group theory states that every group can be represented as a permutation group or a linear transformation group.;Meta
Mass spectrometry;Mass spectrometry is a scientific technique used to identify and quantify molecules based on their mass-to-charge ratio. It works by ionizing a sample and separating the resulting ions according to their mass using magnetic fields and electric fields. The ions are then detected and measured, allowing researchers to determine the molecular composition of the sample. Mass spectrometry can be used for a variety of applications, including identifying biomolecules, analyzing pharmaceuticals, and detecting environmental pollutants. It is widely used in fields such as chemistry, biology, and forensic science due to its high sensitivity and accuracy.;Meta
Contact mechanics;Contact mechanics is a branch of mechanics that studies the behavior of interfaces between two surfaces in contact with each other under load. It examines the deformation and interaction between the surfaces as they slide against each other, resulting in friction, wear, and heat generation. The study of contact mechanics is crucial in understanding various phenomena such as rolling resistance, bearing operation, gear tooth meshing, and tribological phenomena. Researchers use mathematical models and computational simulations to analyze the complex interactions between contacting surfaces, taking into account factors like surface roughness, material properties, and environmental conditions.;Meta
Isostasy;Isostasy is a fundamental concept in geophysics that describes the equilibrium state where the weight of the Earth's crust is balanced by its buoyancy within the mantle. The theory proposes that if the density of the lithosphere exceeds that of the underlying asthenosphere, it will subduct or sink into the hotter, less dense rock below, resulting in a reduction of crustal thickness and elevation of the Earth's surface. Conversely, when the crust is denser than the mantle, it may be lifted up to form mountains through a process known as isostatic rebound.;Meta
Singular value decomposition;Singular Value Decomposition is a mathematical technique used to decompose matrices into three matrices: U, Σ, and V. It represents the relationship between two matrices A and B as A = UΣV^T, where U and V are orthogonal matrices, and Σ is a diagonal matrix containing the singular values of A. The goal of SVD is to find the best low-rank approximation of a matrix by retaining only its most important features. This technique has numerous applications in various fields such as linear algebra, statistics, image processing, data compression, and machine learning, where it is used for factorization, feature extraction, and dimensionality reduction.;Meta
Gasification;Gasification is the process of converting organic materials such as coal, biomass, or waste into a synthetic gas consisting primarily of carbon monoxide, hydrogen, and carbon dioxide. This reaction occurs at high temperatures in the absence of oxygen, typically between 800°C to 1300°C. The gases produced are known as syngas, which can be used as a fuel source for power generation, industrial processes, or transportation. Gasification is an attractive alternative to traditional combustion methods due to its higher energy density and reduced greenhouse gas emissions. It has applications in various industries such as waste management, energy production, and chemical synthesis.;Meta
Chain reaction;A chain reaction is a series of events where a chemical or physical change triggers subsequent reactions that propagate through a medium, often releasing energy in the process. This phenomenon occurs when a reactant is formed, which then reacts with other molecules to form an even more reactive species, leading to a cascade of reactions. Chain reactions can be found in various natural processes, such as lightning, volcanic eruptions, and biological systems, where they play a crucial role in shaping the environment. Understanding chain reactions is essential in fields like chemistry, physics, and materials science, as it enables researchers to design safer, more efficient, and environmentally friendly technologies.;Meta
DNA virus;DNA viruses are types of viruses that contain genetic material in the form of DNA instead of RNA. They require a host cell to replicate and express their genes, which leads to various diseases in humans such as herpes, HPV, and HIV. The viral genome is composed of double-stranded DNA, and its replication involves enzymes such as helicase, primase, and polymerase. DNA viruses can also have unique characteristics such as high mutation rates, recombination, and integration into the host genome. Understanding DNA viruses is essential for developing effective treatments and vaccines against these diseases.;Meta
Coevolution;Coevolution is a biological process where two or more species reciprocally affect each other's evolution. This phenomenon occurs when species interact in a way that leads to changes in their genetic makeup. The effects of coevolution can be seen in various forms, such as adaptation to predation, competition for resources, and symbiotic relationships. Coevolutionary dynamics can result in the evolution of new traits or the modification of existing ones, leading to improved survival and reproduction. Examples of coevolution include the adaptation of predators to prey, pollinators to flowers, and parasites to hosts, highlighting its importance in understanding the complex interactions within ecosystems.;Meta
Gastric acid;Gastric acid is a digestive enzyme produced by the parietal cells in the stomach lining that plays a crucial role in breaking down food into smaller molecules. The production of gastric acid involves the conversion of amino acids, glucose, and other nutrients into hydrogen ions, which combine with chloride ions to form hydrochloric acid. This acidic environment creates an optimal pH level for activating digestive enzymes such as pepsin, which breaks down proteins into peptides. Excess gastric acid can lead to heartburn, acid reflux, and other gastrointestinal disorders if not properly regulated by the body's natural balance mechanisms.;Meta
Pathogen;A pathogen is a microorganism that causes disease in humans, animals, or plants. It can be a bacterium, virus, fungus, or parasite that enters the body through various routes such as inhalation, ingestion, or skin contact. Pathogens can replicate and multiply within the host, leading to infection and potentially life-threatening conditions. The study of pathogens is essential for understanding and combating infectious diseases, and involves various fields of research including microbiology, immunology, and epidemiology. Understanding pathogen behavior and interactions with their hosts is crucial for developing effective treatments and prevention strategies, such as vaccines and antimicrobial therapies.;Meta
Magnetohydrodynamics;Magnetohydrodynamics is a branch of physics that deals with the interaction between magnetic fields and fluid motion. It is an interdisciplinary field that combines concepts from electromagnetism, thermodynamics, and fluid dynamics to study the behavior of electrically conducting fluids in the presence of magnetic fields. Magnetohydrodynamics is crucial in understanding various phenomena such as plasma instabilities, magnetic reconnection, and the generation of electricity in nuclear fusion reactors. The field has numerous applications in astrophysics, geophysics, and engineering, including the study of solar flares, planetary magnetospheres, and power transmission systems.;Meta
Structural genomics;Structural genomics is an interdisciplinary field that combines biology, chemistry, physics, and computational methods to determine the three-dimensional structures of proteins and other biological macromolecules. The goal is to understand how these molecules function in living organisms, which can lead to insights into disease mechanisms and potential therapeutic targets. By determining the atomic structure of proteins, researchers can identify new binding sites for small molecules, predict protein-protein interactions, and understand how genetic mutations affect protein function. This information can be used to develop new treatments for diseases such as cancer, diabetes, and neurological disorders.;Meta
Cluster analysis;Cluster analysis is a statistical technique used to identify groups or clusters of objects in a dataset that share similar characteristics or patterns. The method involves grouping similar data points into clusters based on their Euclidean distance, similarity coefficient, or other distance metrics. Cluster analysis can be performed using various algorithms such as hierarchical clustering and k-means, which determine the optimal number of clusters to identify. By analyzing the resulting cluster structure, researchers can gain insights into patterns, relationships, and trends in the data, facilitating classification, prediction, and decision-making in fields like machine learning, social sciences, and business analytics.;Meta
Critical mass;Critical mass refers to the minimum amount of fissile material required for a nuclear reaction to occur spontaneously, resulting in a chain reaction. This threshold is determined by the neutron-induced fission process, where neutrons collide with atomic nuclei, causing them to split and release more neutrons. The critical mass depends on the specific isotopes present, their concentration, and the geometry of the material. If the amount of fissile material exceeds this threshold, a self-sustaining chain reaction can occur, leading to a nuclear explosion or sustained nuclear fission.;Meta
Convex optimization;Convex optimization is a branch of mathematical optimization that deals with optimizing functions over convex sets. A set is considered convex if the line segment connecting any two points in the set lies entirely within the set. Convex optimization problems are characterized by having a convex objective function and a convex feasible region, which means the optimal solution is unique. The methods used to solve convex optimization problems include linear programming relaxations, cutting plane methods, and interior-point methods. The Karush-Kuhn-Tucker conditions provide necessary and sufficient conditions for optimality in convex optimization problems.;Meta
Chemical vapor deposition;Chemical vapor deposition is a technique used to produce thin films of materials with precise control over their composition, structure, and properties. In this process, a gas-phase reactant is introduced into a chamber containing a substrate material, where it reacts to form a solid film on its surface. The reaction can be controlled by adjusting parameters such as temperature, pressure, and flow rate, allowing for the deposition of materials with varying thicknesses and uniformity. Chemical vapor deposition is widely used in semiconductor manufacturing, microelectronics, and nanotechnology applications, producing films with properties that are difficult to achieve through other methods.;Meta
Limnology;Limnology is the scientific study of freshwater ecosystems, including rivers, lakes, ponds, and wetlands. It encompasses the physical, chemical, and biological characteristics of these environments, as well as the interactions between them and their surrounding landscapes. Limnologists examine factors such as water chemistry, temperature, and circulation patterns, which influence the distribution and abundance of aquatic organisms. They also investigate human impacts on freshwater ecosystems, including pollution, climate change, and habitat modification, to better understand and mitigate their effects. By studying limnology, scientists can gain insights into the health and resilience of freshwater ecosystems and inform conservation efforts.;Meta
Calorimeter;A calorimeter is a device used to measure the amount of heat energy released or absorbed during chemical reactions, phase transitions, or other physical processes. The calorimeter consists of a thermally insulated container with a known mass, and it is designed to absorb any heat transfer that occurs within the system being studied. The temperature change of the water in the calorimeter is measured using a thermometer, allowing researchers to calculate the amount of heat energy transferred during the experiment. This technique is commonly used in various scientific fields, including chemistry, physics, and biology, to investigate thermodynamic properties and reaction kinetics.;Meta
Differential privacy;Differential privacy is a concept in computer science that provides a mathematical framework for protecting individual privacy while still allowing for analysis of sensitive data. It was introduced by Erik M. Friedlman and Bryan Parno in 2005 as a way to balance data utility with individual privacy. The core idea is to make small changes to the input data, known as noise addition, to obscure the underlying distribution and prevent inference about individual users or records. This allows for statistical analysis of the data while maintaining confidentiality and anonymity.;Meta
Pleiotropy;Pleiotropy refers to the phenomenon where a single gene influences multiple seemingly unrelated phenotypic traits in an organism. This occurs when a gene's product has multiple functions or interacts with other genes to produce distinct effects on different characteristics. Pleiotropic genes can have both beneficial and detrimental effects, depending on their role in an organism's overall fitness. The relationship between pleiotropy and genetic variation is complex, as it can lead to the evolution of adaptations that confer advantages to an organism while also imposing costs or trade-offs.;Meta
Probiotic;Probiotics are live microorganisms that confer health benefits when administered in adequate amounts. They are typically bacteria or yeast strains that have been shown to improve gut health and boost the immune system. Probiotics work by restoring the balance of gut flora, which can become disrupted due to antibiotics, dietary changes, or other factors. Research has demonstrated their potential in treating various gastrointestinal disorders, such as irritable bowel syndrome and inflammatory bowel disease. Additionally, probiotics have been linked to improved mental health outcomes, reduced inflammation, and enhanced immune function, making them a promising area of study for overall wellness.;Meta
Radioactive decay;Radioactive decay is a process by which unstable atomic nuclei lose energy through radiation. This occurs when an atom's nucleus has too many or too few neutrons relative to its protons, resulting in an imbalance that cannot be sustained. As a result, the nucleus emits particles such as alpha, beta, and gamma rays to restore equilibrium. The rate of decay varies depending on the specific isotope and its energy state. Radioactive decay follows a predictable pattern, with half-lives representing the time it takes for half of the radioactive atoms to decay.;Meta
Orbital forcing;Orbital forcing refers to the changes in Earth's climate patterns that result from variations in the planet's orbital parameters, such as its axial tilt and eccentricity. These changes are caused by the gravitational pull of other celestial bodies, particularly the Moon and Sun. The resulting variations in solar radiation and ocean currents have a significant impact on global temperature and precipitation patterns. Orbital forcing is thought to play a crucial role in shaping Earth's climate history, with evidence suggesting that it has influenced ice ages and interglacial periods over the past few million years.;Meta
ITER;The International Thermonuclear Experimental Reactor is a groundbreaking scientific project aimed at harnessing nuclear fusion as a clean and sustainable source of energy. Nuclear fusion occurs when atomic nuclei combine to form a single, heavier nucleus, releasing vast amounts of energy in the process. ITER is designed to demonstrate the feasibility of achieving controlled nuclear fusion through the use of superconducting magnets and toroidal geometry. The experiment will test the scientific principles underlying fusion energy and pave the way for the development of commercial fusion power plants that could provide a nearly limitless supply of clean energy.;Meta
Hippocampus;The hippocampus is a small, seahorse-shaped structure located within the temporal lobe of the brain. It plays a crucial role in the formation and consolidation of new memories, particularly those related to emotions and experiences. The hippocampus is responsible for integrating sensory information from the environment with prior knowledge and expectations, enabling the creation of novel associations between stimuli. Damage to the hippocampus can result in difficulties forming new memories, leading to conditions such as anterograde amnesia. Research into the neural mechanisms of memory formation has led to a greater understanding of the brain's ability to process and store information.;Meta
Molecular cloud;A molecular cloud is a region of space where gas and dust collapse under gravity to form new stars and planets. It is composed of various molecules such as hydrogen, carbon monoxide, and water vapor that are held together by electromagnetic forces. Molecular clouds can be found in spiral arms of galaxies, interstellar medium, and between galaxies. They are characterized by their density, temperature, and composition, which determine the rate of star formation. The collapse of a molecular cloud is triggered by shock waves from nearby supernovae or other astrophysical events, leading to the formation of new stars and planetary systems.;Meta
Quantum key distribution;Quantum key distribution is a method of secure communication that uses the principles of quantum mechanics to encode and decode messages. It relies on the properties of photons, which exhibit wave-particle duality and entanglement. When two particles are entangled, their properties become correlated in such a way that measuring one particle instantly affects the other, regardless of distance. Quantum key distribution generates a shared secret key between two parties by sending entangled photons over an insecure channel. Measuring the state of one photon can reveal information about the other, allowing for secure encryption and decryption of messages.;Meta
Rashba effect;The Rashba effect is a quantum mechanical phenomenon that describes the spin-orbit coupling in semiconductor materials. It arises due to the interaction between the electron's spin and its orbital motion around the nucleus. In materials with a non-circular band structure, such as zinc-blende crystals, the presence of spin-orbit coupling leads to an intrinsic spin polarization, where electrons develop a net spin orientation parallel to their momentum direction. This effect is significant in semiconductor devices, particularly in high-performance transistors and optoelectronic devices, where it can influence carrier dynamics and device performance.;Meta
Machine translation;Machine translation is a subfield of natural language processing that involves automatically translating text from one language to another. It relies on statistical models and machine learning algorithms to analyze large datasets of translated texts and identify patterns and relationships between languages. The most commonly used approach is based on neural networks, which learn to map input sentences to output sentences through iterative training on large datasets. Machine translation has become increasingly accurate in recent years due to advances in deep learning techniques such as attention-based models and transformer architectures.;Meta
Memory hierarchy;The memory hierarchy is a model used to describe the organization and structure of computer memory in terms of access speed and capacity. The hierarchy consists of several levels, starting with the fastest and smallest level, which includes the central processing unit's registers. Above the CPU registers are the cache memory, which stores frequently accessed data for faster retrieval. Next is main memory, also known as RAM, which holds larger amounts of data. External storage devices such as hard drives and solid-state drives complete the hierarchy, providing much slower access but larger capacity.;Meta
Drag coefficient;The drag coefficient is a dimensionless quantity used to quantify the resistance of an object moving through a fluid, such as air or water. It is defined as the ratio of the force opposing motion to the density of the fluid times the velocity of the object squared. A lower drag coefficient indicates less resistance and more efficient movement. The drag coefficient is influenced by factors such as shape, size, and Reynolds number, which is a dimensionless quantity that characterizes the relative importance of viscous forces versus inertial forces in the flow around an object.;Meta
Pyrimidine;Pyrimidine is a heterocyclic aromatic organic compound consisting of four carbon atoms and one nitrogen atom in its ring structure. It is one of the two basic categories of nitrogenous bases found in DNA and RNA, along with purines. Pyrimidines are composed of six carbon-nitrogen rings that form the basis of nucleotide synthesis. The two most common pyrimidine bases are cytosine and thymine, while uracil is present in RNA instead of thymine. Pyrimidines play a crucial role in the replication and transcription of DNA and RNA molecules, making them essential for life.;Meta
Permafrost;Permafrost is a type of soil that remains frozen for two or more consecutive years. It is typically found in cold regions such as Arctic and sub-Arctic areas, where the average annual temperature is below freezing. The permafrost layer can range from 10 to several hundred meters thick and is composed primarily of water ice, mixed with soil, rocks, and organic matter. Permafrost stores large amounts of carbon dioxide and methane, greenhouse gases that contribute to climate change when released into the atmosphere. Thawing permafrost has significant implications for ecosystems and human activities such as infrastructure development and mining operations.;Meta
Prime number theorem;The Prime Number Theorem is a fundamental concept in number theory that describes the distribution of prime numbers among the positive integers. It states that the number of prime numbers less than or equal to x, denoted by π, is approximately equal to x / ln as x approaches infinity. This theorem was first proposed by Hadamard and de la Vallée Poussin in 1896 and later proved independently by Hildebrand in 1985. The Prime Number Theorem has far-reaching implications in number theory, cryptography, and other areas of mathematics, providing a precise estimate of the density of prime numbers among the integers.;Meta
Trajectory inference;Trajectory inference is a subfield of machine learning that aims to infer the underlying motion pattern or trajectory of a moving object from limited observational data, typically video footage or sensor readings. This problem is often solved using statistical and signal processing techniques, such as Gaussian process regression, Kalman filters, and sparse representation methods. Trajectory inference can be used in various applications, including self-driving cars, robotics, and surveillance systems. The goal is to accurately predict the future state of the object's motion from its past behavior, enabling real-time decision-making and control.;Meta
Quantum optics;Quantum optics is the study of the interaction between matter and electromagnetic radiation at the quantum level, revealing new aspects of light-matter interactions. It draws on principles from quantum mechanics and electromagnetism to understand phenomena such as photon emission, absorption, and entanglement. Quantum optics explores the behavior of atoms, molecules, and solids when interacting with light, including processes like stimulated emission, fluorescence, and spontaneous emission. The field has led to numerous technological innovations, including lasers, optical fibers, and quantum computing devices. Researchers use a range of techniques, from theoretical modeling to experimental methods, to study these phenomena and unlock their potential applications.;Meta
Astrocyte;Astrocytes are a type of glial cell in the brain that perform various functions including providing nutrients to neurons, removing waste products, and regulating the chemical balance of the synaptic cleft. They also play a role in maintaining the blood-brain barrier, which separates the brain from the bloodstream. Astrocytes can extend processes called astroglia, which form connections with adjacent neurons and can regulate ion concentrations. In response to injury or disease, astrocytes can proliferate and produce reactive oxygen species, leading to inflammation. Astrocytes are also involved in neurogenesis, the process of generating new neurons.;Meta
Axon guidance;Axon guidance refers to the process by which axons navigate their way through the nervous system to reach their target destinations. This complex process involves a series of molecular interactions and signaling pathways that allow axons to respond to their environment and make decisions about which path to take. The guidance of axons is mediated by a variety of molecules, including chemokines, growth factors, and adhesion molecules, which interact with specific receptors on the surface of the axon. This process is critical for the development and maintenance of neural connections, and any disruptions can lead to neurological disorders such as autism, cerebral palsy, and spinal cord injuries.;Meta
Lipid metabolism;Lipid metabolism is the process by which cells produce, store, and break down lipids. Lipids are a class of biomolecules that include fats, oils, waxes, sterols, and cholesterol. The metabolic pathway of lipid synthesis begins with acetyl-CoA, which is converted into fatty acids through a series of reactions involving enzymes such as acetyl-CoA carboxylase and fatty acid synthase. Lipid breakdown occurs through the process of lipolysis, where triglycerides are hydrolyzed to release free fatty acids and glycerol. This process is crucial for energy production, fat storage, and signaling pathways within cells. Dysregulation of lipid metabolism has been implicated in various diseases such as obesity, atherosclerosis, and Alzheimer's disease.;Meta
Plate tectonics;Plate tectonics is the scientific theory that describes the movement of the Earth's lithosphere, a rigid outer layer composed of several large plates that float on the semi-fluid asthenosphere beneath. The movement of these plates is driven by convection currents in the mantle, which are caused by heat from the Earth's core and radioactive decay of elements in the mantle. As the plates move, they interact with each other at their boundaries, resulting in processes such as plate convergence, divergence, and transformation, which shape the Earth's surface over time through the creation of mountains, volcanoes, and oceanic trenches.;Meta
Nucleation;Nucleation is the process by which a new phase of matter forms in a solution or gas. It occurs when a critical concentration of solute is reached, allowing the formation of a nucleus, or tiny cluster of molecules, that serves as a seed for further growth. The energy released during nucleation can be influenced by factors such as temperature, pressure, and the presence of impurities. In biological systems, nucleation plays a crucial role in processes such as protein folding and crystal formation. In industrial applications, nucleation is used to control the formation of crystals and particles in materials science and pharmaceuticals.;Meta
Computer vision;Computer vision is a subfield of artificial intelligence that deals with the interpretation of visual data from digital images and videos. It involves algorithms and techniques to enable computers to understand, interpret, and make decisions based on visual information. Computer vision relies on computer-based image processing and machine learning methods to identify patterns, objects, and features in images, such as facial recognition, object detection, and tracking. The field combines concepts from mathematics, statistics, and engineering to develop systems that can accurately perceive and understand the visual world.;Meta
Bile acid;Bile acids are a group of lipid molecules produced by the liver through the modification of cholesterol. They play a crucial role in the digestion and absorption of fats and fat-soluble vitamins. Bile acids are secreted into the bile, which is stored in the gallbladder, and released into the small intestine to facilitate the emulsification of fats. The emulsified fats are then broken down by enzymes into fatty acids and glycerol, which can be absorbed by the body. Abnormalities in bile acid metabolism have been linked to various diseases, including liver disease and metabolic disorders.;Meta
Natural selection;"Natural selection is the process by which populations of living organisms adapt and evolve in response to environmental pressures. It was first proposed by Charles Darwin in his groundbreaking book, ""On the Origin of Species"". According to this theory, individuals with traits that enhance their survival and reproductive success are more likely to pass those traits on to their offspring. Conversely, individuals with detrimental traits may be less likely to survive and reproduce, leading to a reduction in the frequency of those traits over time. This gradual accumulation of adaptations enables populations to adapt to changing environments.";Meta
Bile;Bile is a fluid produced by the liver and stored in the gallbladder that plays a crucial role in digestion and absorption of fats. It contains bile salts which emulsify fats into smaller droplets, increasing their surface area for enzymatic action. Bile also helps to neutralize stomach acid and activate pancreatic enzymes to break down proteins and carbohydrates. The liver produces approximately 500 milliliters of bile per day, which is then stored in the gallbladder until released into the small intestine to aid in nutrient absorption. An imbalance of bile can lead to digestive disorders such as jaundice and gallstones.;Meta
Photoelectric effect;The photoelectric effect is a phenomenon where light hitting a metal surface causes the emission of electrons from the surface. This occurs when the energy of the incident photons exceeds the work function of the material, resulting in the transfer of energy to the electrons and their ejection from the surface. The amount of emitted electrons depends on the intensity and frequency of the incident light, with higher frequencies and intensities producing more electrons. Albert Einstein's 1905 explanation of the photoelectric effect is a fundamental concept in quantum mechanics and has been extensively experimentally verified, providing evidence for the particle-like behavior of light.;Meta
Depolarization;Depolarization is a process by which a cell's membrane potential becomes less negative, resulting in an increase in the movement of positively charged ions across the membrane. This occurs when the cell's voltage-gated sodium channels open, allowing sodium ions to flow into the cell. The influx of sodium ions causes a rapid depolarization of the membrane, leading to an increased excitability of the cell. Depolarization is an essential step in the generation of action potentials, as it triggers the opening of calcium channels and initiates muscle contraction or neurotransmitter release.;Meta
Synchrotron;"A synchrotron is a type of particle accelerator that uses circular motion to accelerate charged particles to nearly the speed of light. The device consists of a ring-shaped vacuum tube with a series of magnets and detectors along its circumference. When a charged particle enters the ring, it is accelerated by electromagnetic waves produced by radio frequency cavities in the tube. As the particle gains velocity, it begins to orbit the ring at relativistic speeds, producing a characteristic ""synchrotron radiation"" that can be harnessed for various scientific applications such as X-ray microscopy and spectroscopy, materials analysis, and medical imaging.";Meta
Curvature;Curvature is a fundamental concept in mathematics and physics that describes the shape and properties of objects. In geometry, curvature is a measure of how much an object deviates from being flat. It can be calculated using various methods, including arc length, surface area, and Gaussian curvature. In physics, curvature plays a crucial role in understanding phenomena such as gravitational fields, wave propagation, and fluid dynamics. The curvature of spacetime is a fundamental concept in general relativity, where it is used to describe the effects of gravity on space and time.;Meta
Smart grid;The smart grid is a modernized electrical power distribution system that utilizes advanced technologies to manage energy generation, transmission, and consumption in real-time. It integrates renewable energy sources such as solar and wind power into the grid, allowing for greater flexibility and efficiency. The smart grid uses advanced sensors, communication systems, and data analytics to monitor and control the flow of electricity, enabling better load management and reduced energy losses. This leads to improved reliability, security, and customer satisfaction, ultimately contributing to a more sustainable and environmentally friendly energy system.;Meta
Diastereomer;A diastereomer is a type of stereoisomer that differs in their three-dimensional arrangement of atoms in space. This occurs when two chiral molecules have identical molecular formulas and bond sequences but differ in the spatial arrangement of their stereocenters, such as carbon atoms with four different groups attached. Diastereomers can be further classified into meso compounds, which are achiral, and non-meso diastereomers, which are chiral. The existence of diastereomers is important in understanding the properties and behavior of molecules, particularly in fields like pharmaceuticals and materials science.;Meta
Synapse;A synapse is a specialized junction through which neurons transmit information to each other via chemical signals called neurotransmitters. It consists of a postsynaptic neuron with receptors that bind to specific neurotransmitter molecules released by presynaptic neurons. The binding process triggers an electrical signal in the postsynaptic neuron, allowing it to respond to the input stimulus. Synapses can be classified into two types: chemical synapses, which use neurotransmitters, and electrical synapses, which rely on direct cell-to-cell communication through gap junctions. Understanding synapses is crucial for studying neural circuits and developing treatments for neurological disorders such as Alzheimer's disease and Parkinson's disease.;Meta
Peroxisome;A peroxisome is a small organelle found in the cells of most eukaryotes that plays a crucial role in cellular metabolism. It contains enzymes and proteins involved in the breakdown of fatty acids and amino acids, as well as the detoxification of harmful compounds such as hydrogen peroxide. Peroxisomes are characterized by their unique structure, which includes an outer membrane and an inner membrane with embedded cristae. They have a distinctive function in the cell's metabolic pathways and are found in most eukaryotic cells, including humans. Peroxisomal disorders are also known to affect various tissues and organs, leading to disease and dysfunction.;Meta
Cosmic inflation;Cosmic inflation is the hypothetical period of rapid expansion that occurred in the very early universe, shortly after its birth. This phase is thought to have lasted from around 10^-32 seconds after the Big Bang until 10^-12 seconds later. During this time, the universe expanded exponentially, smoothing out any irregularities and allowing for uniform distribution of matter and energy throughout the cosmos. The theory predicts that cosmic inflation would have left an imprint on the universe's large-scale structure, which can be observed in the cosmic microwave background radiation and galaxy distributions.;Meta
Batch normalization;Batch normalization is a deep learning technique used to normalize inputs to each layer in a neural network. The normalizing factor for each input feature is calculated as the mean of that feature across all training examples in a batch, not across the entire dataset. This is different from channel-wise normalization, where features are normalized separately. By normalizing the inputs to each layer, batch normalization helps to stabilize the training process and improve the stability of the neural network's weights. It reduces the variance of the activations, allowing for faster convergence during training and more efficient computation.;Meta
Immunological synapse;The immunological synapse is the process by which T cells recognize and respond to antigens presented by antigen-presenting cells such as dendritic cells and macrophages. It involves the close apposition of the T cell receptor on the surface of the T cell with MHC class II molecules on the APC, leading to the activation of T cell receptors and the initiation of an immune response. This process is mediated by a series of molecular interactions that allow the TCR and MHC complex to form a stable synapse, facilitating the recognition and binding of antigens and the subsequent activation of T cells.;Meta
Fermi level;The Fermi level is the energy level at which the probability of finding an electron in a solid is 50%. It marks the boundary between the filled and empty states in a material's band structure, separating the valence band from the conduction band. The Fermi level is determined by the material's temperature, pressure, and impurity concentration. In metals, the Fermi level lies within the conduction band, allowing for free electron conduction. In insulators, it falls below the bottom of the conduction band, while in semiconductors, it exists between the valence and conduction bands, controlling their conductivity.;Meta
Tribology;Tribology is the study of friction, wear, and deformation of interacting surfaces in relative motion with each other. It encompasses the scientific and technological aspects of friction, including its causes, effects, and applications. Tribologists investigate the interaction between surfaces at the microscopic level to understand the mechanisms of friction, adhesion, and lubrication. The field has numerous practical implications in various industries such as aerospace, automotive, biomedical, and manufacturing. Understanding tribological principles is essential for developing more efficient and reliable designs, improving performance, and reducing wear and tear on equipment and materials.;Meta
Central tolerance;Central tolerance refers to the phenomenon where the immune system becomes less responsive to self-antigens after prolonged exposure. This occurs due to the selection of autoregulatory T cells that inhibit their own receptor reactivity, thereby preventing autoimmune responses. Central tolerance is thought to be mediated by clonal deletion and anergy of autoreactive T cells during their development in the thymus. As a result, the immune system learns to distinguish between self and non-self antigens, reducing the likelihood of autoimmune diseases. This concept is crucial for understanding why autoimmune disorders are relatively rare in humans compared to other mammals.;Meta
Species evenness;Species evenness refers to the distribution of species abundance within an ecosystem. It is a measure of the variation in the number of individuals of different species present in a given area. Species evenness can be calculated using various indices such as the Shannon-Wiener index, which takes into account both the richness and diversity of species. A highly even species evenness indicates that there are many species with relatively equal abundance, while a low evenness suggests that one or a few species dominate the community. This concept is important in ecology for understanding the structure and function of ecosystems.;Meta
Anthropocene;The Anthropocene is a proposed geological epoch that marks the impact of human activity on the Earth's ecosystems and geology. It is characterized by significant changes in the environment caused by human actions such as deforestation, pollution, climate change, and overexploitation of resources. The term was first coined in 2000 by Paul Crutzen and Eugene Stoermer to describe the current era of human dominance on Earth. The Anthropocene is distinct from previous geological epochs due to its rapid pace and global scale, which have had a profound impact on the planet's biodiversity, ocean chemistry, and atmospheric composition.;Meta
Michelson interferometer;The Michelson interferometer is an optical instrument used to measure tiny changes in distance, frequency, and time by splitting a light beam into two perpendicular paths and recombining them. The instrument consists of two perpendicular mirrors mounted on a movable arm, allowing for precise control over the path difference between the two beams. When the two beams are recombined, any changes in the optical path length result in interference patterns that can be measured to determine the change in distance or frequency. This technique has been used to measure the speed of light and detect gravitational waves, among other applications.;Meta
Mineral;A mineral is a naturally occurring inorganic element or compound having an orderly internal structure and characteristic chemical composition, crystal form, and physical properties. Minerals are formed through geological processes such as magmatic crystallization, metamorphism, and sedimentation. They can be composed of elements like oxygen, silicon, aluminum, iron, and calcium, or a combination of these elements in varying proportions. The unique characteristics of minerals, including their hardness, luster, color, and cleavage, distinguish them from one another. Minerals play a crucial role in the Earth's crust, supporting life and influencing geological processes.;Meta
Finite element method;The Finite Element Method is a numerical technique used to solve partial differential equations by dividing a physical system into smaller substructures called finite elements. These elements are then analyzed individually, allowing for the simulation of complex systems and phenomena such as stress, strain, and heat transfer in various fields like engineering, physics, and materials science. The method relies on approximating the solution using interpolation functions and weighting functions to calculate the resulting forces, moments, and other quantities of interest. It is widely used in finite element analysis to design and optimize complex systems.;Meta
Histone;Histones are a family of basic proteins that DNA wraps around to form chromatin, the primary structure of eukaryotic cells. They consist of two histone H2A, H2B, H3, and H4 subunits, which come together in various combinations to form different types of chromatin. Histones play a crucial role in DNA replication, transcription, and repair by providing a scaffold for DNA to bind and facilitating the formation of nucleosomes, the basic units of chromatin. The tails of histone proteins contain regulatory domains that interact with other proteins, influencing gene expression and epigenetic modifications that regulate cellular processes such as cell growth and differentiation.;Meta
Pyridoxal phosphate;Pyridoxal phosphate is a coenzyme form of vitamin B6 that plays a crucial role in various biochemical reactions. It is synthesized from pyridoxamine through a series of chemical reactions involving aldehyde groups and a cofactor called pyridoxamine kinase. Pyridoxal phosphate acts as a catalyst for numerous enzyme-catalyzed reactions, including transamination, deamination, and decarboxylation processes. These reactions are essential in amino acid metabolism, facilitating the conversion of amino acids into other molecules such as glucose or fatty acids. The availability of pyridoxal phosphate is also closely linked to neurological function, with deficiencies leading to impaired cognitive performance and other neurological disorders.;Meta
Differential equation;A differential equation is a mathematical equation that describes the relationship between a quantity and its derivatives, where the dependent variable is a function of one or more independent variables. The equation involves an unknown function and its derivatives, which are often denoted as x', y', z', etc. The goal is to find a general formula for the function by relating it to its derivatives. Differential equations are used to model a wide range of phenomena, including population growth, chemical reactions, electrical circuits, and mechanical systems. They play a crucial role in physics, engineering, economics, and other fields, and have numerous applications in scientific research and problem-solving.;Meta
Thalamus;The thalamus is a structure located deep within the brain that acts as a relay station for sensory information. It receives signals from various parts of the body and processes them before sending them to the appropriate areas of the cerebral cortex for interpretation. The thalamus plays a crucial role in regulating consciousness, sleep, and alertness by modulating the activity of neurons throughout the brain. Abnormalities in thalamic function have been linked to various neurological disorders such as epilepsy, Parkinson's disease, and certain types of headaches. The thalamus also regulates the sleep-wake cycle and is involved in the regulation of emotions and motor control.;Meta
Working memory;"Working memory is a cognitive system that temporarily holds and manipulates information for mental calculation and reasoning. It is thought to be responsible for holding a limited amount of information in mind over short periods of time. This information is often referred to as ""mental scratchpad"" and is used to perform arithmetic operations, follow instructions, or remember phone numbers. Research suggests that working memory has distinct components including verbal and spatial abilities, and it is supported by both brain regions such as the prefrontal cortex and parietal cortex.";Meta
Question answering;Question answering is a subfield of natural language processing that focuses on developing computational models to answer questions posed in text-based input. The task involves analyzing the context and content of the input text to identify relevant information and generate a response that addresses the question. This can be achieved through machine learning algorithms, such as neural networks, which are trained on large datasets of text to learn patterns and relationships between words and phrases. Effective question answering models require attention mechanisms to selectively focus on specific parts of the input text and contextualized embeddings to capture nuances in meaning.;Meta
Bonferroni correction;The Bonferroni correction is a statistical method used to correct for multiple testing, which occurs when conducting several hypothesis tests simultaneously. When multiple tests are conducted, the likelihood of obtaining false positive results increases due to the increased number of variables being tested. The Bonferroni correction adjusts the significance threshold for each test by dividing the original alpha level by the number of tests conducted. This reduces the probability of false positives and provides a more conservative estimate of statistical significance, ensuring that only true positive results are reported with a certain level of confidence.;Meta
Young's modulus;Young's modulus is a measure of the stiffness of a solid material, defined as the ratio of stress to strain within its proportional limit. It is named after Thomas Young, who first formulated the concept in 1807. The modulus describes how much deformation occurs when a given force is applied to a material. Materials with high Young's modulus are more resistant to compression and have less elastic deformation, while those with low values deform more easily. The value of Young's modulus varies widely among different materials, ranging from over 1 trillion pascals for metals like steel to less than 10 gigapascals for biological tissues such as skin or blood vessels.;Meta
Allosteric regulation;Allosteric regulation refers to the process by which enzymes or receptors are modified by binding a molecule at a site other than the active site, resulting in a change in their activity. This binding causes a conformational change in the protein structure, altering its ability to bind to substrates or ligands. Allosteric regulation is an important mechanism for controlling enzyme activity, allowing cells to fine-tune metabolic pathways and respond to changes in environmental conditions. It is found in many enzymes and receptors, including those involved in glycolysis, the citric acid cycle, and signal transduction.;Meta
Super-resolution microscopy;Super-resolution microscopy is a technique that enables researchers to image objects at the nanoscale with higher resolution than traditional light microscopy. This is achieved by using specialized imaging protocols and techniques such as stimulated emission depletion, stochastic optical reconstruction microscopy, and photoactivated localization microscopy. These methods take advantage of the principles of fluorescence, where fluorescent molecules are excited to emit light at specific wavelengths, allowing for precise localization of individual molecules within cells. By combining multiple images taken from different angles, researchers can reconstruct high-resolution images with resolution beyond the diffraction limit of traditional light microscopes.;Meta
Complement system;The complement system is a group of small proteins found in animals that work together to help eliminate pathogens from the body. It consists of several genes encoding for six membrane-bound proteins, which are produced in response to the presence of foreign particles such as bacteria, viruses, and other microorganisms. The activation of the complement system leads to the formation of the membrane attack complex, a structure that creates holes in bacterial cell membranes, allowing toxins to be released and ultimately leading to bacterial lysis. Activation also induces the production of anticomplement proteins, which neutralize the effects of the complement system.;Meta
Targeted therapy;Targeted therapy is a type of cancer treatment that uses specific molecular mechanisms to inhibit the growth and spread of cancer cells. It relies on identifying and targeting specific genes, proteins, or pathways involved in tumor development and progression. These targeted therapies are often developed based on genetic alterations unique to a particular cancer type, such as mutations in BRAF or EGFR. By selectively inhibiting these abnormal molecules, targeted therapies can reduce side effects and improve efficacy compared to traditional chemotherapy. Examples of targeted therapies include kinase inhibitors, monoclonal antibodies, and RNA interference-based treatments.;Meta
Glycolysis;Glycolysis is a metabolic pathway that converts glucose into pyruvate, releasing energy in the form of ATP and NADH. It is the first step in cellular respiration and occurs in the cytosol of cells. The reaction involves the conversion of glucose-6-phosphate to fructose-6-phosphate, followed by a series of enzyme-catalyzed reactions that reduce NAD+ to NADH and produce pyruvate. Glycolysis is a glycolytic reaction that can occur in the presence or absence of oxygen and is an efficient means of generating energy for high-energy-demanding processes such as muscle contraction and neuronal activity. The overall reaction equation is C6H12O6 + 2NAD+ + 2Pi → 2 pyruvate + 2 ATP + 2 NADH + 2 H+.;Meta
Hydrogen bond;A hydrogen bond is a type of intermolecular force that arises from the attraction between a hydrogen atom bonded to a highly electronegative atom and another electronegative atom bearing a lone pair of electrons. This attraction occurs when the partially positive hydrogen atom is attracted to the partially negative electron cloud of the electronegative atom. Hydrogen bonds are relatively weak compared to covalent bonds, but they play a crucial role in determining the structure and properties of molecules, such as melting points, boiling points, and solubility. They are also essential for many biological processes, including protein folding and DNA replication.;Meta
Biogeochemistry;Biogeochemistry is the study of the interactions among living organisms, the lithosphere, atmosphere, hydrosphere, and pedosphere, where these components exchange energy and matter in a global cycle. It examines how biological processes influence chemical cycles, while also considering the impact of human activities on the environment. Biogeochemical processes are responsible for the cycling of essential nutrients such as nitrogen, phosphorus, and carbon, which support life on Earth. The study of biogeochemistry provides insights into the dynamics of ecosystems, climate change, and the potential consequences of human actions on the planet's geochemical cycles, ultimately informing strategies for environmental conservation and sustainability.;Meta
Wernicke's area;Wernicke's area is a region in the left posterior superior temporal gyrus of the brain, responsible for language processing and comprehension. It was first identified by Carl Wernicke in 1874, who noted that patients with damage to this area often suffered from severe language difficulties, including paraphasic errors. Research has shown that Wernicke's area is involved in semantic processing, syntax, and phonology, making it a crucial component of the language network. Lesions to this region can result in Wernicke's aphasia, characterized by difficulty understanding spoken language and producing coherent speech, with individuals often producing long, rambling sentences that lack meaning or coherence.;Meta
Pearlite;Pearlite is a microstructure composed of alternating layers of ferrite and cementite, two distinct phases that form in cast iron due to the rapid cooling of molten metal. The process of pearlitic formation occurs when the cooling rate is slow enough for eutectoid reaction to occur, resulting in the formation of these layered structures. This microstructure gives pearlite its characteristic properties, such as high strength and toughness compared to pure ferrite or cementite. Pearlitic structures are commonly found in grey cast iron, which is widely used in various industrial applications, including engine blocks and cylinder heads due to its unique mechanical properties and resistance to corrosion.;Meta
pH;pH is a measure of the concentration of hydrogen ions in a solution, with a pH scale ranging from 0 to 14. A pH of 7 represents neutral solutions, below 7 indicates acidic solutions, and above 7 indicates basic solutions. The pH scale is logarithmic, meaning each step up or down represents a tenfold decrease or increase in hydrogen ion concentration. Hydrogen ions are formed when an acid donates its proton to the solution. pH affects many biological processes, such as enzyme activity and nutrient availability, and plays a crucial role in maintaining the proper balance of nutrients for plants and animals.;Meta
Somite;Somites are blocks of mesodermal tissue that develop in the embryo during gastrulation and segmentation. They form sequentially along the length of the embryo, eventually giving rise to various structures such as skeletal muscles, bones, tendons, and ligaments. The somites arise from the paraxial mesoderm and undergo a series of complex cellular rearrangements, including condensation, differentiation, and fusion. This process generates repetitive blocks of muscle cells that will form the vertebral column, limbs, and other appendages in the developing embryo. The formation of somites is a critical aspect of embryonic development, allowing for the organization of tissues into functional modules.;Meta
Adaptation;Adaptation is the process by which organisms adjust to their environment in order to increase their chances of survival and reproduction. This can involve changes in behavior, physiology, or physical characteristics that enable an organism to better respond to its surroundings. Adaptations can be genetic or non-genetic, meaning they may result from changes in DNA or from environmental influences such as selection pressure. For example, the peppered moth adapted to industrial pollution by developing darker coloration on its wings, allowing it to blend in with soot-covered tree trunks. Over time, these adaptations can become fixed in a population through natural selection.;Meta
Differential scanning calorimetry;Differential scanning calorimetry is a thermodynamic technique used to measure the heat flow into or out of a sample as it undergoes a phase transition, such as melting, crystallization, or vitrification. The instrument consists of two identical samples: one under study and one reference, which serves as a control. When the samples are heated in a controlled environment, any differences in heat flow between the two are detected by a thermocouple, generating a curve that illustrates the thermal behavior of the sample over time. This technique is widely used to analyze the properties of polymers, proteins, and other materials.;Meta
Energy-based model;The energy-based model is a theoretical framework used to describe the behavior of complex systems, particularly in biology, physics, and chemistry. It proposes that all matter and energy are manifestations of a single, fundamental entity or field, which gives rise to various forms of existence such as particles, fields, and organisms. According to this model, everything is composed of energy and interacts with each other through the exchange of energy and information. The energy-based model has been applied to understand phenomena such as life, consciousness, and the origin of the universe, but its fundamental principles remain speculative and require further research to be confirmed.;Meta
Beamforming;Beamforming is a technique used in antenna design to focus radio waves in a specific direction, increasing signal strength and improving signal-to-noise ratio. It involves adjusting the phase and amplitude of individual radiating elements to form a coherent beam, which can be steered electronically using software control systems or analog circuitry. Beamforming antennas are commonly used in wireless communication systems such as Wi-Fi routers, Bluetooth devices, and cellular networks, where high gain and directionality are required. The technique is also applied in radar systems and medical imaging technologies to improve resolution and accuracy.;Meta
Austenite;Austenite is a metastable phase that occurs in steel and other iron-carbon alloys during the solidification process. It is characterized by its austenomorphic structure, which consists of body-centered cubic iron grains with a carbon content between 0.75% and 1.5%. This phase is formed when the alloy cools below the eutectoid temperature, but remains above the martensitic start temperature, causing it to remain in a state of supersaturated solid solution. Austenite can transform into martensite or other microstructures upon heating or cooling, affecting the mechanical properties and appearance of the material.;Meta
Flow chemistry;Flow chemistry is a chemical synthesis technique that utilizes continuous flow reactors to synthesize complex molecules. This approach enables rapid synthesis by minimizing batch reaction times and maximizing reaction efficiency. By controlling reaction conditions, such as temperature, pressure, and reactant flow rates, chemists can optimize reaction pathways and selectivity. Flow chemistry has several advantages over traditional batch methods, including reduced waste generation, increased scalability, and improved safety. The use of microreactors and other specialized equipment allows for precise control over reaction conditions, making it an attractive option for the synthesis of complex molecules in various industries.;Meta
Word embedding;Word embedding is a technique in natural language processing that represents words as vectors in a high-dimensional space. This allows for the capture of semantic relationships between words, enabling machines to understand and interpret language more effectively. The word embeddings are typically learned by minimizing a loss function such as word2vec or GloVe, which assigns a vector to each word based on its co-occurrence with other words in a large corpus. By using these vectors, machines can perform tasks such as text classification, sentiment analysis, and machine translation with improved accuracy.;Meta
ALS;Amyotrophic lateral sclerosis is a progressive neurodegenerative disorder characterized by the degeneration of motor neurons in the spinal cord and brain. The disease affects approximately 160,000 people worldwide, with no known cure. ALS is caused by mutations in genes that regulate protein synthesis and quality control, leading to the accumulation of toxic proteins within cells. This results in the death of motor neurons, which are responsible for controlling voluntary muscle movement. The progression of ALS can be slow or rapid, depending on the individual and the specific mutation involved, with an average survival time of 2-5 years after symptom onset.;Meta
Ionizing radiation;Ionizing radiation is a form of electromagnetic radiation with enough energy to remove tightly bound electrons from atoms, resulting in the formation of ions. It can be produced by various sources, including radioactive decay, high-energy particle collisions, and X-ray machines. Ionizing radiation has enough energy to break chemical bonds and cause damage to living tissues, leading to potential health effects such as cancer, genetic mutations, and other biological harm. The intensity and type of ionizing radiation determine its harmfulness, with higher doses being more likely to cause severe damage.;Meta
Vadose zone;The vadose zone is a transitional zone between the surface soil and the underlying bedrock or aquifer that stores water. It consists of the uppermost layer of unsaturated soil, where air and water are present in equilibrium. This zone plays a crucial role in the hydrological cycle, as it acts as a buffer between the atmosphere and the groundwater recharge area. The vadose zone influences soil moisture, temperature, and gas exchange, which in turn impact plant growth and nutrient cycling. Its dynamics also affect the movement of contaminants through the soil profile, making it a critical component of understanding terrestrial ecosystems.;Meta
Repolarization;Repolarization is the process by which a cell returns to its resting state after being depolarized. In neurons, repolarization occurs when the membrane potential changes from a negative value to a positive value, allowing the neuron to recover and prepare for the next action potential. This process involves the closure of sodium channels, which reduces the influx of positively charged ions into the cell, and the opening of potassium channels, which allows the efflux of negatively charged ions out of the cell. The gradual repolarization of the membrane potential enables neurons to generate multiple action potentials.;Meta
Subduction;Subduction is a geological process in which one tectonic plate is forced beneath another due to differences in density and crustal thickness. This occurs at subduction zones where two plates converge, resulting in the overlying plate being forced into the Earth's mantle. As the subducting plate sinks, it encounters increasing heat and pressure, causing its rocks to melt and form magma. The resulting volcanic activity can lead to the creation of island arcs and mountain ranges such as the Andes or Japan. The process also creates deep-sea trenches and generates earthquakes by stimulating faulting in the overlying plate.;Meta
Glycolipid;Glycolipids are complex molecules composed of glycosyl groups attached to a lipid tail, forming a unique structure that plays a crucial role in cell signaling and interactions. They are primarily found on the surface of cells and serve as receptors for various ligands, triggering specific responses. Glycolipids are involved in various biological processes, including immune responses, cell adhesion, and neurotransmission. Different types of glycolipids have distinct functions, such as gangliosides in brain function and CD antigens on leukocytes. Alterations in glycolipid structures can lead to changes in cellular behavior and disease susceptibility, making them a subject of interest for biomedical research and therapeutic applications.;Meta
Data acquisition;Data acquisition refers to the process of collecting data from various sources using specialized devices, software, and techniques. This can involve sensors, cameras, microphones, and other instruments that detect physical parameters such as temperature, pressure, and vibrations. Data acquisition systems use analog-to-digital converters to convert the detected signals into digital form, which is then processed and stored in computers or data loggers. The goal of data acquisition is to capture relevant information from the environment in a precise and reliable manner, making it possible for scientists, engineers, and researchers to analyze and understand complex phenomena.;Meta
Hubbard model;The Hubbard model is a mathematical model used to describe the behavior of electrons in atomic systems, particularly in transition metals. It was first introduced by Julian Hubbard in 1964 and is based on the Hartree-Fock method. The model assumes that the electronic wave function can be approximated as a Slater determinant, which accounts for the Pauli exclusion principle. The Hamiltonian operator is then derived from the wave function to describe the total energy of the system. The model has been widely used in solid-state physics and chemistry to study metal ion complexes, including rare earth elements and organometallic compounds.;Meta
Ion channel;Ion channels are transmembrane proteins that regulate the flow of ions across cell membranes in living organisms. They form pores in the lipid bilayer, allowing specific ions to pass through while keeping others out. Ion channels play a crucial role in maintaining proper cellular function by controlling the balance of ions and electrical charges within cells. Different types of ion channels, such as voltage-gated channels and ligand-gated channels, respond to various stimuli, including changes in membrane potential and chemical binding. The functioning of ion channels is essential for many physiological processes, including muscle contraction, nerve conduction, and neuronal signaling.;Meta
Dislocation;Dislocation is a type of crystal defect in materials science where a group of atoms are displaced from their regular lattice positions. This displacement can occur due to various factors such as plastic deformation, thermal stresses, and radiation damage. Dislocations can be classified into two main types: edge dislocations and screw dislocations, depending on the nature of the displacement. Edge dislocations have a step or kink in the crystal plane, while screw dislocations involve a twist in the crystal lattice. The presence of dislocations can significantly affect the mechanical properties of materials, including their strength, ductility, and toughness.;Meta
Dysbiosis;Dysbiosis is a condition characterized by an imbalance in the composition and diversity of microorganisms residing within the human body. It refers to the disruption of the normal microbial flora, leading to an overgrowth of pathogenic microorganisms at the expense of beneficial ones. Dysbiosis has been linked to various diseases and disorders, including inflammatory bowel disease, obesity, and mental health disorders. The gut microbiome plays a crucial role in maintaining immune function, producing vitamins, and regulating metabolic processes. Alterations in the gut microbiota have been shown to disrupt these functions, contributing to the development of dysbiosis.;Meta
Fractional quantum Hall effect;"The fractional quantum Hall effect is a phenomenon observed in two-dimensional electron systems at low temperatures and high magnetic fields. It occurs when the number of electrons per unit area exceeds the Landau level index, resulting in the formation of non-integer quantized states. These states are characterized by an odd denominator in the quantization condition, which is known as a ""fractional"" charge. The effect is typically observed at electron densities and magnetic fields below certain critical values, allowing for precise control over the system's behavior. The fractional quantum Hall effect has been extensively studied, providing insights into the interplay between electrons and the magnetic field.";Meta
Homeostasis;Homeostasis is the ability of an organism to maintain a stable internal environment despite changes in external conditions. This process involves various physiological mechanisms that regulate factors such as temperature, pH, and concentration of essential ions. The body's homeostatic system includes negative feedback loops, which detect deviations from normal levels and trigger corrective responses. For example, when blood glucose levels rise, the release of insulin promotes their decrease. Homeostasis is crucial for maintaining proper bodily functions and overall health, allowing organisms to adapt to changing environments and maintain a stable internal state.;Meta
MHC class II;MHC class II molecules are a type of protein expressed on the surface of antigen-presenting cells such as dendritic cells, macrophages, and B lymphocytes. They play a crucial role in the immune system by presenting peptide fragments from extracellular pathogens to T helper cells, activating an immune response. MHC class II molecules recognize antigens that have been processed and presented in the endoplasmic reticulum, then transport them across the cell membrane to present on the surface of the antigen-presenting cell. This process is essential for initiating a specific immune response against pathogens such as bacteria and viruses.;Meta
Lithography;Lithography is a widely used imaging process in which a design is transferred onto a substrate through the application of light. The process involves coating a photosensitive material with a light-sensitive chemical compound, typically dichromated gelatin or diazo resin. When exposed to ultraviolet light, the compound undergoes a chemical reaction that changes its optical properties, creating an image of the design. The resulting image is then transferred onto the substrate using various techniques such as etching, printing, or bonding. Lithography is used in various fields including microelectronics, printing, and artistic reproduction, offering high precision and scalability.;Meta
